ISO-10303-21;
HEADER;
FILE_DESCRIPTION(('Open CASCADE Model'),'2;1');
FILE_NAME('Open CASCADE Shape Model','2026-10-07T19:23:10',('Author'),(
    'Open CASCADE'),'Open CASCADE STEP processor 7.9','Open CASCADE 7.9'
  ,'Unknown');
FILE_SCHEMA(('AUTOMOTIVE_DESIGN { 1 0 10303 214 1 1 1 1 }'));
ENDSEC;
DATA;
#1 = APPLICATION_PROTOCOL_DEFINITION('international standard',
  'automotive_design',2000,#2);
#2 = APPLICATION_CONTEXT(
  'core data for automotive mechanical design processes');
#3 = SHAPE_DEFINITION_REPRESENTATION(#4,#10);
#4 = PRODUCT_DEFINITION_SHAPE('','',#5);
#5 = PRODUCT_DEFINITION('design','',#6,#9);
#6 = PRODUCT_DEFINITION_FORMATION('','',#7);
#7 = PRODUCT('Open CASCADE STEP translator 7.9 4',
  'Open CASCADE STEP translator 7.9 4','',(#8));
#8 = PRODUCT_CONTEXT('',#2,'mechanical');
#9 = PRODUCT_DEFINITION_CONTEXT('part definition',#2,'design');
#10 = ADVANCED_BREP_SHAPE_REPRESENTATION('',(#11,#15),#3106);
#11 = AXIS2_PLACEMENT_3D('',#12,#13,#14);
#12 = CARTESIAN_POINT('',(0.,0.,0.));
#13 = DIRECTION('',(0.,0.,1.));
#14 = DIRECTION('',(1.,0.,-0.));
#15 = MANIFOLD_SOLID_BREP('',#16);
#16 = CLOSED_SHELL('',(#17,#1562,#1637,#1690,#1740,#1767,#2022,#2067,
    #2310,#2355,#2616,#2661,#2922,#2946,#3001,#3049,#3079));
#17 = ADVANCED_FACE('',(#18,#139,#1531),#32,.T.);
#18 = FACE_BOUND('',#19,.T.);
#19 = EDGE_LOOP('',(#20,#55,#84,#112));
#20 = ORIENTED_EDGE('',*,*,#21,.T.);
#21 = EDGE_CURVE('',#22,#24,#26,.T.);
#22 = VERTEX_POINT('',#23);
#23 = CARTESIAN_POINT('',(-24.,165.15,42.));
#24 = VERTEX_POINT('',#25);
#25 = CARTESIAN_POINT('',(24.,165.15,42.));
#26 = SURFACE_CURVE('',#27,(#31,#43),.PCURVE_S1.);
#27 = LINE('',#28,#29);
#28 = CARTESIAN_POINT('',(-24.,165.15,42.));
#29 = VECTOR('',#30,1.);
#30 = DIRECTION('',(1.,0.,-0.));
#31 = PCURVE('',#32,#37);
#32 = PLANE('',#33);
#33 = AXIS2_PLACEMENT_3D('',#34,#35,#36);
#34 = CARTESIAN_POINT('',(-24.,165.15,42.));
#35 = DIRECTION('',(0.,0.,1.));
#36 = DIRECTION('',(1.,0.,-0.));
#37 = DEFINITIONAL_REPRESENTATION('',(#38),#42);
#38 = LINE('',#39,#40);
#39 = CARTESIAN_POINT('',(0.,0.));
#40 = VECTOR('',#41,1.);
#41 = DIRECTION('',(1.,0.));
#42 = ( GEOMETRIC_REPRESENTATION_CONTEXT(2) 
PARAMETRIC_REPRESENTATION_CONTEXT() REPRESENTATION_CONTEXT('2D SPACE',''
  ) );
#43 = PCURVE('',#44,#49);
#44 = PLANE('',#45);
#45 = AXIS2_PLACEMENT_3D('',#46,#47,#48);
#46 = CARTESIAN_POINT('',(-24.,165.15,40.8));
#47 = DIRECTION('',(-0.,1.,0.));
#48 = DIRECTION('',(0.,0.,1.));
#49 = DEFINITIONAL_REPRESENTATION('',(#50),#54);
#50 = LINE('',#51,#52);
#51 = CARTESIAN_POINT('',(1.2,0.));
#52 = VECTOR('',#53,1.);
#53 = DIRECTION('',(0.,1.));
#54 = ( GEOMETRIC_REPRESENTATION_CONTEXT(2) 
PARAMETRIC_REPRESENTATION_CONTEXT() REPRESENTATION_CONTEXT('2D SPACE',''
  ) );
#55 = ORIENTED_EDGE('',*,*,#56,.T.);
#56 = EDGE_CURVE('',#24,#57,#59,.T.);
#57 = VERTEX_POINT('',#58);
#58 = CARTESIAN_POINT('',(24.,188.85,42.));
#59 = SURFACE_CURVE('',#60,(#65,#72),.PCURVE_S1.);
#60 = CIRCLE('',#61,11.85);
#61 = AXIS2_PLACEMENT_3D('',#62,#63,#64);
#62 = CARTESIAN_POINT('',(24.,177.,42.));
#63 = DIRECTION('',(-0.,0.,1.));
#64 = DIRECTION('',(0.,-1.,0.));
#65 = PCURVE('',#32,#66);
#66 = DEFINITIONAL_REPRESENTATION('',(#67),#71);
#67 = CIRCLE('',#68,11.85);
#68 = AXIS2_PLACEMENT_2D('',#69,#70);
#69 = CARTESIAN_POINT('',(48.,11.85));
#70 = DIRECTION('',(0.,-1.));
#71 = ( GEOMETRIC_REPRESENTATION_CONTEXT(2) 
PARAMETRIC_REPRESENTATION_CONTEXT() REPRESENTATION_CONTEXT('2D SPACE',''
  ) );
#72 = PCURVE('',#73,#78);
#73 = CYLINDRICAL_SURFACE('',#74,11.85);
#74 = AXIS2_PLACEMENT_3D('',#75,#76,#77);
#75 = CARTESIAN_POINT('',(24.,177.,40.8));
#76 = DIRECTION('',(0.,0.,1.));
#77 = DIRECTION('',(1.,0.,-0.));
#78 = DEFINITIONAL_REPRESENTATION('',(#79),#83);
#79 = LINE('',#80,#81);
#80 = CARTESIAN_POINT('',(4.712388980385,1.2));
#81 = VECTOR('',#82,1.);
#82 = DIRECTION('',(1.,0.));
#83 = ( GEOMETRIC_REPRESENTATION_CONTEXT(2) 
PARAMETRIC_REPRESENTATION_CONTEXT() REPRESENTATION_CONTEXT('2D SPACE',''
  ) );
#84 = ORIENTED_EDGE('',*,*,#85,.F.);
#85 = EDGE_CURVE('',#86,#57,#88,.T.);
#86 = VERTEX_POINT('',#87);
#87 = CARTESIAN_POINT('',(-24.,188.85,42.));
#88 = SURFACE_CURVE('',#89,(#93,#100),.PCURVE_S1.);
#89 = LINE('',#90,#91);
#90 = CARTESIAN_POINT('',(-24.,188.85,42.));
#91 = VECTOR('',#92,1.);
#92 = DIRECTION('',(1.,0.,-0.));
#93 = PCURVE('',#32,#94);
#94 = DEFINITIONAL_REPRESENTATION('',(#95),#99);
#95 = LINE('',#96,#97);
#96 = CARTESIAN_POINT('',(0.,23.7));
#97 = VECTOR('',#98,1.);
#98 = DIRECTION('',(1.,0.));
#99 = ( GEOMETRIC_REPRESENTATION_CONTEXT(2) 
PARAMETRIC_REPRESENTATION_CONTEXT() REPRESENTATION_CONTEXT('2D SPACE',''
  ) );
#100 = PCURVE('',#101,#106);
#101 = PLANE('',#102);
#102 = AXIS2_PLACEMENT_3D('',#103,#104,#105);
#103 = CARTESIAN_POINT('',(-24.,188.85,40.8));
#104 = DIRECTION('',(-0.,1.,0.));
#105 = DIRECTION('',(0.,0.,1.));
#106 = DEFINITIONAL_REPRESENTATION('',(#107),#111);
#107 = LINE('',#108,#109);
#108 = CARTESIAN_POINT('',(1.2,0.));
#109 = VECTOR('',#110,1.);
#110 = DIRECTION('',(0.,1.));
#111 = ( GEOMETRIC_REPRESENTATION_CONTEXT(2) 
PARAMETRIC_REPRESENTATION_CONTEXT() REPRESENTATION_CONTEXT('2D SPACE',''
  ) );
#112 = ORIENTED_EDGE('',*,*,#113,.T.);
#113 = EDGE_CURVE('',#86,#22,#114,.T.);
#114 = SURFACE_CURVE('',#115,(#120,#127),.PCURVE_S1.);
#115 = CIRCLE('',#116,11.85);
#116 = AXIS2_PLACEMENT_3D('',#117,#118,#119);
#117 = CARTESIAN_POINT('',(-24.,177.,42.));
#118 = DIRECTION('',(0.,0.,1.));
#119 = DIRECTION('',(1.,0.,-0.));
#120 = PCURVE('',#32,#121);
#121 = DEFINITIONAL_REPRESENTATION('',(#122),#126);
#122 = CIRCLE('',#123,11.85);
#123 = AXIS2_PLACEMENT_2D('',#124,#125);
#124 = CARTESIAN_POINT('',(0.,11.85));
#125 = DIRECTION('',(1.,0.));
#126 = ( GEOMETRIC_REPRESENTATION_CONTEXT(2) 
PARAMETRIC_REPRESENTATION_CONTEXT() REPRESENTATION_CONTEXT('2D SPACE',''
  ) );
#127 = PCURVE('',#128,#133);
#128 = CYLINDRICAL_SURFACE('',#129,11.85);
#129 = AXIS2_PLACEMENT_3D('',#130,#131,#132);
#130 = CARTESIAN_POINT('',(-24.,177.,40.8));
#131 = DIRECTION('',(0.,0.,1.));
#132 = DIRECTION('',(1.,0.,-0.));
#133 = DEFINITIONAL_REPRESENTATION('',(#134),#138);
#134 = LINE('',#135,#136);
#135 = CARTESIAN_POINT('',(0.,1.2));
#136 = VECTOR('',#137,1.);
#137 = DIRECTION('',(1.,0.));
#138 = ( GEOMETRIC_REPRESENTATION_CONTEXT(2) 
PARAMETRIC_REPRESENTATION_CONTEXT() REPRESENTATION_CONTEXT('2D SPACE',''
  ) );
#139 = FACE_BOUND('',#140,.T.);
#140 = EDGE_LOOP('',(#141,#452,#477,#795,#820,#1147,#1172,#1508));
#141 = ORIENTED_EDGE('',*,*,#142,.T.);
#142 = EDGE_CURVE('',#143,#145,#147,.T.);
#143 = VERTEX_POINT('',#144);
#144 = CARTESIAN_POINT('',(16.400529273188,173.74115427318,42.));
#145 = VERTEX_POINT('',#146);
#146 = CARTESIAN_POINT('',(15.041154273188,175.10052927318,42.));
#147 = SURFACE_CURVE('',#148,(#241,#337),.PCURVE_S1.);
#148 = B_SPLINE_CURVE_WITH_KNOTS('',4,(#149,#150,#151,#152,#153,#154,
    #155,#156,#157,#158,#159,#160,#161,#162,#163,#164,#165,#166,#167,
    #168,#169,#170,#171,#172,#173,#174,#175,#176,#177,#178,#179,#180,
    #181,#182,#183,#184,#185,#186,#187,#188,#189,#190,#191,#192,#193,
    #194,#195,#196,#197,#198,#199,#200,#201,#202,#203,#204,#205,#206,
    #207,#208,#209,#210,#211,#212,#213,#214,#215,#216,#217,#218,#219,
    #220,#221,#222,#223,#224,#225,#226,#227,#228,#229,#230,#231,#232,
    #233,#234,#235,#236,#237,#238,#239,#240),.UNSPECIFIED.,.F.,.F.,(5,3,
    3,3,3,3,3,3,3,3,3,3,3,3,3,3,3,3,3,3,3,3,3,3,3,3,3,3,3,3,5),(0.,
    6.600000120096E-02,9.400000293844E-02,0.121000004583,0.150000006383,
    0.179000008308,0.208000010405,0.237000012674,0.265000015,
    0.29400001747,0.323000019929,0.351000022228,0.378000024321,
    0.40500002626,0.4330000281,0.459000029691,0.488000031351,
    0.515000032878,0.539000034276,0.567000035974,0.591000037559,
    0.616000039337,0.640000041175,0.66600004328,0.695000045714,
    0.724000048189,0.751000050473,0.774000052361,0.799000054295,
    0.914000006875,1.),.UNSPECIFIED.);
#149 = CARTESIAN_POINT('',(16.400529273188,173.74115427318,42.));
#150 = CARTESIAN_POINT('',(16.365296804388,173.74115427318,42.));
#151 = CARTESIAN_POINT('',(16.330064320629,173.74237182341,42.));
#152 = CARTESIAN_POINT('',(16.29489500678,173.74480691792,42.));
#153 = CARTESIAN_POINT('',(16.244984853336,173.74999985108,42.));
#154 = CARTESIAN_POINT('',(16.230140676179,173.7517646416,42.));
#155 = CARTESIAN_POINT('',(16.215323970682,173.7537468926,42.));
#156 = CARTESIAN_POINT('',(16.186283054832,173.75806636156,42.));
#157 = CARTESIAN_POINT('',(16.17205658244,173.76038837381,42.));
#158 = CARTESIAN_POINT('',(16.157864361976,173.7629112959,42.));
#159 = CARTESIAN_POINT('',(16.128508488716,173.76855903177,42.));
#160 = CARTESIAN_POINT('',(16.113350749803,173.771714587,42.));
#161 = CARTESIAN_POINT('',(16.098242679403,173.7750999654,42.));
#162 = CARTESIAN_POINT('',(16.068136290074,173.78232786837,42.));
#163 = CARTESIAN_POINT('',(16.053137970667,173.78617039305,42.));
#164 = CARTESIAN_POINT('',(16.038199733798,173.7902402408,42.));
#165 = CARTESIAN_POINT('',(16.008453714909,173.79883161062,42.));
#166 = CARTESIAN_POINT('',(15.993645932417,173.80335313282,42.));
#167 = CARTESIAN_POINT('',(15.978908521844,173.80809900635,42.));
#168 = CARTESIAN_POINT('',(15.949584588306,173.81803601872,42.));
#169 = CARTESIAN_POINT('',(15.934998064876,173.82322715771,42.));
#170 = CARTESIAN_POINT('',(15.920492056748,173.82863921079,42.));
#171 = CARTESIAN_POINT('',(15.892148306603,173.83970707631,42.));
#172 = CARTESIAN_POINT('',(15.878304769044,173.84534804816,42.));
#173 = CARTESIAN_POINT('',(15.864545429518,173.85119139237,42.));
#174 = CARTESIAN_POINT('',(15.836715722943,173.86349477652,42.));
#175 = CARTESIAN_POINT('',(15.82265179752,173.86996938824,42.));
#176 = CARTESIAN_POINT('',(15.808687818127,173.87665682981,42.));
#177 = CARTESIAN_POINT('',(15.780969339885,173.89045260039,42.));
#178 = CARTESIAN_POINT('',(15.767214840596,173.89756092962,42.));
#179 = CARTESIAN_POINT('',(15.753569875365,173.90487731662,42.));
#180 = CARTESIAN_POINT('',(15.726974951864,173.91966162828,42.));
#181 = CARTESIAN_POINT('',(15.71401725215,173.9271156281,42.));
#182 = CARTESIAN_POINT('',(15.701170238485,173.93475881687,42.));
#183 = CARTESIAN_POINT('',(15.676160517109,173.95013888487,42.));
#184 = CARTESIAN_POINT('',(15.663989756089,173.95786266923,42.));
#185 = CARTESIAN_POINT('',(15.651929414955,173.96575775883,42.));
#186 = CARTESIAN_POINT('',(15.62803673665,173.98188571259,42.));
#187 = CARTESIAN_POINT('',(15.616204399193,173.99011857693,42.));
#188 = CARTESIAN_POINT('',(15.604489645449,173.99851791078,42.));
#189 = CARTESIAN_POINT('',(15.580872862036,174.01596153903,42.));
#190 = CARTESIAN_POINT('',(15.568979965525,174.02501819936,42.));
#191 = CARTESIAN_POINT('',(15.557221139307,174.03424826378,42.));
#192 = CARTESIAN_POINT('',(15.534809194455,174.05237767822,42.));
#193 = CARTESIAN_POINT('',(15.524137090472,174.06125355873,42.));
#194 = CARTESIAN_POINT('',(15.51358681922,174.07027391539,42.));
#195 = CARTESIAN_POINT('',(15.491532792816,174.08965567276,42.));
#196 = CARTESIAN_POINT('',(15.480059482158,174.1000517161,42.));
#197 = CARTESIAN_POINT('',(15.468745370012,174.11062079556,42.));
#198 = CARTESIAN_POINT('',(15.447212295931,174.13135701805,42.));
#199 = CARTESIAN_POINT('',(15.436971618781,174.141501612,42.));
#200 = CARTESIAN_POINT('',(15.426875395332,174.15178998053,42.));
#201 = CARTESIAN_POINT('',(15.408083242778,174.17148923302,42.));
#202 = CARTESIAN_POINT('',(15.399356369985,174.18087059854,42.));
#203 = CARTESIAN_POINT('',(15.390748085356,174.19036089695,42.));
#204 = CARTESIAN_POINT('',(15.372358099701,174.21115430534,42.));
#205 = CARTESIAN_POINT('',(15.362619948074,174.22249593145,42.));
#206 = CARTESIAN_POINT('',(15.353049138016,174.23397912243,42.));
#207 = CARTESIAN_POINT('',(15.335591183377,174.25556099524,42.));
#208 = CARTESIAN_POINT('',(15.32765883765,174.26562311346,42.));
#209 = CARTESIAN_POINT('',(15.31985357262,174.2757841257,42.));
#210 = CARTESIAN_POINT('',(15.304180992513,174.29672647305,42.));
#211 = CARTESIAN_POINT('',(15.296324642697,174.30751601446,42.));
#212 = CARTESIAN_POINT('',(15.288610212955,174.3184074795,42.));
#213 = CARTESIAN_POINT('',(15.273771908369,174.3399489838,42.));
#214 = CARTESIAN_POINT('',(15.266636754302,174.35059125393,42.));
#215 = CARTESIAN_POINT('',(15.259635908984,174.3613223537,42.));
#216 = CARTESIAN_POINT('',(15.245334012669,174.3838585344,42.));
#217 = CARTESIAN_POINT('',(15.238056561381,174.39567859246,42.));
#218 = CARTESIAN_POINT('',(15.230940712711,174.40759663624,42.));
#219 = CARTESIAN_POINT('',(15.216233896739,174.4330080948,42.));
#220 = CARTESIAN_POINT('',(15.20868284548,174.44652461133,42.));
#221 = CARTESIAN_POINT('',(15.201337928407,174.46015424036,42.));
#222 = CARTESIAN_POINT('',(15.187065299907,174.4876302189,42.));
#223 = CARTESIAN_POINT('',(15.180137588254,174.50147656884,42.));
#224 = CARTESIAN_POINT('',(15.173420947822,174.51542652715,42.));
#225 = CARTESIAN_POINT('',(15.160862813536,174.54255506459,42.));
#226 = CARTESIAN_POINT('',(15.154992910556,174.55572049326,42.));
#227 = CARTESIAN_POINT('',(15.149309734847,174.56896759811,42.));
#228 = CARTESIAN_POINT('',(15.139134177759,174.59364312702,42.));
#229 = CARTESIAN_POINT('',(15.134590115951,174.60505023967,42.));
#230 = CARTESIAN_POINT('',(15.130183766989,174.61651125208,42.));
#231 = CARTESIAN_POINT('',(15.121277246839,174.64053714568,42.));
#232 = CARTESIAN_POINT('',(15.116802235449,174.65311135393,42.));
#233 = CARTESIAN_POINT('',(15.112492217691,174.66574306747,42.));
#234 = CARTESIAN_POINT('',(15.089286057298,174.73678440211,42.));
#235 = CARTESIAN_POINT('',(15.073737595363,174.79628781951,42.));
#236 = CARTESIAN_POINT('',(15.061806844666,174.85662079962,42.));
#237 = CARTESIAN_POINT('',(15.047356049759,174.96294209516,42.));
#238 = CARTESIAN_POINT('',(15.04322153801,175.00871127714,42.));
#239 = CARTESIAN_POINT('',(15.041154273188,175.05462030325,42.));
#240 = CARTESIAN_POINT('',(15.041154273188,175.10052927318,42.));
#241 = PCURVE('',#32,#242);
#242 = DEFINITIONAL_REPRESENTATION('',(#243),#336);
#243 = B_SPLINE_CURVE_WITH_KNOTS('',4,(#244,#245,#246,#247,#248,#249,
    #250,#251,#252,#253,#254,#255,#256,#257,#258,#259,#260,#261,#262,
    #263,#264,#265,#266,#267,#268,#269,#270,#271,#272,#273,#274,#275,
    #276,#277,#278,#279,#280,#281,#282,#283,#284,#285,#286,#287,#288,
    #289,#290,#291,#292,#293,#294,#295,#296,#297,#298,#299,#300,#301,
    #302,#303,#304,#305,#306,#307,#308,#309,#310,#311,#312,#313,#314,
    #315,#316,#317,#318,#319,#320,#321,#322,#323,#324,#325,#326,#327,
    #328,#329,#330,#331,#332,#333,#334,#335),.UNSPECIFIED.,.F.,.F.,(5,3,
    3,3,3,3,3,3,3,3,3,3,3,3,3,3,3,3,3,3,3,3,3,3,3,3,3,3,3,3,5),(0.,
    6.600000120096E-02,9.400000293844E-02,0.121000004583,0.150000006383,
    0.179000008308,0.208000010405,0.237000012674,0.265000015,
    0.29400001747,0.323000019929,0.351000022228,0.378000024321,
    0.40500002626,0.4330000281,0.459000029691,0.488000031351,
    0.515000032878,0.539000034276,0.567000035974,0.591000037559,
    0.616000039337,0.640000041175,0.66600004328,0.695000045714,
    0.724000048189,0.751000050473,0.774000052361,0.799000054295,
    0.914000006875,1.),.UNSPECIFIED.);
#244 = CARTESIAN_POINT('',(40.400529273188,8.591154273188));
#245 = CARTESIAN_POINT('',(40.365296804388,8.591154273188));
#246 = CARTESIAN_POINT('',(40.330064320629,8.592371823415));
#247 = CARTESIAN_POINT('',(40.29489500678,8.594806917926));
#248 = CARTESIAN_POINT('',(40.244984853336,8.599999851083));
#249 = CARTESIAN_POINT('',(40.230140676179,8.601764641609));
#250 = CARTESIAN_POINT('',(40.215323970682,8.603746892607));
#251 = CARTESIAN_POINT('',(40.186283054832,8.608066361569));
#252 = CARTESIAN_POINT('',(40.17205658244,8.61038837381));
#253 = CARTESIAN_POINT('',(40.157864361976,8.612911295906));
#254 = CARTESIAN_POINT('',(40.128508488716,8.618559031775));
#255 = CARTESIAN_POINT('',(40.113350749803,8.621714587007));
#256 = CARTESIAN_POINT('',(40.098242679403,8.625099965406));
#257 = CARTESIAN_POINT('',(40.068136290074,8.632327868371));
#258 = CARTESIAN_POINT('',(40.053137970667,8.636170393052));
#259 = CARTESIAN_POINT('',(40.038199733798,8.640240240806));
#260 = CARTESIAN_POINT('',(40.008453714909,8.648831610624));
#261 = CARTESIAN_POINT('',(39.993645932417,8.653353132827));
#262 = CARTESIAN_POINT('',(39.978908521844,8.658099006356));
#263 = CARTESIAN_POINT('',(39.949584588306,8.66803601872));
#264 = CARTESIAN_POINT('',(39.934998064876,8.673227157716));
#265 = CARTESIAN_POINT('',(39.920492056748,8.678639210797));
#266 = CARTESIAN_POINT('',(39.892148306603,8.689707076317));
#267 = CARTESIAN_POINT('',(39.878304769044,8.695348048162));
#268 = CARTESIAN_POINT('',(39.864545429518,8.701191392378));
#269 = CARTESIAN_POINT('',(39.836715722943,8.713494776523));
#270 = CARTESIAN_POINT('',(39.82265179752,8.719969388242));
#271 = CARTESIAN_POINT('',(39.808687818127,8.726656829817));
#272 = CARTESIAN_POINT('',(39.780969339885,8.740452600397));
#273 = CARTESIAN_POINT('',(39.767214840596,8.747560929622));
#274 = CARTESIAN_POINT('',(39.753569875365,8.754877316621));
#275 = CARTESIAN_POINT('',(39.726974951864,8.769661628289));
#276 = CARTESIAN_POINT('',(39.71401725215,8.777115628104));
#277 = CARTESIAN_POINT('',(39.701170238485,8.784758816879));
#278 = CARTESIAN_POINT('',(39.676160517109,8.800138884875));
#279 = CARTESIAN_POINT('',(39.663989756089,8.807862669231));
#280 = CARTESIAN_POINT('',(39.651929414955,8.815757758837));
#281 = CARTESIAN_POINT('',(39.62803673665,8.831885712593));
#282 = CARTESIAN_POINT('',(39.616204399193,8.840118576932));
#283 = CARTESIAN_POINT('',(39.604489645449,8.848517910785));
#284 = CARTESIAN_POINT('',(39.580872862036,8.86596153903));
#285 = CARTESIAN_POINT('',(39.568979965525,8.875018199363));
#286 = CARTESIAN_POINT('',(39.557221139307,8.884248263789));
#287 = CARTESIAN_POINT('',(39.534809194455,8.902377678229));
#288 = CARTESIAN_POINT('',(39.524137090472,8.911253558732));
#289 = CARTESIAN_POINT('',(39.51358681922,8.920273915396));
#290 = CARTESIAN_POINT('',(39.491532792816,8.939655672768));
#291 = CARTESIAN_POINT('',(39.480059482158,8.950051716104));
#292 = CARTESIAN_POINT('',(39.468745370012,8.960620795565));
#293 = CARTESIAN_POINT('',(39.447212295931,8.981357018058));
#294 = CARTESIAN_POINT('',(39.436971618781,8.991501612005));
#295 = CARTESIAN_POINT('',(39.426875395332,9.001789980531));
#296 = CARTESIAN_POINT('',(39.408083242778,9.021489233024));
#297 = CARTESIAN_POINT('',(39.399356369985,9.030870598549));
#298 = CARTESIAN_POINT('',(39.390748085356,9.04036089695));
#299 = CARTESIAN_POINT('',(39.372358099701,9.061154305345));
#300 = CARTESIAN_POINT('',(39.362619948074,9.072495931453));
#301 = CARTESIAN_POINT('',(39.353049138016,9.083979122432));
#302 = CARTESIAN_POINT('',(39.335591183377,9.105560995244));
#303 = CARTESIAN_POINT('',(39.32765883765,9.115623113461));
#304 = CARTESIAN_POINT('',(39.31985357262,9.125784125707));
#305 = CARTESIAN_POINT('',(39.304180992513,9.146726473053));
#306 = CARTESIAN_POINT('',(39.296324642697,9.157516014469));
#307 = CARTESIAN_POINT('',(39.288610212955,9.1684074795));
#308 = CARTESIAN_POINT('',(39.273771908369,9.189948983805));
#309 = CARTESIAN_POINT('',(39.266636754302,9.200591253935));
#310 = CARTESIAN_POINT('',(39.259635908984,9.211322353703));
#311 = CARTESIAN_POINT('',(39.245334012669,9.233858534409));
#312 = CARTESIAN_POINT('',(39.238056561381,9.245678592462));
#313 = CARTESIAN_POINT('',(39.230940712711,9.257596636246));
#314 = CARTESIAN_POINT('',(39.216233896739,9.283008094803));
#315 = CARTESIAN_POINT('',(39.20868284548,9.296524611331));
#316 = CARTESIAN_POINT('',(39.201337928407,9.310154240367));
#317 = CARTESIAN_POINT('',(39.187065299907,9.337630218906));
#318 = CARTESIAN_POINT('',(39.180137588254,9.351476568845));
#319 = CARTESIAN_POINT('',(39.173420947822,9.36542652715));
#320 = CARTESIAN_POINT('',(39.160862813536,9.392555064598));
#321 = CARTESIAN_POINT('',(39.154992910556,9.405720493267));
#322 = CARTESIAN_POINT('',(39.149309734847,9.41896759811));
#323 = CARTESIAN_POINT('',(39.139134177759,9.443643127022));
#324 = CARTESIAN_POINT('',(39.134590115951,9.455050239676));
#325 = CARTESIAN_POINT('',(39.130183766989,9.466511252085));
#326 = CARTESIAN_POINT('',(39.121277246839,9.490537145682));
#327 = CARTESIAN_POINT('',(39.116802235449,9.503111353939));
#328 = CARTESIAN_POINT('',(39.112492217691,9.515743067473));
#329 = CARTESIAN_POINT('',(39.089286057298,9.586784402119));
#330 = CARTESIAN_POINT('',(39.073737595363,9.646287819512));
#331 = CARTESIAN_POINT('',(39.061806844666,9.70662079962));
#332 = CARTESIAN_POINT('',(39.047356049759,9.812942095168));
#333 = CARTESIAN_POINT('',(39.04322153801,9.858711277141));
#334 = CARTESIAN_POINT('',(39.041154273188,9.904620303253));
#335 = CARTESIAN_POINT('',(39.041154273188,9.950529273188));
#336 = ( GEOMETRIC_REPRESENTATION_CONTEXT(2) 
PARAMETRIC_REPRESENTATION_CONTEXT() REPRESENTATION_CONTEXT('2D SPACE',''
  ) );
#337 = PCURVE('',#338,#357);
#338 = B_SPLINE_SURFACE_WITH_KNOTS('',8,1,(
    (#339,#340)
    ,(#341,#342)
    ,(#343,#344)
    ,(#345,#346)
    ,(#347,#348)
    ,(#349,#350)
    ,(#351,#352)
    ,(#353,#354)
    ,(#355,#356
    )),.UNSPECIFIED.,.F.,.F.,.F.,(9,9),(2,2),(3.14159265359,
    4.712388980385),(0.,1.),.PIECEWISE_BEZIER_KNOTS.);
#339 = CARTESIAN_POINT('',(16.6,175.9,39.3));
#340 = CARTESIAN_POINT('',(14.752479138593,174.95247913859,42.5));
#341 = CARTESIAN_POINT('',(16.6,175.78219027548,39.3));
#342 = CARTESIAN_POINT('',(14.752479138593,174.65795482731,
    42.499999999999));
#343 = CARTESIAN_POINT('',(16.626436998948,175.66438103947,
    39.300000000001));
#344 = CARTESIAN_POINT('',(14.818570322036,174.36343042334,
    42.500000000002));
#345 = CARTESIAN_POINT('',(16.679307478648,175.55349037756,
    39.299999999999));
#346 = CARTESIAN_POINT('',(14.950752039785,174.08620928708,
    42.499999999997));
#347 = CARTESIAN_POINT('',(16.756447101092,175.45644710109,39.3));
#348 = CARTESIAN_POINT('',(15.143591004924,173.84359100493,
    42.500000000003));
#349 = CARTESIAN_POINT('',(16.85349037757,175.37930747865,
    39.300000000001));
#350 = CARTESIAN_POINT('',(15.38620928709,173.65075203977,
    42.499999999998));
#351 = CARTESIAN_POINT('',(16.964381039469,175.32643699894,
    39.299999999999));
#352 = CARTESIAN_POINT('',(15.663430423337,173.51857032203,
    42.500000000001));
#353 = CARTESIAN_POINT('',(17.08219027549,175.3,39.3));
#354 = CARTESIAN_POINT('',(15.957954827319,173.45247913859,42.5));
#355 = CARTESIAN_POINT('',(17.2,175.3,39.3));
#356 = CARTESIAN_POINT('',(16.252479138593,173.45247913859,42.5));
#357 = DEFINITIONAL_REPRESENTATION('',(#358),#451);
#358 = B_SPLINE_CURVE_WITH_KNOTS('',4,(#359,#360,#361,#362,#363,#364,
    #365,#366,#367,#368,#369,#370,#371,#372,#373,#374,#375,#376,#377,
    #378,#379,#380,#381,#382,#383,#384,#385,#386,#387,#388,#389,#390,
    #391,#392,#393,#394,#395,#396,#397,#398,#399,#400,#401,#402,#403,
    #404,#405,#406,#407,#408,#409,#410,#411,#412,#413,#414,#415,#416,
    #417,#418,#419,#420,#421,#422,#423,#424,#425,#426,#427,#428,#429,
    #430,#431,#432,#433,#434,#435,#436,#437,#438,#439,#440,#441,#442,
    #443,#444,#445,#446,#447,#448,#449,#450),.UNSPECIFIED.,.F.,.F.,(5,3,
    3,3,3,3,3,3,3,3,3,3,3,3,3,3,3,3,3,3,3,3,3,3,3,3,3,3,3,3,5),(0.,
    6.600000120096E-02,9.400000293844E-02,0.121000004583,0.150000006383,
    0.179000008308,0.208000010405,0.237000012674,0.265000015,
    0.29400001747,0.323000019929,0.351000022228,0.378000024321,
    0.40500002626,0.4330000281,0.459000029691,0.488000031351,
    0.515000032878,0.539000034276,0.567000035974,0.591000037559,
    0.616000039337,0.640000041175,0.66600004328,0.695000045714,
    0.724000048189,0.751000050473,0.774000052361,0.799000054295,
    0.914000006875,1.),.UNSPECIFIED.);
#359 = CARTESIAN_POINT('',(4.712388980385,0.84375));
#360 = CARTESIAN_POINT('',(4.686470842417,0.84375));
#361 = CARTESIAN_POINT('',(4.660552701763,0.84375));
#362 = CARTESIAN_POINT('',(4.634634560987,0.84375));
#363 = CARTESIAN_POINT('',(4.597720848565,0.84375));
#364 = CARTESIAN_POINT('',(4.586725274261,0.84375));
#365 = CARTESIAN_POINT('',(4.575729699948,0.84375));
#366 = CARTESIAN_POINT('',(4.554131250478,0.84375));
#367 = CARTESIAN_POINT('',(4.543528375254,0.84375));
#368 = CARTESIAN_POINT('',(4.53292550003,0.84375));
#369 = CARTESIAN_POINT('',(4.51093435148,0.84375));
#370 = CARTESIAN_POINT('',(4.49954607808,0.84375));
#371 = CARTESIAN_POINT('',(4.488157804692,0.84375));
#372 = CARTESIAN_POINT('',(4.465381257989,0.84375));
#373 = CARTESIAN_POINT('',(4.453992984586,0.84375));
#374 = CARTESIAN_POINT('',(4.442604711204,0.84375));
#375 = CARTESIAN_POINT('',(4.419828164506,0.84375));
#376 = CARTESIAN_POINT('',(4.408439891102,0.84375));
#377 = CARTESIAN_POINT('',(4.397051617723,0.84375));
#378 = CARTESIAN_POINT('',(4.374275071032,0.84375));
#379 = CARTESIAN_POINT('',(4.362886797631,0.84375));
#380 = CARTESIAN_POINT('',(4.351498524251,0.84375));
#381 = CARTESIAN_POINT('',(4.329114676644,0.84375));
#382 = CARTESIAN_POINT('',(4.318119102333,0.84375));
#383 = CARTESIAN_POINT('',(4.307123528036,0.84375));
#384 = CARTESIAN_POINT('',(4.284739680428,0.84375));
#385 = CARTESIAN_POINT('',(4.273351407038,0.84375));
#386 = CARTESIAN_POINT('',(4.261963133651,0.84375));
#387 = CARTESIAN_POINT('',(4.239186586967,0.84375));
#388 = CARTESIAN_POINT('',(4.227798313582,0.84375));
#389 = CARTESIAN_POINT('',(4.21641004019,0.84375));
#390 = CARTESIAN_POINT('',(4.194026192581,0.84375));
#391 = CARTESIAN_POINT('',(4.183030618285,0.84375));
#392 = CARTESIAN_POINT('',(4.172035043973,0.84375));
#393 = CARTESIAN_POINT('',(4.150436594517,0.84375));
#394 = CARTESIAN_POINT('',(4.139833719306,0.84375));
#395 = CARTESIAN_POINT('',(4.129230844076,0.84375));
#396 = CARTESIAN_POINT('',(4.108025093697,0.84375));
#397 = CARTESIAN_POINT('',(4.097422218487,0.84375));
#398 = CARTESIAN_POINT('',(4.086819343255,0.84375));
#399 = CARTESIAN_POINT('',(4.065220893796,0.84375));
#400 = CARTESIAN_POINT('',(4.0542253195,0.84375));
#401 = CARTESIAN_POINT('',(4.043229745182,0.84375));
#402 = CARTESIAN_POINT('',(4.022023994793,0.84375));
#403 = CARTESIAN_POINT('',(4.011813818662,0.84375));
#404 = CARTESIAN_POINT('',(4.001603642517,0.84375));
#405 = CARTESIAN_POINT('',(3.980005193055,0.84375));
#406 = CARTESIAN_POINT('',(3.968616919666,0.84375));
#407 = CARTESIAN_POINT('',(3.957228646267,0.84375));
#408 = CARTESIAN_POINT('',(3.93523749772,0.84375));
#409 = CARTESIAN_POINT('',(3.924634622496,0.84375));
#410 = CARTESIAN_POINT('',(3.914031747273,0.84375));
#411 = CARTESIAN_POINT('',(3.894004094125,0.84375));
#412 = CARTESIAN_POINT('',(3.884579316151,0.84375));
#413 = CARTESIAN_POINT('',(3.875154538184,0.84375));
#414 = CARTESIAN_POINT('',(3.854734185951,0.84375));
#415 = CARTESIAN_POINT('',(3.843738611635,0.84375));
#416 = CARTESIAN_POINT('',(3.832743037336,0.84375));
#417 = CARTESIAN_POINT('',(3.812322685118,0.84375));
#418 = CARTESIAN_POINT('',(3.80289790714,0.84375));
#419 = CARTESIAN_POINT('',(3.793473129178,0.84375));
#420 = CARTESIAN_POINT('',(3.77423087419,0.84375));
#421 = CARTESIAN_POINT('',(3.764413397128,0.84375));
#422 = CARTESIAN_POINT('',(3.754595920084,0.84375));
#423 = CARTESIAN_POINT('',(3.735353665103,0.84375));
#424 = CARTESIAN_POINT('',(3.725928887126,0.84375));
#425 = CARTESIAN_POINT('',(3.716504109165,0.84375));
#426 = CARTESIAN_POINT('',(3.696869155101,0.84375));
#427 = CARTESIAN_POINT('',(3.686658978958,0.84375));
#428 = CARTESIAN_POINT('',(3.67644880283,0.84375));
#429 = CARTESIAN_POINT('',(3.654850353374,0.84375));
#430 = CARTESIAN_POINT('',(3.64346207998,0.84375));
#431 = CARTESIAN_POINT('',(3.632073806596,0.84375));
#432 = CARTESIAN_POINT('',(3.609297259912,0.84375));
#433 = CARTESIAN_POINT('',(3.597908986524,0.84375));
#434 = CARTESIAN_POINT('',(3.586520713135,0.84375));
#435 = CARTESIAN_POINT('',(3.564529564606,0.84375));
#436 = CARTESIAN_POINT('',(3.553926689391,0.84375));
#437 = CARTESIAN_POINT('',(3.543323814167,0.84375));
#438 = CARTESIAN_POINT('',(3.523688860105,0.84375));
#439 = CARTESIAN_POINT('',(3.514656781226,0.84375));
#440 = CARTESIAN_POINT('',(3.505624702335,0.84375));
#441 = CARTESIAN_POINT('',(3.486775146438,0.84375));
#442 = CARTESIAN_POINT('',(3.476957669394,0.84375));
#443 = CARTESIAN_POINT('',(3.467140192333,0.84375));
#444 = CARTESIAN_POINT('',(3.412162342927,0.84375));
#445 = CARTESIAN_POINT('',(3.367001926976,0.84375));
#446 = CARTESIAN_POINT('',(3.321841510586,0.84375));
#447 = CARTESIAN_POINT('',(3.242909021523,0.84375));
#448 = CARTESIAN_POINT('',(3.209136895354,0.84375));
#449 = CARTESIAN_POINT('',(3.175364769404,0.84375));
#450 = CARTESIAN_POINT('',(3.14159265359,0.84375));
#451 = ( GEOMETRIC_REPRESENTATION_CONTEXT(2) 
PARAMETRIC_REPRESENTATION_CONTEXT() REPRESENTATION_CONTEXT('2D SPACE',''
  ) );
#452 = ORIENTED_EDGE('',*,*,#453,.T.);
#453 = EDGE_CURVE('',#145,#454,#456,.T.);
#454 = VERTEX_POINT('',#455);
#455 = CARTESIAN_POINT('',(15.041154273188,178.89947072681,42.));
#456 = SURFACE_CURVE('',#457,(#460,#466),.PCURVE_S1.);
#457 = B_SPLINE_CURVE_WITH_KNOTS('',1,(#458,#459),.UNSPECIFIED.,.F.,.F.,
  (2,2),(0.,1.),.PIECEWISE_BEZIER_KNOTS.);
#458 = CARTESIAN_POINT('',(15.041154273188,175.10052927318,42.));
#459 = CARTESIAN_POINT('',(15.041154273188,178.89947072681,42.));
#460 = PCURVE('',#32,#461);
#461 = DEFINITIONAL_REPRESENTATION('',(#462),#465);
#462 = B_SPLINE_CURVE_WITH_KNOTS('',1,(#463,#464),.UNSPECIFIED.,.F.,.F.,
  (2,2),(0.,1.),.PIECEWISE_BEZIER_KNOTS.);
#463 = CARTESIAN_POINT('',(39.041154273188,9.950529273188));
#464 = CARTESIAN_POINT('',(39.041154273188,13.749470726812));
#465 = ( GEOMETRIC_REPRESENTATION_CONTEXT(2) 
PARAMETRIC_REPRESENTATION_CONTEXT() REPRESENTATION_CONTEXT('2D SPACE',''
  ) );
#466 = PCURVE('',#467,#472);
#467 = B_SPLINE_SURFACE_WITH_KNOTS('',1,1,(
    (#468,#469)
    ,(#470,#471
    )),.UNSPECIFIED.,.F.,.F.,.F.,(2,2),(2,2),(-2.047520861407,
    2.047520861407),(0.,1.),.PIECEWISE_BEZIER_KNOTS.);
#468 = CARTESIAN_POINT('',(16.6,178.1,39.3));
#469 = CARTESIAN_POINT('',(14.752479138593,179.0475208614,42.5));
#470 = CARTESIAN_POINT('',(16.6,175.9,39.3));
#471 = CARTESIAN_POINT('',(14.752479138593,174.95247913859,42.5));
#472 = DEFINITIONAL_REPRESENTATION('',(#473),#476);
#473 = B_SPLINE_CURVE_WITH_KNOTS('',1,(#474,#475),.UNSPECIFIED.,.F.,.F.,
  (2,2),(0.,1.),.PIECEWISE_BEZIER_KNOTS.);
#474 = CARTESIAN_POINT('',(2.047520861407,0.84375));
#475 = CARTESIAN_POINT('',(-2.047520861407,0.84375));
#476 = ( GEOMETRIC_REPRESENTATION_CONTEXT(2) 
PARAMETRIC_REPRESENTATION_CONTEXT() REPRESENTATION_CONTEXT('2D SPACE',''
  ) );
#477 = ORIENTED_EDGE('',*,*,#478,.T.);
#478 = EDGE_CURVE('',#454,#479,#481,.T.);
#479 = VERTEX_POINT('',#480);
#480 = CARTESIAN_POINT('',(16.400529273188,180.25884572681,42.));
#481 = SURFACE_CURVE('',#482,(#578,#677),.PCURVE_S1.);
#482 = B_SPLINE_CURVE_WITH_KNOTS('',4,(#483,#484,#485,#486,#487,#488,
    #489,#490,#491,#492,#493,#494,#495,#496,#497,#498,#499,#500,#501,
    #502,#503,#504,#505,#506,#507,#508,#509,#510,#511,#512,#513,#514,
    #515,#516,#517,#518,#519,#520,#521,#522,#523,#524,#525,#526,#527,
    #528,#529,#530,#531,#532,#533,#534,#535,#536,#537,#538,#539,#540,
    #541,#542,#543,#544,#545,#546,#547,#548,#549,#550,#551,#552,#553,
    #554,#555,#556,#557,#558,#559,#560,#561,#562,#563,#564,#565,#566,
    #567,#568,#569,#570,#571,#572,#573,#574,#575,#576,#577),
  .UNSPECIFIED.,.F.,.F.,(5,3,3,3,3,3,3,3,3,3,3,3,3,3,3,3,3,3,3,3,3,3,3,3
    ,3,3,3,3,3,3,3,5),(0.,8.199999593415E-02,0.199999941614,
    0.217999943078,0.244999945358,0.272999947824,0.296999949994,
    0.325999952566,0.344999954233,0.373999956613,0.402999958819,
    0.431999960844,0.455999962426,0.483999964157,0.511999965849,
    0.537999967456,0.566999969323,0.592999971143,0.620999973253,
    0.649999975605,0.672999977603,0.70099998009,0.729999982682,
    0.755999984977,0.781999987176,0.809999989384,0.830999990955,
    0.857999992827,0.885999994665,0.914999996539,0.93699999803,1.),
  .UNSPECIFIED.);
#483 = CARTESIAN_POINT('',(15.041154273188,178.89947072681,42.));
#484 = CARTESIAN_POINT('',(15.041154273188,178.94324439697,42.));
#485 = CARTESIAN_POINT('',(15.043033706254,178.9870181114,42.));
#486 = CARTESIAN_POINT('',(15.04679255789,179.03067061799,42.));
#487 = CARTESIAN_POINT('',(15.060506466231,179.13655120551,42.));
#488 = CARTESIAN_POINT('',(15.072457373898,179.19852109901,42.));
#489 = CARTESIAN_POINT('',(15.08822142428,179.2596323636,42.));
#490 = CARTESIAN_POINT('',(15.110656119062,179.32867926666,42.));
#491 = CARTESIAN_POINT('',(15.113711547271,179.33778984668,42.));
#492 = CARTESIAN_POINT('',(15.116852708798,179.34687122402,42.));
#493 = CARTESIAN_POINT('',(15.124918871114,179.36949864556,42.));
#494 = CARTESIAN_POINT('',(15.129950501222,179.38300667904,42.));
#495 = CARTESIAN_POINT('',(15.135172612881,179.39644222221,42.));
#496 = CARTESIAN_POINT('',(15.146194960752,179.42365509616,42.));
#497 = CARTESIAN_POINT('',(15.152009445742,179.437426656,42.));
#498 = CARTESIAN_POINT('',(15.15802522909,179.45111148144,42.));
#499 = CARTESIAN_POINT('',(15.169567515916,179.47635693809,42.));
#500 = CARTESIAN_POINT('',(15.175041145535,179.4879417437,42.));
#501 = CARTESIAN_POINT('',(15.180659933405,179.49945684531,42.));
#502 = CARTESIAN_POINT('',(15.193385632942,179.5247261119,42.));
#503 = CARTESIAN_POINT('',(15.200558699574,179.53844696136,42.));
#504 = CARTESIAN_POINT('',(15.207939305502,179.55205729754,42.));
#505 = CARTESIAN_POINT('',(15.220494650951,179.57439410515,42.));
#506 = CARTESIAN_POINT('',(15.225552435321,179.58318631648,42.));
#507 = CARTESIAN_POINT('',(15.230697441954,179.59192777342,42.));
#508 = CARTESIAN_POINT('',(15.243913742154,179.6138799732,42.));
#509 = CARTESIAN_POINT('',(15.252099977332,179.62702151587,42.));
#510 = CARTESIAN_POINT('',(15.260484837498,179.64003722598,42.));
#511 = CARTESIAN_POINT('',(15.277645871346,179.66580806628,42.));
#512 = CARTESIAN_POINT('',(15.286422045298,179.67856319687,42.));
#513 = CARTESIAN_POINT('',(15.295390908079,179.6911835806,42.));
#514 = CARTESIAN_POINT('',(15.313707675047,179.71614621912,42.));
#515 = CARTESIAN_POINT('',(15.323055579523,179.7284884743,42.));
#516 = CARTESIAN_POINT('',(15.3325898369,179.74068734788,42.));
#517 = CARTESIAN_POINT('',(15.350348946859,179.76271217983,42.));
#518 = CARTESIAN_POINT('',(15.358516138791,179.7725846317,42.));
#519 = CARTESIAN_POINT('',(15.366806756386,179.78235366387,42.));
#520 = CARTESIAN_POINT('',(15.385032865537,179.80329086404,42.));
#521 = CARTESIAN_POINT('',(15.395012208046,179.8144208596,42.));
#522 = CARTESIAN_POINT('',(15.405153669532,179.82540333823,42.));
#523 = CARTESIAN_POINT('',(15.425754187355,179.8470662759,42.));
#524 = CARTESIAN_POINT('',(15.436213243975,179.85774673524,42.));
#525 = CARTESIAN_POINT('',(15.446827776754,179.86827269225,42.));
#526 = CARTESIAN_POINT('',(15.467591812477,179.88826833537,42.));
#527 = CARTESIAN_POINT('',(15.47772037629,179.89775976577,42.));
#528 = CARTESIAN_POINT('',(15.487977225496,179.90711241782,42.));
#529 = CARTESIAN_POINT('',(15.509939673008,179.92659788672,42.));
#530 = CARTESIAN_POINT('',(15.521675879302,179.93669620531,42.));
#531 = CARTESIAN_POINT('',(15.533564086421,179.94661513209,42.));
#532 = CARTESIAN_POINT('',(15.556391067276,179.96508027641,42.));
#533 = CARTESIAN_POINT('',(15.567300836336,179.97366235073,42.));
#534 = CARTESIAN_POINT('',(15.578326437683,179.982095095,42.));
#535 = CARTESIAN_POINT('',(15.601459906301,179.99929432705,42.));
#536 = CARTESIAN_POINT('',(15.613585784846,180.00803658973,42.));
#537 = CARTESIAN_POINT('',(15.62583854193,180.01660011888,42.));
#538 = CARTESIAN_POINT('',(15.651031818974,180.0336636646,42.));
#539 = CARTESIAN_POINT('',(15.663981273761,180.04215049025,42.));
#540 = CARTESIAN_POINT('',(15.677058117207,180.05043968532,42.));
#541 = CARTESIAN_POINT('',(15.700726483975,180.06494368023,42.));
#542 = CARTESIAN_POINT('',(15.711272441915,180.07123283662,42.));
#543 = CARTESIAN_POINT('',(15.721893379376,180.07739452507,42.));
#544 = CARTESIAN_POINT('',(15.745605253664,180.09077184263,42.));
#545 = CARTESIAN_POINT('',(15.758731212487,180.09792539431,42.));
#546 = CARTESIAN_POINT('',(15.771960648151,180.10488571966,42.));
#547 = CARTESIAN_POINT('',(15.799093898888,180.11865715882,42.));
#548 = CARTESIAN_POINT('',(15.813004925075,180.12545406589,42.));
#549 = CARTESIAN_POINT('',(15.827017565755,180.13203893465,42.));
#550 = CARTESIAN_POINT('',(15.853776724112,180.14412115763,42.));
#551 = CARTESIAN_POINT('',(15.866504263422,180.14966054523,42.));
#552 = CARTESIAN_POINT('',(15.879306040912,180.15502613604,42.));
#553 = CARTESIAN_POINT('',(15.905050914015,180.16540683779,42.));
#554 = CARTESIAN_POINT('',(15.917994009893,180.17042194884,42.));
#555 = CARTESIAN_POINT('',(15.931004186023,180.17526037693,42.));
#556 = CARTESIAN_POINT('',(15.958157091826,180.1849397717,42.));
#557 = CARTESIAN_POINT('',(15.972309958066,180.18975230402,42.));
#558 = CARTESIAN_POINT('',(15.986531865893,180.19435680479,42.));
#559 = CARTESIAN_POINT('',(16.011532965142,180.20204814569,42.));
#560 = CARTESIAN_POINT('',(16.022283966572,180.20522661974,42.));
#561 = CARTESIAN_POINT('',(16.033069269243,180.20828668102,42.));
#562 = CARTESIAN_POINT('',(16.057795307713,180.21500922978,42.));
#563 = CARTESIAN_POINT('',(16.071757163227,180.21859403817,42.));
#564 = CARTESIAN_POINT('',(16.085768307263,180.22198108749,42.));
#565 = CARTESIAN_POINT('',(16.114401343582,180.22847584244,42.));
#566 = CARTESIAN_POINT('',(16.129026636877,180.23156855594,42.));
#567 = CARTESIAN_POINT('',(16.143695704372,180.23444649606,42.));
#568 = CARTESIAN_POINT('',(16.173637191079,180.23986619499,42.));
#569 = CARTESIAN_POINT('',(16.18891244848,180.24239227657,42.));
#570 = CARTESIAN_POINT('',(16.20422430574,180.24468609523,42.));
#571 = CARTESIAN_POINT('',(16.231207086082,180.24831033613,42.));
#572 = CARTESIAN_POINT('',(16.242864725941,180.24973965537,42.));
#573 = CARTESIAN_POINT('',(16.254538057897,180.25103458461,42.));
#574 = CARTESIAN_POINT('',(16.299691206818,180.25551759359,42.));
#575 = CARTESIAN_POINT('',(16.333267274833,180.25773634741,42.));
#576 = CARTESIAN_POINT('',(16.366898279938,180.25884572681,42.));
#577 = CARTESIAN_POINT('',(16.400529273188,180.25884572681,42.));
#578 = PCURVE('',#32,#579);
#579 = DEFINITIONAL_REPRESENTATION('',(#580),#676);
#580 = B_SPLINE_CURVE_WITH_KNOTS('',4,(#581,#582,#583,#584,#585,#586,
    #587,#588,#589,#590,#591,#592,#593,#594,#595,#596,#597,#598,#599,
    #600,#601,#602,#603,#604,#605,#606,#607,#608,#609,#610,#611,#612,
    #613,#614,#615,#616,#617,#618,#619,#620,#621,#622,#623,#624,#625,
    #626,#627,#628,#629,#630,#631,#632,#633,#634,#635,#636,#637,#638,
    #639,#640,#641,#642,#643,#644,#645,#646,#647,#648,#649,#650,#651,
    #652,#653,#654,#655,#656,#657,#658,#659,#660,#661,#662,#663,#664,
    #665,#666,#667,#668,#669,#670,#671,#672,#673,#674,#675),
  .UNSPECIFIED.,.F.,.F.,(5,3,3,3,3,3,3,3,3,3,3,3,3,3,3,3,3,3,3,3,3,3,3,3
    ,3,3,3,3,3,3,3,5),(0.,8.199999593415E-02,0.199999941614,
    0.217999943078,0.244999945358,0.272999947824,0.296999949994,
    0.325999952566,0.344999954233,0.373999956613,0.402999958819,
    0.431999960844,0.455999962426,0.483999964157,0.511999965849,
    0.537999967456,0.566999969323,0.592999971143,0.620999973253,
    0.649999975605,0.672999977603,0.70099998009,0.729999982682,
    0.755999984977,0.781999987176,0.809999989384,0.830999990955,
    0.857999992827,0.885999994665,0.914999996539,0.93699999803,1.),
  .UNSPECIFIED.);
#581 = CARTESIAN_POINT('',(39.041154273188,13.749470726812));
#582 = CARTESIAN_POINT('',(39.041154273188,13.793244396971));
#583 = CARTESIAN_POINT('',(39.043033706254,13.837018111403));
#584 = CARTESIAN_POINT('',(39.04679255789,13.880670617998));
#585 = CARTESIAN_POINT('',(39.060506466231,13.986551205518));
#586 = CARTESIAN_POINT('',(39.072457373898,14.048521099016));
#587 = CARTESIAN_POINT('',(39.08822142428,14.109632363606));
#588 = CARTESIAN_POINT('',(39.110656119062,14.17867926666));
#589 = CARTESIAN_POINT('',(39.113711547271,14.187789846688));
#590 = CARTESIAN_POINT('',(39.116852708798,14.196871224027));
#591 = CARTESIAN_POINT('',(39.124918871114,14.219498645566));
#592 = CARTESIAN_POINT('',(39.129950501222,14.233006679046));
#593 = CARTESIAN_POINT('',(39.135172612881,14.246442222215));
#594 = CARTESIAN_POINT('',(39.146194960752,14.273655096166));
#595 = CARTESIAN_POINT('',(39.152009445742,14.287426656008));
#596 = CARTESIAN_POINT('',(39.15802522909,14.301111481441));
#597 = CARTESIAN_POINT('',(39.169567515916,14.326356938091));
#598 = CARTESIAN_POINT('',(39.175041145535,14.337941743702));
#599 = CARTESIAN_POINT('',(39.180659933405,14.349456845314));
#600 = CARTESIAN_POINT('',(39.193385632942,14.374726111903));
#601 = CARTESIAN_POINT('',(39.200558699574,14.388446961366));
#602 = CARTESIAN_POINT('',(39.207939305502,14.402057297544));
#603 = CARTESIAN_POINT('',(39.220494650951,14.424394105152));
#604 = CARTESIAN_POINT('',(39.225552435321,14.433186316482));
#605 = CARTESIAN_POINT('',(39.230697441954,14.441927773424));
#606 = CARTESIAN_POINT('',(39.243913742154,14.463879973208));
#607 = CARTESIAN_POINT('',(39.252099977332,14.477021515878));
#608 = CARTESIAN_POINT('',(39.260484837498,14.490037225988));
#609 = CARTESIAN_POINT('',(39.277645871346,14.515808066281));
#610 = CARTESIAN_POINT('',(39.286422045298,14.528563196874));
#611 = CARTESIAN_POINT('',(39.295390908079,14.541183580606));
#612 = CARTESIAN_POINT('',(39.313707675047,14.566146219122));
#613 = CARTESIAN_POINT('',(39.323055579523,14.578488474303));
#614 = CARTESIAN_POINT('',(39.3325898369,14.590687347889));
#615 = CARTESIAN_POINT('',(39.350348946859,14.612712179837));
#616 = CARTESIAN_POINT('',(39.358516138791,14.622584631702));
#617 = CARTESIAN_POINT('',(39.366806756386,14.632353663871));
#618 = CARTESIAN_POINT('',(39.385032865537,14.653290864043));
#619 = CARTESIAN_POINT('',(39.395012208046,14.664420859606));
#620 = CARTESIAN_POINT('',(39.405153669532,14.675403338238));
#621 = CARTESIAN_POINT('',(39.425754187355,14.697066275909));
#622 = CARTESIAN_POINT('',(39.436213243975,14.707746735247));
#623 = CARTESIAN_POINT('',(39.446827776754,14.718272692257));
#624 = CARTESIAN_POINT('',(39.467591812477,14.738268335378));
#625 = CARTESIAN_POINT('',(39.47772037629,14.747759765772));
#626 = CARTESIAN_POINT('',(39.487977225496,14.757112417821));
#627 = CARTESIAN_POINT('',(39.509939673008,14.776597886725));
#628 = CARTESIAN_POINT('',(39.521675879302,14.786696205314));
#629 = CARTESIAN_POINT('',(39.533564086421,14.796615132091));
#630 = CARTESIAN_POINT('',(39.556391067276,14.815080276417));
#631 = CARTESIAN_POINT('',(39.567300836336,14.823662350738));
#632 = CARTESIAN_POINT('',(39.578326437683,14.832095095009));
#633 = CARTESIAN_POINT('',(39.601459906301,14.849294327056));
#634 = CARTESIAN_POINT('',(39.613585784846,14.85803658973));
#635 = CARTESIAN_POINT('',(39.62583854193,14.866600118881));
#636 = CARTESIAN_POINT('',(39.651031818974,14.883663664601));
#637 = CARTESIAN_POINT('',(39.663981273761,14.892150490251));
#638 = CARTESIAN_POINT('',(39.677058117207,14.900439685322));
#639 = CARTESIAN_POINT('',(39.700726483975,14.914943680235));
#640 = CARTESIAN_POINT('',(39.711272441915,14.921232836623));
#641 = CARTESIAN_POINT('',(39.721893379376,14.927394525076));
#642 = CARTESIAN_POINT('',(39.745605253664,14.940771842634));
#643 = CARTESIAN_POINT('',(39.758731212487,14.947925394318));
#644 = CARTESIAN_POINT('',(39.771960648151,14.954885719662));
#645 = CARTESIAN_POINT('',(39.799093898888,14.968657158821));
#646 = CARTESIAN_POINT('',(39.813004925075,14.975454065897));
#647 = CARTESIAN_POINT('',(39.827017565755,14.982038934652));
#648 = CARTESIAN_POINT('',(39.853776724112,14.994121157635));
#649 = CARTESIAN_POINT('',(39.866504263422,14.999660545233));
#650 = CARTESIAN_POINT('',(39.879306040912,15.005026136046));
#651 = CARTESIAN_POINT('',(39.905050914015,15.015406837797));
#652 = CARTESIAN_POINT('',(39.917994009893,15.020421948842));
#653 = CARTESIAN_POINT('',(39.931004186023,15.025260376937));
#654 = CARTESIAN_POINT('',(39.958157091826,15.0349397717));
#655 = CARTESIAN_POINT('',(39.972309958066,15.03975230402));
#656 = CARTESIAN_POINT('',(39.986531865893,15.044356804792));
#657 = CARTESIAN_POINT('',(40.011532965142,15.052048145699));
#658 = CARTESIAN_POINT('',(40.022283966572,15.055226619742));
#659 = CARTESIAN_POINT('',(40.033069269243,15.058286681025));
#660 = CARTESIAN_POINT('',(40.057795307713,15.065009229783));
#661 = CARTESIAN_POINT('',(40.071757163227,15.068594038179));
#662 = CARTESIAN_POINT('',(40.085768307263,15.071981087496));
#663 = CARTESIAN_POINT('',(40.114401343582,15.078475842446));
#664 = CARTESIAN_POINT('',(40.129026636877,15.081568555945));
#665 = CARTESIAN_POINT('',(40.143695704372,15.084446496069));
#666 = CARTESIAN_POINT('',(40.173637191079,15.089866194999));
#667 = CARTESIAN_POINT('',(40.18891244848,15.09239227657));
#668 = CARTESIAN_POINT('',(40.20422430574,15.094686095236));
#669 = CARTESIAN_POINT('',(40.231207086082,15.098310336133));
#670 = CARTESIAN_POINT('',(40.242864725941,15.099739655374));
#671 = CARTESIAN_POINT('',(40.254538057897,15.101034584611));
#672 = CARTESIAN_POINT('',(40.299691206818,15.10551759359));
#673 = CARTESIAN_POINT('',(40.333267274833,15.107736347413));
#674 = CARTESIAN_POINT('',(40.366898279938,15.108845726812));
#675 = CARTESIAN_POINT('',(40.400529273188,15.108845726812));
#676 = ( GEOMETRIC_REPRESENTATION_CONTEXT(2) 
PARAMETRIC_REPRESENTATION_CONTEXT() REPRESENTATION_CONTEXT('2D SPACE',''
  ) );
#677 = PCURVE('',#678,#697);
#678 = B_SPLINE_SURFACE_WITH_KNOTS('',8,1,(
    (#679,#680)
    ,(#681,#682)
    ,(#683,#684)
    ,(#685,#686)
    ,(#687,#688)
    ,(#689,#690)
    ,(#691,#692)
    ,(#693,#694)
    ,(#695,#696
    )),.UNSPECIFIED.,.F.,.F.,.F.,(9,9),(2,2),(1.570796326795,
    3.14159265359),(0.,1.),.PIECEWISE_BEZIER_KNOTS.);
#679 = CARTESIAN_POINT('',(17.2,178.7,39.3));
#680 = CARTESIAN_POINT('',(16.252479138593,180.5475208614,42.5));
#681 = CARTESIAN_POINT('',(17.08219027549,178.7,39.3));
#682 = CARTESIAN_POINT('',(15.957954827319,180.5475208614,42.5));
#683 = CARTESIAN_POINT('',(16.964381039469,178.67356300105,39.3));
#684 = CARTESIAN_POINT('',(15.663430423337,180.48142967796,42.5));
#685 = CARTESIAN_POINT('',(16.85349037757,178.62069252135,
    39.300000000001));
#686 = CARTESIAN_POINT('',(15.38620928709,180.3492479602,42.499999999999
    ));
#687 = CARTESIAN_POINT('',(16.756447101092,178.5435528989,39.3));
#688 = CARTESIAN_POINT('',(15.143591004924,180.15640899508,
    42.500000000001));
#689 = CARTESIAN_POINT('',(16.679307478648,178.44650962242,
    39.299999999999));
#690 = CARTESIAN_POINT('',(14.950752039786,179.9137907129,42.5));
#691 = CARTESIAN_POINT('',(16.626436998948,178.33561896053,
    39.300000000001));
#692 = CARTESIAN_POINT('',(14.818570322035,179.63656957666,42.5));
#693 = CARTESIAN_POINT('',(16.6,178.2178097245,39.3));
#694 = CARTESIAN_POINT('',(14.752479138593,179.34204517268,42.5));
#695 = CARTESIAN_POINT('',(16.6,178.1,39.3));
#696 = CARTESIAN_POINT('',(14.752479138593,179.0475208614,42.5));
#697 = DEFINITIONAL_REPRESENTATION('',(#698),#794);
#698 = B_SPLINE_CURVE_WITH_KNOTS('',4,(#699,#700,#701,#702,#703,#704,
    #705,#706,#707,#708,#709,#710,#711,#712,#713,#714,#715,#716,#717,
    #718,#719,#720,#721,#722,#723,#724,#725,#726,#727,#728,#729,#730,
    #731,#732,#733,#734,#735,#736,#737,#738,#739,#740,#741,#742,#743,
    #744,#745,#746,#747,#748,#749,#750,#751,#752,#753,#754,#755,#756,
    #757,#758,#759,#760,#761,#762,#763,#764,#765,#766,#767,#768,#769,
    #770,#771,#772,#773,#774,#775,#776,#777,#778,#779,#780,#781,#782,
    #783,#784,#785,#786,#787,#788,#789,#790,#791,#792,#793),
  .UNSPECIFIED.,.F.,.F.,(5,3,3,3,3,3,3,3,3,3,3,3,3,3,3,3,3,3,3,3,3,3,3,3
    ,3,3,3,3,3,3,3,5),(0.,8.199999593415E-02,0.199999941614,
    0.217999943078,0.244999945358,0.272999947824,0.296999949994,
    0.325999952566,0.344999954233,0.373999956613,0.402999958819,
    0.431999960844,0.455999962426,0.483999964157,0.511999965849,
    0.537999967456,0.566999969323,0.592999971143,0.620999973253,
    0.649999975605,0.672999977603,0.70099998009,0.729999982682,
    0.755999984977,0.781999987176,0.809999989384,0.830999990955,
    0.857999992827,0.885999994665,0.914999996539,0.93699999803,1.),
  .UNSPECIFIED.);
#699 = CARTESIAN_POINT('',(3.14159265359,0.84375));
#700 = CARTESIAN_POINT('',(3.109391333013,0.84375));
#701 = CARTESIAN_POINT('',(3.077190004453,0.84375));
#702 = CARTESIAN_POINT('',(3.044988675694,0.84375));
#703 = CARTESIAN_POINT('',(2.966448887651,0.84375));
#704 = CARTESIAN_POINT('',(2.920110371018,0.84375));
#705 = CARTESIAN_POINT('',(2.873771854847,0.84375));
#706 = CARTESIAN_POINT('',(2.820364804749,0.84375));
#707 = CARTESIAN_POINT('',(2.813296221272,0.84375));
#708 = CARTESIAN_POINT('',(2.806227637804,0.84375));
#709 = CARTESIAN_POINT('',(2.788556179132,0.84375));
#710 = CARTESIAN_POINT('',(2.777953303903,0.84375));
#711 = CARTESIAN_POINT('',(2.767350428692,0.84375));
#712 = CARTESIAN_POINT('',(2.745751979238,0.84375));
#713 = CARTESIAN_POINT('',(2.734756404929,0.84375));
#714 = CARTESIAN_POINT('',(2.72376083063,0.84375));
#715 = CARTESIAN_POINT('',(2.703340478419,0.84375));
#716 = CARTESIAN_POINT('',(2.693915700451,0.84375));
#717 = CARTESIAN_POINT('',(2.684490922483,0.84375));
#718 = CARTESIAN_POINT('',(2.663677871194,0.84375));
#719 = CARTESIAN_POINT('',(2.652289597809,0.84375));
#720 = CARTESIAN_POINT('',(2.640901324416,0.84375));
#721 = CARTESIAN_POINT('',(2.622051768514,0.84375));
#722 = CARTESIAN_POINT('',(2.614590485964,0.84375));
#723 = CARTESIAN_POINT('',(2.607129203406,0.84375));
#724 = CARTESIAN_POINT('',(2.588279647529,0.84375));
#725 = CARTESIAN_POINT('',(2.576891374149,0.84375));
#726 = CARTESIAN_POINT('',(2.565503100748,0.84375));
#727 = CARTESIAN_POINT('',(2.542726554057,0.84375));
#728 = CARTESIAN_POINT('',(2.531338280678,0.84375));
#729 = CARTESIAN_POINT('',(2.519950007275,0.84375));
#730 = CARTESIAN_POINT('',(2.497173460579,0.84375));
#731 = CARTESIAN_POINT('',(2.485785187198,0.84375));
#732 = CARTESIAN_POINT('',(2.474396913795,0.84375));
#733 = CARTESIAN_POINT('',(2.453583862481,0.84375));
#734 = CARTESIAN_POINT('',(2.444159084517,0.84375));
#735 = CARTESIAN_POINT('',(2.434734306541,0.84375));
#736 = CARTESIAN_POINT('',(2.414313954319,0.84375));
#737 = CARTESIAN_POINT('',(2.403318380016,0.84375));
#738 = CARTESIAN_POINT('',(2.392322805702,0.84375));
#739 = CARTESIAN_POINT('',(2.370331657155,0.84375));
#740 = CARTESIAN_POINT('',(2.359336082847,0.84375));
#741 = CARTESIAN_POINT('',(2.348340508539,0.84375));
#742 = CARTESIAN_POINT('',(2.327134758151,0.84375));
#743 = CARTESIAN_POINT('',(2.316924582009,0.84375));
#744 = CARTESIAN_POINT('',(2.306714405873,0.84375));
#745 = CARTESIAN_POINT('',(2.285115956404,0.84375));
#746 = CARTESIAN_POINT('',(2.273727683002,0.84375));
#747 = CARTESIAN_POINT('',(2.262339409617,0.84375));
#748 = CARTESIAN_POINT('',(2.24074096016,0.84375));
#749 = CARTESIAN_POINT('',(2.230530784013,0.84375));
#750 = CARTESIAN_POINT('',(2.220320607884,0.84375));
#751 = CARTESIAN_POINT('',(2.199114857498,0.84375));
#752 = CARTESIAN_POINT('',(2.18811928318,0.84375));
#753 = CARTESIAN_POINT('',(2.177123708886,0.84375));
#754 = CARTESIAN_POINT('',(2.154739861269,0.84375));
#755 = CARTESIAN_POINT('',(2.143351587868,0.84375));
#756 = CARTESIAN_POINT('',(2.131963314489,0.84375));
#757 = CARTESIAN_POINT('',(2.111542962285,0.84375));
#758 = CARTESIAN_POINT('',(2.102510883394,0.84375));
#759 = CARTESIAN_POINT('',(2.093478804515,0.84375));
#760 = CARTESIAN_POINT('',(2.073451151374,0.84375));
#761 = CARTESIAN_POINT('',(2.062455577066,0.84375));
#762 = CARTESIAN_POINT('',(2.051460002766,0.84375));
#763 = CARTESIAN_POINT('',(2.02907615516,0.84375));
#764 = CARTESIAN_POINT('',(2.017687881772,0.84375));
#765 = CARTESIAN_POINT('',(2.006299608383,0.84375));
#766 = CARTESIAN_POINT('',(1.984701158931,0.84375));
#767 = CARTESIAN_POINT('',(1.974490982801,0.84375));
#768 = CARTESIAN_POINT('',(1.96428080666,0.84375));
#769 = CARTESIAN_POINT('',(1.943860454444,0.84375));
#770 = CARTESIAN_POINT('',(1.933650278316,0.84375));
#771 = CARTESIAN_POINT('',(1.923440102172,0.84375));
#772 = CARTESIAN_POINT('',(1.902234351799,0.84375));
#773 = CARTESIAN_POINT('',(1.891238777505,0.84375));
#774 = CARTESIAN_POINT('',(1.880243203188,0.84375));
#775 = CARTESIAN_POINT('',(1.861000948193,0.84375));
#776 = CARTESIAN_POINT('',(1.852754267479,0.84375));
#777 = CARTESIAN_POINT('',(1.844507586752,0.84375));
#778 = CARTESIAN_POINT('',(1.825658030858,0.84375));
#779 = CARTESIAN_POINT('',(1.815055155644,0.84375));
#780 = CARTESIAN_POINT('',(1.804452280412,0.84375));
#781 = CARTESIAN_POINT('',(1.782853830946,0.84375));
#782 = CARTESIAN_POINT('',(1.771858256642,0.84375));
#783 = CARTESIAN_POINT('',(1.760862682329,0.84375));
#784 = CARTESIAN_POINT('',(1.738478834701,0.84375));
#785 = CARTESIAN_POINT('',(1.727090561305,0.84375));
#786 = CARTESIAN_POINT('',(1.715702287912,0.84375));
#787 = CARTESIAN_POINT('',(1.695674634771,0.84375));
#788 = CARTESIAN_POINT('',(1.687035254963,0.84375));
#789 = CARTESIAN_POINT('',(1.678395875163,0.84375));
#790 = CARTESIAN_POINT('',(1.645016454189,0.84375));
#791 = CARTESIAN_POINT('',(1.620276410944,0.84375));
#792 = CARTESIAN_POINT('',(1.595536367806,0.84375));
#793 = CARTESIAN_POINT('',(1.570796326795,0.84375));
#794 = ( GEOMETRIC_REPRESENTATION_CONTEXT(2) 
PARAMETRIC_REPRESENTATION_CONTEXT() REPRESENTATION_CONTEXT('2D SPACE',''
  ) );
#795 = ORIENTED_EDGE('',*,*,#796,.T.);
#796 = EDGE_CURVE('',#479,#797,#799,.T.);
#797 = VERTEX_POINT('',#798);
#798 = CARTESIAN_POINT('',(23.599470726812,180.25884572681,42.));
#799 = SURFACE_CURVE('',#800,(#803,#809),.PCURVE_S1.);
#800 = B_SPLINE_CURVE_WITH_KNOTS('',1,(#801,#802),.UNSPECIFIED.,.F.,.F.,
  (2,2),(0.,1.),.PIECEWISE_BEZIER_KNOTS.);
#801 = CARTESIAN_POINT('',(16.400529273188,180.25884572681,42.));
#802 = CARTESIAN_POINT('',(23.599470726812,180.25884572681,42.));
#803 = PCURVE('',#32,#804);
#804 = DEFINITIONAL_REPRESENTATION('',(#805),#808);
#805 = B_SPLINE_CURVE_WITH_KNOTS('',1,(#806,#807),.UNSPECIFIED.,.F.,.F.,
  (2,2),(0.,1.),.PIECEWISE_BEZIER_KNOTS.);
#806 = CARTESIAN_POINT('',(40.400529273188,15.108845726812));
#807 = CARTESIAN_POINT('',(47.599470726812,15.108845726812));
#808 = ( GEOMETRIC_REPRESENTATION_CONTEXT(2) 
PARAMETRIC_REPRESENTATION_CONTEXT() REPRESENTATION_CONTEXT('2D SPACE',''
  ) );
#809 = PCURVE('',#810,#815);
#810 = B_SPLINE_SURFACE_WITH_KNOTS('',1,1,(
    (#811,#812)
    ,(#813,#814
    )),.UNSPECIFIED.,.F.,.F.,.F.,(2,2),(2,2),(-3.747520861407,
    3.747520861407),(0.,1.),.PIECEWISE_BEZIER_KNOTS.);
#811 = CARTESIAN_POINT('',(22.8,178.7,39.3));
#812 = CARTESIAN_POINT('',(23.747520861407,180.5475208614,42.5));
#813 = CARTESIAN_POINT('',(17.2,178.7,39.3));
#814 = CARTESIAN_POINT('',(16.252479138593,180.5475208614,42.5));
#815 = DEFINITIONAL_REPRESENTATION('',(#816),#819);
#816 = B_SPLINE_CURVE_WITH_KNOTS('',1,(#817,#818),.UNSPECIFIED.,.F.,.F.,
  (2,2),(0.,1.),.PIECEWISE_BEZIER_KNOTS.);
#817 = CARTESIAN_POINT('',(3.747520861407,0.84375));
#818 = CARTESIAN_POINT('',(-3.747520861407,0.84375));
#819 = ( GEOMETRIC_REPRESENTATION_CONTEXT(2) 
PARAMETRIC_REPRESENTATION_CONTEXT() REPRESENTATION_CONTEXT('2D SPACE',''
  ) );
#820 = ORIENTED_EDGE('',*,*,#821,.T.);
#821 = EDGE_CURVE('',#797,#822,#824,.T.);
#822 = VERTEX_POINT('',#823);
#823 = CARTESIAN_POINT('',(24.958845726812,178.89947072681,42.));
#824 = SURFACE_CURVE('',#825,(#924,#1026),.PCURVE_S1.);
#825 = B_SPLINE_CURVE_WITH_KNOTS('',4,(#826,#827,#828,#829,#830,#831,
    #832,#833,#834,#835,#836,#837,#838,#839,#840,#841,#842,#843,#844,
    #845,#846,#847,#848,#849,#850,#851,#852,#853,#854,#855,#856,#857,
    #858,#859,#860,#861,#862,#863,#864,#865,#866,#867,#868,#869,#870,
    #871,#872,#873,#874,#875,#876,#877,#878,#879,#880,#881,#882,#883,
    #884,#885,#886,#887,#888,#889,#890,#891,#892,#893,#894,#895,#896,
    #897,#898,#899,#900,#901,#902,#903,#904,#905,#906,#907,#908,#909,
    #910,#911,#912,#913,#914,#915,#916,#917,#918,#919,#920,#921,#922,
    #923),.UNSPECIFIED.,.F.,.F.,(5,3,3,3,3,3,3,3,3,3,3,3,3,3,3,3,3,3,3,3
    ,3,3,3,3,3,3,3,3,3,3,3,3,5),(0.,5.000000043586E-02,
    7.900000096728E-02,0.108000001416,0.128000001752,0.157000002261,
    0.186000002911,0.213000003686,0.241000004639,0.270000005742,
    0.299000006901,0.327000008005,0.354000008989,0.383000009886,
    0.410000010572,0.439000011123,0.468000011533,0.497000011859,
    0.526000012177,0.553000012547,0.575000012946,0.604000013581,
    0.631000014349,0.660000015324,0.689000016425,0.717000017551,
    0.746000018689,0.76800001952,0.793000020351,0.810000020856,
    0.901000005641,0.922000006005,1.),.UNSPECIFIED.);
#826 = CARTESIAN_POINT('',(23.599470726812,180.25884572681,42.));
#827 = CARTESIAN_POINT('',(23.626161992016,180.25884572681,42.));
#828 = CARTESIAN_POINT('',(23.652853260955,180.25814694923,42.));
#829 = CARTESIAN_POINT('',(23.679517074782,180.25674939626,42.));
#830 = CARTESIAN_POINT('',(23.721559270835,180.25344060129,42.));
#831 = CARTESIAN_POINT('',(23.736974039131,180.25199163693,42.));
#832 = CARTESIAN_POINT('',(23.752365025732,180.25030874942,42.));
#833 = CARTESIAN_POINT('',(23.783088807462,180.24647645377,42.));
#834 = CARTESIAN_POINT('',(23.798421603079,180.24432704557,42.));
#835 = CARTESIAN_POINT('',(23.813719989453,180.24194503985,42.));
#836 = CARTESIAN_POINT('',(23.839501928822,180.23752878956,42.));
#837 = CARTESIAN_POINT('',(23.85000629317,180.23561603938,42.));
#838 = CARTESIAN_POINT('',(23.860490050118,180.23359338668,42.));
#839 = CARTESIAN_POINT('',(23.886120550036,180.22836948579,42.));
#840 = CARTESIAN_POINT('',(23.901242676247,180.2250474567,42.));
#841 = CARTESIAN_POINT('',(23.916312609958,180.22149616444,42.));
#842 = CARTESIAN_POINT('',(23.946337706065,180.21393766811,42.));
#843 = CARTESIAN_POINT('',(23.961292868935,180.20993046391,42.));
#844 = CARTESIAN_POINT('',(23.976185453397,180.205696611,42.));
#845 = CARTESIAN_POINT('',(24.00481280367,180.19708620695,42.));
#846 = CARTESIAN_POINT('',(24.018556586671,180.19273963419,42.));
#847 = CARTESIAN_POINT('',(24.032237541553,180.18819917828,42.));
#848 = CARTESIAN_POINT('',(24.059969854768,180.17855804504,42.));
#849 = CARTESIAN_POINT('',(24.07401616537,180.17344284697,42.));
#850 = CARTESIAN_POINT('',(24.087985965229,180.16812224689,42.));
#851 = CARTESIAN_POINT('',(24.116259614901,180.15687651189,42.));
#852 = CARTESIAN_POINT('',(24.130557576878,180.15093657274,42.));
#853 = CARTESIAN_POINT('',(24.144763685445,180.14478018797,42.));
#854 = CARTESIAN_POINT('',(24.172982434245,180.13203893465,42.));
#855 = CARTESIAN_POINT('',(24.186995074925,180.12545406589,42.));
#856 = CARTESIAN_POINT('',(24.200906101112,180.11865715882,42.));
#857 = CARTESIAN_POINT('',(24.228039351849,180.10488571966,42.));
#858 = CARTESIAN_POINT('',(24.241268787513,180.09792539431,42.));
#859 = CARTESIAN_POINT('',(24.254394746336,180.09077184263,42.));
#860 = CARTESIAN_POINT('',(24.279966375455,180.0763453237,42.));
#861 = CARTESIAN_POINT('',(24.292419599792,180.06908574555,42.));
#862 = CARTESIAN_POINT('',(24.304768939215,180.0616508221,42.));
#863 = CARTESIAN_POINT('',(24.330159305665,180.04587129246,42.));
#864 = CARTESIAN_POINT('',(24.343183808757,180.03750009732,42.));
#865 = CARTESIAN_POINT('',(24.356079683966,180.02893207591,42.));
#866 = CARTESIAN_POINT('',(24.380725153306,180.01201270565,42.));
#867 = CARTESIAN_POINT('',(24.392492465706,180.00368716524,42.));
#868 = CARTESIAN_POINT('',(24.404140890589,179.99519608395,42.));
#869 = CARTESIAN_POINT('',(24.428046836949,179.97724699036,42.));
#870 = CARTESIAN_POINT('',(24.440285562512,179.96776394356,42.));
#871 = CARTESIAN_POINT('',(24.452378866138,179.95809613166,42.));
#872 = CARTESIAN_POINT('',(24.476266366222,179.93839779181,42.));
#873 = CARTESIAN_POINT('',(24.48806056306,179.92836726355,42.));
#874 = CARTESIAN_POINT('',(24.499701075125,179.918158784,42.));
#875 = CARTESIAN_POINT('',(24.522666785307,179.89739310566,42.));
#876 = CARTESIAN_POINT('',(24.533991983789,179.88683590653,42.));
#877 = CARTESIAN_POINT('',(24.545155553512,179.87610793912,42.));
#878 = CARTESIAN_POINT('',(24.567151826414,179.85431800531,42.));
#879 = CARTESIAN_POINT('',(24.57798452994,179.84325603858,42.));
#880 = CARTESIAN_POINT('',(24.588647996051,179.83203084084,42.));
#881 = CARTESIAN_POINT('',(24.60890570593,179.81004699688,42.));
#882 = CARTESIAN_POINT('',(24.618522971401,179.79930956418,42.));
#883 = CARTESIAN_POINT('',(24.627987463588,179.78843723029,42.));
#884 = CARTESIAN_POINT('',(24.644881443424,179.7684671249,42.));
#885 = CARTESIAN_POINT('',(24.652363212822,179.75941358155,42.));
#886 = CARTESIAN_POINT('',(24.659740189533,179.75027444947,42.));
#887 = CARTESIAN_POINT('',(24.676595079169,179.72889412533,42.));
#888 = CARTESIAN_POINT('',(24.685994629318,179.71659115664,42.));
#889 = CARTESIAN_POINT('',(24.695206261294,179.70414686403,42.));
#890 = CARTESIAN_POINT('',(24.712625338159,179.67985200858,42.));
#891 = CARTESIAN_POINT('',(24.7208582248,179.6680196866,42.));
#892 = CARTESIAN_POINT('',(24.72892299631,179.65607214599,42.));
#893 = CARTESIAN_POINT('',(24.745296337096,179.63106058929,42.));
#894 = CARTESIAN_POINT('',(24.753578714556,179.61797942673,42.));
#895 = CARTESIAN_POINT('',(24.761661484873,179.60477399547,42.));
#896 = CARTESIAN_POINT('',(24.777422359146,179.57812381437,42.));
#897 = CARTESIAN_POINT('',(24.78510046335,179.56467906411,42.));
#898 = CARTESIAN_POINT('',(24.792573508575,179.55111926363,42.));
#899 = CARTESIAN_POINT('',(24.806853920888,179.52425040332,42.));
#900 = CARTESIAN_POINT('',(24.813675356695,179.5109488203,42.));
#901 = CARTESIAN_POINT('',(24.820301026787,179.49754864891,42.));
#902 = CARTESIAN_POINT('',(24.833386255309,179.47007788943,42.));
#903 = CARTESIAN_POINT('',(24.839831430271,179.45600044951,42.));
#904 = CARTESIAN_POINT('',(24.846062080285,179.44182675574,42.));
#905 = CARTESIAN_POINT('',(24.85663850364,179.41674000871,42.));
#906 = CARTESIAN_POINT('',(24.861076224876,179.4058657198,42.));
#907 = CARTESIAN_POINT('',(24.865388380456,179.39494103019,42.));
#908 = CARTESIAN_POINT('',(24.874330678838,179.37149891283,42.));
#909 = CARTESIAN_POINT('',(24.878923998897,179.35896743839,42.));
#910 = CARTESIAN_POINT('',(24.883352874614,179.34637690622,42.));
#911 = CARTESIAN_POINT('',(24.890515278139,179.32513105673,42.));
#912 = CARTESIAN_POINT('',(24.893337800425,179.3165057411,42.));
#913 = CARTESIAN_POINT('',(24.896083432345,179.30785564243,42.));
#914 = CARTESIAN_POINT('',(24.91303577279,179.25275118781,42.));
#915 = CARTESIAN_POINT('',(24.925107406054,179.20563991925,42.));
#916 = CARTESIAN_POINT('',(24.934918023344,179.15800644656,42.));
#917 = CARTESIAN_POINT('',(24.944178222736,179.09893949724,42.));
#918 = CARTESIAN_POINT('',(24.945792733904,179.08784535107,42.));
#919 = CARTESIAN_POINT('',(24.947285153686,179.07673412212,42.));
#920 = CARTESIAN_POINT('',(24.953744101274,179.02428159852,42.));
#921 = CARTESIAN_POINT('',(24.957145181069,178.98274750153,42.));
#922 = CARTESIAN_POINT('',(24.958845726812,178.94110909693,42.));
#923 = CARTESIAN_POINT('',(24.958845726812,178.89947072681,42.));
#924 = PCURVE('',#32,#925);
#925 = DEFINITIONAL_REPRESENTATION('',(#926),#1025);
#926 = B_SPLINE_CURVE_WITH_KNOTS('',4,(#927,#928,#929,#930,#931,#932,
    #933,#934,#935,#936,#937,#938,#939,#940,#941,#942,#943,#944,#945,
    #946,#947,#948,#949,#950,#951,#952,#953,#954,#955,#956,#957,#958,
    #959,#960,#961,#962,#963,#964,#965,#966,#967,#968,#969,#970,#971,
    #972,#973,#974,#975,#976,#977,#978,#979,#980,#981,#982,#983,#984,
    #985,#986,#987,#988,#989,#990,#991,#992,#993,#994,#995,#996,#997,
    #998,#999,#1000,#1001,#1002,#1003,#1004,#1005,#1006,#1007,#1008,
    #1009,#1010,#1011,#1012,#1013,#1014,#1015,#1016,#1017,#1018,#1019,
    #1020,#1021,#1022,#1023,#1024),.UNSPECIFIED.,.F.,.F.,(5,3,3,3,3,3,3,
    3,3,3,3,3,3,3,3,3,3,3,3,3,3,3,3,3,3,3,3,3,3,3,3,3,5),(0.,
    5.000000043586E-02,7.900000096728E-02,0.108000001416,0.128000001752,
    0.157000002261,0.186000002911,0.213000003686,0.241000004639,
    0.270000005742,0.299000006901,0.327000008005,0.354000008989,
    0.383000009886,0.410000010572,0.439000011123,0.468000011533,
    0.497000011859,0.526000012177,0.553000012547,0.575000012946,
    0.604000013581,0.631000014349,0.660000015324,0.689000016425,
    0.717000017551,0.746000018689,0.76800001952,0.793000020351,
    0.810000020856,0.901000005641,0.922000006005,1.),.UNSPECIFIED.);
#927 = CARTESIAN_POINT('',(47.599470726812,15.108845726812));
#928 = CARTESIAN_POINT('',(47.626161992016,15.108845726812));
#929 = CARTESIAN_POINT('',(47.652853260955,15.108146949238));
#930 = CARTESIAN_POINT('',(47.679517074782,15.106749396265));
#931 = CARTESIAN_POINT('',(47.721559270835,15.103440601292));
#932 = CARTESIAN_POINT('',(47.736974039131,15.101991636935));
#933 = CARTESIAN_POINT('',(47.752365025732,15.100308749427));
#934 = CARTESIAN_POINT('',(47.783088807462,15.096476453777));
#935 = CARTESIAN_POINT('',(47.798421603079,15.094327045576));
#936 = CARTESIAN_POINT('',(47.813719989453,15.091945039854));
#937 = CARTESIAN_POINT('',(47.839501928822,15.087528789562));
#938 = CARTESIAN_POINT('',(47.85000629317,15.08561603938));
#939 = CARTESIAN_POINT('',(47.860490050118,15.083593386688));
#940 = CARTESIAN_POINT('',(47.886120550036,15.07836948579));
#941 = CARTESIAN_POINT('',(47.901242676247,15.075047456705));
#942 = CARTESIAN_POINT('',(47.916312609958,15.071496164447));
#943 = CARTESIAN_POINT('',(47.946337706065,15.063937668114));
#944 = CARTESIAN_POINT('',(47.961292868935,15.059930463917));
#945 = CARTESIAN_POINT('',(47.976185453397,15.055696611001));
#946 = CARTESIAN_POINT('',(48.00481280367,15.047086206954));
#947 = CARTESIAN_POINT('',(48.018556586671,15.042739634198));
#948 = CARTESIAN_POINT('',(48.032237541553,15.038199178286));
#949 = CARTESIAN_POINT('',(48.059969854768,15.02855804504));
#950 = CARTESIAN_POINT('',(48.07401616537,15.02344284697));
#951 = CARTESIAN_POINT('',(48.087985965229,15.018122246892));
#952 = CARTESIAN_POINT('',(48.116259614901,15.006876511891));
#953 = CARTESIAN_POINT('',(48.130557576878,15.000936572745));
#954 = CARTESIAN_POINT('',(48.144763685445,14.994780187974));
#955 = CARTESIAN_POINT('',(48.172982434245,14.982038934652));
#956 = CARTESIAN_POINT('',(48.186995074925,14.975454065897));
#957 = CARTESIAN_POINT('',(48.200906101112,14.968657158821));
#958 = CARTESIAN_POINT('',(48.228039351849,14.954885719662));
#959 = CARTESIAN_POINT('',(48.241268787513,14.947925394318));
#960 = CARTESIAN_POINT('',(48.254394746336,14.940771842634));
#961 = CARTESIAN_POINT('',(48.279966375455,14.926345323707));
#962 = CARTESIAN_POINT('',(48.292419599792,14.919085745558));
#963 = CARTESIAN_POINT('',(48.304768939215,14.911650822103));
#964 = CARTESIAN_POINT('',(48.330159305665,14.895871292462));
#965 = CARTESIAN_POINT('',(48.343183808757,14.887500097323));
#966 = CARTESIAN_POINT('',(48.356079683966,14.878932075913));
#967 = CARTESIAN_POINT('',(48.380725153306,14.862012705654));
#968 = CARTESIAN_POINT('',(48.392492465706,14.853687165246));
#969 = CARTESIAN_POINT('',(48.404140890589,14.845196083955));
#970 = CARTESIAN_POINT('',(48.428046836949,14.82724699036));
#971 = CARTESIAN_POINT('',(48.440285562512,14.817763943563));
#972 = CARTESIAN_POINT('',(48.452378866138,14.808096131666));
#973 = CARTESIAN_POINT('',(48.476266366222,14.788397791819));
#974 = CARTESIAN_POINT('',(48.48806056306,14.778367263559));
#975 = CARTESIAN_POINT('',(48.499701075125,14.768158784008));
#976 = CARTESIAN_POINT('',(48.522666785307,14.747393105661));
#977 = CARTESIAN_POINT('',(48.533991983789,14.736835906537));
#978 = CARTESIAN_POINT('',(48.545155553512,14.72610793912));
#979 = CARTESIAN_POINT('',(48.567151826414,14.704318005317));
#980 = CARTESIAN_POINT('',(48.57798452994,14.693256038584));
#981 = CARTESIAN_POINT('',(48.588647996051,14.682030840845));
#982 = CARTESIAN_POINT('',(48.60890570593,14.660046996887));
#983 = CARTESIAN_POINT('',(48.618522971401,14.64930956418));
#984 = CARTESIAN_POINT('',(48.627987463588,14.63843723029));
#985 = CARTESIAN_POINT('',(48.644881443424,14.618467124905));
#986 = CARTESIAN_POINT('',(48.652363212822,14.609413581558));
#987 = CARTESIAN_POINT('',(48.659740189533,14.600274449472));
#988 = CARTESIAN_POINT('',(48.676595079169,14.578894125332));
#989 = CARTESIAN_POINT('',(48.685994629318,14.566591156643));
#990 = CARTESIAN_POINT('',(48.695206261294,14.554146864037));
#991 = CARTESIAN_POINT('',(48.712625338159,14.529852008581));
#992 = CARTESIAN_POINT('',(48.7208582248,14.518019686608));
#993 = CARTESIAN_POINT('',(48.72892299631,14.506072145996));
#994 = CARTESIAN_POINT('',(48.745296337096,14.481060589299));
#995 = CARTESIAN_POINT('',(48.753578714556,14.467979426737));
#996 = CARTESIAN_POINT('',(48.761661484873,14.454773995474));
#997 = CARTESIAN_POINT('',(48.777422359146,14.428123814375));
#998 = CARTESIAN_POINT('',(48.78510046335,14.414679064116));
#999 = CARTESIAN_POINT('',(48.792573508575,14.401119263636));
#1000 = CARTESIAN_POINT('',(48.806853920888,14.374250403324));
#1001 = CARTESIAN_POINT('',(48.813675356695,14.360948820303));
#1002 = CARTESIAN_POINT('',(48.820301026787,14.347548648915));
#1003 = CARTESIAN_POINT('',(48.833386255309,14.320077889431));
#1004 = CARTESIAN_POINT('',(48.839831430271,14.306000449514));
#1005 = CARTESIAN_POINT('',(48.846062080285,14.291826755742));
#1006 = CARTESIAN_POINT('',(48.85663850364,14.266740008714));
#1007 = CARTESIAN_POINT('',(48.861076224876,14.255865719806));
#1008 = CARTESIAN_POINT('',(48.865388380456,14.244941030194));
#1009 = CARTESIAN_POINT('',(48.874330678838,14.221498912838));
#1010 = CARTESIAN_POINT('',(48.878923998897,14.208967438395));
#1011 = CARTESIAN_POINT('',(48.883352874614,14.196376906221));
#1012 = CARTESIAN_POINT('',(48.890515278139,14.175131056734));
#1013 = CARTESIAN_POINT('',(48.893337800425,14.166505741103));
#1014 = CARTESIAN_POINT('',(48.896083432345,14.157855642431));
#1015 = CARTESIAN_POINT('',(48.91303577279,14.102751187813));
#1016 = CARTESIAN_POINT('',(48.925107406054,14.055639919258));
#1017 = CARTESIAN_POINT('',(48.934918023344,14.008006446566));
#1018 = CARTESIAN_POINT('',(48.944178222736,13.948939497247));
#1019 = CARTESIAN_POINT('',(48.945792733904,13.937845351075));
#1020 = CARTESIAN_POINT('',(48.947285153686,13.926734122122));
#1021 = CARTESIAN_POINT('',(48.953744101274,13.874281598524));
#1022 = CARTESIAN_POINT('',(48.957145181069,13.832747501538));
#1023 = CARTESIAN_POINT('',(48.958845726812,13.791109096935));
#1024 = CARTESIAN_POINT('',(48.958845726812,13.749470726812));
#1025 = ( GEOMETRIC_REPRESENTATION_CONTEXT(2) 
PARAMETRIC_REPRESENTATION_CONTEXT() REPRESENTATION_CONTEXT('2D SPACE',''
  ) );
#1026 = PCURVE('',#1027,#1046);
#1027 = B_SPLINE_SURFACE_WITH_KNOTS('',8,1,(
    (#1028,#1029)
    ,(#1030,#1031)
    ,(#1032,#1033)
    ,(#1034,#1035)
    ,(#1036,#1037)
    ,(#1038,#1039)
    ,(#1040,#1041)
    ,(#1042,#1043)
    ,(#1044,#1045
    )),.UNSPECIFIED.,.F.,.F.,.F.,(9,9),(2,2),(0.,1.570796326795),(0.,1.)
  ,.PIECEWISE_BEZIER_KNOTS.);
#1028 = CARTESIAN_POINT('',(23.4,178.1,39.3));
#1029 = CARTESIAN_POINT('',(25.247520861407,179.0475208614,42.5));
#1030 = CARTESIAN_POINT('',(23.4,178.21780972451,39.3));
#1031 = CARTESIAN_POINT('',(25.247520861407,179.34204517268,42.5));
#1032 = CARTESIAN_POINT('',(23.373563001052,178.33561896052,39.3));
#1033 = CARTESIAN_POINT('',(25.181429677965,179.63656957666,42.5));
#1034 = CARTESIAN_POINT('',(23.320692521352,178.44650962243,39.3));
#1035 = CARTESIAN_POINT('',(25.049247960214,179.91379071291,42.5));
#1036 = CARTESIAN_POINT('',(23.243552898908,178.5435528989,39.3));
#1037 = CARTESIAN_POINT('',(24.856408995076,180.15640899507,42.5));
#1038 = CARTESIAN_POINT('',(23.14650962243,178.62069252135,39.3));
#1039 = CARTESIAN_POINT('',(24.61379071291,180.34924796021,42.5));
#1040 = CARTESIAN_POINT('',(23.035618960531,178.67356300105,39.3));
#1041 = CARTESIAN_POINT('',(24.336569576663,180.48142967796,42.5));
#1042 = CARTESIAN_POINT('',(22.91780972451,178.69999999999,39.3));
#1043 = CARTESIAN_POINT('',(24.042045172681,180.5475208614,42.5));
#1044 = CARTESIAN_POINT('',(22.8,178.7,39.3));
#1045 = CARTESIAN_POINT('',(23.747520861407,180.5475208614,42.5));
#1046 = DEFINITIONAL_REPRESENTATION('',(#1047),#1146);
#1047 = B_SPLINE_CURVE_WITH_KNOTS('',4,(#1048,#1049,#1050,#1051,#1052,
    #1053,#1054,#1055,#1056,#1057,#1058,#1059,#1060,#1061,#1062,#1063,
    #1064,#1065,#1066,#1067,#1068,#1069,#1070,#1071,#1072,#1073,#1074,
    #1075,#1076,#1077,#1078,#1079,#1080,#1081,#1082,#1083,#1084,#1085,
    #1086,#1087,#1088,#1089,#1090,#1091,#1092,#1093,#1094,#1095,#1096,
    #1097,#1098,#1099,#1100,#1101,#1102,#1103,#1104,#1105,#1106,#1107,
    #1108,#1109,#1110,#1111,#1112,#1113,#1114,#1115,#1116,#1117,#1118,
    #1119,#1120,#1121,#1122,#1123,#1124,#1125,#1126,#1127,#1128,#1129,
    #1130,#1131,#1132,#1133,#1134,#1135,#1136,#1137,#1138,#1139,#1140,
    #1141,#1142,#1143,#1144,#1145),.UNSPECIFIED.,.F.,.F.,(5,3,3,3,3,3,3,
    3,3,3,3,3,3,3,3,3,3,3,3,3,3,3,3,3,3,3,3,3,3,3,3,3,5),(0.,
    5.000000043586E-02,7.900000096728E-02,0.108000001416,0.128000001752,
    0.157000002261,0.186000002911,0.213000003686,0.241000004639,
    0.270000005742,0.299000006901,0.327000008005,0.354000008989,
    0.383000009886,0.410000010572,0.439000011123,0.468000011533,
    0.497000011859,0.526000012177,0.553000012547,0.575000012946,
    0.604000013581,0.631000014349,0.660000015324,0.689000016425,
    0.717000017551,0.746000018689,0.76800001952,0.793000020351,
    0.810000020856,0.901000005641,0.922000006005,1.),.UNSPECIFIED.);
#1048 = CARTESIAN_POINT('',(1.570796326795,0.84375));
#1049 = CARTESIAN_POINT('',(1.551161373082,0.84375));
#1050 = CARTESIAN_POINT('',(1.531526418705,0.84375));
#1051 = CARTESIAN_POINT('',(1.511891464271,0.84375));
#1052 = CARTESIAN_POINT('',(1.480868237132,0.84375));
#1053 = CARTESIAN_POINT('',(1.469479963748,0.84375));
#1054 = CARTESIAN_POINT('',(1.458091690346,0.84375));
#1055 = CARTESIAN_POINT('',(1.435315143642,0.84375));
#1056 = CARTESIAN_POINT('',(1.423926870251,0.84375));
#1057 = CARTESIAN_POINT('',(1.412538596854,0.84375));
#1058 = CARTESIAN_POINT('',(1.393296341868,0.84375));
#1059 = CARTESIAN_POINT('',(1.385442360228,0.84375));
#1060 = CARTESIAN_POINT('',(1.377588378591,0.84375));
#1061 = CARTESIAN_POINT('',(1.358346123599,0.84375));
#1062 = CARTESIAN_POINT('',(1.346957850198,0.84375));
#1063 = CARTESIAN_POINT('',(1.335569576811,0.84375));
#1064 = CARTESIAN_POINT('',(1.31279303011,0.84375));
#1065 = CARTESIAN_POINT('',(1.301404756706,0.84375));
#1066 = CARTESIAN_POINT('',(1.290016483325,0.84375));
#1067 = CARTESIAN_POINT('',(1.26802533479,0.84375));
#1068 = CARTESIAN_POINT('',(1.257422459558,0.84375));
#1069 = CARTESIAN_POINT('',(1.246819584348,0.84375));
#1070 = CARTESIAN_POINT('',(1.225221134889,0.84375));
#1071 = CARTESIAN_POINT('',(1.214225560575,0.84375));
#1072 = CARTESIAN_POINT('',(1.20322998628,0.84375));
#1073 = CARTESIAN_POINT('',(1.180846138669,0.84375));
#1074 = CARTESIAN_POINT('',(1.169457865274,0.84375));
#1075 = CARTESIAN_POINT('',(1.158069591891,0.84375));
#1076 = CARTESIAN_POINT('',(1.135293045207,0.84375));
#1077 = CARTESIAN_POINT('',(1.123904771818,0.84375));
#1078 = CARTESIAN_POINT('',(1.11251649843,0.84375));
#1079 = CARTESIAN_POINT('',(1.090132650824,0.84375));
#1080 = CARTESIAN_POINT('',(1.079137076524,0.84375));
#1081 = CARTESIAN_POINT('',(1.068141502216,0.84375));
#1082 = CARTESIAN_POINT('',(1.046543052763,0.84375));
#1083 = CARTESIAN_POINT('',(1.035940177551,0.84375));
#1084 = CARTESIAN_POINT('',(1.025337302323,0.84375));
#1085 = CARTESIAN_POINT('',(1.003346153795,0.84375));
#1086 = CARTESIAN_POINT('',(0.991957880416,0.84375));
#1087 = CARTESIAN_POINT('',(0.980569607014,0.84375));
#1088 = CARTESIAN_POINT('',(0.958578458473,0.84375));
#1089 = CARTESIAN_POINT('',(0.947975583263,0.84375));
#1090 = CARTESIAN_POINT('',(0.937372708031,0.84375));
#1091 = CARTESIAN_POINT('',(0.915381559495,0.84375));
#1092 = CARTESIAN_POINT('',(0.903993286114,0.84375));
#1093 = CARTESIAN_POINT('',(0.89260501271,0.84375));
#1094 = CARTESIAN_POINT('',(0.86982846601,0.84375));
#1095 = CARTESIAN_POINT('',(0.858440192624,0.84375));
#1096 = CARTESIAN_POINT('',(0.847051919223,0.84375));
#1097 = CARTESIAN_POINT('',(0.824275372519,0.84375));
#1098 = CARTESIAN_POINT('',(0.812887099129,0.84375));
#1099 = CARTESIAN_POINT('',(0.801498825732,0.84375));
#1100 = CARTESIAN_POINT('',(0.778722279027,0.84375));
#1101 = CARTESIAN_POINT('',(0.767334005631,0.84375));
#1102 = CARTESIAN_POINT('',(0.755945732239,0.84375));
#1103 = CARTESIAN_POINT('',(0.733954583695,0.84375));
#1104 = CARTESIAN_POINT('',(0.723351708466,0.84375));
#1105 = CARTESIAN_POINT('',(0.712748833249,0.84375));
#1106 = CARTESIAN_POINT('',(0.693506578269,0.84375));
#1107 = CARTESIAN_POINT('',(0.68486719846,0.84375));
#1108 = CARTESIAN_POINT('',(0.676227818662,0.84375));
#1109 = CARTESIAN_POINT('',(0.656200165506,0.84375));
#1110 = CARTESIAN_POINT('',(0.644811892102,0.84375));
#1111 = CARTESIAN_POINT('',(0.633423618722,0.84375));
#1112 = CARTESIAN_POINT('',(0.611432470189,0.84375));
#1113 = CARTESIAN_POINT('',(0.600829594958,0.84375));
#1114 = CARTESIAN_POINT('',(0.590226719747,0.84375));
#1115 = CARTESIAN_POINT('',(0.568235571209,0.84375));
#1116 = CARTESIAN_POINT('',(0.556847297808,0.84375));
#1117 = CARTESIAN_POINT('',(0.545459024429,0.84375));
#1118 = CARTESIAN_POINT('',(0.522682477742,0.84375));
#1119 = CARTESIAN_POINT('',(0.511294204347,0.84375));
#1120 = CARTESIAN_POINT('',(0.499905930964,0.84375));
#1121 = CARTESIAN_POINT('',(0.477522083358,0.84375));
#1122 = CARTESIAN_POINT('',(0.466526509053,0.84375));
#1123 = CARTESIAN_POINT('',(0.455530934751,0.84375));
#1124 = CARTESIAN_POINT('',(0.433147087145,0.84375));
#1125 = CARTESIAN_POINT('',(0.421758813761,0.84375));
#1126 = CARTESIAN_POINT('',(0.410370540368,0.84375));
#1127 = CARTESIAN_POINT('',(0.390342887227,0.84375));
#1128 = CARTESIAN_POINT('',(0.38170350743,0.84375));
#1129 = CARTESIAN_POINT('',(0.373064127623,0.84375));
#1130 = CARTESIAN_POINT('',(0.354607270808,0.84375));
#1131 = CARTESIAN_POINT('',(0.344789793764,0.84375));
#1132 = CARTESIAN_POINT('',(0.334972316703,0.84375));
#1133 = CARTESIAN_POINT('',(0.318478955271,0.84375));
#1134 = CARTESIAN_POINT('',(0.311803070885,0.84375));
#1135 = CARTESIAN_POINT('',(0.305127186491,0.84375));
#1136 = CARTESIAN_POINT('',(0.262715692637,0.84375));
#1137 = CARTESIAN_POINT('',(0.226980069526,0.84375));
#1138 = CARTESIAN_POINT('',(0.191244446195,0.84375));
#1139 = CARTESIAN_POINT('',(0.147262155637,0.84375));
#1140 = CARTESIAN_POINT('',(0.139015474913,0.84375));
#1141 = CARTESIAN_POINT('',(0.130768794194,0.84375));
#1142 = CARTESIAN_POINT('',(9.189158804912E-02,0.84375));
#1143 = CARTESIAN_POINT('',(6.12610565084E-02,0.84375));
#1144 = CARTESIAN_POINT('',(3.063052514786E-02,0.84375));
#1145 = CARTESIAN_POINT('',(0.,0.84375));
#1146 = ( GEOMETRIC_REPRESENTATION_CONTEXT(2) 
PARAMETRIC_REPRESENTATION_CONTEXT() REPRESENTATION_CONTEXT('2D SPACE',''
  ) );
#1147 = ORIENTED_EDGE('',*,*,#1148,.T.);
#1148 = EDGE_CURVE('',#822,#1149,#1151,.T.);
#1149 = VERTEX_POINT('',#1150);
#1150 = CARTESIAN_POINT('',(24.958845726812,175.10052927318,42.));
#1151 = SURFACE_CURVE('',#1152,(#1155,#1161),.PCURVE_S1.);
#1152 = B_SPLINE_CURVE_WITH_KNOTS('',1,(#1153,#1154),.UNSPECIFIED.,.F.,
  .F.,(2,2),(0.,1.),.PIECEWISE_BEZIER_KNOTS.);
#1153 = CARTESIAN_POINT('',(24.958845726812,178.89947072681,42.));
#1154 = CARTESIAN_POINT('',(24.958845726812,175.10052927318,42.));
#1155 = PCURVE('',#32,#1156);
#1156 = DEFINITIONAL_REPRESENTATION('',(#1157),#1160);
#1157 = B_SPLINE_CURVE_WITH_KNOTS('',1,(#1158,#1159),.UNSPECIFIED.,.F.,
  .F.,(2,2),(0.,1.),.PIECEWISE_BEZIER_KNOTS.);
#1158 = CARTESIAN_POINT('',(48.958845726812,13.749470726812));
#1159 = CARTESIAN_POINT('',(48.958845726812,9.950529273188));
#1160 = ( GEOMETRIC_REPRESENTATION_CONTEXT(2) 
PARAMETRIC_REPRESENTATION_CONTEXT() REPRESENTATION_CONTEXT('2D SPACE',''
  ) );
#1161 = PCURVE('',#1162,#1167);
#1162 = B_SPLINE_SURFACE_WITH_KNOTS('',1,1,(
    (#1163,#1164)
    ,(#1165,#1166
    )),.UNSPECIFIED.,.F.,.F.,.F.,(2,2),(2,2),(-2.047520861407,
    2.047520861407),(0.,1.),.PIECEWISE_BEZIER_KNOTS.);
#1163 = CARTESIAN_POINT('',(23.4,175.9,39.3));
#1164 = CARTESIAN_POINT('',(25.247520861407,174.95247913859,42.5));
#1165 = CARTESIAN_POINT('',(23.4,178.1,39.3));
#1166 = CARTESIAN_POINT('',(25.247520861407,179.0475208614,42.5));
#1167 = DEFINITIONAL_REPRESENTATION('',(#1168),#1171);
#1168 = B_SPLINE_CURVE_WITH_KNOTS('',1,(#1169,#1170),.UNSPECIFIED.,.F.,
  .F.,(2,2),(0.,1.),.PIECEWISE_BEZIER_KNOTS.);
#1169 = CARTESIAN_POINT('',(2.047520861407,0.84375));
#1170 = CARTESIAN_POINT('',(-2.047520861407,0.84375));
#1171 = ( GEOMETRIC_REPRESENTATION_CONTEXT(2) 
PARAMETRIC_REPRESENTATION_CONTEXT() REPRESENTATION_CONTEXT('2D SPACE',''
  ) );
#1172 = ORIENTED_EDGE('',*,*,#1173,.T.);
#1173 = EDGE_CURVE('',#1149,#1174,#1176,.T.);
#1174 = VERTEX_POINT('',#1175);
#1175 = CARTESIAN_POINT('',(23.599470726812,173.74115427318,42.));
#1176 = SURFACE_CURVE('',#1177,(#1279,#1384),.PCURVE_S1.);
#1177 = B_SPLINE_CURVE_WITH_KNOTS('',4,(#1178,#1179,#1180,#1181,#1182,
    #1183,#1184,#1185,#1186,#1187,#1188,#1189,#1190,#1191,#1192,#1193,
    #1194,#1195,#1196,#1197,#1198,#1199,#1200,#1201,#1202,#1203,#1204,
    #1205,#1206,#1207,#1208,#1209,#1210,#1211,#1212,#1213,#1214,#1215,
    #1216,#1217,#1218,#1219,#1220,#1221,#1222,#1223,#1224,#1225,#1226,
    #1227,#1228,#1229,#1230,#1231,#1232,#1233,#1234,#1235,#1236,#1237,
    #1238,#1239,#1240,#1241,#1242,#1243,#1244,#1245,#1246,#1247,#1248,
    #1249,#1250,#1251,#1252,#1253,#1254,#1255,#1256,#1257,#1258,#1259,
    #1260,#1261,#1262,#1263,#1264,#1265,#1266,#1267,#1268,#1269,#1270,
    #1271,#1272,#1273,#1274,#1275,#1276,#1277,#1278),.UNSPECIFIED.,.F.,
  .F.,(5,3,3,3,3,3,3,3,3,3,3,3,3,3,3,3,3,3,3,3,3,3,3,3,3,3,3,3,3,3,3,3,3
    ,5),(0.,7.799999447265E-02,0.174999973388,0.19199997394,
    0.220999974973,0.240999975812,0.266999976968,0.291999978135,
    0.313999979169,0.340999980362,0.369999981503,0.391999982284,
    0.41399998296,0.442999983661,0.471999984226,0.499999984709,
    0.528999985203,0.557999985772,0.583999986416,0.610999987226,
    0.639999988258,0.667999989414,0.69699999071,0.725999992043,
    0.753999993294,0.782999994468,0.811999995477,0.84099999631,
    0.856999996732,0.885999997369,0.914999997982,0.934999998469,
    0.955999999038,1.),.UNSPECIFIED.);
#1178 = CARTESIAN_POINT('',(24.958845726812,175.10052927318,42.));
#1179 = CARTESIAN_POINT('',(24.958845726812,175.05889090306,42.));
#1180 = CARTESIAN_POINT('',(24.95714518107,175.01725249846,42.));
#1181 = CARTESIAN_POINT('',(24.953744101274,174.97571840147,42.));
#1182 = CARTESIAN_POINT('',(24.942326770834,174.88299930349,42.));
#1183 = CARTESIAN_POINT('',(24.933388097421,174.83192775065,42.));
#1184 = CARTESIAN_POINT('',(24.921863779187,174.7813768506,42.));
#1185 = CARTESIAN_POINT('',(24.905344982752,174.72280560379,42.));
#1186 = CARTESIAN_POINT('',(24.902803907266,174.71409321972,42.));
#1187 = CARTESIAN_POINT('',(24.900185378883,174.70540380028,42.));
#1188 = CARTESIAN_POINT('',(24.892891237635,174.68195618003,42.));
#1189 = CARTESIAN_POINT('',(24.888068298917,174.6672438094,42.));
#1190 = CARTESIAN_POINT('',(24.883022492545,174.65260637704,42.));
#1191 = CARTESIAN_POINT('',(24.874123328581,174.62800929225,42.));
#1192 = CARTESIAN_POINT('',(24.870385881969,174.61800770322,42.));
#1193 = CARTESIAN_POINT('',(24.866543898131,174.60804580326,42.));
#1194 = CARTESIAN_POINT('',(24.857468392679,174.58522847192,42.));
#1195 = CARTESIAN_POINT('',(24.852163188204,174.57240155191,42.));
#1196 = CARTESIAN_POINT('',(24.846683839036,174.55964805025,42.));
#1197 = CARTESIAN_POINT('',(24.83559737588,174.53478249286,42.));
#1198 = CARTESIAN_POINT('',(24.830003281367,174.52266463201,42.));
#1199 = CARTESIAN_POINT('',(24.824251030137,174.5106210424,42.));
#1200 = CARTESIAN_POINT('',(24.813142318835,174.48812450689,42.));
#1201 = CARTESIAN_POINT('',(24.807821196174,174.47765411128,42.));
#1202 = CARTESIAN_POINT('',(24.80237980826,174.46724570949,42.));
#1203 = CARTESIAN_POINT('',(24.789994955227,174.44420602352,42.));
#1204 = CARTESIAN_POINT('',(24.78299117222,174.43160716262,42.));
#1205 = CARTESIAN_POINT('',(24.775809959234,174.41910858461,42.));
#1206 = CARTESIAN_POINT('',(24.760552163679,174.39340131045,42.));
#1207 = CARTESIAN_POINT('',(24.752448660298,174.38020859186,42.));
#1208 = CARTESIAN_POINT('',(24.744145745222,174.36714045537,42.));
#1209 = CARTESIAN_POINT('',(24.729198548065,174.34438552428,42.));
#1210 = CARTESIAN_POINT('',(24.722637666999,174.33464394509,42.));
#1211 = CARTESIAN_POINT('',(24.715964998914,174.32497859326,42.));
#1212 = CARTESIAN_POINT('',(24.702398789267,174.30580416128,42.));
#1213 = CARTESIAN_POINT('',(24.695505247634,174.29629508102,42.));
#1214 = CARTESIAN_POINT('',(24.688502619442,174.28686604493,42.));
#1215 = CARTESIAN_POINT('',(24.672019652811,174.26519769522,42.));
#1216 = CARTESIAN_POINT('',(24.662459895551,174.25301879459,42.));
#1217 = CARTESIAN_POINT('',(24.652716290548,174.24098647393,42.));
#1218 = CARTESIAN_POINT('',(24.632868250982,174.21722321287,42.));
#1219 = CARTESIAN_POINT('',(24.622763816107,174.20549227208,42.));
#1220 = CARTESIAN_POINT('',(24.612482399079,174.19391613113,42.));
#1221 = CARTESIAN_POINT('',(24.591933343563,174.17147505115,42.));
#1222 = CARTESIAN_POINT('',(24.581677454891,174.16059935232,42.));
#1223 = CARTESIAN_POINT('',(24.571263205554,174.14987519791,42.));
#1224 = CARTESIAN_POINT('',(24.549747330603,174.12835932295,42.));
#1225 = CARTESIAN_POINT('',(24.538634438985,174.11757886778,42.));
#1226 = CARTESIAN_POINT('',(24.527359115682,174.10696841736,42.));
#1227 = CARTESIAN_POINT('',(24.504491516067,174.08609474666,42.));
#1228 = CARTESIAN_POINT('',(24.492899239392,174.07583152606,42.));
#1229 = CARTESIAN_POINT('',(24.481152441079,174.06574553055,42.));
#1230 = CARTESIAN_POINT('',(24.458588777407,174.04695953344,42.));
#1231 = CARTESIAN_POINT('',(24.44780142072,174.03822408867,42.));
#1232 = CARTESIAN_POINT('',(24.436896132294,174.02963632154,42.));
#1233 = CARTESIAN_POINT('',(24.414431967869,174.01243630605,42.));
#1234 = CARTESIAN_POINT('',(24.402864085713,174.00383581971,42.));
#1235 = CARTESIAN_POINT('',(24.391175761161,173.99539974642,42.));
#1236 = CARTESIAN_POINT('',(24.366690845393,173.978248853,42.));
#1237 = CARTESIAN_POINT('',(24.353876293458,173.96955967317,42.));
#1238 = CARTESIAN_POINT('',(24.340931264342,173.9610660986,42.));
#1239 = CARTESIAN_POINT('',(24.315240018364,173.94476193681,42.));
#1240 = CARTESIAN_POINT('',(24.302502337963,173.93693789746,42.));
#1241 = CARTESIAN_POINT('',(24.28965130807,173.92930146342,42.));
#1242 = CARTESIAN_POINT('',(24.263268043573,173.91414266469,42.));
#1243 = CARTESIAN_POINT('',(24.249727871446,173.90663411402,42.));
#1244 = CARTESIAN_POINT('',(24.236075234959,173.89933205188,42.));
#1245 = CARTESIAN_POINT('',(24.208554553277,173.88514581204,42.));
#1246 = CARTESIAN_POINT('',(24.194686507645,173.87826163411,42.));
#1247 = CARTESIAN_POINT('',(24.180715517258,173.87158885185,42.));
#1248 = CARTESIAN_POINT('',(24.153062520909,173.85889327687,42.));
#1249 = CARTESIAN_POINT('',(24.139387161928,173.85285600487,42.));
#1250 = CARTESIAN_POINT('',(24.125624752447,173.84701989473,42.));
#1251 = CARTESIAN_POINT('',(24.097440297701,173.83555244803,42.));
#1252 = CARTESIAN_POINT('',(24.083012247676,173.82993586864,42.));
#1253 = CARTESIAN_POINT('',(24.068500567394,173.82453904305,42.));
#1254 = CARTESIAN_POINT('',(24.039320040628,173.81418847997,42.));
#1255 = CARTESIAN_POINT('',(24.024651193682,173.80923474233,42.));
#1256 = CARTESIAN_POINT('',(24.009908810256,173.80450433878,42.));
#1257 = CARTESIAN_POINT('',(23.980287217338,173.795493317,42.));
#1258 = CARTESIAN_POINT('',(23.965408007378,173.79121269861,42.));
#1259 = CARTESIAN_POINT('',(23.950465507281,173.78715853124,42.));
#1260 = CARTESIAN_POINT('',(23.927188712369,173.78122102525,42.));
#1261 = CARTESIAN_POINT('',(23.918894832609,173.77917924648,42.));
#1262 = CARTESIAN_POINT('',(23.910584138166,173.77720702442,42.));
#1263 = CARTESIAN_POINT('',(23.887165484394,173.77185634151,42.));
#1264 = CARTESIAN_POINT('',(23.872021103892,173.76863728625,42.));
#1265 = CARTESIAN_POINT('',(23.856829584866,173.76564858636,42.));
#1266 = CARTESIAN_POINT('',(23.826362808921,173.760133805,42.));
#1267 = CARTESIAN_POINT('',(23.81108755152,173.75760772343,42.));
#1268 = CARTESIAN_POINT('',(23.79577569426,173.75531390476,42.));
#1269 = CARTESIAN_POINT('',(23.769851062168,173.75183179096,42.));
#1270 = CARTESIAN_POINT('',(23.759254696118,173.75052132894,42.));
#1271 = CARTESIAN_POINT('',(23.748645187287,173.74932190965,42.));
#1272 = CARTESIAN_POINT('',(23.726872333303,173.74709110474,42.));
#1273 = CARTESIAN_POINT('',(23.715707820017,173.74607111934,42.));
#1274 = CARTESIAN_POINT('',(23.704532765739,173.74517396318,42.));
#1275 = CARTESIAN_POINT('',(23.66991696368,173.74277767178,42.));
#1276 = CARTESIAN_POINT('',(23.646447355884,173.74169540652,42.));
#1277 = CARTESIAN_POINT('',(23.622959040362,173.74115427318,42.));
#1278 = CARTESIAN_POINT('',(23.599470726812,173.74115427318,42.));
#1279 = PCURVE('',#32,#1280);
#1280 = DEFINITIONAL_REPRESENTATION('',(#1281),#1383);
#1281 = B_SPLINE_CURVE_WITH_KNOTS('',4,(#1282,#1283,#1284,#1285,#1286,
    #1287,#1288,#1289,#1290,#1291,#1292,#1293,#1294,#1295,#1296,#1297,
    #1298,#1299,#1300,#1301,#1302,#1303,#1304,#1305,#1306,#1307,#1308,
    #1309,#1310,#1311,#1312,#1313,#1314,#1315,#1316,#1317,#1318,#1319,
    #1320,#1321,#1322,#1323,#1324,#1325,#1326,#1327,#1328,#1329,#1330,
    #1331,#1332,#1333,#1334,#1335,#1336,#1337,#1338,#1339,#1340,#1341,
    #1342,#1343,#1344,#1345,#1346,#1347,#1348,#1349,#1350,#1351,#1352,
    #1353,#1354,#1355,#1356,#1357,#1358,#1359,#1360,#1361,#1362,#1363,
    #1364,#1365,#1366,#1367,#1368,#1369,#1370,#1371,#1372,#1373,#1374,
    #1375,#1376,#1377,#1378,#1379,#1380,#1381,#1382),.UNSPECIFIED.,.F.,
  .F.,(5,3,3,3,3,3,3,3,3,3,3,3,3,3,3,3,3,3,3,3,3,3,3,3,3,3,3,3,3,3,3,3,3
    ,5),(0.,7.799999447265E-02,0.174999973388,0.19199997394,
    0.220999974973,0.240999975812,0.266999976968,0.291999978135,
    0.313999979169,0.340999980362,0.369999981503,0.391999982284,
    0.41399998296,0.442999983661,0.471999984226,0.499999984709,
    0.528999985203,0.557999985772,0.583999986416,0.610999987226,
    0.639999988258,0.667999989414,0.69699999071,0.725999992043,
    0.753999993294,0.782999994468,0.811999995477,0.84099999631,
    0.856999996732,0.885999997369,0.914999997982,0.934999998469,
    0.955999999038,1.),.UNSPECIFIED.);
#1282 = CARTESIAN_POINT('',(48.958845726812,9.950529273188));
#1283 = CARTESIAN_POINT('',(48.958845726812,9.908890903065));
#1284 = CARTESIAN_POINT('',(48.95714518107,9.867252498462));
#1285 = CARTESIAN_POINT('',(48.953744101274,9.825718401476));
#1286 = CARTESIAN_POINT('',(48.942326770834,9.73299930349));
#1287 = CARTESIAN_POINT('',(48.933388097421,9.681927750658));
#1288 = CARTESIAN_POINT('',(48.921863779187,9.6313768506));
#1289 = CARTESIAN_POINT('',(48.905344982752,9.572805603792));
#1290 = CARTESIAN_POINT('',(48.902803907266,9.56409321972));
#1291 = CARTESIAN_POINT('',(48.900185378883,9.555403800287));
#1292 = CARTESIAN_POINT('',(48.892891237635,9.531956180036));
#1293 = CARTESIAN_POINT('',(48.888068298917,9.517243809406));
#1294 = CARTESIAN_POINT('',(48.883022492545,9.502606377048));
#1295 = CARTESIAN_POINT('',(48.874123328581,9.478009292253));
#1296 = CARTESIAN_POINT('',(48.870385881969,9.46800770322));
#1297 = CARTESIAN_POINT('',(48.866543898131,9.458045803266));
#1298 = CARTESIAN_POINT('',(48.857468392679,9.43522847192));
#1299 = CARTESIAN_POINT('',(48.852163188204,9.42240155191));
#1300 = CARTESIAN_POINT('',(48.846683839036,9.409648050259));
#1301 = CARTESIAN_POINT('',(48.83559737588,9.384782492862));
#1302 = CARTESIAN_POINT('',(48.830003281367,9.372664632019));
#1303 = CARTESIAN_POINT('',(48.824251030137,9.360621042409));
#1304 = CARTESIAN_POINT('',(48.813142318835,9.33812450689));
#1305 = CARTESIAN_POINT('',(48.807821196174,9.327654111289));
#1306 = CARTESIAN_POINT('',(48.80237980826,9.317245709494));
#1307 = CARTESIAN_POINT('',(48.789994955227,9.294206023522));
#1308 = CARTESIAN_POINT('',(48.78299117222,9.281607162621));
#1309 = CARTESIAN_POINT('',(48.775809959234,9.269108584614));
#1310 = CARTESIAN_POINT('',(48.760552163679,9.24340131045));
#1311 = CARTESIAN_POINT('',(48.752448660298,9.230208591865));
#1312 = CARTESIAN_POINT('',(48.744145745222,9.21714045537));
#1313 = CARTESIAN_POINT('',(48.729198548065,9.194385524287));
#1314 = CARTESIAN_POINT('',(48.722637666999,9.184643945092));
#1315 = CARTESIAN_POINT('',(48.715964998914,9.174978593263));
#1316 = CARTESIAN_POINT('',(48.702398789267,9.155804161281));
#1317 = CARTESIAN_POINT('',(48.695505247634,9.146295081027));
#1318 = CARTESIAN_POINT('',(48.688502619442,9.136866044932));
#1319 = CARTESIAN_POINT('',(48.672019652811,9.115197695226));
#1320 = CARTESIAN_POINT('',(48.662459895551,9.103018794597));
#1321 = CARTESIAN_POINT('',(48.652716290548,9.090986473938));
#1322 = CARTESIAN_POINT('',(48.632868250982,9.067223212873));
#1323 = CARTESIAN_POINT('',(48.622763816107,9.055492272089));
#1324 = CARTESIAN_POINT('',(48.612482399079,9.043916131135));
#1325 = CARTESIAN_POINT('',(48.591933343563,9.02147505115));
#1326 = CARTESIAN_POINT('',(48.581677454891,9.010599352328));
#1327 = CARTESIAN_POINT('',(48.571263205554,8.99987519791));
#1328 = CARTESIAN_POINT('',(48.549747330603,8.978359322958));
#1329 = CARTESIAN_POINT('',(48.538634438985,8.967578867788));
#1330 = CARTESIAN_POINT('',(48.527359115682,8.95696841736));
#1331 = CARTESIAN_POINT('',(48.504491516067,8.936094746663));
#1332 = CARTESIAN_POINT('',(48.492899239392,8.925831526064));
#1333 = CARTESIAN_POINT('',(48.481152441079,8.915745530559));
#1334 = CARTESIAN_POINT('',(48.458588777407,8.896959533444));
#1335 = CARTESIAN_POINT('',(48.44780142072,8.888224088678));
#1336 = CARTESIAN_POINT('',(48.436896132294,8.879636321549));
#1337 = CARTESIAN_POINT('',(48.414431967869,8.862436306059));
#1338 = CARTESIAN_POINT('',(48.402864085713,8.853835819716));
#1339 = CARTESIAN_POINT('',(48.391175761161,8.845399746428));
#1340 = CARTESIAN_POINT('',(48.366690845393,8.828248853005));
#1341 = CARTESIAN_POINT('',(48.353876293458,8.819559673177));
#1342 = CARTESIAN_POINT('',(48.340931264342,8.8110660986));
#1343 = CARTESIAN_POINT('',(48.315240018364,8.794761936818));
#1344 = CARTESIAN_POINT('',(48.302502337963,8.786937897467));
#1345 = CARTESIAN_POINT('',(48.28965130807,8.779301463427));
#1346 = CARTESIAN_POINT('',(48.263268043573,8.764142664695));
#1347 = CARTESIAN_POINT('',(48.249727871446,8.756634114029));
#1348 = CARTESIAN_POINT('',(48.236075234959,8.749332051886));
#1349 = CARTESIAN_POINT('',(48.208554553277,8.73514581204));
#1350 = CARTESIAN_POINT('',(48.194686507645,8.728261634112));
#1351 = CARTESIAN_POINT('',(48.180715517258,8.721588851858));
#1352 = CARTESIAN_POINT('',(48.153062520909,8.708893276875));
#1353 = CARTESIAN_POINT('',(48.139387161928,8.702856004874));
#1354 = CARTESIAN_POINT('',(48.125624752447,8.697019894739));
#1355 = CARTESIAN_POINT('',(48.097440297701,8.685552448033));
#1356 = CARTESIAN_POINT('',(48.083012247676,8.679935868643));
#1357 = CARTESIAN_POINT('',(48.068500567394,8.67453904305));
#1358 = CARTESIAN_POINT('',(48.039320040628,8.664188479979));
#1359 = CARTESIAN_POINT('',(48.024651193682,8.659234742336));
#1360 = CARTESIAN_POINT('',(48.009908810256,8.654504338789));
#1361 = CARTESIAN_POINT('',(47.980287217338,8.645493317003));
#1362 = CARTESIAN_POINT('',(47.965408007378,8.641212698619));
#1363 = CARTESIAN_POINT('',(47.950465507281,8.637158531245));
#1364 = CARTESIAN_POINT('',(47.927188712369,8.631221025256));
#1365 = CARTESIAN_POINT('',(47.918894832609,8.629179246482));
#1366 = CARTESIAN_POINT('',(47.910584138166,8.627207024428));
#1367 = CARTESIAN_POINT('',(47.887165484394,8.62185634151));
#1368 = CARTESIAN_POINT('',(47.872021103892,8.618637286251));
#1369 = CARTESIAN_POINT('',(47.856829584866,8.615648586368));
#1370 = CARTESIAN_POINT('',(47.826362808921,8.610133805001));
#1371 = CARTESIAN_POINT('',(47.81108755152,8.60760772343));
#1372 = CARTESIAN_POINT('',(47.79577569426,8.605313904764));
#1373 = CARTESIAN_POINT('',(47.769851062168,8.601831790961));
#1374 = CARTESIAN_POINT('',(47.759254696118,8.600521328942));
#1375 = CARTESIAN_POINT('',(47.748645187287,8.599321909658));
#1376 = CARTESIAN_POINT('',(47.726872333303,8.597091104747));
#1377 = CARTESIAN_POINT('',(47.715707820017,8.596071119344));
#1378 = CARTESIAN_POINT('',(47.704532765739,8.595173963185));
#1379 = CARTESIAN_POINT('',(47.66991696368,8.592777671786));
#1380 = CARTESIAN_POINT('',(47.646447355884,8.591695406526));
#1381 = CARTESIAN_POINT('',(47.622959040362,8.591154273188));
#1382 = CARTESIAN_POINT('',(47.599470726812,8.591154273188));
#1383 = ( GEOMETRIC_REPRESENTATION_CONTEXT(2) 
PARAMETRIC_REPRESENTATION_CONTEXT() REPRESENTATION_CONTEXT('2D SPACE',''
  ) );
#1384 = PCURVE('',#1385,#1404);
#1385 = B_SPLINE_SURFACE_WITH_KNOTS('',8,1,(
    (#1386,#1387)
    ,(#1388,#1389)
    ,(#1390,#1391)
    ,(#1392,#1393)
    ,(#1394,#1395)
    ,(#1396,#1397)
    ,(#1398,#1399)
    ,(#1400,#1401)
    ,(#1402,#1403
    )),.UNSPECIFIED.,.F.,.F.,.F.,(9,9),(2,2),(4.712388980385,
    6.28318530718),(0.,1.),.PIECEWISE_BEZIER_KNOTS.);
#1386 = CARTESIAN_POINT('',(22.8,175.3,39.3));
#1387 = CARTESIAN_POINT('',(23.747520861407,173.45247913859,42.5));
#1388 = CARTESIAN_POINT('',(22.91780972451,175.3,39.3));
#1389 = CARTESIAN_POINT('',(24.042045172681,173.45247913859,
    42.499999999999));
#1390 = CARTESIAN_POINT('',(23.035618960531,175.32643699894,
    39.299999999999));
#1391 = CARTESIAN_POINT('',(24.336569576664,173.51857032204,
    42.500000000003));
#1392 = CARTESIAN_POINT('',(23.14650962243,175.37930747865,39.3));
#1393 = CARTESIAN_POINT('',(24.613790712908,173.65075203977,
    42.499999999996));
#1394 = CARTESIAN_POINT('',(23.243552898908,175.45644710109,39.3));
#1395 = CARTESIAN_POINT('',(24.856408995078,173.84359100493,
    42.500000000005));
#1396 = CARTESIAN_POINT('',(23.320692521351,175.55349037756,39.3));
#1397 = CARTESIAN_POINT('',(25.049247960213,174.08620928708,
    42.499999999996));
#1398 = CARTESIAN_POINT('',(23.373563001052,175.66438103947,39.3));
#1399 = CARTESIAN_POINT('',(25.181429677966,174.36343042334,
    42.500000000002));
#1400 = CARTESIAN_POINT('',(23.4,175.78219027549,39.3));
#1401 = CARTESIAN_POINT('',(25.247520861407,174.65795482731,
    42.499999999999));
#1402 = CARTESIAN_POINT('',(23.4,175.9,39.3));
#1403 = CARTESIAN_POINT('',(25.247520861407,174.95247913859,42.5));
#1404 = DEFINITIONAL_REPRESENTATION('',(#1405),#1507);
#1405 = B_SPLINE_CURVE_WITH_KNOTS('',4,(#1406,#1407,#1408,#1409,#1410,
    #1411,#1412,#1413,#1414,#1415,#1416,#1417,#1418,#1419,#1420,#1421,
    #1422,#1423,#1424,#1425,#1426,#1427,#1428,#1429,#1430,#1431,#1432,
    #1433,#1434,#1435,#1436,#1437,#1438,#1439,#1440,#1441,#1442,#1443,
    #1444,#1445,#1446,#1447,#1448,#1449,#1450,#1451,#1452,#1453,#1454,
    #1455,#1456,#1457,#1458,#1459,#1460,#1461,#1462,#1463,#1464,#1465,
    #1466,#1467,#1468,#1469,#1470,#1471,#1472,#1473,#1474,#1475,#1476,
    #1477,#1478,#1479,#1480,#1481,#1482,#1483,#1484,#1485,#1486,#1487,
    #1488,#1489,#1490,#1491,#1492,#1493,#1494,#1495,#1496,#1497,#1498,
    #1499,#1500,#1501,#1502,#1503,#1504,#1505,#1506),.UNSPECIFIED.,.F.,
  .F.,(5,3,3,3,3,3,3,3,3,3,3,3,3,3,3,3,3,3,3,3,3,3,3,3,3,3,3,3,3,3,3,3,3
    ,5),(0.,7.799999447265E-02,0.174999973388,0.19199997394,
    0.220999974973,0.240999975812,0.266999976968,0.291999978135,
    0.313999979169,0.340999980362,0.369999981503,0.391999982284,
    0.41399998296,0.442999983661,0.471999984226,0.499999984709,
    0.528999985203,0.557999985772,0.583999986416,0.610999987226,
    0.639999988258,0.667999989414,0.69699999071,0.725999992043,
    0.753999993294,0.782999994468,0.811999995477,0.84099999631,
    0.856999996732,0.885999997369,0.914999997982,0.934999998469,
    0.955999999038,1.),.UNSPECIFIED.);
#1406 = CARTESIAN_POINT('',(6.28318530718,0.84375));
#1407 = CARTESIAN_POINT('',(6.252554782032,0.84375));
#1408 = CARTESIAN_POINT('',(6.221924250671,0.84375));
#1409 = CARTESIAN_POINT('',(6.191293719131,0.84375));
#1410 = CARTESIAN_POINT('',(6.122571391991,0.84375));
#1411 = CARTESIAN_POINT('',(6.084479571638,0.84375));
#1412 = CARTESIAN_POINT('',(6.046387751458,0.84375));
#1413 = CARTESIAN_POINT('',(6.001620065591,0.84375));
#1414 = CARTESIAN_POINT('',(5.994944181197,0.84375));
#1415 = CARTESIAN_POINT('',(5.98826829681,0.84375));
#1416 = CARTESIAN_POINT('',(5.970204139053,0.84375));
#1417 = CARTESIAN_POINT('',(5.95881586565,0.84375));
#1418 = CARTESIAN_POINT('',(5.947427592271,0.84375));
#1419 = CARTESIAN_POINT('',(5.928185337313,0.84375));
#1420 = CARTESIAN_POINT('',(5.920331355672,0.84375));
#1421 = CARTESIAN_POINT('',(5.912477374039,0.84375));
#1422 = CARTESIAN_POINT('',(5.894413216293,0.84375));
#1423 = CARTESIAN_POINT('',(5.884203040153,0.84375));
#1424 = CARTESIAN_POINT('',(5.873992864023,0.84375));
#1425 = CARTESIAN_POINT('',(5.853965210887,0.84375));
#1426 = CARTESIAN_POINT('',(5.844147733835,0.84375));
#1427 = CARTESIAN_POINT('',(5.834330256785,0.84375));
#1428 = CARTESIAN_POINT('',(5.815873399967,0.84375));
#1429 = CARTESIAN_POINT('',(5.807234020166,0.84375));
#1430 = CARTESIAN_POINT('',(5.798594640363,0.84375));
#1431 = CARTESIAN_POINT('',(5.779352385391,0.84375));
#1432 = CARTESIAN_POINT('',(5.768749510177,0.84375));
#1433 = CARTESIAN_POINT('',(5.758146634952,0.84375));
#1434 = CARTESIAN_POINT('',(5.736155486424,0.84375));
#1435 = CARTESIAN_POINT('',(5.724767213045,0.84375));
#1436 = CARTESIAN_POINT('',(5.713378939644,0.84375));
#1437 = CARTESIAN_POINT('',(5.693351286494,0.84375));
#1438 = CARTESIAN_POINT('',(5.684711906698,0.84375));
#1439 = CARTESIAN_POINT('',(5.676072526889,0.84375));
#1440 = CARTESIAN_POINT('',(5.658793767305,0.84375));
#1441 = CARTESIAN_POINT('',(5.650154387509,0.84375));
#1442 = CARTESIAN_POINT('',(5.641515007699,0.84375));
#1443 = CARTESIAN_POINT('',(5.621487354572,0.84375));
#1444 = CARTESIAN_POINT('',(5.61009908119,0.84375));
#1445 = CARTESIAN_POINT('',(5.598710807787,0.84375));
#1446 = CARTESIAN_POINT('',(5.575934261086,0.84375));
#1447 = CARTESIAN_POINT('',(5.564545987699,0.84375));
#1448 = CARTESIAN_POINT('',(5.553157714299,0.84375));
#1449 = CARTESIAN_POINT('',(5.530773866673,0.84375));
#1450 = CARTESIAN_POINT('',(5.519778292367,0.84375));
#1451 = CARTESIAN_POINT('',(5.508782718056,0.84375));
#1452 = CARTESIAN_POINT('',(5.48639887043,0.84375));
#1453 = CARTESIAN_POINT('',(5.475010597033,0.84375));
#1454 = CARTESIAN_POINT('',(5.463622323642,0.84375));
#1455 = CARTESIAN_POINT('',(5.440845776938,0.84375));
#1456 = CARTESIAN_POINT('',(5.429457503538,0.84375));
#1457 = CARTESIAN_POINT('',(5.418069230152,0.84375));
#1458 = CARTESIAN_POINT('',(5.396470780693,0.84375));
#1459 = CARTESIAN_POINT('',(5.386260604546,0.84375));
#1460 = CARTESIAN_POINT('',(5.376050428417,0.84375));
#1461 = CARTESIAN_POINT('',(5.35523737711,0.84375));
#1462 = CARTESIAN_POINT('',(5.344634501878,0.84375));
#1463 = CARTESIAN_POINT('',(5.334031626667,0.84375));
#1464 = CARTESIAN_POINT('',(5.312040478125,0.84375));
#1465 = CARTESIAN_POINT('',(5.300652204723,0.84375));
#1466 = CARTESIAN_POINT('',(5.289263931344,0.84375));
#1467 = CARTESIAN_POINT('',(5.266880083735,0.84375));
#1468 = CARTESIAN_POINT('',(5.255884509422,0.84375));
#1469 = CARTESIAN_POINT('',(5.244888935126,0.84375));
#1470 = CARTESIAN_POINT('',(5.222505087516,0.84375));
#1471 = CARTESIAN_POINT('',(5.211116814122,0.84375));
#1472 = CARTESIAN_POINT('',(5.199728540738,0.84375));
#1473 = CARTESIAN_POINT('',(5.176951994055,0.84375));
#1474 = CARTESIAN_POINT('',(5.165563720666,0.84375));
#1475 = CARTESIAN_POINT('',(5.154175447277,0.84375));
#1476 = CARTESIAN_POINT('',(5.131791599671,0.84375));
#1477 = CARTESIAN_POINT('',(5.120796025372,0.84375));
#1478 = CARTESIAN_POINT('',(5.109800451063,0.84375));
#1479 = CARTESIAN_POINT('',(5.087416603456,0.84375));
#1480 = CARTESIAN_POINT('',(5.076028330076,0.84375));
#1481 = CARTESIAN_POINT('',(5.064640056677,0.84375));
#1482 = CARTESIAN_POINT('',(5.041863509987,0.84375));
#1483 = CARTESIAN_POINT('',(5.030475236608,0.84375));
#1484 = CARTESIAN_POINT('',(5.019086963205,0.84375));
#1485 = CARTESIAN_POINT('',(4.996310416509,0.84375));
#1486 = CARTESIAN_POINT('',(4.984922143128,0.84375));
#1487 = CARTESIAN_POINT('',(4.973533869724,0.84375));
#1488 = CARTESIAN_POINT('',(4.955862411047,0.84375));
#1489 = CARTESIAN_POINT('',(4.949579225741,0.84375));
#1490 = CARTESIAN_POINT('',(4.94329604043,0.84375));
#1491 = CARTESIAN_POINT('',(4.925624581786,0.84375));
#1492 = CARTESIAN_POINT('',(4.914236308396,0.84375));
#1493 = CARTESIAN_POINT('',(4.902848034997,0.84375));
#1494 = CARTESIAN_POINT('',(4.880071488291,0.84375));
#1495 = CARTESIAN_POINT('',(4.868683214895,0.84375));
#1496 = CARTESIAN_POINT('',(4.857294941502,0.84375));
#1497 = CARTESIAN_POINT('',(4.838052686524,0.84375));
#1498 = CARTESIAN_POINT('',(4.830198704882,0.84375));
#1499 = CARTESIAN_POINT('',(4.822344723247,0.84375));
#1500 = CARTESIAN_POINT('',(4.806244060902,0.84375));
#1501 = CARTESIAN_POINT('',(4.797997380177,0.84375));
#1502 = CARTESIAN_POINT('',(4.789750699461,0.84375));
#1503 = CARTESIAN_POINT('',(4.764225259297,0.84375));
#1504 = CARTESIAN_POINT('',(4.746946499518,0.84375));
#1505 = CARTESIAN_POINT('',(4.729667739778,0.84375));
#1506 = CARTESIAN_POINT('',(4.712388980385,0.84375));
#1507 = ( GEOMETRIC_REPRESENTATION_CONTEXT(2) 
PARAMETRIC_REPRESENTATION_CONTEXT() REPRESENTATION_CONTEXT('2D SPACE',''
  ) );
#1508 = ORIENTED_EDGE('',*,*,#1509,.T.);
#1509 = EDGE_CURVE('',#1174,#143,#1510,.T.);
#1510 = SURFACE_CURVE('',#1511,(#1514,#1520),.PCURVE_S1.);
#1511 = B_SPLINE_CURVE_WITH_KNOTS('',1,(#1512,#1513),.UNSPECIFIED.,.F.,
  .F.,(2,2),(0.,1.),.PIECEWISE_BEZIER_KNOTS.);
#1512 = CARTESIAN_POINT('',(23.599470726812,173.74115427318,42.));
#1513 = CARTESIAN_POINT('',(16.400529273188,173.74115427318,42.));
#1514 = PCURVE('',#32,#1515);
#1515 = DEFINITIONAL_REPRESENTATION('',(#1516),#1519);
#1516 = B_SPLINE_CURVE_WITH_KNOTS('',1,(#1517,#1518),.UNSPECIFIED.,.F.,
  .F.,(2,2),(0.,1.),.PIECEWISE_BEZIER_KNOTS.);
#1517 = CARTESIAN_POINT('',(47.599470726812,8.591154273188));
#1518 = CARTESIAN_POINT('',(40.400529273188,8.591154273188));
#1519 = ( GEOMETRIC_REPRESENTATION_CONTEXT(2) 
PARAMETRIC_REPRESENTATION_CONTEXT() REPRESENTATION_CONTEXT('2D SPACE',''
  ) );
#1520 = PCURVE('',#1521,#1526);
#1521 = B_SPLINE_SURFACE_WITH_KNOTS('',1,1,(
    (#1522,#1523)
    ,(#1524,#1525
    )),.UNSPECIFIED.,.F.,.F.,.F.,(2,2),(2,2),(-3.747520861407,
    3.747520861407),(0.,1.),.PIECEWISE_BEZIER_KNOTS.);
#1522 = CARTESIAN_POINT('',(17.2,175.3,39.3));
#1523 = CARTESIAN_POINT('',(16.252479138593,173.45247913859,42.5));
#1524 = CARTESIAN_POINT('',(22.8,175.3,39.3));
#1525 = CARTESIAN_POINT('',(23.747520861407,173.45247913859,42.5));
#1526 = DEFINITIONAL_REPRESENTATION('',(#1527),#1530);
#1527 = B_SPLINE_CURVE_WITH_KNOTS('',1,(#1528,#1529),.UNSPECIFIED.,.F.,
  .F.,(2,2),(0.,1.),.PIECEWISE_BEZIER_KNOTS.);
#1528 = CARTESIAN_POINT('',(3.747520861407,0.84375));
#1529 = CARTESIAN_POINT('',(-3.747520861407,0.84375));
#1530 = ( GEOMETRIC_REPRESENTATION_CONTEXT(2) 
PARAMETRIC_REPRESENTATION_CONTEXT() REPRESENTATION_CONTEXT('2D SPACE',''
  ) );
#1531 = FACE_BOUND('',#1532,.T.);
#1532 = EDGE_LOOP('',(#1533));
#1533 = ORIENTED_EDGE('',*,*,#1534,.F.);
#1534 = EDGE_CURVE('',#1535,#1535,#1537,.T.);
#1535 = VERTEX_POINT('',#1536);
#1536 = CARTESIAN_POINT('',(-13.8,177.,42.));
#1537 = SURFACE_CURVE('',#1538,(#1543,#1550),.PCURVE_S1.);
#1538 = CIRCLE('',#1539,6.2);
#1539 = AXIS2_PLACEMENT_3D('',#1540,#1541,#1542);
#1540 = CARTESIAN_POINT('',(-20.,177.,42.));
#1541 = DIRECTION('',(0.,0.,1.));
#1542 = DIRECTION('',(1.,0.,-0.));
#1543 = PCURVE('',#32,#1544);
#1544 = DEFINITIONAL_REPRESENTATION('',(#1545),#1549);
#1545 = CIRCLE('',#1546,6.2);
#1546 = AXIS2_PLACEMENT_2D('',#1547,#1548);
#1547 = CARTESIAN_POINT('',(4.,11.85));
#1548 = DIRECTION('',(1.,0.));
#1549 = ( GEOMETRIC_REPRESENTATION_CONTEXT(2) 
PARAMETRIC_REPRESENTATION_CONTEXT() REPRESENTATION_CONTEXT('2D SPACE',''
  ) );
#1550 = PCURVE('',#1551,#1556);
#1551 = CYLINDRICAL_SURFACE('',#1552,6.2);
#1552 = AXIS2_PLACEMENT_3D('',#1553,#1554,#1555);
#1553 = CARTESIAN_POINT('',(-20.,177.,41.999));
#1554 = DIRECTION('',(0.,0.,1.));
#1555 = DIRECTION('',(1.,0.,-0.));
#1556 = DEFINITIONAL_REPRESENTATION('',(#1557),#1561);
#1557 = LINE('',#1558,#1559);
#1558 = CARTESIAN_POINT('',(0.,9.999999999977E-04));
#1559 = VECTOR('',#1560,1.);
#1560 = DIRECTION('',(1.,0.));
#1561 = ( GEOMETRIC_REPRESENTATION_CONTEXT(2) 
PARAMETRIC_REPRESENTATION_CONTEXT() REPRESENTATION_CONTEXT('2D SPACE',''
  ) );
#1562 = ADVANCED_FACE('',(#1563),#44,.F.);
#1563 = FACE_BOUND('',#1564,.F.);
#1564 = EDGE_LOOP('',(#1565,#1595,#1616,#1617));
#1565 = ORIENTED_EDGE('',*,*,#1566,.F.);
#1566 = EDGE_CURVE('',#1567,#1569,#1571,.T.);
#1567 = VERTEX_POINT('',#1568);
#1568 = CARTESIAN_POINT('',(-24.,165.15,40.8));
#1569 = VERTEX_POINT('',#1570);
#1570 = CARTESIAN_POINT('',(24.,165.15,40.8));
#1571 = SURFACE_CURVE('',#1572,(#1576,#1583),.PCURVE_S1.);
#1572 = LINE('',#1573,#1574);
#1573 = CARTESIAN_POINT('',(-24.,165.15,40.8));
#1574 = VECTOR('',#1575,1.);
#1575 = DIRECTION('',(1.,0.,-0.));
#1576 = PCURVE('',#44,#1577);
#1577 = DEFINITIONAL_REPRESENTATION('',(#1578),#1582);
#1578 = LINE('',#1579,#1580);
#1579 = CARTESIAN_POINT('',(0.,0.));
#1580 = VECTOR('',#1581,1.);
#1581 = DIRECTION('',(0.,1.));
#1582 = ( GEOMETRIC_REPRESENTATION_CONTEXT(2) 
PARAMETRIC_REPRESENTATION_CONTEXT() REPRESENTATION_CONTEXT('2D SPACE',''
  ) );
#1583 = PCURVE('',#1584,#1589);
#1584 = PLANE('',#1585);
#1585 = AXIS2_PLACEMENT_3D('',#1586,#1587,#1588);
#1586 = CARTESIAN_POINT('',(-24.,165.15,40.8));
#1587 = DIRECTION('',(0.,0.,1.));
#1588 = DIRECTION('',(1.,0.,-0.));
#1589 = DEFINITIONAL_REPRESENTATION('',(#1590),#1594);
#1590 = LINE('',#1591,#1592);
#1591 = CARTESIAN_POINT('',(0.,0.));
#1592 = VECTOR('',#1593,1.);
#1593 = DIRECTION('',(1.,0.));
#1594 = ( GEOMETRIC_REPRESENTATION_CONTEXT(2) 
PARAMETRIC_REPRESENTATION_CONTEXT() REPRESENTATION_CONTEXT('2D SPACE',''
  ) );
#1595 = ORIENTED_EDGE('',*,*,#1596,.T.);
#1596 = EDGE_CURVE('',#1567,#22,#1597,.T.);
#1597 = SURFACE_CURVE('',#1598,(#1602,#1609),.PCURVE_S1.);
#1598 = LINE('',#1599,#1600);
#1599 = CARTESIAN_POINT('',(-24.,165.15,40.8));
#1600 = VECTOR('',#1601,1.);
#1601 = DIRECTION('',(0.,0.,1.));
#1602 = PCURVE('',#44,#1603);
#1603 = DEFINITIONAL_REPRESENTATION('',(#1604),#1608);
#1604 = LINE('',#1605,#1606);
#1605 = CARTESIAN_POINT('',(0.,0.));
#1606 = VECTOR('',#1607,1.);
#1607 = DIRECTION('',(1.,0.));
#1608 = ( GEOMETRIC_REPRESENTATION_CONTEXT(2) 
PARAMETRIC_REPRESENTATION_CONTEXT() REPRESENTATION_CONTEXT('2D SPACE',''
  ) );
#1609 = PCURVE('',#128,#1610);
#1610 = DEFINITIONAL_REPRESENTATION('',(#1611),#1615);
#1611 = LINE('',#1612,#1613);
#1612 = CARTESIAN_POINT('',(4.712388980385,0.));
#1613 = VECTOR('',#1614,1.);
#1614 = DIRECTION('',(0.,1.));
#1615 = ( GEOMETRIC_REPRESENTATION_CONTEXT(2) 
PARAMETRIC_REPRESENTATION_CONTEXT() REPRESENTATION_CONTEXT('2D SPACE',''
  ) );
#1616 = ORIENTED_EDGE('',*,*,#21,.T.);
#1617 = ORIENTED_EDGE('',*,*,#1618,.F.);
#1618 = EDGE_CURVE('',#1569,#24,#1619,.T.);
#1619 = SURFACE_CURVE('',#1620,(#1624,#1631),.PCURVE_S1.);
#1620 = LINE('',#1621,#1622);
#1621 = CARTESIAN_POINT('',(24.,165.15,40.8));
#1622 = VECTOR('',#1623,1.);
#1623 = DIRECTION('',(0.,0.,1.));
#1624 = PCURVE('',#44,#1625);
#1625 = DEFINITIONAL_REPRESENTATION('',(#1626),#1630);
#1626 = LINE('',#1627,#1628);
#1627 = CARTESIAN_POINT('',(0.,48.));
#1628 = VECTOR('',#1629,1.);
#1629 = DIRECTION('',(1.,0.));
#1630 = ( GEOMETRIC_REPRESENTATION_CONTEXT(2) 
PARAMETRIC_REPRESENTATION_CONTEXT() REPRESENTATION_CONTEXT('2D SPACE',''
  ) );
#1631 = PCURVE('',#73,#1632);
#1632 = DEFINITIONAL_REPRESENTATION('',(#1633),#1636);
#1633 = B_SPLINE_CURVE_WITH_KNOTS('',1,(#1634,#1635),.UNSPECIFIED.,.F.,
  .F.,(2,2),(0.,1.2),.PIECEWISE_BEZIER_KNOTS.);
#1634 = CARTESIAN_POINT('',(4.712388980385,0.));
#1635 = CARTESIAN_POINT('',(4.712388980385,1.2));
#1636 = ( GEOMETRIC_REPRESENTATION_CONTEXT(2) 
PARAMETRIC_REPRESENTATION_CONTEXT() REPRESENTATION_CONTEXT('2D SPACE',''
  ) );
#1637 = ADVANCED_FACE('',(#1638),#73,.T.);
#1638 = FACE_BOUND('',#1639,.T.);
#1639 = EDGE_LOOP('',(#1640,#1668,#1688,#1689));
#1640 = ORIENTED_EDGE('',*,*,#1641,.F.);
#1641 = EDGE_CURVE('',#1642,#1569,#1644,.T.);
#1642 = VERTEX_POINT('',#1643);
#1643 = CARTESIAN_POINT('',(24.,188.85,40.8));
#1644 = SURFACE_CURVE('',#1645,(#1650,#1657),.PCURVE_S1.);
#1645 = CIRCLE('',#1646,11.85);
#1646 = AXIS2_PLACEMENT_3D('',#1647,#1648,#1649);
#1647 = CARTESIAN_POINT('',(24.,177.,40.8));
#1648 = DIRECTION('',(0.,0.,-1.));
#1649 = DIRECTION('',(0.,1.,0.));
#1650 = PCURVE('',#73,#1651);
#1651 = DEFINITIONAL_REPRESENTATION('',(#1652),#1656);
#1652 = LINE('',#1653,#1654);
#1653 = CARTESIAN_POINT('',(7.853981633974,0.));
#1654 = VECTOR('',#1655,1.);
#1655 = DIRECTION('',(-1.,-0.));
#1656 = ( GEOMETRIC_REPRESENTATION_CONTEXT(2) 
PARAMETRIC_REPRESENTATION_CONTEXT() REPRESENTATION_CONTEXT('2D SPACE',''
  ) );
#1657 = PCURVE('',#1584,#1658);
#1658 = DEFINITIONAL_REPRESENTATION('',(#1659),#1667);
#1659 = ( BOUNDED_CURVE() B_SPLINE_CURVE(2,(#1660,#1661,#1662,#1663,
#1664,#1665,#1666),.UNSPECIFIED.,.T.,.F.) B_SPLINE_CURVE_WITH_KNOTS((1,2
    ,2,2,2,1),(-2.094395102393,0.,2.094395102393,4.188790204786,
6.28318530718,8.377580409573),.UNSPECIFIED.) CURVE() 
GEOMETRIC_REPRESENTATION_ITEM() RATIONAL_B_SPLINE_CURVE((1.,0.5,1.,0.5,
1.,0.5,1.)) REPRESENTATION_ITEM('') );
#1660 = CARTESIAN_POINT('',(48.,23.7));
#1661 = CARTESIAN_POINT('',(68.524802069691,23.7));
#1662 = CARTESIAN_POINT('',(58.262401034846,5.925));
#1663 = CARTESIAN_POINT('',(48.,-11.85));
#1664 = CARTESIAN_POINT('',(37.737598965154,5.925));
#1665 = CARTESIAN_POINT('',(27.475197930309,23.7));
#1666 = CARTESIAN_POINT('',(48.,23.7));
#1667 = ( GEOMETRIC_REPRESENTATION_CONTEXT(2) 
PARAMETRIC_REPRESENTATION_CONTEXT() REPRESENTATION_CONTEXT('2D SPACE',''
  ) );
#1668 = ORIENTED_EDGE('',*,*,#1669,.T.);
#1669 = EDGE_CURVE('',#1642,#57,#1670,.T.);
#1670 = SURFACE_CURVE('',#1671,(#1675,#1681),.PCURVE_S1.);
#1671 = LINE('',#1672,#1673);
#1672 = CARTESIAN_POINT('',(24.,188.85,40.8));
#1673 = VECTOR('',#1674,1.);
#1674 = DIRECTION('',(0.,0.,1.));
#1675 = PCURVE('',#73,#1676);
#1676 = DEFINITIONAL_REPRESENTATION('',(#1677),#1680);
#1677 = B_SPLINE_CURVE_WITH_KNOTS('',1,(#1678,#1679),.UNSPECIFIED.,.F.,
  .F.,(2,2),(0.,1.2),.PIECEWISE_BEZIER_KNOTS.);
#1678 = CARTESIAN_POINT('',(7.853981633974,0.));
#1679 = CARTESIAN_POINT('',(7.853981633974,1.2));
#1680 = ( GEOMETRIC_REPRESENTATION_CONTEXT(2) 
PARAMETRIC_REPRESENTATION_CONTEXT() REPRESENTATION_CONTEXT('2D SPACE',''
  ) );
#1681 = PCURVE('',#101,#1682);
#1682 = DEFINITIONAL_REPRESENTATION('',(#1683),#1687);
#1683 = LINE('',#1684,#1685);
#1684 = CARTESIAN_POINT('',(0.,48.));
#1685 = VECTOR('',#1686,1.);
#1686 = DIRECTION('',(1.,0.));
#1687 = ( GEOMETRIC_REPRESENTATION_CONTEXT(2) 
PARAMETRIC_REPRESENTATION_CONTEXT() REPRESENTATION_CONTEXT('2D SPACE',''
  ) );
#1688 = ORIENTED_EDGE('',*,*,#56,.F.);
#1689 = ORIENTED_EDGE('',*,*,#1618,.F.);
#1690 = ADVANCED_FACE('',(#1691),#128,.T.);
#1691 = FACE_BOUND('',#1692,.T.);
#1692 = EDGE_LOOP('',(#1693,#1694,#1717,#1739));
#1693 = ORIENTED_EDGE('',*,*,#113,.F.);
#1694 = ORIENTED_EDGE('',*,*,#1695,.F.);
#1695 = EDGE_CURVE('',#1696,#86,#1698,.T.);
#1696 = VERTEX_POINT('',#1697);
#1697 = CARTESIAN_POINT('',(-24.,188.85,40.8));
#1698 = SURFACE_CURVE('',#1699,(#1703,#1710),.PCURVE_S1.);
#1699 = LINE('',#1700,#1701);
#1700 = CARTESIAN_POINT('',(-24.,188.85,40.8));
#1701 = VECTOR('',#1702,1.);
#1702 = DIRECTION('',(0.,0.,1.));
#1703 = PCURVE('',#128,#1704);
#1704 = DEFINITIONAL_REPRESENTATION('',(#1705),#1709);
#1705 = LINE('',#1706,#1707);
#1706 = CARTESIAN_POINT('',(1.570796326795,0.));
#1707 = VECTOR('',#1708,1.);
#1708 = DIRECTION('',(0.,1.));
#1709 = ( GEOMETRIC_REPRESENTATION_CONTEXT(2) 
PARAMETRIC_REPRESENTATION_CONTEXT() REPRESENTATION_CONTEXT('2D SPACE',''
  ) );
#1710 = PCURVE('',#101,#1711);
#1711 = DEFINITIONAL_REPRESENTATION('',(#1712),#1716);
#1712 = LINE('',#1713,#1714);
#1713 = CARTESIAN_POINT('',(0.,0.));
#1714 = VECTOR('',#1715,1.);
#1715 = DIRECTION('',(1.,0.));
#1716 = ( GEOMETRIC_REPRESENTATION_CONTEXT(2) 
PARAMETRIC_REPRESENTATION_CONTEXT() REPRESENTATION_CONTEXT('2D SPACE',''
  ) );
#1717 = ORIENTED_EDGE('',*,*,#1718,.T.);
#1718 = EDGE_CURVE('',#1696,#1567,#1719,.T.);
#1719 = SURFACE_CURVE('',#1720,(#1725,#1732),.PCURVE_S1.);
#1720 = CIRCLE('',#1721,11.85);
#1721 = AXIS2_PLACEMENT_3D('',#1722,#1723,#1724);
#1722 = CARTESIAN_POINT('',(-24.,177.,40.8));
#1723 = DIRECTION('',(0.,0.,1.));
#1724 = DIRECTION('',(1.,0.,-0.));
#1725 = PCURVE('',#128,#1726);
#1726 = DEFINITIONAL_REPRESENTATION('',(#1727),#1731);
#1727 = LINE('',#1728,#1729);
#1728 = CARTESIAN_POINT('',(0.,0.));
#1729 = VECTOR('',#1730,1.);
#1730 = DIRECTION('',(1.,0.));
#1731 = ( GEOMETRIC_REPRESENTATION_CONTEXT(2) 
PARAMETRIC_REPRESENTATION_CONTEXT() REPRESENTATION_CONTEXT('2D SPACE',''
  ) );
#1732 = PCURVE('',#1584,#1733);
#1733 = DEFINITIONAL_REPRESENTATION('',(#1734),#1738);
#1734 = CIRCLE('',#1735,11.85);
#1735 = AXIS2_PLACEMENT_2D('',#1736,#1737);
#1736 = CARTESIAN_POINT('',(0.,11.85));
#1737 = DIRECTION('',(1.,0.));
#1738 = ( GEOMETRIC_REPRESENTATION_CONTEXT(2) 
PARAMETRIC_REPRESENTATION_CONTEXT() REPRESENTATION_CONTEXT('2D SPACE',''
  ) );
#1739 = ORIENTED_EDGE('',*,*,#1596,.T.);
#1740 = ADVANCED_FACE('',(#1741),#101,.T.);
#1741 = FACE_BOUND('',#1742,.T.);
#1742 = EDGE_LOOP('',(#1743,#1764,#1765,#1766));
#1743 = ORIENTED_EDGE('',*,*,#1744,.F.);
#1744 = EDGE_CURVE('',#1696,#1642,#1745,.T.);
#1745 = SURFACE_CURVE('',#1746,(#1750,#1757),.PCURVE_S1.);
#1746 = LINE('',#1747,#1748);
#1747 = CARTESIAN_POINT('',(-24.,188.85,40.8));
#1748 = VECTOR('',#1749,1.);
#1749 = DIRECTION('',(1.,0.,-0.));
#1750 = PCURVE('',#101,#1751);
#1751 = DEFINITIONAL_REPRESENTATION('',(#1752),#1756);
#1752 = LINE('',#1753,#1754);
#1753 = CARTESIAN_POINT('',(0.,0.));
#1754 = VECTOR('',#1755,1.);
#1755 = DIRECTION('',(0.,1.));
#1756 = ( GEOMETRIC_REPRESENTATION_CONTEXT(2) 
PARAMETRIC_REPRESENTATION_CONTEXT() REPRESENTATION_CONTEXT('2D SPACE',''
  ) );
#1757 = PCURVE('',#1584,#1758);
#1758 = DEFINITIONAL_REPRESENTATION('',(#1759),#1763);
#1759 = LINE('',#1760,#1761);
#1760 = CARTESIAN_POINT('',(0.,23.7));
#1761 = VECTOR('',#1762,1.);
#1762 = DIRECTION('',(1.,0.));
#1763 = ( GEOMETRIC_REPRESENTATION_CONTEXT(2) 
PARAMETRIC_REPRESENTATION_CONTEXT() REPRESENTATION_CONTEXT('2D SPACE',''
  ) );
#1764 = ORIENTED_EDGE('',*,*,#1695,.T.);
#1765 = ORIENTED_EDGE('',*,*,#85,.T.);
#1766 = ORIENTED_EDGE('',*,*,#1669,.F.);
#1767 = ADVANCED_FACE('',(#1768),#338,.F.);
#1768 = FACE_BOUND('',#1769,.F.);
#1769 = EDGE_LOOP('',(#1770,#1792,#2001,#2021));
#1770 = ORIENTED_EDGE('',*,*,#1771,.F.);
#1771 = EDGE_CURVE('',#1772,#145,#1774,.T.);
#1772 = VERTEX_POINT('',#1773);
#1773 = CARTESIAN_POINT('',(15.733974596216,175.45584959621,40.8));
#1774 = SURFACE_CURVE('',#1775,(#1778,#1785),.PCURVE_S1.);
#1775 = B_SPLINE_CURVE_WITH_KNOTS('',1,(#1776,#1777),.UNSPECIFIED.,.F.,
  .F.,(2,2),(0.,1.),.PIECEWISE_BEZIER_KNOTS.);
#1776 = CARTESIAN_POINT('',(16.6,175.9,39.3));
#1777 = CARTESIAN_POINT('',(14.752479138593,174.95247913859,42.5));
#1778 = PCURVE('',#338,#1779);
#1779 = DEFINITIONAL_REPRESENTATION('',(#1780),#1784);
#1780 = LINE('',#1781,#1782);
#1781 = CARTESIAN_POINT('',(3.14159265359,0.));
#1782 = VECTOR('',#1783,1.);
#1783 = DIRECTION('',(0.,1.));
#1784 = ( GEOMETRIC_REPRESENTATION_CONTEXT(2) 
PARAMETRIC_REPRESENTATION_CONTEXT() REPRESENTATION_CONTEXT('2D SPACE',''
  ) );
#1785 = PCURVE('',#467,#1786);
#1786 = DEFINITIONAL_REPRESENTATION('',(#1787),#1791);
#1787 = LINE('',#1788,#1789);
#1788 = CARTESIAN_POINT('',(2.047520861407,0.));
#1789 = VECTOR('',#1790,1.);
#1790 = DIRECTION('',(0.,1.));
#1791 = ( GEOMETRIC_REPRESENTATION_CONTEXT(2) 
PARAMETRIC_REPRESENTATION_CONTEXT() REPRESENTATION_CONTEXT('2D SPACE',''
  ) );
#1792 = ORIENTED_EDGE('',*,*,#1793,.F.);
#1793 = EDGE_CURVE('',#1794,#1772,#1796,.T.);
#1794 = VERTEX_POINT('',#1795);
#1795 = CARTESIAN_POINT('',(16.755849596216,174.43397459621,40.8));
#1796 = SURFACE_CURVE('',#1797,(#1863,#1932),.PCURVE_S1.);
#1797 = B_SPLINE_CURVE_WITH_KNOTS('',4,(#1798,#1799,#1800,#1801,#1802,
    #1803,#1804,#1805,#1806,#1807,#1808,#1809,#1810,#1811,#1812,#1813,
    #1814,#1815,#1816,#1817,#1818,#1819,#1820,#1821,#1822,#1823,#1824,
    #1825,#1826,#1827,#1828,#1829,#1830,#1831,#1832,#1833,#1834,#1835,
    #1836,#1837,#1838,#1839,#1840,#1841,#1842,#1843,#1844,#1845,#1846,
    #1847,#1848,#1849,#1850,#1851,#1852,#1853,#1854,#1855,#1856,#1857,
    #1858,#1859,#1860,#1861,#1862),.UNSPECIFIED.,.F.,.F.,(5,3,3,3,3,3,3,
    3,3,3,3,3,3,3,3,3,3,3,3,3,3,5),(0.,8.500001752947E-02,0.104000024118
    ,0.212000034962,0.238000045365,0.267000056684,0.296000067672,
    0.324000077994,0.353000088439,0.405000106076,0.433000115906,
    0.462000126079,0.49100013626,0.520000146444,0.549000156621,
    0.575000165754,0.639000186082,0.692000204416,0.72100021527,
    0.738000221808,0.907999984052,1.),.UNSPECIFIED.);
#1798 = CARTESIAN_POINT('',(16.755849596216,174.43397459621,40.8));
#1799 = CARTESIAN_POINT('',(16.721740004891,174.43397459621,40.8));
#1800 = CARTESIAN_POINT('',(16.68763037933,174.43549268647,40.8));
#1801 = CARTESIAN_POINT('',(16.653622248628,174.43852884385,40.8));
#1802 = CARTESIAN_POINT('',(16.612259604796,174.44408454444,40.8));
#1803 = CARTESIAN_POINT('',(16.604713064416,174.4451747044,40.8));
#1804 = CARTESIAN_POINT('',(16.597177743295,174.44633988975,40.8));
#1805 = CARTESIAN_POINT('',(16.546892538765,174.45462848711,40.8));
#1806 = CARTESIAN_POINT('',(16.504528781215,174.46409522412,40.8));
#1807 = CARTESIAN_POINT('',(16.462769210504,174.47594619044,40.8));
#1808 = CARTESIAN_POINT('',(16.411950550505,174.49352385463,40.8));
#1809 = CARTESIAN_POINT('',(16.402136641399,174.49706868155,40.8));
#1810 = CARTESIAN_POINT('',(16.392371904204,174.50074679478,40.8));
#1811 = CARTESIAN_POINT('',(16.371825459811,174.50880712959,40.8));
#1812 = CARTESIAN_POINT('',(16.361056413526,174.51322162561,40.8));
#1813 = CARTESIAN_POINT('',(16.35035564828,174.5177991528,40.8));
#1814 = CARTESIAN_POINT('',(16.329098033517,174.5272769909,40.8));
#1815 = CARTESIAN_POINT('',(16.31854118368,174.53217730195,40.8));
#1816 = CARTESIAN_POINT('',(16.30805996808,174.53723736573,40.8));
#1817 = CARTESIAN_POINT('',(16.287614691097,174.54749345718,40.8));
#1818 = CARTESIAN_POINT('',(16.277645259335,174.55267877985,40.8));
#1819 = CARTESIAN_POINT('',(16.267752928396,174.55800972054,40.8));
#1820 = CARTESIAN_POINT('',(16.247778365537,174.56915483525,40.8));
#1821 = CARTESIAN_POINT('',(16.237701968913,174.5749794681,40.8));
#1822 = CARTESIAN_POINT('',(16.22771518793,174.58095645075,40.8));
#1823 = CARTESIAN_POINT('',(16.200080940895,174.59807038996,40.8));
#1824 = CARTESIAN_POINT('',(16.182639571464,174.60954014157,40.8));
#1825 = CARTESIAN_POINT('',(16.165517077085,174.62148069239,40.8));
#1826 = CARTESIAN_POINT('',(16.139694089424,174.64055385355,40.8));
#1827 = CARTESIAN_POINT('',(16.130753913032,174.64736196473,40.8));
#1828 = CARTESIAN_POINT('',(16.121914520475,174.65430042788,40.8));
#1829 = CARTESIAN_POINT('',(16.10413094452,174.66868587685,40.8));
#1830 = CARTESIAN_POINT('',(16.095194293069,174.67614217434,40.8));
#1831 = CARTESIAN_POINT('',(16.086371904209,174.68373332485,40.8));
#1832 = CARTESIAN_POINT('',(16.068961674215,174.69917998858,40.8));
#1833 = CARTESIAN_POINT('',(16.06037383282,174.70703550203,40.8));
#1834 = CARTESIAN_POINT('',(16.051906276285,174.71502052538,40.8));
#1835 = CARTESIAN_POINT('',(16.035217505941,174.73124397981,40.8));
#1836 = CARTESIAN_POINT('',(16.026996291881,174.73948241115,40.8));
#1837 = CARTESIAN_POINT('',(16.01890113542,174.74784474057,40.8));
#1838 = CARTESIAN_POINT('',(16.002968449193,174.76481132652,40.8));
#1839 = CARTESIAN_POINT('',(15.995130919188,174.77341558331,40.8));
#1840 = CARTESIAN_POINT('',(15.987424958019,174.78213786935,40.8));
#1841 = CARTESIAN_POINT('',(15.97306469877,174.7988981869,40.8));
#1842 = CARTESIAN_POINT('',(15.966384073495,174.80691366159,40.8));
#1843 = CARTESIAN_POINT('',(15.959813196632,174.81501934884,40.8));
#1844 = CARTESIAN_POINT('',(15.937453969443,174.84338188474,40.8));
#1845 = CARTESIAN_POINT('',(15.922229935555,174.8640836165,40.8));
#1846 = CARTESIAN_POINT('',(15.907708572064,174.88528415685,40.8));
#1847 = CARTESIAN_POINT('',(15.882488801754,174.9248865047,40.8));
#1848 = CARTESIAN_POINT('',(15.871562294676,174.94314306725,40.8));
#1849 = CARTESIAN_POINT('',(15.861146827469,174.96169592903,40.8));
#1850 = CARTESIAN_POINT('',(15.845840690972,174.99082510958,40.8));
#1851 = CARTESIAN_POINT('',(15.840583971238,175.00120908864,40.8));
#1852 = CARTESIAN_POINT('',(15.835485550252,175.01167169959,40.8));
#1853 = CARTESIAN_POINT('',(15.827652204012,175.02838650971,40.8));
#1854 = CARTESIAN_POINT('',(15.824812256252,175.03458949056,40.8));
#1855 = CARTESIAN_POINT('',(15.822027637134,175.04081750561,40.8));
#1856 = CARTESIAN_POINT('',(15.792009058437,175.10959276128,40.8));
#1857 = CARTESIAN_POINT('',(15.770284339556,175.17454595501,40.8));
#1858 = CARTESIAN_POINT('',(15.754450803814,175.24118062906,40.8));
#1859 = CARTESIAN_POINT('',(15.739309839243,175.34522237138,40.8));
#1860 = CARTESIAN_POINT('',(15.73575302103,175.38201231422,40.8));
#1861 = CARTESIAN_POINT('',(15.733974596215,175.4189309812,40.8));
#1862 = CARTESIAN_POINT('',(15.733974596216,175.45584959621,40.8));
#1863 = PCURVE('',#338,#1864);
#1864 = DEFINITIONAL_REPRESENTATION('',(#1865),#1931);
#1865 = B_SPLINE_CURVE_WITH_KNOTS('',4,(#1866,#1867,#1868,#1869,#1870,
    #1871,#1872,#1873,#1874,#1875,#1876,#1877,#1878,#1879,#1880,#1881,
    #1882,#1883,#1884,#1885,#1886,#1887,#1888,#1889,#1890,#1891,#1892,
    #1893,#1894,#1895,#1896,#1897,#1898,#1899,#1900,#1901,#1902,#1903,
    #1904,#1905,#1906,#1907,#1908,#1909,#1910,#1911,#1912,#1913,#1914,
    #1915,#1916,#1917,#1918,#1919,#1920,#1921,#1922,#1923,#1924,#1925,
    #1926,#1927,#1928,#1929,#1930),.UNSPECIFIED.,.F.,.F.,(5,3,3,3,3,3,3,
    3,3,3,3,3,3,3,3,3,3,3,3,3,3,5),(0.,8.500001752947E-02,0.104000024118
    ,0.212000034962,0.238000045365,0.267000056684,0.296000067672,
    0.324000077994,0.353000088439,0.405000106076,0.433000115906,
    0.462000126079,0.49100013626,0.520000146444,0.549000156621,
    0.575000165754,0.639000186082,0.692000204416,0.72100021527,
    0.738000221808,0.907999984052,1.),.UNSPECIFIED.);
#1866 = CARTESIAN_POINT('',(4.712388980385,0.46875));
#1867 = CARTESIAN_POINT('',(4.679009563798,0.46875));
#1868 = CARTESIAN_POINT('',(4.645630136174,0.46875));
#1869 = CARTESIAN_POINT('',(4.612250710212,0.46875));
#1870 = CARTESIAN_POINT('',(4.571410009976,0.46875));
#1871 = CARTESIAN_POINT('',(4.563948727395,0.46875));
#1872 = CARTESIAN_POINT('',(4.556487444868,0.46875));
#1873 = CARTESIAN_POINT('',(4.506614672489,0.46875));
#1874 = CARTESIAN_POINT('',(4.464203159394,0.46875));
#1875 = CARTESIAN_POINT('',(4.421791647037,0.46875));
#1876 = CARTESIAN_POINT('',(4.369169983023,0.46875));
#1877 = CARTESIAN_POINT('',(4.358959806905,0.46875));
#1878 = CARTESIAN_POINT('',(4.348749630761,0.46875));
#1879 = CARTESIAN_POINT('',(4.327151181317,0.46875));
#1880 = CARTESIAN_POINT('',(4.315762907954,0.46875));
#1881 = CARTESIAN_POINT('',(4.304374634547,0.46875));
#1882 = CARTESIAN_POINT('',(4.281598087844,0.46875));
#1883 = CARTESIAN_POINT('',(4.270209814479,0.46875));
#1884 = CARTESIAN_POINT('',(4.258821541069,0.46875));
#1885 = CARTESIAN_POINT('',(4.236437693434,0.46875));
#1886 = CARTESIAN_POINT('',(4.225442119147,0.46875));
#1887 = CARTESIAN_POINT('',(4.214446544826,0.46875));
#1888 = CARTESIAN_POINT('',(4.192062697194,0.46875));
#1889 = CARTESIAN_POINT('',(4.180674423818,0.46875));
#1890 = CARTESIAN_POINT('',(4.169286150415,0.46875));
#1891 = CARTESIAN_POINT('',(4.137477525171,0.46875));
#1892 = CARTESIAN_POINT('',(4.117057172605,0.46875));
#1893 = CARTESIAN_POINT('',(4.096636820004,0.46875));
#1894 = CARTESIAN_POINT('',(4.065220893764,0.46875));
#1895 = CARTESIAN_POINT('',(4.054225319461,0.46875));
#1896 = CARTESIAN_POINT('',(4.043229745157,0.46875));
#1897 = CARTESIAN_POINT('',(4.02084589753,0.46875));
#1898 = CARTESIAN_POINT('',(4.009457624142,0.46875));
#1899 = CARTESIAN_POINT('',(3.998069350756,0.46875));
#1900 = CARTESIAN_POINT('',(3.975292804052,0.46875));
#1901 = CARTESIAN_POINT('',(3.963904530665,0.46875));
#1902 = CARTESIAN_POINT('',(3.952516257279,0.46875));
#1903 = CARTESIAN_POINT('',(3.929739710577,0.46875));
#1904 = CARTESIAN_POINT('',(3.91835143719,0.46875));
#1905 = CARTESIAN_POINT('',(3.906963163804,0.46875));
#1906 = CARTESIAN_POINT('',(3.884186617101,0.46875));
#1907 = CARTESIAN_POINT('',(3.872798343715,0.46875));
#1908 = CARTESIAN_POINT('',(3.861410070328,0.46875));
#1909 = CARTESIAN_POINT('',(3.839811620861,0.46875));
#1910 = CARTESIAN_POINT('',(3.829601444727,0.46875));
#1911 = CARTESIAN_POINT('',(3.819391268592,0.46875));
#1912 = CARTESIAN_POINT('',(3.78404835212,0.46875));
#1913 = CARTESIAN_POINT('',(3.758915609946,0.46875));
#1914 = CARTESIAN_POINT('',(3.733782867801,0.46875));
#1915 = CARTESIAN_POINT('',(3.687837076464,0.46875));
#1916 = CARTESIAN_POINT('',(3.667024024715,0.46875));
#1917 = CARTESIAN_POINT('',(3.646210973061,0.46875));
#1918 = CARTESIAN_POINT('',(3.614009648831,0.46875));
#1919 = CARTESIAN_POINT('',(3.602621375421,0.46875));
#1920 = CARTESIAN_POINT('',(3.591233102054,0.46875));
#1921 = CARTESIAN_POINT('',(3.573168944355,0.46875));
#1922 = CARTESIAN_POINT('',(3.566493059958,0.46875));
#1923 = CARTESIAN_POINT('',(3.559817175575,0.46875));
#1924 = CARTESIAN_POINT('',(3.486382566601,0.46875));
#1925 = CARTESIAN_POINT('',(3.419623605309,0.46875));
#1926 = CARTESIAN_POINT('',(3.352864642739,0.46875));
#1927 = CARTESIAN_POINT('',(3.249977606561,0.46875));
#1928 = CARTESIAN_POINT('',(3.213849285381,0.46875));
#1929 = CARTESIAN_POINT('',(3.177720961853,0.46875));
#1930 = CARTESIAN_POINT('',(3.14159265359,0.46875));
#1931 = ( GEOMETRIC_REPRESENTATION_CONTEXT(2) 
PARAMETRIC_REPRESENTATION_CONTEXT() REPRESENTATION_CONTEXT('2D SPACE',''
  ) );
#1932 = PCURVE('',#1584,#1933);
#1933 = DEFINITIONAL_REPRESENTATION('',(#1934),#2000);
#1934 = B_SPLINE_CURVE_WITH_KNOTS('',4,(#1935,#1936,#1937,#1938,#1939,
    #1940,#1941,#1942,#1943,#1944,#1945,#1946,#1947,#1948,#1949,#1950,
    #1951,#1952,#1953,#1954,#1955,#1956,#1957,#1958,#1959,#1960,#1961,
    #1962,#1963,#1964,#1965,#1966,#1967,#1968,#1969,#1970,#1971,#1972,
    #1973,#1974,#1975,#1976,#1977,#1978,#1979,#1980,#1981,#1982,#1983,
    #1984,#1985,#1986,#1987,#1988,#1989,#1990,#1991,#1992,#1993,#1994,
    #1995,#1996,#1997,#1998,#1999),.UNSPECIFIED.,.F.,.F.,(5,3,3,3,3,3,3,
    3,3,3,3,3,3,3,3,3,3,3,3,3,3,5),(0.,8.500001752947E-02,0.104000024118
    ,0.212000034962,0.238000045365,0.267000056684,0.296000067672,
    0.324000077994,0.353000088439,0.405000106076,0.433000115906,
    0.462000126079,0.49100013626,0.520000146444,0.549000156621,
    0.575000165754,0.639000186082,0.692000204416,0.72100021527,
    0.738000221808,0.907999984052,1.),.UNSPECIFIED.);
#1935 = CARTESIAN_POINT('',(40.755849596216,9.283974596216));
#1936 = CARTESIAN_POINT('',(40.721740004891,9.283974596216));
#1937 = CARTESIAN_POINT('',(40.68763037933,9.285492686472));
#1938 = CARTESIAN_POINT('',(40.653622248628,9.288528843853));
#1939 = CARTESIAN_POINT('',(40.612259604796,9.294084544445));
#1940 = CARTESIAN_POINT('',(40.604713064416,9.295174704408));
#1941 = CARTESIAN_POINT('',(40.597177743295,9.296339889755));
#1942 = CARTESIAN_POINT('',(40.546892538765,9.304628487112));
#1943 = CARTESIAN_POINT('',(40.504528781215,9.314095224128));
#1944 = CARTESIAN_POINT('',(40.462769210504,9.325946190446));
#1945 = CARTESIAN_POINT('',(40.411950550505,9.343523854631));
#1946 = CARTESIAN_POINT('',(40.402136641399,9.347068681558));
#1947 = CARTESIAN_POINT('',(40.392371904204,9.35074679478));
#1948 = CARTESIAN_POINT('',(40.371825459811,9.358807129596));
#1949 = CARTESIAN_POINT('',(40.361056413526,9.363221625612));
#1950 = CARTESIAN_POINT('',(40.35035564828,9.367799152801));
#1951 = CARTESIAN_POINT('',(40.329098033517,9.377276990903));
#1952 = CARTESIAN_POINT('',(40.31854118368,9.382177301955));
#1953 = CARTESIAN_POINT('',(40.30805996808,9.387237365733));
#1954 = CARTESIAN_POINT('',(40.287614691097,9.39749345718));
#1955 = CARTESIAN_POINT('',(40.277645259335,9.402678779851));
#1956 = CARTESIAN_POINT('',(40.267752928396,9.408009720542));
#1957 = CARTESIAN_POINT('',(40.247778365537,9.419154835254));
#1958 = CARTESIAN_POINT('',(40.237701968913,9.4249794681));
#1959 = CARTESIAN_POINT('',(40.22771518793,9.430956450755));
#1960 = CARTESIAN_POINT('',(40.200080940895,9.448070389965));
#1961 = CARTESIAN_POINT('',(40.182639571464,9.459540141577));
#1962 = CARTESIAN_POINT('',(40.165517077085,9.471480692393));
#1963 = CARTESIAN_POINT('',(40.139694089424,9.490553853555));
#1964 = CARTESIAN_POINT('',(40.130753913032,9.497361964731));
#1965 = CARTESIAN_POINT('',(40.121914520475,9.50430042788));
#1966 = CARTESIAN_POINT('',(40.10413094452,9.518685876858));
#1967 = CARTESIAN_POINT('',(40.095194293069,9.52614217434));
#1968 = CARTESIAN_POINT('',(40.086371904209,9.533733324852));
#1969 = CARTESIAN_POINT('',(40.068961674215,9.549179988586));
#1970 = CARTESIAN_POINT('',(40.06037383282,9.557035502038));
#1971 = CARTESIAN_POINT('',(40.051906276285,9.565020525381));
#1972 = CARTESIAN_POINT('',(40.035217505941,9.581243979816));
#1973 = CARTESIAN_POINT('',(40.026996291881,9.589482411152));
#1974 = CARTESIAN_POINT('',(40.01890113542,9.597844740575));
#1975 = CARTESIAN_POINT('',(40.002968449193,9.614811326527));
#1976 = CARTESIAN_POINT('',(39.995130919188,9.623415583311));
#1977 = CARTESIAN_POINT('',(39.987424958019,9.632137869356));
#1978 = CARTESIAN_POINT('',(39.97306469877,9.648898186901));
#1979 = CARTESIAN_POINT('',(39.966384073495,9.656913661594));
#1980 = CARTESIAN_POINT('',(39.959813196632,9.665019348849));
#1981 = CARTESIAN_POINT('',(39.937453969443,9.693381884742));
#1982 = CARTESIAN_POINT('',(39.922229935555,9.7140836165));
#1983 = CARTESIAN_POINT('',(39.907708572064,9.735284156856));
#1984 = CARTESIAN_POINT('',(39.882488801754,9.774886504707));
#1985 = CARTESIAN_POINT('',(39.871562294676,9.793143067255));
#1986 = CARTESIAN_POINT('',(39.861146827469,9.811695929039));
#1987 = CARTESIAN_POINT('',(39.845840690972,9.840825109586));
#1988 = CARTESIAN_POINT('',(39.840583971238,9.851209088645));
#1989 = CARTESIAN_POINT('',(39.835485550252,9.861671699593));
#1990 = CARTESIAN_POINT('',(39.827652204012,9.878386509711));
#1991 = CARTESIAN_POINT('',(39.824812256252,9.884589490569));
#1992 = CARTESIAN_POINT('',(39.822027637134,9.890817505612));
#1993 = CARTESIAN_POINT('',(39.792009058437,9.95959276128));
#1994 = CARTESIAN_POINT('',(39.770284339556,10.024545955014));
#1995 = CARTESIAN_POINT('',(39.754450803814,10.091180629066));
#1996 = CARTESIAN_POINT('',(39.739309839243,10.195222371382));
#1997 = CARTESIAN_POINT('',(39.73575302103,10.232012314227));
#1998 = CARTESIAN_POINT('',(39.733974596215,10.268930981208));
#1999 = CARTESIAN_POINT('',(39.733974596216,10.305849596216));
#2000 = ( GEOMETRIC_REPRESENTATION_CONTEXT(2) 
PARAMETRIC_REPRESENTATION_CONTEXT() REPRESENTATION_CONTEXT('2D SPACE',''
  ) );
#2001 = ORIENTED_EDGE('',*,*,#2002,.T.);
#2002 = EDGE_CURVE('',#1794,#143,#2003,.T.);
#2003 = SURFACE_CURVE('',#2004,(#2007,#2014),.PCURVE_S1.);
#2004 = B_SPLINE_CURVE_WITH_KNOTS('',1,(#2005,#2006),.UNSPECIFIED.,.F.,
  .F.,(2,2),(0.,1.),.PIECEWISE_BEZIER_KNOTS.);
#2005 = CARTESIAN_POINT('',(17.2,175.3,39.3));
#2006 = CARTESIAN_POINT('',(16.252479138593,173.45247913859,42.5));
#2007 = PCURVE('',#338,#2008);
#2008 = DEFINITIONAL_REPRESENTATION('',(#2009),#2013);
#2009 = LINE('',#2010,#2011);
#2010 = CARTESIAN_POINT('',(4.712388980385,0.));
#2011 = VECTOR('',#2012,1.);
#2012 = DIRECTION('',(0.,1.));
#2013 = ( GEOMETRIC_REPRESENTATION_CONTEXT(2) 
PARAMETRIC_REPRESENTATION_CONTEXT() REPRESENTATION_CONTEXT('2D SPACE',''
  ) );
#2014 = PCURVE('',#1521,#2015);
#2015 = DEFINITIONAL_REPRESENTATION('',(#2016),#2020);
#2016 = LINE('',#2017,#2018);
#2017 = CARTESIAN_POINT('',(-3.747520861407,0.));
#2018 = VECTOR('',#2019,1.);
#2019 = DIRECTION('',(0.,1.));
#2020 = ( GEOMETRIC_REPRESENTATION_CONTEXT(2) 
PARAMETRIC_REPRESENTATION_CONTEXT() REPRESENTATION_CONTEXT('2D SPACE',''
  ) );
#2021 = ORIENTED_EDGE('',*,*,#142,.T.);
#2022 = ADVANCED_FACE('',(#2023),#1521,.F.);
#2023 = FACE_BOUND('',#2024,.F.);
#2024 = EDGE_LOOP('',(#2025,#2026,#2046,#2066));
#2025 = ORIENTED_EDGE('',*,*,#2002,.F.);
#2026 = ORIENTED_EDGE('',*,*,#2027,.F.);
#2027 = EDGE_CURVE('',#2028,#1794,#2030,.T.);
#2028 = VERTEX_POINT('',#2029);
#2029 = CARTESIAN_POINT('',(23.244150403784,174.43397459621,40.8));
#2030 = SURFACE_CURVE('',#2031,(#2034,#2040),.PCURVE_S1.);
#2031 = B_SPLINE_CURVE_WITH_KNOTS('',1,(#2032,#2033),.UNSPECIFIED.,.F.,
  .F.,(2,2),(0.,1.),.PIECEWISE_BEZIER_KNOTS.);
#2032 = CARTESIAN_POINT('',(23.244150403784,174.43397459621,40.8));
#2033 = CARTESIAN_POINT('',(16.755849596216,174.43397459621,40.8));
#2034 = PCURVE('',#1521,#2035);
#2035 = DEFINITIONAL_REPRESENTATION('',(#2036),#2039);
#2036 = B_SPLINE_CURVE_WITH_KNOTS('',1,(#2037,#2038),.UNSPECIFIED.,.F.,
  .F.,(2,2),(0.,1.),.PIECEWISE_BEZIER_KNOTS.);
#2037 = CARTESIAN_POINT('',(3.747520861407,0.46875));
#2038 = CARTESIAN_POINT('',(-3.747520861407,0.46875));
#2039 = ( GEOMETRIC_REPRESENTATION_CONTEXT(2) 
PARAMETRIC_REPRESENTATION_CONTEXT() REPRESENTATION_CONTEXT('2D SPACE',''
  ) );
#2040 = PCURVE('',#1584,#2041);
#2041 = DEFINITIONAL_REPRESENTATION('',(#2042),#2045);
#2042 = B_SPLINE_CURVE_WITH_KNOTS('',1,(#2043,#2044),.UNSPECIFIED.,.F.,
  .F.,(2,2),(0.,1.),.PIECEWISE_BEZIER_KNOTS.);
#2043 = CARTESIAN_POINT('',(47.244150403784,9.283974596216));
#2044 = CARTESIAN_POINT('',(40.755849596216,9.283974596216));
#2045 = ( GEOMETRIC_REPRESENTATION_CONTEXT(2) 
PARAMETRIC_REPRESENTATION_CONTEXT() REPRESENTATION_CONTEXT('2D SPACE',''
  ) );
#2046 = ORIENTED_EDGE('',*,*,#2047,.T.);
#2047 = EDGE_CURVE('',#2028,#1174,#2048,.T.);
#2048 = SURFACE_CURVE('',#2049,(#2052,#2059),.PCURVE_S1.);
#2049 = B_SPLINE_CURVE_WITH_KNOTS('',1,(#2050,#2051),.UNSPECIFIED.,.F.,
  .F.,(2,2),(0.,1.),.PIECEWISE_BEZIER_KNOTS.);
#2050 = CARTESIAN_POINT('',(22.8,175.3,39.3));
#2051 = CARTESIAN_POINT('',(23.747520861407,173.45247913859,42.5));
#2052 = PCURVE('',#1521,#2053);
#2053 = DEFINITIONAL_REPRESENTATION('',(#2054),#2058);
#2054 = LINE('',#2055,#2056);
#2055 = CARTESIAN_POINT('',(3.747520861407,0.));
#2056 = VECTOR('',#2057,1.);
#2057 = DIRECTION('',(0.,1.));
#2058 = ( GEOMETRIC_REPRESENTATION_CONTEXT(2) 
PARAMETRIC_REPRESENTATION_CONTEXT() REPRESENTATION_CONTEXT('2D SPACE',''
  ) );
#2059 = PCURVE('',#1385,#2060);
#2060 = DEFINITIONAL_REPRESENTATION('',(#2061),#2065);
#2061 = LINE('',#2062,#2063);
#2062 = CARTESIAN_POINT('',(4.712388980385,0.));
#2063 = VECTOR('',#2064,1.);
#2064 = DIRECTION('',(0.,1.));
#2065 = ( GEOMETRIC_REPRESENTATION_CONTEXT(2) 
PARAMETRIC_REPRESENTATION_CONTEXT() REPRESENTATION_CONTEXT('2D SPACE',''
  ) );
#2066 = ORIENTED_EDGE('',*,*,#1509,.T.);
#2067 = ADVANCED_FACE('',(#2068),#1385,.F.);
#2068 = FACE_BOUND('',#2069,.F.);
#2069 = EDGE_LOOP('',(#2070,#2071,#2289,#2309));
#2070 = ORIENTED_EDGE('',*,*,#2047,.F.);
#2071 = ORIENTED_EDGE('',*,*,#2072,.F.);
#2072 = EDGE_CURVE('',#2073,#2028,#2075,.T.);
#2073 = VERTEX_POINT('',#2074);
#2074 = CARTESIAN_POINT('',(24.266025403784,175.45584959621,40.8));
#2075 = SURFACE_CURVE('',#2076,(#2145,#2217),.PCURVE_S1.);
#2076 = B_SPLINE_CURVE_WITH_KNOTS('',4,(#2077,#2078,#2079,#2080,#2081,
    #2082,#2083,#2084,#2085,#2086,#2087,#2088,#2089,#2090,#2091,#2092,
    #2093,#2094,#2095,#2096,#2097,#2098,#2099,#2100,#2101,#2102,#2103,
    #2104,#2105,#2106,#2107,#2108,#2109,#2110,#2111,#2112,#2113,#2114,
    #2115,#2116,#2117,#2118,#2119,#2120,#2121,#2122,#2123,#2124,#2125,
    #2126,#2127,#2128,#2129,#2130,#2131,#2132,#2133,#2134,#2135,#2136,
    #2137,#2138,#2139,#2140,#2141,#2142,#2143,#2144),.UNSPECIFIED.,.F.,
  .F.,(5,3,3,3,3,3,3,3,3,3,3,3,3,3,3,3,3,3,3,3,3,3,5),(0.,
    9.200001739671E-02,0.265999746373,0.290999756268,0.313999765168,
    0.338999774643,0.411999797236,0.454999812716,0.483999823333,
    0.512999833955,0.542999844931,0.566999853731,0.626999874148,
    0.64799988195,0.67699989284,0.705999903976,0.73399991503,
    0.758999925173,0.78599993636,0.871999961915,0.900999972941,
    0.921999980377,1.),.UNSPECIFIED.);
#2077 = CARTESIAN_POINT('',(24.266025403784,175.45584959621,40.8));
#2078 = CARTESIAN_POINT('',(24.266025403784,175.4189309812,40.8));
#2079 = CARTESIAN_POINT('',(24.26424697897,175.38201231422,40.8));
#2080 = CARTESIAN_POINT('',(24.260690160757,175.34522237138,40.8));
#2081 = CARTESIAN_POINT('',(24.245318038307,175.23959221847,40.8));
#2082 = CARTESIAN_POINT('',(24.228967208267,175.17141062434,40.8));
#2083 = CARTESIAN_POINT('',(24.206447669927,175.10501070005,40.8));
#2084 = CARTESIAN_POINT('',(24.174043543299,175.03202422521,40.8));
#2085 = CARTESIAN_POINT('',(24.169852641766,175.02290834212,40.8));
#2086 = CARTESIAN_POINT('',(24.165542762303,175.0138481038,40.8));
#2087 = CARTESIAN_POINT('',(24.157041541499,174.99656372741,40.8));
#2088 = CARTESIAN_POINT('',(24.152868300286,174.98833068675,40.8));
#2089 = CARTESIAN_POINT('',(24.14859620577,174.98014850434,40.8));
#2090 = CARTESIAN_POINT('',(24.139476212035,174.96318247581,40.8));
#2091 = CARTESIAN_POINT('',(24.134610545942,174.95440818,40.8));
#2092 = CARTESIAN_POINT('',(24.129630431547,174.94569833308,40.8));
#2093 = CARTESIAN_POINT('',(24.109664879295,174.91181708401,40.8));
#2094 = CARTESIAN_POINT('',(24.093827902363,174.88714745666,40.8));
#2095 = CARTESIAN_POINT('',(24.077058887443,174.86310165697,40.8));
#2096 = CARTESIAN_POINT('',(24.048992773956,174.82596467775,40.8));
#2097 = CARTESIAN_POINT('',(24.038279010424,174.81243262154,40.8));
#2098 = CARTESIAN_POINT('',(24.027263216376,174.79914527585,40.8));
#2099 = CARTESIAN_POINT('',(24.008326845773,174.77732304565,40.8));
#2100 = CARTESIAN_POINT('',(24.000566233407,174.76864934937,40.8));
#2101 = CARTESIAN_POINT('',(23.992674796399,174.76009450669,40.8));
#2102 = CARTESIAN_POINT('',(23.976635821323,174.74322836285,40.8));
#2103 = CARTESIAN_POINT('',(23.968488283014,174.73491706145,40.8));
#2104 = CARTESIAN_POINT('',(23.960215468062,174.72673044772,40.8));
#2105 = CARTESIAN_POINT('',(23.94313560377,174.71033427,40.8));
#2106 = CARTESIAN_POINT('',(23.934319969148,174.70213364872,40.8));
#2107 = CARTESIAN_POINT('',(23.925376591684,174.694072532,40.8));
#2108 = CARTESIAN_POINT('',(23.909054617381,174.67981890681,40.8));
#2109 = CARTESIAN_POINT('',(23.901720799364,174.67357512122,40.8));
#2110 = CARTESIAN_POINT('',(23.894309092683,174.66742399537,40.8));
#2111 = CARTESIAN_POINT('',(23.868101718068,174.64622438673,40.8));
#2112 = CARTESIAN_POINT('',(23.848906441972,174.63166989681,40.8));
#2113 = CARTESIAN_POINT('',(23.829263182004,174.61772593248,40.8));
#2114 = CARTESIAN_POINT('',(23.802180133442,174.59975242502,40.8));
#2115 = CARTESIAN_POINT('',(23.795107364954,174.59516983246,40.8));
#2116 = CARTESIAN_POINT('',(23.787984632766,174.59066529087,40.8));
#2117 = CARTESIAN_POINT('',(23.770909882267,174.5801279387,40.8));
#2118 = CARTESIAN_POINT('',(23.760913724972,174.57416665063,40.8));
#2119 = CARTESIAN_POINT('',(23.750828191454,174.56835785295,40.8));
#2120 = CARTESIAN_POINT('',(23.730485408871,174.55704915035,40.8));
#2121 = CARTESIAN_POINT('',(23.720228159498,174.55154924527,40.8));
#2122 = CARTESIAN_POINT('',(23.709888570588,174.54620574242,40.8));
#2123 = CARTESIAN_POINT('',(23.68941117401,174.53601393231,40.8));
#2124 = CARTESIAN_POINT('',(23.679278702485,174.53115490296,40.8));
#2125 = CARTESIAN_POINT('',(23.669076075269,174.52644496195,40.8));
#2126 = CARTESIAN_POINT('',(23.649637433111,174.51781470239,40.8));
#2127 = CARTESIAN_POINT('',(23.64041497437,174.51386384955,40.8));
#2128 = CARTESIAN_POINT('',(23.631141584832,174.51003406751,40.8));
#2129 = CARTESIAN_POINT('',(23.611751982824,174.50232193056,40.8));
#2130 = CARTESIAN_POINT('',(23.601627694014,174.49845988034,40.8));
#2131 = CARTESIAN_POINT('',(23.591449813178,174.49474135939,40.8));
#2132 = CARTESIAN_POINT('',(23.548642044199,174.47978384325,40.8));
#2133 = CARTESIAN_POINT('',(23.515550044559,174.46986726905,40.8));
#2134 = CARTESIAN_POINT('',(23.482044690173,174.46145239611,40.8));
#2135 = CARTESIAN_POINT('',(23.436826067931,174.45223612962,40.8));
#2136 = CARTESIAN_POINT('',(23.425387820291,174.45008517376,40.8));
#2137 = CARTESIAN_POINT('',(23.413918227191,174.44810816803,40.8));
#2138 = CARTESIAN_POINT('',(23.394095879962,174.44500052651,40.8));
#2139 = CARTESIAN_POINT('',(23.385756142793,174.44378685924,40.8));
#2140 = CARTESIAN_POINT('',(23.377403564174,174.44266497084,40.8));
#2141 = CARTESIAN_POINT('',(23.337973738528,174.43780962131,40.8));
#2142 = CARTESIAN_POINT('',(23.306751559661,174.43525294352,40.8));
#2143 = CARTESIAN_POINT('',(23.275450970926,174.43397459621,40.8));
#2144 = CARTESIAN_POINT('',(23.244150403784,174.43397459621,40.8));
#2145 = PCURVE('',#1385,#2146);
#2146 = DEFINITIONAL_REPRESENTATION('',(#2147),#2216);
#2147 = B_SPLINE_CURVE_WITH_KNOTS('',4,(#2148,#2149,#2150,#2151,#2152,
    #2153,#2154,#2155,#2156,#2157,#2158,#2159,#2160,#2161,#2162,#2163,
    #2164,#2165,#2166,#2167,#2168,#2169,#2170,#2171,#2172,#2173,#2174,
    #2175,#2176,#2177,#2178,#2179,#2180,#2181,#2182,#2183,#2184,#2185,
    #2186,#2187,#2188,#2189,#2190,#2191,#2192,#2193,#2194,#2195,#2196,
    #2197,#2198,#2199,#2200,#2201,#2202,#2203,#2204,#2205,#2206,#2207,
    #2208,#2209,#2210,#2211,#2212,#2213,#2214,#2215),.UNSPECIFIED.,.F.,
  .F.,(5,3,3,3,3,3,3,3,3,3,3,3,3,3,3,3,3,3,3,3,3,3,5),(0.,
    9.200001739671E-02,0.265999746373,0.290999756268,0.313999765168,
    0.338999774643,0.411999797236,0.454999812716,0.483999823333,
    0.512999833955,0.542999844931,0.566999853731,0.626999874148,
    0.64799988195,0.67699989284,0.705999903976,0.73399991503,
    0.758999925173,0.78599993636,0.871999961915,0.900999972941,
    0.921999980377,1.),.UNSPECIFIED.);
#2148 = CARTESIAN_POINT('',(6.28318530718,0.46875));
#2149 = CARTESIAN_POINT('',(6.247056998916,0.46875));
#2150 = CARTESIAN_POINT('',(6.210928675389,0.46875));
#2151 = CARTESIAN_POINT('',(6.174800354209,0.46875));
#2152 = CARTESIAN_POINT('',(6.070342536397,0.46875));
#2153 = CARTESIAN_POINT('',(6.002012762878,0.46875));
#2154 = CARTESIAN_POINT('',(5.933682990593,0.46875));
#2155 = CARTESIAN_POINT('',(5.855536007267,0.46875));
#2156 = CARTESIAN_POINT('',(5.845718530232,0.46875));
#2157 = CARTESIAN_POINT('',(5.835901053165,0.46875));
#2158 = CARTESIAN_POINT('',(5.817051497247,0.46875));
#2159 = CARTESIAN_POINT('',(5.808019418373,0.46875));
#2160 = CARTESIAN_POINT('',(5.798987339475,0.46875));
#2161 = CARTESIAN_POINT('',(5.780137783568,0.46875));
#2162 = CARTESIAN_POINT('',(5.770320306527,0.46875));
#2163 = CARTESIAN_POINT('',(5.760502829463,0.46875));
#2164 = CARTESIAN_POINT('',(5.722018321354,0.46875));
#2165 = CARTESIAN_POINT('',(5.693351286633,0.46875));
#2166 = CARTESIAN_POINT('',(5.664684251838,0.46875));
#2167 = CARTESIAN_POINT('',(5.619131160155,0.46875));
#2168 = CARTESIAN_POINT('',(5.602245099514,0.46875));
#2169 = CARTESIAN_POINT('',(5.585359038875,0.46875));
#2170 = CARTESIAN_POINT('',(5.557084705134,0.46875));
#2171 = CARTESIAN_POINT('',(5.545696431747,0.46875));
#2172 = CARTESIAN_POINT('',(5.534308158361,0.46875));
#2173 = CARTESIAN_POINT('',(5.511531611659,0.46875));
#2174 = CARTESIAN_POINT('',(5.500143338272,0.46875));
#2175 = CARTESIAN_POINT('',(5.488755064886,0.46875));
#2176 = CARTESIAN_POINT('',(5.465585819105,0.46875));
#2177 = CARTESIAN_POINT('',(5.453804846634,0.46875));
#2178 = CARTESIAN_POINT('',(5.442023874162,0.46875));
#2179 = CARTESIAN_POINT('',(5.420818123777,0.46875));
#2180 = CARTESIAN_POINT('',(5.41139334581,0.46875));
#2181 = CARTESIAN_POINT('',(5.401968567841,0.46875));
#2182 = CARTESIAN_POINT('',(5.368981845622,0.46875));
#2183 = CARTESIAN_POINT('',(5.345419900039,0.46875));
#2184 = CARTESIAN_POINT('',(5.321857954471,0.46875));
#2185 = CARTESIAN_POINT('',(5.290049329554,0.46875));
#2186 = CARTESIAN_POINT('',(5.28180264883,0.46875));
#2187 = CARTESIAN_POINT('',(5.273555968114,0.46875));
#2188 = CARTESIAN_POINT('',(5.253921014027,0.46875));
#2189 = CARTESIAN_POINT('',(5.242532740624,0.46875));
#2190 = CARTESIAN_POINT('',(5.231144467248,0.46875));
#2191 = CARTESIAN_POINT('',(5.208367920534,0.46875));
#2192 = CARTESIAN_POINT('',(5.196979647126,0.46875));
#2193 = CARTESIAN_POINT('',(5.185591373756,0.46875));
#2194 = CARTESIAN_POINT('',(5.16320752613,0.46875));
#2195 = CARTESIAN_POINT('',(5.152211951806,0.46875));
#2196 = CARTESIAN_POINT('',(5.141216377524,0.46875));
#2197 = CARTESIAN_POINT('',(5.12040332623,0.46875));
#2198 = CARTESIAN_POINT('',(5.110585849164,0.46875));
#2199 = CARTESIAN_POINT('',(5.10076837213,0.46875));
#2200 = CARTESIAN_POINT('',(5.080348019904,0.46875));
#2201 = CARTESIAN_POINT('',(5.069745144675,0.46875));
#2202 = CARTESIAN_POINT('',(5.059142269475,0.46875));
#2203 = CARTESIAN_POINT('',(5.014767277409,0.46875));
#2204 = CARTESIAN_POINT('',(4.98099515276,0.46875));
#2205 = CARTESIAN_POINT('',(4.947223027914,0.46875));
#2206 = CARTESIAN_POINT('',(4.902062637021,0.46875));
#2207 = CARTESIAN_POINT('',(4.8906743637,0.46875));
#2208 = CARTESIAN_POINT('',(4.879286090263,0.46875));
#2209 = CARTESIAN_POINT('',(4.859651136124,0.46875));
#2210 = CARTESIAN_POINT('',(4.851404455438,0.46875));
#2211 = CARTESIAN_POINT('',(4.843157774685,0.46875));
#2212 = CARTESIAN_POINT('',(4.804280568291,0.46875));
#2213 = CARTESIAN_POINT('',(4.773650037097,0.46875));
#2214 = CARTESIAN_POINT('',(4.743019504804,0.46875));
#2215 = CARTESIAN_POINT('',(4.712388980385,0.46875));
#2216 = ( GEOMETRIC_REPRESENTATION_CONTEXT(2) 
PARAMETRIC_REPRESENTATION_CONTEXT() REPRESENTATION_CONTEXT('2D SPACE',''
  ) );
#2217 = PCURVE('',#1584,#2218);
#2218 = DEFINITIONAL_REPRESENTATION('',(#2219),#2288);
#2219 = B_SPLINE_CURVE_WITH_KNOTS('',4,(#2220,#2221,#2222,#2223,#2224,
    #2225,#2226,#2227,#2228,#2229,#2230,#2231,#2232,#2233,#2234,#2235,
    #2236,#2237,#2238,#2239,#2240,#2241,#2242,#2243,#2244,#2245,#2246,
    #2247,#2248,#2249,#2250,#2251,#2252,#2253,#2254,#2255,#2256,#2257,
    #2258,#2259,#2260,#2261,#2262,#2263,#2264,#2265,#2266,#2267,#2268,
    #2269,#2270,#2271,#2272,#2273,#2274,#2275,#2276,#2277,#2278,#2279,
    #2280,#2281,#2282,#2283,#2284,#2285,#2286,#2287),.UNSPECIFIED.,.F.,
  .F.,(5,3,3,3,3,3,3,3,3,3,3,3,3,3,3,3,3,3,3,3,3,3,5),(0.,
    9.200001739671E-02,0.265999746373,0.290999756268,0.313999765168,
    0.338999774643,0.411999797236,0.454999812716,0.483999823333,
    0.512999833955,0.542999844931,0.566999853731,0.626999874148,
    0.64799988195,0.67699989284,0.705999903976,0.73399991503,
    0.758999925173,0.78599993636,0.871999961915,0.900999972941,
    0.921999980377,1.),.UNSPECIFIED.);
#2220 = CARTESIAN_POINT('',(48.266025403784,10.305849596216));
#2221 = CARTESIAN_POINT('',(48.266025403784,10.268930981209));
#2222 = CARTESIAN_POINT('',(48.26424697897,10.232012314227));
#2223 = CARTESIAN_POINT('',(48.260690160757,10.195222371382));
#2224 = CARTESIAN_POINT('',(48.245318038307,10.089592218475));
#2225 = CARTESIAN_POINT('',(48.228967208267,10.021410624341));
#2226 = CARTESIAN_POINT('',(48.206447669927,9.955010700056));
#2227 = CARTESIAN_POINT('',(48.174043543299,9.882024225215));
#2228 = CARTESIAN_POINT('',(48.169852641766,9.872908342129));
#2229 = CARTESIAN_POINT('',(48.165542762303,9.863848103807));
#2230 = CARTESIAN_POINT('',(48.157041541499,9.846563727419));
#2231 = CARTESIAN_POINT('',(48.152868300286,9.83833068675));
#2232 = CARTESIAN_POINT('',(48.14859620577,9.830148504348));
#2233 = CARTESIAN_POINT('',(48.139476212035,9.813182475812));
#2234 = CARTESIAN_POINT('',(48.134610545942,9.804408180009));
#2235 = CARTESIAN_POINT('',(48.129630431547,9.795698333082));
#2236 = CARTESIAN_POINT('',(48.109664879295,9.761817084019));
#2237 = CARTESIAN_POINT('',(48.093827902363,9.737147456667));
#2238 = CARTESIAN_POINT('',(48.077058887443,9.713101656975));
#2239 = CARTESIAN_POINT('',(48.048992773956,9.67596467775));
#2240 = CARTESIAN_POINT('',(48.038279010424,9.662432621544));
#2241 = CARTESIAN_POINT('',(48.027263216376,9.649145275853));
#2242 = CARTESIAN_POINT('',(48.008326845773,9.627323045652));
#2243 = CARTESIAN_POINT('',(48.000566233407,9.618649349375));
#2244 = CARTESIAN_POINT('',(47.992674796399,9.61009450669));
#2245 = CARTESIAN_POINT('',(47.976635821323,9.593228362856));
#2246 = CARTESIAN_POINT('',(47.968488283014,9.584917061453));
#2247 = CARTESIAN_POINT('',(47.960215468062,9.576730447728));
#2248 = CARTESIAN_POINT('',(47.94313560377,9.560334270003));
#2249 = CARTESIAN_POINT('',(47.934319969148,9.552133648722));
#2250 = CARTESIAN_POINT('',(47.925376591684,9.544072532005));
#2251 = CARTESIAN_POINT('',(47.909054617381,9.529818906814));
#2252 = CARTESIAN_POINT('',(47.901720799364,9.523575121226));
#2253 = CARTESIAN_POINT('',(47.894309092683,9.517423995373));
#2254 = CARTESIAN_POINT('',(47.868101718068,9.496224386739));
#2255 = CARTESIAN_POINT('',(47.848906441972,9.481669896818));
#2256 = CARTESIAN_POINT('',(47.829263182004,9.467725932488));
#2257 = CARTESIAN_POINT('',(47.802180133442,9.449752425028));
#2258 = CARTESIAN_POINT('',(47.795107364954,9.445169832469));
#2259 = CARTESIAN_POINT('',(47.787984632766,9.440665290876));
#2260 = CARTESIAN_POINT('',(47.770909882267,9.430127938709));
#2261 = CARTESIAN_POINT('',(47.760913724972,9.424166650634));
#2262 = CARTESIAN_POINT('',(47.750828191454,9.418357852952));
#2263 = CARTESIAN_POINT('',(47.730485408871,9.407049150355));
#2264 = CARTESIAN_POINT('',(47.720228159498,9.401549245272));
#2265 = CARTESIAN_POINT('',(47.709888570588,9.396205742424));
#2266 = CARTESIAN_POINT('',(47.68941117401,9.386013932318));
#2267 = CARTESIAN_POINT('',(47.679278702485,9.381154902961));
#2268 = CARTESIAN_POINT('',(47.669076075269,9.376444961952));
#2269 = CARTESIAN_POINT('',(47.649637433111,9.367814702396));
#2270 = CARTESIAN_POINT('',(47.64041497437,9.363863849558));
#2271 = CARTESIAN_POINT('',(47.631141584832,9.360034067517));
#2272 = CARTESIAN_POINT('',(47.611751982824,9.35232193056));
#2273 = CARTESIAN_POINT('',(47.601627694014,9.348459880342));
#2274 = CARTESIAN_POINT('',(47.591449813178,9.344741359391));
#2275 = CARTESIAN_POINT('',(47.548642044199,9.32978384325));
#2276 = CARTESIAN_POINT('',(47.515550044559,9.319867269055));
#2277 = CARTESIAN_POINT('',(47.482044690173,9.311452396113));
#2278 = CARTESIAN_POINT('',(47.436826067931,9.30223612962));
#2279 = CARTESIAN_POINT('',(47.425387820291,9.300085173761));
#2280 = CARTESIAN_POINT('',(47.413918227191,9.298108168037));
#2281 = CARTESIAN_POINT('',(47.394095879962,9.295000526515));
#2282 = CARTESIAN_POINT('',(47.385756142793,9.293786859243));
#2283 = CARTESIAN_POINT('',(47.377403564174,9.292664970841));
#2284 = CARTESIAN_POINT('',(47.337973738528,9.287809621311));
#2285 = CARTESIAN_POINT('',(47.306751559661,9.285252943522));
#2286 = CARTESIAN_POINT('',(47.275450970926,9.283974596216));
#2287 = CARTESIAN_POINT('',(47.244150403784,9.283974596216));
#2288 = ( GEOMETRIC_REPRESENTATION_CONTEXT(2) 
PARAMETRIC_REPRESENTATION_CONTEXT() REPRESENTATION_CONTEXT('2D SPACE',''
  ) );
#2289 = ORIENTED_EDGE('',*,*,#2290,.T.);
#2290 = EDGE_CURVE('',#2073,#1149,#2291,.T.);
#2291 = SURFACE_CURVE('',#2292,(#2295,#2302),.PCURVE_S1.);
#2292 = B_SPLINE_CURVE_WITH_KNOTS('',1,(#2293,#2294),.UNSPECIFIED.,.F.,
  .F.,(2,2),(0.,1.),.PIECEWISE_BEZIER_KNOTS.);
#2293 = CARTESIAN_POINT('',(23.4,175.9,39.3));
#2294 = CARTESIAN_POINT('',(25.247520861407,174.95247913859,42.5));
#2295 = PCURVE('',#1385,#2296);
#2296 = DEFINITIONAL_REPRESENTATION('',(#2297),#2301);
#2297 = LINE('',#2298,#2299);
#2298 = CARTESIAN_POINT('',(6.28318530718,0.));
#2299 = VECTOR('',#2300,1.);
#2300 = DIRECTION('',(0.,1.));
#2301 = ( GEOMETRIC_REPRESENTATION_CONTEXT(2) 
PARAMETRIC_REPRESENTATION_CONTEXT() REPRESENTATION_CONTEXT('2D SPACE',''
  ) );
#2302 = PCURVE('',#1162,#2303);
#2303 = DEFINITIONAL_REPRESENTATION('',(#2304),#2308);
#2304 = LINE('',#2305,#2306);
#2305 = CARTESIAN_POINT('',(-2.047520861407,0.));
#2306 = VECTOR('',#2307,1.);
#2307 = DIRECTION('',(0.,1.));
#2308 = ( GEOMETRIC_REPRESENTATION_CONTEXT(2) 
PARAMETRIC_REPRESENTATION_CONTEXT() REPRESENTATION_CONTEXT('2D SPACE',''
  ) );
#2309 = ORIENTED_EDGE('',*,*,#1173,.T.);
#2310 = ADVANCED_FACE('',(#2311),#1162,.F.);
#2311 = FACE_BOUND('',#2312,.F.);
#2312 = EDGE_LOOP('',(#2313,#2314,#2334,#2354));
#2313 = ORIENTED_EDGE('',*,*,#2290,.F.);
#2314 = ORIENTED_EDGE('',*,*,#2315,.F.);
#2315 = EDGE_CURVE('',#2316,#2073,#2318,.T.);
#2316 = VERTEX_POINT('',#2317);
#2317 = CARTESIAN_POINT('',(24.266025403784,178.54415040378,40.8));
#2318 = SURFACE_CURVE('',#2319,(#2322,#2328),.PCURVE_S1.);
#2319 = B_SPLINE_CURVE_WITH_KNOTS('',1,(#2320,#2321),.UNSPECIFIED.,.F.,
  .F.,(2,2),(0.,1.),.PIECEWISE_BEZIER_KNOTS.);
#2320 = CARTESIAN_POINT('',(24.266025403784,178.54415040378,40.8));
#2321 = CARTESIAN_POINT('',(24.266025403784,175.45584959621,40.8));
#2322 = PCURVE('',#1162,#2323);
#2323 = DEFINITIONAL_REPRESENTATION('',(#2324),#2327);
#2324 = B_SPLINE_CURVE_WITH_KNOTS('',1,(#2325,#2326),.UNSPECIFIED.,.F.,
  .F.,(2,2),(0.,1.),.PIECEWISE_BEZIER_KNOTS.);
#2325 = CARTESIAN_POINT('',(2.047520861407,0.46875));
#2326 = CARTESIAN_POINT('',(-2.047520861407,0.46875));
#2327 = ( GEOMETRIC_REPRESENTATION_CONTEXT(2) 
PARAMETRIC_REPRESENTATION_CONTEXT() REPRESENTATION_CONTEXT('2D SPACE',''
  ) );
#2328 = PCURVE('',#1584,#2329);
#2329 = DEFINITIONAL_REPRESENTATION('',(#2330),#2333);
#2330 = B_SPLINE_CURVE_WITH_KNOTS('',1,(#2331,#2332),.UNSPECIFIED.,.F.,
  .F.,(2,2),(0.,1.),.PIECEWISE_BEZIER_KNOTS.);
#2331 = CARTESIAN_POINT('',(48.266025403784,13.394150403784));
#2332 = CARTESIAN_POINT('',(48.266025403784,10.305849596216));
#2333 = ( GEOMETRIC_REPRESENTATION_CONTEXT(2) 
PARAMETRIC_REPRESENTATION_CONTEXT() REPRESENTATION_CONTEXT('2D SPACE',''
  ) );
#2334 = ORIENTED_EDGE('',*,*,#2335,.T.);
#2335 = EDGE_CURVE('',#2316,#822,#2336,.T.);
#2336 = SURFACE_CURVE('',#2337,(#2340,#2347),.PCURVE_S1.);
#2337 = B_SPLINE_CURVE_WITH_KNOTS('',1,(#2338,#2339),.UNSPECIFIED.,.F.,
  .F.,(2,2),(0.,1.),.PIECEWISE_BEZIER_KNOTS.);
#2338 = CARTESIAN_POINT('',(23.4,178.1,39.3));
#2339 = CARTESIAN_POINT('',(25.247520861407,179.0475208614,42.5));
#2340 = PCURVE('',#1162,#2341);
#2341 = DEFINITIONAL_REPRESENTATION('',(#2342),#2346);
#2342 = LINE('',#2343,#2344);
#2343 = CARTESIAN_POINT('',(2.047520861407,0.));
#2344 = VECTOR('',#2345,1.);
#2345 = DIRECTION('',(0.,1.));
#2346 = ( GEOMETRIC_REPRESENTATION_CONTEXT(2) 
PARAMETRIC_REPRESENTATION_CONTEXT() REPRESENTATION_CONTEXT('2D SPACE',''
  ) );
#2347 = PCURVE('',#1027,#2348);
#2348 = DEFINITIONAL_REPRESENTATION('',(#2349),#2353);
#2349 = LINE('',#2350,#2351);
#2350 = CARTESIAN_POINT('',(0.,0.));
#2351 = VECTOR('',#2352,1.);
#2352 = DIRECTION('',(0.,1.));
#2353 = ( GEOMETRIC_REPRESENTATION_CONTEXT(2) 
PARAMETRIC_REPRESENTATION_CONTEXT() REPRESENTATION_CONTEXT('2D SPACE',''
  ) );
#2354 = ORIENTED_EDGE('',*,*,#1148,.T.);
#2355 = ADVANCED_FACE('',(#2356),#1027,.F.);
#2356 = FACE_BOUND('',#2357,.F.);
#2357 = EDGE_LOOP('',(#2358,#2359,#2595,#2615));
#2358 = ORIENTED_EDGE('',*,*,#2335,.F.);
#2359 = ORIENTED_EDGE('',*,*,#2360,.F.);
#2360 = EDGE_CURVE('',#2361,#2316,#2363,.T.);
#2361 = VERTEX_POINT('',#2362);
#2362 = CARTESIAN_POINT('',(23.244150403784,179.56602540378,40.8));
#2363 = SURFACE_CURVE('',#2364,(#2439,#2517),.PCURVE_S1.);
#2364 = B_SPLINE_CURVE_WITH_KNOTS('',4,(#2365,#2366,#2367,#2368,#2369,
    #2370,#2371,#2372,#2373,#2374,#2375,#2376,#2377,#2378,#2379,#2380,
    #2381,#2382,#2383,#2384,#2385,#2386,#2387,#2388,#2389,#2390,#2391,
    #2392,#2393,#2394,#2395,#2396,#2397,#2398,#2399,#2400,#2401,#2402,
    #2403,#2404,#2405,#2406,#2407,#2408,#2409,#2410,#2411,#2412,#2413,
    #2414,#2415,#2416,#2417,#2418,#2419,#2420,#2421,#2422,#2423,#2424,
    #2425,#2426,#2427,#2428,#2429,#2430,#2431,#2432,#2433,#2434,#2435,
    #2436,#2437,#2438),.UNSPECIFIED.,.F.,.F.,(5,3,3,3,3,3,3,3,3,3,3,3,3,
    3,3,3,3,3,3,3,3,3,3,3,5),(0.,7.700001391432E-02,0.106000022083,
    0.128000028906,0.182000046118,0.222000059731,0.251000069495,
    0.280000078945,0.307000087458,0.332000095125,0.361000103796,
    0.382000110008,0.404000116467,0.432000124635,0.455000131358,
    0.484000139815,0.513000148277,0.542000156735,0.570000164899,
    0.593000171625,0.685000184896,0.712000193325,0.736000201061,
    0.900999993847,1.),.UNSPECIFIED.);
#2365 = CARTESIAN_POINT('',(23.244150403784,179.56602540378,40.8));
#2366 = CARTESIAN_POINT('',(23.275049681723,179.56602540378,40.8));
#2367 = CARTESIAN_POINT('',(23.305948979795,179.56477962452,40.8));
#2368 = CARTESIAN_POINT('',(23.336772847627,179.56228808207,40.8));
#2369 = CARTESIAN_POINT('',(23.378998755032,179.55715574672,40.8));
#2370 = CARTESIAN_POINT('',(23.390529806302,179.55557620212,40.8));
#2371 = CARTESIAN_POINT('',(23.402035540921,179.5538217283,40.8));
#2372 = CARTESIAN_POINT('',(23.422218260087,179.55042981337,40.8));
#2373 = CARTESIAN_POINT('',(23.430907676783,179.54886634557,40.8));
#2374 = CARTESIAN_POINT('',(23.439578505937,179.54720288021,40.8));
#2375 = CARTESIAN_POINT('',(23.469462119335,179.54111212974,40.8));
#2376 = CARTESIAN_POINT('',(23.490572856417,179.53618414003,40.8));
#2377 = CARTESIAN_POINT('',(23.511535755836,179.53066099242,40.8));
#2378 = CARTESIAN_POINT('',(23.547725951158,179.5200233725,40.8));
#2379 = CARTESIAN_POINT('',(23.563031229465,179.51517418687,40.8));
#2380 = CARTESIAN_POINT('',(23.578231565658,179.51000544191,40.8));
#2381 = CARTESIAN_POINT('',(23.604253991054,179.50054434438,40.8));
#2382 = CARTESIAN_POINT('',(23.615130573343,179.49640187004,40.8));
#2383 = CARTESIAN_POINT('',(23.625942993171,179.49209470013,40.8));
#2384 = CARTESIAN_POINT('',(23.647432074176,179.48315406195,40.8));
#2385 = CARTESIAN_POINT('',(23.658108735677,179.47852059354,40.8));
#2386 = CARTESIAN_POINT('',(23.668713801436,179.47372552216,40.8));
#2387 = CARTESIAN_POINT('',(23.689047261334,179.46415732298,40.8));
#2388 = CARTESIAN_POINT('',(23.69878567556,179.45940548823,40.8));
#2389 = CARTESIAN_POINT('',(23.708455932037,179.45451644088,40.8));
#2390 = CARTESIAN_POINT('',(23.726943319484,179.4448391383,40.8));
#2391 = CARTESIAN_POINT('',(23.735770584705,179.44007024294,40.8));
#2392 = CARTESIAN_POINT('',(23.74453466334,179.43518619755,40.8));
#2393 = CARTESIAN_POINT('',(23.763323760139,179.42439071064,40.8));
#2394 = CARTESIAN_POINT('',(23.773326168476,179.41843991715,40.8));
#2395 = CARTESIAN_POINT('',(23.78323705383,179.41233791202,40.8));
#2396 = CARTESIAN_POINT('',(23.800161134558,179.40156023212,40.8));
#2397 = CARTESIAN_POINT('',(23.807219475589,179.3969554487,40.8));
#2398 = CARTESIAN_POINT('',(23.81422675454,179.39227332846,40.8));
#2399 = CARTESIAN_POINT('',(23.828467853743,179.38252954082,40.8));
#2400 = CARTESIAN_POINT('',(23.835696572223,179.37746041675,40.8));
#2401 = CARTESIAN_POINT('',(23.842866415037,179.37230835469,40.8));
#2402 = CARTESIAN_POINT('',(23.859024487572,179.3604129952,40.8));
#2403 = CARTESIAN_POINT('',(23.867975347081,179.35361893561,40.8));
#2404 = CARTESIAN_POINT('',(23.876825627634,179.34669436589,40.8));
#2405 = CARTESIAN_POINT('',(23.892757446596,179.33384818446,40.8));
#2406 = CARTESIAN_POINT('',(23.899872616359,179.32796828199,40.8));
#2407 = CARTESIAN_POINT('',(23.906916454697,179.32200311348,40.8));
#2408 = CARTESIAN_POINT('',(23.922676954349,179.30832684577,40.8));
#2409 = CARTESIAN_POINT('',(23.931350650625,179.3005662334,40.8));
#2410 = CARTESIAN_POINT('',(23.93990549331,179.29267479639,40.8));
#2411 = CARTESIAN_POINT('',(23.956771637144,179.27663582132,40.8));
#2412 = CARTESIAN_POINT('',(23.965082938547,179.26848828301,40.8));
#2413 = CARTESIAN_POINT('',(23.973269552272,179.26021546806,40.8));
#2414 = CARTESIAN_POINT('',(23.989387828682,179.24342509299,40.8));
#2415 = CARTESIAN_POINT('',(23.997319491608,179.23490753262,40.8));
#2416 = CARTESIAN_POINT('',(24.005120891431,179.22627050349,40.8));
#2417 = CARTESIAN_POINT('',(24.020193428938,179.20906540746,40.8));
#2418 = CARTESIAN_POINT('',(24.02747357539,179.20050523227,40.8));
#2419 = CARTESIAN_POINT('',(24.034627427173,179.19183923341,40.8));
#2420 = CARTESIAN_POINT('',(24.047423494053,179.1758671357,40.8));
#2421 = CARTESIAN_POINT('',(24.053107524096,179.16859453669,40.8));
#2422 = CARTESIAN_POINT('',(24.058703553345,179.16125400874,40.8));
#2423 = CARTESIAN_POINT('',(24.086237701583,179.12421978622,40.8));
#2424 = CARTESIAN_POINT('',(24.106837868723,179.09353128318,40.8));
#2425 = CARTESIAN_POINT('',(24.125934056054,179.06188500762,40.8));
#2426 = CARTESIAN_POINT('',(24.148610080069,179.01985896813,40.8));
#2427 = CARTESIAN_POINT('',(24.153620258409,179.0102509113,40.8));
#2428 = CARTESIAN_POINT('',(24.15849409146,179.00057297789,40.8));
#2429 = CARTESIAN_POINT('',(24.167439997074,178.98216596707,40.8));
#2430 = CARTESIAN_POINT('',(24.171540983432,178.97345094172,40.8));
#2431 = CARTESIAN_POINT('',(24.17553212085,178.96468506591,40.8));
#2432 = CARTESIAN_POINT('',(24.206089986179,178.89526988717,40.8));
#2433 = CARTESIAN_POINT('',(24.227532308682,178.8323635896,40.8));
#2434 = CARTESIAN_POINT('',(24.243439063005,178.7678349097,40.8));
#2435 = CARTESIAN_POINT('',(24.259847392812,178.66317302752,40.8));
#2436 = CARTESIAN_POINT('',(24.263966052717,178.62360575606,40.8));
#2437 = CARTESIAN_POINT('',(24.266025403784,178.58387804183,40.8));
#2438 = CARTESIAN_POINT('',(24.266025403784,178.54415040378,40.8));
#2439 = PCURVE('',#1027,#2440);
#2440 = DEFINITIONAL_REPRESENTATION('',(#2441),#2516);
#2441 = B_SPLINE_CURVE_WITH_KNOTS('',4,(#2442,#2443,#2444,#2445,#2446,
    #2447,#2448,#2449,#2450,#2451,#2452,#2453,#2454,#2455,#2456,#2457,
    #2458,#2459,#2460,#2461,#2462,#2463,#2464,#2465,#2466,#2467,#2468,
    #2469,#2470,#2471,#2472,#2473,#2474,#2475,#2476,#2477,#2478,#2479,
    #2480,#2481,#2482,#2483,#2484,#2485,#2486,#2487,#2488,#2489,#2490,
    #2491,#2492,#2493,#2494,#2495,#2496,#2497,#2498,#2499,#2500,#2501,
    #2502,#2503,#2504,#2505,#2506,#2507,#2508,#2509,#2510,#2511,#2512,
    #2513,#2514,#2515),.UNSPECIFIED.,.F.,.F.,(5,3,3,3,3,3,3,3,3,3,3,3,3,
    3,3,3,3,3,3,3,3,3,3,3,5),(0.,7.700001391432E-02,0.106000022083,
    0.128000028906,0.182000046118,0.222000059731,0.251000069495,
    0.280000078945,0.307000087458,0.332000095125,0.361000103796,
    0.382000110008,0.404000116467,0.432000124635,0.455000131358,
    0.484000139815,0.513000148277,0.542000156735,0.570000164899,
    0.593000171625,0.685000184896,0.712000193325,0.736000201061,
    0.900999993847,1.),.UNSPECIFIED.);
#2442 = CARTESIAN_POINT('',(1.570796326795,0.46875));
#2443 = CARTESIAN_POINT('',(1.540558501289,0.46875));
#2444 = CARTESIAN_POINT('',(1.51032066829,0.46875));
#2445 = CARTESIAN_POINT('',(1.480082836318,0.46875));
#2446 = CARTESIAN_POINT('',(1.438456736093,0.46875));
#2447 = CARTESIAN_POINT('',(1.427068462641,0.46875));
#2448 = CARTESIAN_POINT('',(1.415680189321,0.46875));
#2449 = CARTESIAN_POINT('',(1.395652536265,0.46875));
#2450 = CARTESIAN_POINT('',(1.387013156436,0.46875));
#2451 = CARTESIAN_POINT('',(1.378373776669,0.46875));
#2452 = CARTESIAN_POINT('',(1.3485286466,0.46875));
#2453 = CARTESIAN_POINT('',(1.327322895782,0.46875));
#2454 = CARTESIAN_POINT('',(1.306117145142,0.46875));
#2455 = CARTESIAN_POINT('',(1.269203432147,0.46875));
#2456 = CARTESIAN_POINT('',(1.253495468826,0.46875));
#2457 = CARTESIAN_POINT('',(1.237787505477,0.46875));
#2458 = CARTESIAN_POINT('',(1.210691268946,0.46875));
#2459 = CARTESIAN_POINT('',(1.199302995582,0.46875));
#2460 = CARTESIAN_POINT('',(1.187914722179,0.46875));
#2461 = CARTESIAN_POINT('',(1.165138175483,0.46875));
#2462 = CARTESIAN_POINT('',(1.153749902119,0.46875));
#2463 = CARTESIAN_POINT('',(1.14236162871,0.46875));
#2464 = CARTESIAN_POINT('',(1.120370480154,0.46875));
#2465 = CARTESIAN_POINT('',(1.109767604952,0.46875));
#2466 = CARTESIAN_POINT('',(1.099164729715,0.46875));
#2467 = CARTESIAN_POINT('',(1.078744377474,0.46875));
#2468 = CARTESIAN_POINT('',(1.068926900434,0.46875));
#2469 = CARTESIAN_POINT('',(1.059109423369,0.46875));
#2470 = CARTESIAN_POINT('',(1.037903672985,0.46875));
#2471 = CARTESIAN_POINT('',(1.026515399608,0.46875));
#2472 = CARTESIAN_POINT('',(1.015127126206,0.46875));
#2473 = CARTESIAN_POINT('',(0.995492172122,0.46875));
#2474 = CARTESIAN_POINT('',(0.987245491406,0.46875));
#2475 = CARTESIAN_POINT('',(0.978998810682,0.46875));
#2476 = CARTESIAN_POINT('',(0.962112750174,0.46875));
#2477 = CARTESIAN_POINT('',(0.953473370373,0.46875));
#2478 = CARTESIAN_POINT('',(0.944833990569,0.46875));
#2479 = CARTESIAN_POINT('',(0.925199036501,0.46875));
#2480 = CARTESIAN_POINT('',(0.914203462199,0.46875));
#2481 = CARTESIAN_POINT('',(0.903207887895,0.46875));
#2482 = CARTESIAN_POINT('',(0.883180234746,0.46875));
#2483 = CARTESIAN_POINT('',(0.874148155861,0.46875));
#2484 = CARTESIAN_POINT('',(0.865116076976,0.46875));
#2485 = CARTESIAN_POINT('',(0.84469572475,0.46875));
#2486 = CARTESIAN_POINT('',(0.833307451362,0.46875));
#2487 = CARTESIAN_POINT('',(0.821919177976,0.46875));
#2488 = CARTESIAN_POINT('',(0.799142631274,0.46875));
#2489 = CARTESIAN_POINT('',(0.787754357888,0.46875));
#2490 = CARTESIAN_POINT('',(0.776366084501,0.46875));
#2491 = CARTESIAN_POINT('',(0.753589537799,0.46875));
#2492 = CARTESIAN_POINT('',(0.742201264413,0.46875));
#2493 = CARTESIAN_POINT('',(0.730812991026,0.46875));
#2494 = CARTESIAN_POINT('',(0.7084291434,0.46875));
#2495 = CARTESIAN_POINT('',(0.697433569098,0.46875));
#2496 = CARTESIAN_POINT('',(0.686437994795,0.46875));
#2497 = CARTESIAN_POINT('',(0.666410341647,0.46875));
#2498 = CARTESIAN_POINT('',(0.657378262761,0.46875));
#2499 = CARTESIAN_POINT('',(0.648346183877,0.46875));
#2500 = CARTESIAN_POINT('',(0.603185794874,0.46875));
#2501 = CARTESIAN_POINT('',(0.567057473605,0.46875));
#2502 = CARTESIAN_POINT('',(0.530929152517,0.46875));
#2503 = CARTESIAN_POINT('',(0.484197967697,0.46875));
#2504 = CARTESIAN_POINT('',(0.47359509246,0.46875));
#2505 = CARTESIAN_POINT('',(0.462992217258,0.46875));
#2506 = CARTESIAN_POINT('',(0.442964564118,0.46875));
#2507 = CARTESIAN_POINT('',(0.433539786135,0.46875));
#2508 = CARTESIAN_POINT('',(0.424115008183,0.46875));
#2509 = CARTESIAN_POINT('',(0.349894984409,0.46875));
#2510 = CARTESIAN_POINT('',(0.285099534588,0.46875));
#2511 = CARTESIAN_POINT('',(0.220304084158,0.46875));
#2512 = CARTESIAN_POINT('',(0.11663163643,0.46875));
#2513 = CARTESIAN_POINT('',(7.775441945224E-02,0.46875));
#2514 = CARTESIAN_POINT('',(3.887719931367E-02,0.46875));
#2515 = CARTESIAN_POINT('',(0.,0.46875));
#2516 = ( GEOMETRIC_REPRESENTATION_CONTEXT(2) 
PARAMETRIC_REPRESENTATION_CONTEXT() REPRESENTATION_CONTEXT('2D SPACE',''
  ) );
#2517 = PCURVE('',#1584,#2518);
#2518 = DEFINITIONAL_REPRESENTATION('',(#2519),#2594);
#2519 = B_SPLINE_CURVE_WITH_KNOTS('',4,(#2520,#2521,#2522,#2523,#2524,
    #2525,#2526,#2527,#2528,#2529,#2530,#2531,#2532,#2533,#2534,#2535,
    #2536,#2537,#2538,#2539,#2540,#2541,#2542,#2543,#2544,#2545,#2546,
    #2547,#2548,#2549,#2550,#2551,#2552,#2553,#2554,#2555,#2556,#2557,
    #2558,#2559,#2560,#2561,#2562,#2563,#2564,#2565,#2566,#2567,#2568,
    #2569,#2570,#2571,#2572,#2573,#2574,#2575,#2576,#2577,#2578,#2579,
    #2580,#2581,#2582,#2583,#2584,#2585,#2586,#2587,#2588,#2589,#2590,
    #2591,#2592,#2593),.UNSPECIFIED.,.F.,.F.,(5,3,3,3,3,3,3,3,3,3,3,3,3,
    3,3,3,3,3,3,3,3,3,3,3,5),(0.,7.700001391432E-02,0.106000022083,
    0.128000028906,0.182000046118,0.222000059731,0.251000069495,
    0.280000078945,0.307000087458,0.332000095125,0.361000103796,
    0.382000110008,0.404000116467,0.432000124635,0.455000131358,
    0.484000139815,0.513000148277,0.542000156735,0.570000164899,
    0.593000171625,0.685000184896,0.712000193325,0.736000201061,
    0.900999993847,1.),.UNSPECIFIED.);
#2520 = CARTESIAN_POINT('',(47.244150403784,14.416025403784));
#2521 = CARTESIAN_POINT('',(47.275049681723,14.416025403784));
#2522 = CARTESIAN_POINT('',(47.305948979795,14.414779624528));
#2523 = CARTESIAN_POINT('',(47.336772847627,14.41228808207));
#2524 = CARTESIAN_POINT('',(47.378998755032,14.407155746723));
#2525 = CARTESIAN_POINT('',(47.390529806302,14.405576202127));
#2526 = CARTESIAN_POINT('',(47.402035540921,14.403821728303));
#2527 = CARTESIAN_POINT('',(47.422218260087,14.400429813377));
#2528 = CARTESIAN_POINT('',(47.430907676783,14.398866345571));
#2529 = CARTESIAN_POINT('',(47.439578505937,14.397202880219));
#2530 = CARTESIAN_POINT('',(47.469462119335,14.391112129745));
#2531 = CARTESIAN_POINT('',(47.490572856417,14.386184140033));
#2532 = CARTESIAN_POINT('',(47.511535755836,14.38066099242));
#2533 = CARTESIAN_POINT('',(47.547725951158,14.370023372503));
#2534 = CARTESIAN_POINT('',(47.563031229465,14.365174186871));
#2535 = CARTESIAN_POINT('',(47.578231565658,14.360005441915));
#2536 = CARTESIAN_POINT('',(47.604253991054,14.350544344388));
#2537 = CARTESIAN_POINT('',(47.615130573343,14.346401870043));
#2538 = CARTESIAN_POINT('',(47.625942993171,14.342094700137));
#2539 = CARTESIAN_POINT('',(47.647432074176,14.333154061954));
#2540 = CARTESIAN_POINT('',(47.658108735677,14.328520593546));
#2541 = CARTESIAN_POINT('',(47.668713801436,14.323725522168));
#2542 = CARTESIAN_POINT('',(47.689047261334,14.314157322983));
#2543 = CARTESIAN_POINT('',(47.69878567556,14.309405488239));
#2544 = CARTESIAN_POINT('',(47.708455932037,14.304516440889));
#2545 = CARTESIAN_POINT('',(47.726943319484,14.294839138301));
#2546 = CARTESIAN_POINT('',(47.735770584705,14.290070242947));
#2547 = CARTESIAN_POINT('',(47.74453466334,14.285186197557));
#2548 = CARTESIAN_POINT('',(47.763323760139,14.274390710646));
#2549 = CARTESIAN_POINT('',(47.773326168476,14.268439917157));
#2550 = CARTESIAN_POINT('',(47.78323705383,14.262337912026));
#2551 = CARTESIAN_POINT('',(47.800161134558,14.25156023212));
#2552 = CARTESIAN_POINT('',(47.807219475589,14.246955448704));
#2553 = CARTESIAN_POINT('',(47.81422675454,14.24227332846));
#2554 = CARTESIAN_POINT('',(47.828467853743,14.232529540821));
#2555 = CARTESIAN_POINT('',(47.835696572223,14.227460416758));
#2556 = CARTESIAN_POINT('',(47.842866415037,14.22230835469));
#2557 = CARTESIAN_POINT('',(47.859024487572,14.210412995208));
#2558 = CARTESIAN_POINT('',(47.867975347081,14.203618935615));
#2559 = CARTESIAN_POINT('',(47.876825627634,14.196694365896));
#2560 = CARTESIAN_POINT('',(47.892757446596,14.183848184462));
#2561 = CARTESIAN_POINT('',(47.899872616359,14.17796828199));
#2562 = CARTESIAN_POINT('',(47.906916454697,14.172003113484));
#2563 = CARTESIAN_POINT('',(47.922676954349,14.158326845773));
#2564 = CARTESIAN_POINT('',(47.931350650625,14.150566233407));
#2565 = CARTESIAN_POINT('',(47.93990549331,14.142674796399));
#2566 = CARTESIAN_POINT('',(47.956771637144,14.126635821323));
#2567 = CARTESIAN_POINT('',(47.965082938547,14.118488283014));
#2568 = CARTESIAN_POINT('',(47.973269552272,14.110215468062));
#2569 = CARTESIAN_POINT('',(47.989387828682,14.093425092993));
#2570 = CARTESIAN_POINT('',(47.997319491608,14.084907532624));
#2571 = CARTESIAN_POINT('',(48.005120891431,14.076270503492));
#2572 = CARTESIAN_POINT('',(48.020193428938,14.059065407462));
#2573 = CARTESIAN_POINT('',(48.02747357539,14.050505232275));
#2574 = CARTESIAN_POINT('',(48.034627427173,14.041839233414));
#2575 = CARTESIAN_POINT('',(48.047423494053,14.025867135703));
#2576 = CARTESIAN_POINT('',(48.053107524096,14.018594536695));
#2577 = CARTESIAN_POINT('',(48.058703553345,14.011254008748));
#2578 = CARTESIAN_POINT('',(48.086237701583,13.974219786225));
#2579 = CARTESIAN_POINT('',(48.106837868723,13.943531283189));
#2580 = CARTESIAN_POINT('',(48.125934056054,13.911885007626));
#2581 = CARTESIAN_POINT('',(48.148610080069,13.86985896813));
#2582 = CARTESIAN_POINT('',(48.153620258409,13.860250911303));
#2583 = CARTESIAN_POINT('',(48.15849409146,13.850572977892));
#2584 = CARTESIAN_POINT('',(48.167439997074,13.832165967074));
#2585 = CARTESIAN_POINT('',(48.171540983432,13.823450941722));
#2586 = CARTESIAN_POINT('',(48.17553212085,13.814685065915));
#2587 = CARTESIAN_POINT('',(48.206089986179,13.745269887175));
#2588 = CARTESIAN_POINT('',(48.227532308682,13.6823635896));
#2589 = CARTESIAN_POINT('',(48.243439063005,13.617834909709));
#2590 = CARTESIAN_POINT('',(48.259847392812,13.51317302752));
#2591 = CARTESIAN_POINT('',(48.263966052717,13.473605756065));
#2592 = CARTESIAN_POINT('',(48.266025403784,13.433878041833));
#2593 = CARTESIAN_POINT('',(48.266025403784,13.394150403784));
#2594 = ( GEOMETRIC_REPRESENTATION_CONTEXT(2) 
PARAMETRIC_REPRESENTATION_CONTEXT() REPRESENTATION_CONTEXT('2D SPACE',''
  ) );
#2595 = ORIENTED_EDGE('',*,*,#2596,.T.);
#2596 = EDGE_CURVE('',#2361,#797,#2597,.T.);
#2597 = SURFACE_CURVE('',#2598,(#2601,#2608),.PCURVE_S1.);
#2598 = B_SPLINE_CURVE_WITH_KNOTS('',1,(#2599,#2600),.UNSPECIFIED.,.F.,
  .F.,(2,2),(0.,1.),.PIECEWISE_BEZIER_KNOTS.);
#2599 = CARTESIAN_POINT('',(22.8,178.7,39.3));
#2600 = CARTESIAN_POINT('',(23.747520861407,180.5475208614,42.5));
#2601 = PCURVE('',#1027,#2602);
#2602 = DEFINITIONAL_REPRESENTATION('',(#2603),#2607);
#2603 = LINE('',#2604,#2605);
#2604 = CARTESIAN_POINT('',(1.570796326795,0.));
#2605 = VECTOR('',#2606,1.);
#2606 = DIRECTION('',(0.,1.));
#2607 = ( GEOMETRIC_REPRESENTATION_CONTEXT(2) 
PARAMETRIC_REPRESENTATION_CONTEXT() REPRESENTATION_CONTEXT('2D SPACE',''
  ) );
#2608 = PCURVE('',#810,#2609);
#2609 = DEFINITIONAL_REPRESENTATION('',(#2610),#2614);
#2610 = LINE('',#2611,#2612);
#2611 = CARTESIAN_POINT('',(-3.747520861407,0.));
#2612 = VECTOR('',#2613,1.);
#2613 = DIRECTION('',(0.,1.));
#2614 = ( GEOMETRIC_REPRESENTATION_CONTEXT(2) 
PARAMETRIC_REPRESENTATION_CONTEXT() REPRESENTATION_CONTEXT('2D SPACE',''
  ) );
#2615 = ORIENTED_EDGE('',*,*,#821,.T.);
#2616 = ADVANCED_FACE('',(#2617),#810,.F.);
#2617 = FACE_BOUND('',#2618,.F.);
#2618 = EDGE_LOOP('',(#2619,#2639,#2659,#2660));
#2619 = ORIENTED_EDGE('',*,*,#2620,.F.);
#2620 = EDGE_CURVE('',#2621,#2361,#2623,.T.);
#2621 = VERTEX_POINT('',#2622);
#2622 = CARTESIAN_POINT('',(16.755849596216,179.56602540378,40.8));
#2623 = SURFACE_CURVE('',#2624,(#2627,#2633),.PCURVE_S1.);
#2624 = B_SPLINE_CURVE_WITH_KNOTS('',1,(#2625,#2626),.UNSPECIFIED.,.F.,
  .F.,(2,2),(0.,1.),.PIECEWISE_BEZIER_KNOTS.);
#2625 = CARTESIAN_POINT('',(16.755849596216,179.56602540378,40.8));
#2626 = CARTESIAN_POINT('',(23.244150403784,179.56602540378,40.8));
#2627 = PCURVE('',#810,#2628);
#2628 = DEFINITIONAL_REPRESENTATION('',(#2629),#2632);
#2629 = B_SPLINE_CURVE_WITH_KNOTS('',1,(#2630,#2631),.UNSPECIFIED.,.F.,
  .F.,(2,2),(0.,1.),.PIECEWISE_BEZIER_KNOTS.);
#2630 = CARTESIAN_POINT('',(3.747520861407,0.46875));
#2631 = CARTESIAN_POINT('',(-3.747520861407,0.46875));
#2632 = ( GEOMETRIC_REPRESENTATION_CONTEXT(2) 
PARAMETRIC_REPRESENTATION_CONTEXT() REPRESENTATION_CONTEXT('2D SPACE',''
  ) );
#2633 = PCURVE('',#1584,#2634);
#2634 = DEFINITIONAL_REPRESENTATION('',(#2635),#2638);
#2635 = B_SPLINE_CURVE_WITH_KNOTS('',1,(#2636,#2637),.UNSPECIFIED.,.F.,
  .F.,(2,2),(0.,1.),.PIECEWISE_BEZIER_KNOTS.);
#2636 = CARTESIAN_POINT('',(40.755849596216,14.416025403784));
#2637 = CARTESIAN_POINT('',(47.244150403784,14.416025403784));
#2638 = ( GEOMETRIC_REPRESENTATION_CONTEXT(2) 
PARAMETRIC_REPRESENTATION_CONTEXT() REPRESENTATION_CONTEXT('2D SPACE',''
  ) );
#2639 = ORIENTED_EDGE('',*,*,#2640,.T.);
#2640 = EDGE_CURVE('',#2621,#479,#2641,.T.);
#2641 = SURFACE_CURVE('',#2642,(#2645,#2652),.PCURVE_S1.);
#2642 = B_SPLINE_CURVE_WITH_KNOTS('',1,(#2643,#2644),.UNSPECIFIED.,.F.,
  .F.,(2,2),(0.,1.),.PIECEWISE_BEZIER_KNOTS.);
#2643 = CARTESIAN_POINT('',(17.2,178.7,39.3));
#2644 = CARTESIAN_POINT('',(16.252479138593,180.5475208614,42.5));
#2645 = PCURVE('',#810,#2646);
#2646 = DEFINITIONAL_REPRESENTATION('',(#2647),#2651);
#2647 = LINE('',#2648,#2649);
#2648 = CARTESIAN_POINT('',(3.747520861407,0.));
#2649 = VECTOR('',#2650,1.);
#2650 = DIRECTION('',(0.,1.));
#2651 = ( GEOMETRIC_REPRESENTATION_CONTEXT(2) 
PARAMETRIC_REPRESENTATION_CONTEXT() REPRESENTATION_CONTEXT('2D SPACE',''
  ) );
#2652 = PCURVE('',#678,#2653);
#2653 = DEFINITIONAL_REPRESENTATION('',(#2654),#2658);
#2654 = LINE('',#2655,#2656);
#2655 = CARTESIAN_POINT('',(1.570796326795,0.));
#2656 = VECTOR('',#2657,1.);
#2657 = DIRECTION('',(0.,1.));
#2658 = ( GEOMETRIC_REPRESENTATION_CONTEXT(2) 
PARAMETRIC_REPRESENTATION_CONTEXT() REPRESENTATION_CONTEXT('2D SPACE',''
  ) );
#2659 = ORIENTED_EDGE('',*,*,#796,.T.);
#2660 = ORIENTED_EDGE('',*,*,#2596,.F.);
#2661 = ADVANCED_FACE('',(#2662),#678,.F.);
#2662 = FACE_BOUND('',#2663,.F.);
#2663 = EDGE_LOOP('',(#2664,#2665,#2901,#2921));
#2664 = ORIENTED_EDGE('',*,*,#2640,.F.);
#2665 = ORIENTED_EDGE('',*,*,#2666,.F.);
#2666 = EDGE_CURVE('',#2667,#2621,#2669,.T.);
#2667 = VERTEX_POINT('',#2668);
#2668 = CARTESIAN_POINT('',(15.733974596216,178.54415040378,40.8));
#2669 = SURFACE_CURVE('',#2670,(#2745,#2823),.PCURVE_S1.);
#2670 = B_SPLINE_CURVE_WITH_KNOTS('',4,(#2671,#2672,#2673,#2674,#2675,
    #2676,#2677,#2678,#2679,#2680,#2681,#2682,#2683,#2684,#2685,#2686,
    #2687,#2688,#2689,#2690,#2691,#2692,#2693,#2694,#2695,#2696,#2697,
    #2698,#2699,#2700,#2701,#2702,#2703,#2704,#2705,#2706,#2707,#2708,
    #2709,#2710,#2711,#2712,#2713,#2714,#2715,#2716,#2717,#2718,#2719,
    #2720,#2721,#2722,#2723,#2724,#2725,#2726,#2727,#2728,#2729,#2730,
    #2731,#2732,#2733,#2734,#2735,#2736,#2737,#2738,#2739,#2740,#2741,
    #2742,#2743,#2744),.UNSPECIFIED.,.F.,.F.,(5,3,3,3,3,3,3,3,3,3,3,3,3,
    3,3,3,3,3,3,3,3,3,3,3,5),(0.,9.300002056464E-02,0.27099971689,
    0.29999972937,0.319999737822,0.340999746564,0.401999769692,
    0.419999776988,0.447999788299,0.476999800014,0.502999810537,
    0.531999822257,0.552999830762,0.587999844835,0.614999855771,
    0.643999867582,0.672999879545,0.700999891323,0.728999903385,
    0.756999915756,0.781999927049,0.865999956203,0.894999968498,
    0.91799997764,1.),.UNSPECIFIED.);
#2671 = CARTESIAN_POINT('',(15.733974596216,178.54415040378,40.8));
#2672 = CARTESIAN_POINT('',(15.733974596216,178.58147030784,40.8));
#2673 = CARTESIAN_POINT('',(15.735791892633,178.61879026689,40.8));
#2674 = CARTESIAN_POINT('',(15.739426452678,178.6559772535,40.8));
#2675 = CARTESIAN_POINT('',(15.75525654522,178.76356818872,40.8));
#2676 = CARTESIAN_POINT('',(15.772240833102,178.8332691544,40.8));
#2677 = CARTESIAN_POINT('',(15.795674626574,178.90107437601,40.8));
#2678 = CARTESIAN_POINT('',(15.829976661422,178.97672789836,40.8));
#2679 = CARTESIAN_POINT('',(15.83494320606,178.98725375037,40.8));
#2680 = CARTESIAN_POINT('',(15.840069025046,178.99770296588,40.8));
#2681 = CARTESIAN_POINT('',(15.84899592227,179.01522298703,40.8));
#2682 = CARTESIAN_POINT('',(15.852714439308,179.02233585997,40.8));
#2683 = CARTESIAN_POINT('',(15.856507242455,179.0294094004,40.8));
#2684 = CARTESIAN_POINT('',(15.864433471438,179.04382715478,40.8));
#2685 = CARTESIAN_POINT('',(15.868574446431,179.0511672186,40.8));
#2686 = CARTESIAN_POINT('',(15.872795884254,179.05846130341,40.8));
#2687 = CARTESIAN_POINT('',(15.889590735355,179.08675829771,40.8));
#2688 = CARTESIAN_POINT('',(15.902756803969,179.10740946229,40.8));
#2689 = CARTESIAN_POINT('',(15.916576073103,179.1276293475,40.8));
#2690 = CARTESIAN_POINT('',(15.93529044403,179.15321802069,40.8));
#2691 = CARTESIAN_POINT('',(15.939609427566,179.15900816386,40.8));
#2692 = CARTESIAN_POINT('',(15.943982792473,179.16475734259,40.8));
#2693 = CARTESIAN_POINT('',(15.955296636464,179.17934305778,40.8));
#2694 = CARTESIAN_POINT('',(15.962313486225,179.18812035526,40.8));
#2695 = CARTESIAN_POINT('',(15.969458277301,179.19679382585,40.8));
#2696 = CARTESIAN_POINT('',(15.984258709768,179.21423354818,40.8));
#2697 = CARTESIAN_POINT('',(15.991923482775,179.22299205068,40.8));
#2698 = CARTESIAN_POINT('',(15.99972037936,179.23163314523,40.8));
#2699 = CARTESIAN_POINT('',(16.014752976122,179.24779316766,40.8));
#2700 = CARTESIAN_POINT('',(16.021963292418,179.25533570886,40.8));
#2701 = CARTESIAN_POINT('',(16.029275630675,179.26277938389,40.8));
#2702 = CARTESIAN_POINT('',(16.044955494566,179.27831216081,40.8));
#2703 = CARTESIAN_POINT('',(16.053347419189,179.28637663306,40.8));
#2704 = CARTESIAN_POINT('',(16.061860843908,179.29431273481,40.8));
#2705 = CARTESIAN_POINT('',(16.076743497134,179.30776968534,40.8));
#2706 = CARTESIAN_POINT('',(16.08305635753,179.31335287449,40.8));
#2707 = CARTESIAN_POINT('',(16.089430230253,179.31886630845,40.8));
#2708 = CARTESIAN_POINT('',(16.106586811951,179.33338015264,40.8));
#2709 = CARTESIAN_POINT('',(16.117475913215,179.34225479902,40.8));
#2710 = CARTESIAN_POINT('',(16.128525848766,179.35092836801,40.8));
#2711 = CARTESIAN_POINT('',(16.148374924608,179.36592922233,40.8));
#2712 = CARTESIAN_POINT('',(16.157111229945,179.37233965158,40.8));
#2713 = CARTESIAN_POINT('',(16.165937296401,179.37862592116,40.8));
#2714 = CARTESIAN_POINT('',(16.184423840206,179.39140276239,40.8));
#2715 = CARTESIAN_POINT('',(16.19409769768,179.39787397515,40.8));
#2716 = CARTESIAN_POINT('',(16.203868712246,179.4041975333,40.8));
#2717 = CARTESIAN_POINT('',(16.223598230805,179.41654506902,40.8));
#2718 = CARTESIAN_POINT('',(16.233556735095,179.42256904678,40.8));
#2719 = CARTESIAN_POINT('',(16.243605571954,179.42844109873,40.8));
#2720 = CARTESIAN_POINT('',(16.263527393001,179.43968021737,40.8));
#2721 = CARTESIAN_POINT('',(16.273394492671,179.44505771527,40.8));
#2722 = CARTESIAN_POINT('',(16.28333937851,179.4502899601,40.8));
#2723 = CARTESIAN_POINT('',(16.303378260659,179.46046066385,40.8));
#2724 = CARTESIAN_POINT('',(16.31347225723,179.46539912289,40.8));
#2725 = CARTESIAN_POINT('',(16.323637578255,179.47018904919,40.8));
#2726 = CARTESIAN_POINT('',(16.344104269365,179.47946884384,40.8));
#2727 = CARTESIAN_POINT('',(16.354405639719,179.48395871231,40.8));
#2728 = CARTESIAN_POINT('',(16.364771734829,179.48829705567,40.8));
#2729 = CARTESIAN_POINT('',(16.384509421908,179.49621954979,40.8));
#2730 = CARTESIAN_POINT('',(16.39386856944,179.49983470457,40.8));
#2731 = CARTESIAN_POINT('',(16.403274241373,179.50332702796,40.8));
#2732 = CARTESIAN_POINT('',(16.44447522273,179.51801423646,40.8));
#2733 = CARTESIAN_POINT('',(16.476724288917,179.52793633684,40.8));
#2734 = CARTESIAN_POINT('',(16.509378905187,179.53642906102,40.8));
#2735 = CARTESIAN_POINT('',(16.553723794745,179.54590339921,40.8));
#2736 = CARTESIAN_POINT('',(16.565141262578,179.54816206066,40.8));
#2737 = CARTESIAN_POINT('',(16.576591713905,179.55024707509,40.8));
#2738 = CARTESIAN_POINT('',(16.597175579832,179.55367316943,40.8));
#2739 = CARTESIAN_POINT('',(16.606298231336,179.55507891535,40.8));
#2740 = CARTESIAN_POINT('',(16.61543715138,179.55637468964,40.8));
#2741 = CARTESIAN_POINT('',(16.657223481986,179.56178695841,40.8));
#2742 = CARTESIAN_POINT('',(16.690038120206,179.56461258192,40.8));
#2743 = CARTESIAN_POINT('',(16.722943872344,179.56602540378,40.8));
#2744 = CARTESIAN_POINT('',(16.755849596216,179.56602540378,40.8));
#2745 = PCURVE('',#678,#2746);
#2746 = DEFINITIONAL_REPRESENTATION('',(#2747),#2822);
#2747 = B_SPLINE_CURVE_WITH_KNOTS('',4,(#2748,#2749,#2750,#2751,#2752,
    #2753,#2754,#2755,#2756,#2757,#2758,#2759,#2760,#2761,#2762,#2763,
    #2764,#2765,#2766,#2767,#2768,#2769,#2770,#2771,#2772,#2773,#2774,
    #2775,#2776,#2777,#2778,#2779,#2780,#2781,#2782,#2783,#2784,#2785,
    #2786,#2787,#2788,#2789,#2790,#2791,#2792,#2793,#2794,#2795,#2796,
    #2797,#2798,#2799,#2800,#2801,#2802,#2803,#2804,#2805,#2806,#2807,
    #2808,#2809,#2810,#2811,#2812,#2813,#2814,#2815,#2816,#2817,#2818,
    #2819,#2820,#2821),.UNSPECIFIED.,.F.,.F.,(5,3,3,3,3,3,3,3,3,3,3,3,3,
    3,3,3,3,3,3,3,3,3,3,3,5),(0.,9.300002056464E-02,0.27099971689,
    0.29999972937,0.319999737822,0.340999746564,0.401999769692,
    0.419999776988,0.447999788299,0.476999800014,0.502999810537,
    0.531999822257,0.552999830762,0.587999844835,0.614999855771,
    0.643999867582,0.672999879545,0.700999891323,0.728999903385,
    0.756999915756,0.781999927049,0.865999956203,0.894999968498,
    0.91799997764,1.),.UNSPECIFIED.);
#2748 = CARTESIAN_POINT('',(3.14159265359,0.46875));
#2749 = CARTESIAN_POINT('',(3.105071646563,0.46875));
#2750 = CARTESIAN_POINT('',(3.068550623566,0.46875));
#2751 = CARTESIAN_POINT('',(3.032029603025,0.46875));
#2752 = CARTESIAN_POINT('',(2.925608306323,0.46875));
#2753 = CARTESIAN_POINT('',(2.855707720501,0.46875));
#2754 = CARTESIAN_POINT('',(2.785807135729,0.46875));
#2755 = CARTESIAN_POINT('',(2.704518575742,0.46875));
#2756 = CARTESIAN_POINT('',(2.693130302376,0.46875));
#2757 = CARTESIAN_POINT('',(2.681742028966,0.46875));
#2758 = CARTESIAN_POINT('',(2.662499773947,0.46875));
#2759 = CARTESIAN_POINT('',(2.654645792319,0.46875));
#2760 = CARTESIAN_POINT('',(2.646791810672,0.46875));
#2761 = CARTESIAN_POINT('',(2.630691148328,0.46875));
#2762 = CARTESIAN_POINT('',(2.622444467615,0.46875));
#2763 = CARTESIAN_POINT('',(2.614197786887,0.46875));
#2764 = CARTESIAN_POINT('',(2.581996463005,0.46875));
#2765 = CARTESIAN_POINT('',(2.558041818312,0.46875));
#2766 = CARTESIAN_POINT('',(2.53408717356,0.46875));
#2767 = CARTESIAN_POINT('',(2.503063946752,0.46875));
#2768 = CARTESIAN_POINT('',(2.49599536328,0.46875));
#2769 = CARTESIAN_POINT('',(2.488926779807,0.46875));
#2770 = CARTESIAN_POINT('',(2.470862622064,0.46875));
#2771 = CARTESIAN_POINT('',(2.459867047761,0.46875));
#2772 = CARTESIAN_POINT('',(2.448871473458,0.46875));
#2773 = CARTESIAN_POINT('',(2.426487625832,0.46875));
#2774 = CARTESIAN_POINT('',(2.415099352445,0.46875));
#2775 = CARTESIAN_POINT('',(2.403711079059,0.46875));
#2776 = CARTESIAN_POINT('',(2.382112629594,0.46875));
#2777 = CARTESIAN_POINT('',(2.37190245346,0.46875));
#2778 = CARTESIAN_POINT('',(2.361692277326,0.46875));
#2779 = CARTESIAN_POINT('',(2.340093827861,0.46875));
#2780 = CARTESIAN_POINT('',(2.328705554475,0.46875));
#2781 = CARTESIAN_POINT('',(2.317317281088,0.46875));
#2782 = CARTESIAN_POINT('',(2.297682327024,0.46875));
#2783 = CARTESIAN_POINT('',(2.289435646305,0.46875));
#2784 = CARTESIAN_POINT('',(2.281188965585,0.46875));
#2785 = CARTESIAN_POINT('',(2.259197817057,0.46875));
#2786 = CARTESIAN_POINT('',(2.245453349152,0.46875));
#2787 = CARTESIAN_POINT('',(2.231708881246,0.46875));
#2788 = CARTESIAN_POINT('',(2.207361538234,0.46875));
#2789 = CARTESIAN_POINT('',(2.196758663012,0.46875));
#2790 = CARTESIAN_POINT('',(2.186155787795,0.46875));
#2791 = CARTESIAN_POINT('',(2.16416463924,0.46875));
#2792 = CARTESIAN_POINT('',(2.152776365843,0.46875));
#2793 = CARTESIAN_POINT('',(2.141388092461,0.46875));
#2794 = CARTESIAN_POINT('',(2.118611545747,0.46875));
#2795 = CARTESIAN_POINT('',(2.107223272345,0.46875));
#2796 = CARTESIAN_POINT('',(2.095834998968,0.46875));
#2797 = CARTESIAN_POINT('',(2.073451151336,0.46875));
#2798 = CARTESIAN_POINT('',(2.062455577015,0.46875));
#2799 = CARTESIAN_POINT('',(2.051460002727,0.46875));
#2800 = CARTESIAN_POINT('',(2.029468854175,0.46875));
#2801 = CARTESIAN_POINT('',(2.018473279851,0.46875));
#2802 = CARTESIAN_POINT('',(2.007477705569,0.46875));
#2803 = CARTESIAN_POINT('',(1.985486557023,0.46875));
#2804 = CARTESIAN_POINT('',(1.974490982701,0.46875));
#2805 = CARTESIAN_POINT('',(1.96349540842,0.46875));
#2806 = CARTESIAN_POINT('',(1.942682357132,0.46875));
#2807 = CARTESIAN_POINT('',(1.932864880071,0.46875));
#2808 = CARTESIAN_POINT('',(1.923047403036,0.46875));
#2809 = CARTESIAN_POINT('',(1.880243206771,0.46875));
#2810 = CARTESIAN_POINT('',(1.84725648066,0.46875));
#2811 = CARTESIAN_POINT('',(1.814269754435,0.46875));
#2812 = CARTESIAN_POINT('',(1.769894761381,0.46875));
#2813 = CARTESIAN_POINT('',(1.758506488057,0.46875));
#2814 = CARTESIAN_POINT('',(1.747118214625,0.46875));
#2815 = CARTESIAN_POINT('',(1.726697862352,0.46875));
#2816 = CARTESIAN_POINT('',(1.717665783509,0.46875));
#2817 = CARTESIAN_POINT('',(1.708633704584,0.46875));
#2818 = CARTESIAN_POINT('',(1.667400304509,0.46875));
#2819 = CARTESIAN_POINT('',(1.635198976354,0.46875));
#2820 = CARTESIAN_POINT('',(1.602997646791,0.46875));
#2821 = CARTESIAN_POINT('',(1.570796326795,0.46875));
#2822 = ( GEOMETRIC_REPRESENTATION_CONTEXT(2) 
PARAMETRIC_REPRESENTATION_CONTEXT() REPRESENTATION_CONTEXT('2D SPACE',''
  ) );
#2823 = PCURVE('',#1584,#2824);
#2824 = DEFINITIONAL_REPRESENTATION('',(#2825),#2900);
#2825 = B_SPLINE_CURVE_WITH_KNOTS('',4,(#2826,#2827,#2828,#2829,#2830,
    #2831,#2832,#2833,#2834,#2835,#2836,#2837,#2838,#2839,#2840,#2841,
    #2842,#2843,#2844,#2845,#2846,#2847,#2848,#2849,#2850,#2851,#2852,
    #2853,#2854,#2855,#2856,#2857,#2858,#2859,#2860,#2861,#2862,#2863,
    #2864,#2865,#2866,#2867,#2868,#2869,#2870,#2871,#2872,#2873,#2874,
    #2875,#2876,#2877,#2878,#2879,#2880,#2881,#2882,#2883,#2884,#2885,
    #2886,#2887,#2888,#2889,#2890,#2891,#2892,#2893,#2894,#2895,#2896,
    #2897,#2898,#2899),.UNSPECIFIED.,.F.,.F.,(5,3,3,3,3,3,3,3,3,3,3,3,3,
    3,3,3,3,3,3,3,3,3,3,3,5),(0.,9.300002056464E-02,0.27099971689,
    0.29999972937,0.319999737822,0.340999746564,0.401999769692,
    0.419999776988,0.447999788299,0.476999800014,0.502999810537,
    0.531999822257,0.552999830762,0.587999844835,0.614999855771,
    0.643999867582,0.672999879545,0.700999891323,0.728999903385,
    0.756999915756,0.781999927049,0.865999956203,0.894999968498,
    0.91799997764,1.),.UNSPECIFIED.);
#2826 = CARTESIAN_POINT('',(39.733974596216,13.394150403784));
#2827 = CARTESIAN_POINT('',(39.733974596216,13.43147030784));
#2828 = CARTESIAN_POINT('',(39.735791892633,13.468790266897));
#2829 = CARTESIAN_POINT('',(39.739426452678,13.505977253502));
#2830 = CARTESIAN_POINT('',(39.75525654522,13.613568188721));
#2831 = CARTESIAN_POINT('',(39.772240833102,13.683269154408));
#2832 = CARTESIAN_POINT('',(39.795674626574,13.751074376015));
#2833 = CARTESIAN_POINT('',(39.829976661422,13.826727898366));
#2834 = CARTESIAN_POINT('',(39.83494320606,13.83725375037));
#2835 = CARTESIAN_POINT('',(39.840069025046,13.84770296588));
#2836 = CARTESIAN_POINT('',(39.84899592227,13.865222987038));
#2837 = CARTESIAN_POINT('',(39.852714439308,13.872335859971));
#2838 = CARTESIAN_POINT('',(39.856507242455,13.879409400409));
#2839 = CARTESIAN_POINT('',(39.864433471438,13.893827154782));
#2840 = CARTESIAN_POINT('',(39.868574446431,13.901167218601));
#2841 = CARTESIAN_POINT('',(39.872795884254,13.90846130341));
#2842 = CARTESIAN_POINT('',(39.889590735355,13.93675829771));
#2843 = CARTESIAN_POINT('',(39.902756803969,13.957409462296));
#2844 = CARTESIAN_POINT('',(39.916576073103,13.977629347502));
#2845 = CARTESIAN_POINT('',(39.93529044403,14.003218020697));
#2846 = CARTESIAN_POINT('',(39.939609427566,14.009008163864));
#2847 = CARTESIAN_POINT('',(39.943982792473,14.014757342592));
#2848 = CARTESIAN_POINT('',(39.955296636464,14.029343057783));
#2849 = CARTESIAN_POINT('',(39.962313486225,14.038120355261));
#2850 = CARTESIAN_POINT('',(39.969458277301,14.046793825851));
#2851 = CARTESIAN_POINT('',(39.984258709768,14.06423354818));
#2852 = CARTESIAN_POINT('',(39.991923482775,14.072992050684));
#2853 = CARTESIAN_POINT('',(39.99972037936,14.081633145234));
#2854 = CARTESIAN_POINT('',(40.014752976122,14.097793167664));
#2855 = CARTESIAN_POINT('',(40.021963292418,14.105335708861));
#2856 = CARTESIAN_POINT('',(40.029275630675,14.112779383896));
#2857 = CARTESIAN_POINT('',(40.044955494566,14.128312160817));
#2858 = CARTESIAN_POINT('',(40.053347419189,14.136376633063));
#2859 = CARTESIAN_POINT('',(40.061860843908,14.144312734815));
#2860 = CARTESIAN_POINT('',(40.076743497134,14.157769685347));
#2861 = CARTESIAN_POINT('',(40.08305635753,14.163352874496));
#2862 = CARTESIAN_POINT('',(40.089430230253,14.16886630845));
#2863 = CARTESIAN_POINT('',(40.106586811951,14.183380152647));
#2864 = CARTESIAN_POINT('',(40.117475913215,14.192254799024));
#2865 = CARTESIAN_POINT('',(40.128525848766,14.200928368016));
#2866 = CARTESIAN_POINT('',(40.148374924608,14.215929222335));
#2867 = CARTESIAN_POINT('',(40.157111229945,14.222339651584));
#2868 = CARTESIAN_POINT('',(40.165937296401,14.22862592116));
#2869 = CARTESIAN_POINT('',(40.184423840206,14.241402762392));
#2870 = CARTESIAN_POINT('',(40.19409769768,14.24787397515));
#2871 = CARTESIAN_POINT('',(40.203868712246,14.254197533304));
#2872 = CARTESIAN_POINT('',(40.223598230805,14.266545069028));
#2873 = CARTESIAN_POINT('',(40.233556735095,14.272569046784));
#2874 = CARTESIAN_POINT('',(40.243605571954,14.278441098733));
#2875 = CARTESIAN_POINT('',(40.263527393001,14.289680217372));
#2876 = CARTESIAN_POINT('',(40.273394492671,14.295057715274));
#2877 = CARTESIAN_POINT('',(40.28333937851,14.300289960106));
#2878 = CARTESIAN_POINT('',(40.303378260659,14.310460663854));
#2879 = CARTESIAN_POINT('',(40.31347225723,14.3153991229));
#2880 = CARTESIAN_POINT('',(40.323637578255,14.320189049194));
#2881 = CARTESIAN_POINT('',(40.344104269365,14.32946884384));
#2882 = CARTESIAN_POINT('',(40.354405639719,14.33395871231));
#2883 = CARTESIAN_POINT('',(40.364771734829,14.338297055672));
#2884 = CARTESIAN_POINT('',(40.384509421908,14.346219549799));
#2885 = CARTESIAN_POINT('',(40.39386856944,14.349834704579));
#2886 = CARTESIAN_POINT('',(40.403274241373,14.353327027964));
#2887 = CARTESIAN_POINT('',(40.44447522273,14.368014236469));
#2888 = CARTESIAN_POINT('',(40.476724288917,14.377936336846));
#2889 = CARTESIAN_POINT('',(40.509378905187,14.386429061024));
#2890 = CARTESIAN_POINT('',(40.553723794745,14.395903399219));
#2891 = CARTESIAN_POINT('',(40.565141262578,14.398162060664));
#2892 = CARTESIAN_POINT('',(40.576591713905,14.40024707509));
#2893 = CARTESIAN_POINT('',(40.597175579832,14.403673169435));
#2894 = CARTESIAN_POINT('',(40.606298231336,14.405078915353));
#2895 = CARTESIAN_POINT('',(40.61543715138,14.406374689644));
#2896 = CARTESIAN_POINT('',(40.657223481986,14.411786958417));
#2897 = CARTESIAN_POINT('',(40.690038120206,14.414612581923));
#2898 = CARTESIAN_POINT('',(40.722943872344,14.416025403784));
#2899 = CARTESIAN_POINT('',(40.755849596216,14.416025403784));
#2900 = ( GEOMETRIC_REPRESENTATION_CONTEXT(2) 
PARAMETRIC_REPRESENTATION_CONTEXT() REPRESENTATION_CONTEXT('2D SPACE',''
  ) );
#2901 = ORIENTED_EDGE('',*,*,#2902,.T.);
#2902 = EDGE_CURVE('',#2667,#454,#2903,.T.);
#2903 = SURFACE_CURVE('',#2904,(#2907,#2914),.PCURVE_S1.);
#2904 = B_SPLINE_CURVE_WITH_KNOTS('',1,(#2905,#2906),.UNSPECIFIED.,.F.,
  .F.,(2,2),(0.,1.),.PIECEWISE_BEZIER_KNOTS.);
#2905 = CARTESIAN_POINT('',(16.6,178.1,39.3));
#2906 = CARTESIAN_POINT('',(14.752479138593,179.0475208614,42.5));
#2907 = PCURVE('',#678,#2908);
#2908 = DEFINITIONAL_REPRESENTATION('',(#2909),#2913);
#2909 = LINE('',#2910,#2911);
#2910 = CARTESIAN_POINT('',(3.14159265359,0.));
#2911 = VECTOR('',#2912,1.);
#2912 = DIRECTION('',(0.,1.));
#2913 = ( GEOMETRIC_REPRESENTATION_CONTEXT(2) 
PARAMETRIC_REPRESENTATION_CONTEXT() REPRESENTATION_CONTEXT('2D SPACE',''
  ) );
#2914 = PCURVE('',#467,#2915);
#2915 = DEFINITIONAL_REPRESENTATION('',(#2916),#2920);
#2916 = LINE('',#2917,#2918);
#2917 = CARTESIAN_POINT('',(-2.047520861407,0.));
#2918 = VECTOR('',#2919,1.);
#2919 = DIRECTION('',(0.,1.));
#2920 = ( GEOMETRIC_REPRESENTATION_CONTEXT(2) 
PARAMETRIC_REPRESENTATION_CONTEXT() REPRESENTATION_CONTEXT('2D SPACE',''
  ) );
#2921 = ORIENTED_EDGE('',*,*,#478,.T.);
#2922 = ADVANCED_FACE('',(#2923),#467,.F.);
#2923 = FACE_BOUND('',#2924,.F.);
#2924 = EDGE_LOOP('',(#2925,#2943,#2944,#2945));
#2925 = ORIENTED_EDGE('',*,*,#2926,.F.);
#2926 = EDGE_CURVE('',#1772,#2667,#2927,.T.);
#2927 = SURFACE_CURVE('',#2928,(#2931,#2937),.PCURVE_S1.);
#2928 = B_SPLINE_CURVE_WITH_KNOTS('',1,(#2929,#2930),.UNSPECIFIED.,.F.,
  .F.,(2,2),(0.,1.),.PIECEWISE_BEZIER_KNOTS.);
#2929 = CARTESIAN_POINT('',(15.733974596216,175.45584959621,40.8));
#2930 = CARTESIAN_POINT('',(15.733974596216,178.54415040378,40.8));
#2931 = PCURVE('',#467,#2932);
#2932 = DEFINITIONAL_REPRESENTATION('',(#2933),#2936);
#2933 = B_SPLINE_CURVE_WITH_KNOTS('',1,(#2934,#2935),.UNSPECIFIED.,.F.,
  .F.,(2,2),(0.,1.),.PIECEWISE_BEZIER_KNOTS.);
#2934 = CARTESIAN_POINT('',(2.047520861407,0.46875));
#2935 = CARTESIAN_POINT('',(-2.047520861407,0.46875));
#2936 = ( GEOMETRIC_REPRESENTATION_CONTEXT(2) 
PARAMETRIC_REPRESENTATION_CONTEXT() REPRESENTATION_CONTEXT('2D SPACE',''
  ) );
#2937 = PCURVE('',#1584,#2938);
#2938 = DEFINITIONAL_REPRESENTATION('',(#2939),#2942);
#2939 = B_SPLINE_CURVE_WITH_KNOTS('',1,(#2940,#2941),.UNSPECIFIED.,.F.,
  .F.,(2,2),(0.,1.),.PIECEWISE_BEZIER_KNOTS.);
#2940 = CARTESIAN_POINT('',(39.733974596216,10.305849596216));
#2941 = CARTESIAN_POINT('',(39.733974596216,13.394150403784));
#2942 = ( GEOMETRIC_REPRESENTATION_CONTEXT(2) 
PARAMETRIC_REPRESENTATION_CONTEXT() REPRESENTATION_CONTEXT('2D SPACE',''
  ) );
#2943 = ORIENTED_EDGE('',*,*,#1771,.T.);
#2944 = ORIENTED_EDGE('',*,*,#453,.T.);
#2945 = ORIENTED_EDGE('',*,*,#2902,.F.);
#2946 = ADVANCED_FACE('',(#2947),#1551,.F.);
#2947 = FACE_BOUND('',#2948,.F.);
#2948 = EDGE_LOOP('',(#2949,#2950,#2973,#3000));
#2949 = ORIENTED_EDGE('',*,*,#1534,.F.);
#2950 = ORIENTED_EDGE('',*,*,#2951,.F.);
#2951 = EDGE_CURVE('',#2952,#1535,#2954,.T.);
#2952 = VERTEX_POINT('',#2953);
#2953 = CARTESIAN_POINT('',(-13.8,177.,41.999));
#2954 = SEAM_CURVE('',#2955,(#2959,#2966),.PCURVE_S1.);
#2955 = LINE('',#2956,#2957);
#2956 = CARTESIAN_POINT('',(-13.8,177.,41.999));
#2957 = VECTOR('',#2958,1.);
#2958 = DIRECTION('',(0.,0.,1.));
#2959 = PCURVE('',#1551,#2960);
#2960 = DEFINITIONAL_REPRESENTATION('',(#2961),#2965);
#2961 = LINE('',#2962,#2963);
#2962 = CARTESIAN_POINT('',(6.28318530718,-0.));
#2963 = VECTOR('',#2964,1.);
#2964 = DIRECTION('',(0.,1.));
#2965 = ( GEOMETRIC_REPRESENTATION_CONTEXT(2) 
PARAMETRIC_REPRESENTATION_CONTEXT() REPRESENTATION_CONTEXT('2D SPACE',''
  ) );
#2966 = PCURVE('',#1551,#2967);
#2967 = DEFINITIONAL_REPRESENTATION('',(#2968),#2972);
#2968 = LINE('',#2969,#2970);
#2969 = CARTESIAN_POINT('',(0.,-0.));
#2970 = VECTOR('',#2971,1.);
#2971 = DIRECTION('',(0.,1.));
#2972 = ( GEOMETRIC_REPRESENTATION_CONTEXT(2) 
PARAMETRIC_REPRESENTATION_CONTEXT() REPRESENTATION_CONTEXT('2D SPACE',''
  ) );
#2973 = ORIENTED_EDGE('',*,*,#2974,.T.);
#2974 = EDGE_CURVE('',#2952,#2952,#2975,.T.);
#2975 = SURFACE_CURVE('',#2976,(#2981,#2988),.PCURVE_S1.);
#2976 = CIRCLE('',#2977,6.2);
#2977 = AXIS2_PLACEMENT_3D('',#2978,#2979,#2980);
#2978 = CARTESIAN_POINT('',(-20.,177.,41.999));
#2979 = DIRECTION('',(0.,0.,1.));
#2980 = DIRECTION('',(1.,0.,-0.));
#2981 = PCURVE('',#1551,#2982);
#2982 = DEFINITIONAL_REPRESENTATION('',(#2983),#2987);
#2983 = LINE('',#2984,#2985);
#2984 = CARTESIAN_POINT('',(0.,0.));
#2985 = VECTOR('',#2986,1.);
#2986 = DIRECTION('',(1.,0.));
#2987 = ( GEOMETRIC_REPRESENTATION_CONTEXT(2) 
PARAMETRIC_REPRESENTATION_CONTEXT() REPRESENTATION_CONTEXT('2D SPACE',''
  ) );
#2988 = PCURVE('',#2989,#2994);
#2989 = PLANE('',#2990);
#2990 = AXIS2_PLACEMENT_3D('',#2991,#2992,#2993);
#2991 = CARTESIAN_POINT('',(-20.,177.,41.999));
#2992 = DIRECTION('',(0.,0.,1.));
#2993 = DIRECTION('',(1.,0.,-0.));
#2994 = DEFINITIONAL_REPRESENTATION('',(#2995),#2999);
#2995 = CIRCLE('',#2996,6.2);
#2996 = AXIS2_PLACEMENT_2D('',#2997,#2998);
#2997 = CARTESIAN_POINT('',(0.,0.));
#2998 = DIRECTION('',(1.,0.));
#2999 = ( GEOMETRIC_REPRESENTATION_CONTEXT(2) 
PARAMETRIC_REPRESENTATION_CONTEXT() REPRESENTATION_CONTEXT('2D SPACE',''
  ) );
#3000 = ORIENTED_EDGE('',*,*,#2951,.T.);
#3001 = ADVANCED_FACE('',(#3002,#3008,#3039),#1584,.F.);
#3002 = FACE_BOUND('',#3003,.F.);
#3003 = EDGE_LOOP('',(#3004,#3005,#3006,#3007));
#3004 = ORIENTED_EDGE('',*,*,#1566,.T.);
#3005 = ORIENTED_EDGE('',*,*,#1641,.F.);
#3006 = ORIENTED_EDGE('',*,*,#1744,.F.);
#3007 = ORIENTED_EDGE('',*,*,#1718,.T.);
#3008 = FACE_BOUND('',#3009,.F.);
#3009 = EDGE_LOOP('',(#3010));
#3010 = ORIENTED_EDGE('',*,*,#3011,.F.);
#3011 = EDGE_CURVE('',#3012,#3012,#3014,.T.);
#3012 = VERTEX_POINT('',#3013);
#3013 = CARTESIAN_POINT('',(-15.001,177.,40.8));
#3014 = SURFACE_CURVE('',#3015,(#3020,#3027),.PCURVE_S1.);
#3015 = CIRCLE('',#3016,4.999);
#3016 = AXIS2_PLACEMENT_3D('',#3017,#3018,#3019);
#3017 = CARTESIAN_POINT('',(-20.,177.,40.8));
#3018 = DIRECTION('',(0.,0.,1.));
#3019 = DIRECTION('',(1.,0.,-0.));
#3020 = PCURVE('',#1584,#3021);
#3021 = DEFINITIONAL_REPRESENTATION('',(#3022),#3026);
#3022 = CIRCLE('',#3023,4.999);
#3023 = AXIS2_PLACEMENT_2D('',#3024,#3025);
#3024 = CARTESIAN_POINT('',(4.,11.85));
#3025 = DIRECTION('',(1.,0.));
#3026 = ( GEOMETRIC_REPRESENTATION_CONTEXT(2) 
PARAMETRIC_REPRESENTATION_CONTEXT() REPRESENTATION_CONTEXT('2D SPACE',''
  ) );
#3027 = PCURVE('',#3028,#3033);
#3028 = CONICAL_SURFACE('',#3029,4.8,0.785398163397);
#3029 = AXIS2_PLACEMENT_3D('',#3030,#3031,#3032);
#3030 = CARTESIAN_POINT('',(-20.,177.,40.601));
#3031 = DIRECTION('',(0.,0.,1.));
#3032 = DIRECTION('',(1.,0.,-0.));
#3033 = DEFINITIONAL_REPRESENTATION('',(#3034),#3038);
#3034 = LINE('',#3035,#3036);
#3035 = CARTESIAN_POINT('',(0.,0.199));
#3036 = VECTOR('',#3037,1.);
#3037 = DIRECTION('',(1.,0.));
#3038 = ( GEOMETRIC_REPRESENTATION_CONTEXT(2) 
PARAMETRIC_REPRESENTATION_CONTEXT() REPRESENTATION_CONTEXT('2D SPACE',''
  ) );
#3039 = FACE_BOUND('',#3040,.F.);
#3040 = EDGE_LOOP('',(#3041,#3042,#3043,#3044,#3045,#3046,#3047,#3048));
#3041 = ORIENTED_EDGE('',*,*,#1793,.T.);
#3042 = ORIENTED_EDGE('',*,*,#2926,.T.);
#3043 = ORIENTED_EDGE('',*,*,#2666,.T.);
#3044 = ORIENTED_EDGE('',*,*,#2620,.T.);
#3045 = ORIENTED_EDGE('',*,*,#2360,.T.);
#3046 = ORIENTED_EDGE('',*,*,#2315,.T.);
#3047 = ORIENTED_EDGE('',*,*,#2072,.T.);
#3048 = ORIENTED_EDGE('',*,*,#2027,.T.);
#3049 = ADVANCED_FACE('',(#3050,#3053),#2989,.T.);
#3050 = FACE_BOUND('',#3051,.T.);
#3051 = EDGE_LOOP('',(#3052));
#3052 = ORIENTED_EDGE('',*,*,#2974,.T.);
#3053 = FACE_BOUND('',#3054,.T.);
#3054 = EDGE_LOOP('',(#3055));
#3055 = ORIENTED_EDGE('',*,*,#3056,.F.);
#3056 = EDGE_CURVE('',#3057,#3057,#3059,.T.);
#3057 = VERTEX_POINT('',#3058);
#3058 = CARTESIAN_POINT('',(-13.802,177.,41.999));
#3059 = SURFACE_CURVE('',#3060,(#3065,#3072),.PCURVE_S1.);
#3060 = CIRCLE('',#3061,6.198);
#3061 = AXIS2_PLACEMENT_3D('',#3062,#3063,#3064);
#3062 = CARTESIAN_POINT('',(-20.,177.,41.999));
#3063 = DIRECTION('',(0.,0.,1.));
#3064 = DIRECTION('',(1.,0.,-0.));
#3065 = PCURVE('',#2989,#3066);
#3066 = DEFINITIONAL_REPRESENTATION('',(#3067),#3071);
#3067 = CIRCLE('',#3068,6.198);
#3068 = AXIS2_PLACEMENT_2D('',#3069,#3070);
#3069 = CARTESIAN_POINT('',(0.,0.));
#3070 = DIRECTION('',(1.,0.));
#3071 = ( GEOMETRIC_REPRESENTATION_CONTEXT(2) 
PARAMETRIC_REPRESENTATION_CONTEXT() REPRESENTATION_CONTEXT('2D SPACE',''
  ) );
#3072 = PCURVE('',#3028,#3073);
#3073 = DEFINITIONAL_REPRESENTATION('',(#3074),#3078);
#3074 = LINE('',#3075,#3076);
#3075 = CARTESIAN_POINT('',(0.,1.398));
#3076 = VECTOR('',#3077,1.);
#3077 = DIRECTION('',(1.,0.));
#3078 = ( GEOMETRIC_REPRESENTATION_CONTEXT(2) 
PARAMETRIC_REPRESENTATION_CONTEXT() REPRESENTATION_CONTEXT('2D SPACE',''
  ) );
#3079 = ADVANCED_FACE('',(#3080),#3028,.F.);
#3080 = FACE_BOUND('',#3081,.F.);
#3081 = EDGE_LOOP('',(#3082,#3103,#3104,#3105));
#3082 = ORIENTED_EDGE('',*,*,#3083,.T.);
#3083 = EDGE_CURVE('',#3012,#3057,#3084,.T.);
#3084 = SEAM_CURVE('',#3085,(#3089,#3096),.PCURVE_S1.);
#3085 = LINE('',#3086,#3087);
#3086 = CARTESIAN_POINT('',(-15.2,177.,40.601));
#3087 = VECTOR('',#3088,1.);
#3088 = DIRECTION('',(0.707106781187,-1.731912112471E-16,0.707106781187)
  );
#3089 = PCURVE('',#3028,#3090);
#3090 = DEFINITIONAL_REPRESENTATION('',(#3091),#3095);
#3091 = LINE('',#3092,#3093);
#3092 = CARTESIAN_POINT('',(6.28318530718,-0.));
#3093 = VECTOR('',#3094,1.);
#3094 = DIRECTION('',(0.,1.));
#3095 = ( GEOMETRIC_REPRESENTATION_CONTEXT(2) 
PARAMETRIC_REPRESENTATION_CONTEXT() REPRESENTATION_CONTEXT('2D SPACE',''
  ) );
#3096 = PCURVE('',#3028,#3097);
#3097 = DEFINITIONAL_REPRESENTATION('',(#3098),#3102);
#3098 = LINE('',#3099,#3100);
#3099 = CARTESIAN_POINT('',(0.,-0.));
#3100 = VECTOR('',#3101,1.);
#3101 = DIRECTION('',(0.,1.));
#3102 = ( GEOMETRIC_REPRESENTATION_CONTEXT(2) 
PARAMETRIC_REPRESENTATION_CONTEXT() REPRESENTATION_CONTEXT('2D SPACE',''
  ) );
#3103 = ORIENTED_EDGE('',*,*,#3056,.F.);
#3104 = ORIENTED_EDGE('',*,*,#3083,.F.);
#3105 = ORIENTED_EDGE('',*,*,#3011,.T.);
#3106 = ( GEOMETRIC_REPRESENTATION_CONTEXT(3) 
GLOBAL_UNCERTAINTY_ASSIGNED_CONTEXT((#3110)) 
GLOBAL_UNIT_ASSIGNED_CONTEXT((#3107,#3108,#3109)) REPRESENTATION_CONTEXT
('Context #1','3D Context with UNIT and UNCERTAINTY') );
#3107 = ( LENGTH_UNIT() NAMED_UNIT(*) SI_UNIT(.MILLI.,.METRE.) );
#3108 = ( NAMED_UNIT(*) PLANE_ANGLE_UNIT() SI_UNIT($,.RADIAN.) );
#3109 = ( NAMED_UNIT(*) SI_UNIT($,.STERADIAN.) SOLID_ANGLE_UNIT() );
#3110 = UNCERTAINTY_MEASURE_WITH_UNIT(LENGTH_MEASURE(2.E-06),#3107,
  'distance_accuracy_value','confusion accuracy');
#3111 = PRODUCT_RELATED_PRODUCT_CATEGORY('part',$,(#7));
ENDSEC;
END-ISO-10303-21;
