# DataCat thin soft-front enclosure Rev H; coordinates in millimetres
mtllib rounded_enclosure.mtl
o 01_front_fascia
usemtl 01_front_fascia
v -53.030888 -87.948311 41.000000
v -55.330219 -82.397224 41.000000
v -55.731457 -80.947342 41.000000
v -54.858322 -83.825676 41.000000
v -53.707272 -86.604561 41.000000
v -54.316910 -85.229248 41.000000
v -52.794331 -81.627968 41.000000
v -48.710152 -94.083282 41.000000
v -47.672821 -95.172821 41.000000
v -46.583282 -96.210152 41.000000
v -45.444153 -97.192772 41.000000
v -52.289383 -89.257248 41.000000
v -51.484543 -90.528229 41.000000
v -49.692772 -92.944153 41.000000
v -50.618309 -91.758186 41.000000
v -50.016399 -87.894875 41.000000
v -49.281151 -89.055969 41.000000
v -51.868626 -84.215134 41.000000
v -50.693794 -86.699112 41.000000
v -51.311699 -85.471542 41.000000
v -52.363235 -82.932915 41.000000
v -47.644291 -91.263016 41.000000
v -48.489811 -90.179581 41.000000
v -46.746632 -92.303650 41.000000
v -45.798988 -93.298988 41.000000
v -56.318260 -77.997292 41.000000
v -56.502415 -76.504227 41.000000
v -56.613083 -75.003922 41.000000
v -56.650002 -73.500000 41.000000
v -56.061069 -79.479515 41.000000
v -53.461987 -78.962532 41.000000
v -53.696941 -77.608452 41.000000
v -53.160873 -80.303444 41.000000
v -53.865170 -76.244476 41.000000
v -53.966270 -74.873894 41.000000
v -54.000000 -73.500000 41.000000
v -51.674183 -60.498402 41.000000
v -51.096954 -61.362286 41.000000
v -51.406788 -60.944527 41.000000
v -50.747665 -61.747665 41.000000
v -49.944523 -62.406792 41.000000
v -50.362286 -62.096954 41.000000
v -49.498402 -62.674183 41.000000
v -49.028221 -62.896564 41.000000
v -52.071785 -59.538509 41.000000
v -52.198162 -59.033978 41.000000
v -51.896561 -60.028225 41.000000
v -52.274479 -58.519489 41.000000
v -52.299999 -58.000000 41.000000
v -52.274479 -57.480511 41.000000
v -52.198162 -56.966022 41.000000
v -52.071785 -56.461491 41.000000
v -51.896561 -55.971775 41.000000
v -51.674183 -55.501598 41.000000
v -51.406788 -55.055473 41.000000
v -51.096954 -54.637714 41.000000
v -50.747665 -54.252335 41.000000
v -50.349998 -58.000000 41.000000
v -50.362286 -53.903046 41.000000
v -48.538509 -63.071781 41.000000
v -48.033978 -63.198162 41.000000
v -48.674999 -60.901184 41.000000
v -47.519489 -63.274475 41.000000
v -47.000000 -63.299999 41.000000
v -46.480511 -63.274475 41.000000
v -45.966022 -63.198162 41.000000
v -45.461491 -63.071781 41.000000
v -45.325001 -60.901184 41.000000
v -48.674999 -55.098816 41.000000
v -45.325001 -55.098816 41.000000
v -44.258183 -98.118309 41.000000
v -44.803650 -94.246628 41.000000
v -43.763012 -95.144295 41.000000
v -43.028229 -98.984543 41.000000
v -41.757248 -99.789383 41.000000
v -42.679581 -95.989807 41.000000
v -41.555965 -96.781151 41.000000
v -39.104565 -101.207275 41.000000
v -37.729248 -101.816910 41.000000
v -40.448311 -100.530884 41.000000
v -40.394878 -97.516403 41.000000
v -39.199108 -98.193794 41.000000
v -37.971542 -98.811699 41.000000
v -36.325672 -102.358322 41.000000
v -34.897224 -102.830223 41.000000
v -36.715137 -99.368629 41.000000
v -35.432915 -99.863235 41.000000
v -34.127972 -100.294327 41.000000
v -33.447342 -103.231461 41.000000
v -31.979521 -103.561066 41.000000
v -31.462528 -100.961990 41.000000
v -30.497290 -103.818260 41.000000
v -30.108454 -101.196945 41.000000
v -32.803444 -100.660873 41.000000
v -44.971779 -62.896564 41.000000
v -44.501598 -62.674183 41.000000
v -44.055477 -62.406792 41.000000
v -43.637714 -62.096954 41.000000
v -43.252335 -61.747665 41.000000
v -42.903046 -61.362286 41.000000
v -42.593212 -60.944527 41.000000
v -42.325817 -60.498402 41.000000
v -43.650002 -58.000000 41.000000
v -43.637714 -53.903046 41.000000
v -43.252335 -54.252335 41.000000
v -42.103439 -60.028225 41.000000
v -41.928215 -59.538509 41.000000
v -41.801838 -59.033978 41.000000
v -41.725521 -58.519489 41.000000
v -41.725521 -57.480511 41.000000
v -41.700001 -58.000000 41.000000
v -42.325817 -55.501598 41.000000
v -42.903046 -54.637714 41.000000
v -42.593212 -55.055473 41.000000
v -41.801838 -56.966022 41.000000
v -41.928215 -56.461491 41.000000
v -42.103439 -55.971775 41.000000
v -56.735634 -88.036873 44.000000
v -58.535973 -83.369682 44.000000
v -58.981064 -81.761330 44.000000
v -57.411903 -86.511238 44.000000
v -58.012501 -84.954254 44.000000
v -55.162769 -90.979492 44.000000
v -55.985325 -89.527489 44.000000
v -54.269966 -92.389389 44.000000
v -53.309055 -93.753777 44.000000
v -53.030888 -87.948311 44.000000
v -55.330219 -82.397224 44.000000
v -55.731457 -80.947342 44.000000
v -54.858322 -83.825676 44.000000
v -53.707272 -86.604561 44.000000
v -54.316910 -85.229248 44.000000
v -52.794331 -81.627968 44.000000
v -52.282356 -95.069374 44.000000
v -51.192337 -96.333008 44.000000
v -50.041630 -97.541634 44.000000
v -48.833004 -98.692337 44.000000
v -46.253777 -100.809059 44.000000
v -47.569370 -99.782356 44.000000
v -48.710152 -94.083282 44.000000
v -47.672821 -95.172821 44.000000
v -46.583282 -96.210152 44.000000
v -45.444153 -97.192772 44.000000
v -52.289383 -89.257248 44.000000
v -51.484543 -90.528229 44.000000
v -49.692772 -92.944153 44.000000
v -50.618309 -91.758186 44.000000
v -50.016399 -87.894875 44.000000
v -49.281151 -89.055969 44.000000
v -51.868626 -84.215134 44.000000
v -50.693794 -86.699112 44.000000
v -51.311699 -85.471542 44.000000
v -52.363235 -82.932915 44.000000
v -47.644291 -91.263016 44.000000
v -48.489811 -90.179581 44.000000
v -46.746632 -92.303650 44.000000
v -45.798988 -93.298988 44.000000
v -45.276981 -87.796783 44.000000
v -47.166111 -84.813522 44.000000
v -48.173107 -82.684402 44.000000
v -48.597057 -81.585358 44.000000
v -47.695744 -83.761322 44.000000
v -46.585487 -85.838463 44.000000
v -45.955269 -86.833687 44.000000
v -56.648575 -87.995697 44.588104
v -58.443813 -83.341721 44.588104
v -58.887642 -81.737923 44.588104
v -57.322929 -86.474380 44.588104
v -57.921825 -84.921814 44.588104
v -55.080173 -90.929985 44.588104
v -55.900391 -89.482094 44.588104
v -54.189896 -92.335884 44.588104
v -53.231701 -93.696404 44.588104
v -56.388237 -87.872566 45.170544
v -58.168224 -83.258125 45.170544
v -58.608280 -81.667953 45.170544
v -57.650669 -84.824791 45.170544
v -57.056866 -86.364174 45.170544
v -54.833153 -90.781929 45.170544
v -55.646408 -89.346336 45.170544
v -53.950439 -92.175888 45.170544
v -53.000389 -93.524849 45.170544
v -52.207909 -95.008278 44.588104
v -51.120979 -96.268333 44.588104
v -49.973534 -97.473534 44.588104
v -48.768330 -98.620979 44.588104
v -47.508278 -99.707909 44.588104
v -46.196407 -100.731705 44.588104
v -51.985291 -94.825577 45.170544
v -50.907597 -96.074928 45.170544
v -49.769894 -97.269890 45.170544
v -48.574928 -98.407593 45.170544
v -47.325577 -99.485291 45.170544
v -46.024853 -100.500389 45.170544
v -59.346703 -80.133072 44.000000
v -59.632000 -78.488838 44.000000
v -59.836281 -76.832581 44.000000
v -59.959045 -75.168304 44.000000
v -56.318260 -77.997292 44.000000
v -56.502415 -76.504227 44.000000
v -56.613083 -75.003922 44.000000
v -60.000000 -73.500000 44.000000
v -56.650002 -73.500000 44.000000
v -56.061069 -79.479515 44.000000
v -53.461987 -78.962532 44.000000
v -53.696941 -77.608452 44.000000
v -53.160873 -80.303444 44.000000
v -53.865170 -76.244476 44.000000
v -53.966270 -74.873894 44.000000
v -54.000000 -73.500000 44.000000
v -49.280750 -79.331528 44.000000
v -48.966568 -80.466835 44.000000
v -49.538845 -78.182167 44.000000
v -49.740234 -77.021530 44.000000
v -49.884434 -75.852409 44.000000
v -49.971092 -74.677628 44.000000
v -50.000000 -73.500000 44.000000
v -51.674183 -60.498402 44.000000
v -51.096954 -61.362286 44.000000
v -51.406788 -60.944527 44.000000
v -50.747665 -61.747665 44.000000
v -50.000000 -62.365646 44.000000
v -50.362286 -62.096954 44.000000
v -52.071785 -59.538509 44.000000
v -52.198162 -59.033978 44.000000
v -51.896561 -60.028225 44.000000
v -52.274479 -58.519489 44.000000
v -52.299999 -58.000000 44.000000
v -52.274479 -57.480511 44.000000
v -52.198162 -56.966022 44.000000
v -52.071785 -56.461491 44.000000
v -51.896561 -55.971775 44.000000
v -51.674183 -55.501598 44.000000
v -51.406788 -55.055473 44.000000
v -51.096954 -54.637714 44.000000
v -50.747665 -54.252335 44.000000
v -50.362286 -53.903046 44.000000
v -59.252243 -80.114281 44.588104
v -59.536743 -78.474709 44.588104
v -59.740440 -76.823143 44.588104
v -59.862862 -75.163574 44.588104
v -59.903694 -73.500000 44.588104
v -59.251865 -78.432449 45.170544
v -58.969784 -80.058098 45.170544
v -59.453838 -76.794914 45.170544
v -59.575214 -75.149445 45.170544
v -59.615707 -73.500000 45.170544
v -50.349998 -58.000000 44.500000
v -48.674999 -60.901184 44.500000
v -45.325001 -60.901184 44.500000
v -48.499268 -58.801376 44.500000
v -48.413498 -58.944466 44.500000
v -48.314117 -59.078472 44.500000
v -48.078468 -59.314117 44.500000
v -48.202080 -59.202080 44.500000
v -47.944469 -59.413498 44.500000
v -48.570595 -58.650558 44.500000
v -48.626797 -58.493484 44.500000
v -48.691814 -58.166630 44.500000
v -48.667336 -58.331654 44.500000
v -48.700001 -58.000000 44.500000
v -48.691814 -57.833370 44.500000
v -48.667336 -57.668346 44.500000
v -48.626797 -57.506516 44.500000
v -48.570595 -57.349442 44.500000
v -48.499268 -57.198624 44.500000
v -47.801376 -59.499271 44.500000
v -47.650562 -59.570591 44.500000
v -47.493484 -59.626797 44.500000
v -47.331654 -59.667336 44.500000
v -47.166630 -59.691814 44.500000
v -47.000000 -59.700001 44.500000
v -48.413498 -57.055534 44.500000
v -48.314117 -56.921528 44.500000
v -48.202080 -56.797920 44.500000
v -48.078468 -56.685883 44.500000
v -47.944469 -56.586502 44.500000
v -48.674999 -55.098816 44.500000
v -47.801376 -56.500729 44.500000
v -47.650562 -56.429409 44.500000
v -47.493484 -56.373203 44.500000
v -47.331654 -56.332664 44.500000
v -47.166630 -56.308186 44.500000
v -47.000000 -56.299999 44.500000
v -46.833370 -59.691814 44.500000
v -46.668346 -59.667336 44.500000
v -46.506516 -59.626797 44.500000
v -46.349438 -59.570591 44.500000
v -46.198624 -59.499271 44.500000
v -46.055531 -59.413498 44.500000
v -45.921532 -59.314117 44.500000
v -45.797920 -59.202080 44.500000
v -45.685883 -59.078472 44.500000
v -45.586502 -58.944466 44.500000
v -45.500732 -58.801376 44.500000
v -45.500732 -57.198624 44.500000
v -45.429405 -58.650558 44.500000
v -45.373203 -58.493484 44.500000
v -45.332664 -58.331654 44.500000
v -45.308186 -58.166630 44.500000
v -45.299999 -58.000000 44.500000
v -45.308186 -57.833370 44.500000
v -45.332664 -57.668346 44.500000
v -45.429405 -57.349442 44.500000
v -45.373203 -57.506516 44.500000
v -46.833370 -56.308186 44.500000
v -46.668346 -56.332664 44.500000
v -46.506516 -56.373203 44.500000
v -46.349438 -56.429409 44.500000
v -46.198624 -56.500729 44.500000
v -46.055531 -56.586502 44.500000
v -45.797920 -56.797920 44.500000
v -45.921532 -56.685883 44.500000
v -45.685883 -56.921528 44.500000
v -45.586502 -57.055534 44.500000
v -45.325001 -55.098816 44.500000
v -44.889389 -101.769966 44.000000
v -43.479492 -102.662773 44.000000
v -42.027489 -103.485321 44.000000
v -44.258183 -98.118309 44.000000
v -44.803650 -94.246628 44.000000
v -43.763012 -95.144295 44.000000
v -43.028229 -98.984543 44.000000
v -41.757248 -99.789383 44.000000
v -42.679581 -95.989807 44.000000
v -41.555965 -96.781151 44.000000
v -40.536873 -104.235634 44.000000
v -39.011238 -104.911903 44.000000
v -39.104565 -101.207275 44.000000
v -37.729248 -101.816910 44.000000
v -40.448311 -100.530884 44.000000
v -40.394878 -97.516403 44.000000
v -39.199108 -98.193794 44.000000
v -37.971542 -98.811699 44.000000
v -38.338467 -94.085487 44.000000
v -44.552250 -88.725441 44.000000
v -43.782825 -89.617416 44.000000
v -42.117416 -91.282829 44.000000
v -42.970562 -90.470566 44.000000
v -41.225437 -92.052254 44.000000
v -40.296783 -92.776978 44.000000
v -39.333687 -93.455269 44.000000
v -37.454254 -105.512497 44.000000
v -35.869678 -106.035973 44.000000
v -36.325672 -102.358322 44.000000
v -34.261326 -106.481064 44.000000
v -34.897224 -102.830223 44.000000
v -36.715137 -99.368629 44.000000
v -37.313522 -94.666107 44.000000
v -36.261322 -95.195740 44.000000
v -35.432915 -99.863235 44.000000
v -34.127972 -100.294327 44.000000
v -35.184402 -95.673111 44.000000
v -34.085358 -96.097061 44.000000
v -32.633072 -106.846703 44.000000
v -33.447342 -103.231461 44.000000
v -31.979521 -103.561066 44.000000
v -30.988834 -107.132004 44.000000
v -31.462528 -100.961990 44.000000
v -30.497290 -103.818260 44.000000
v -30.108454 -101.196945 44.000000
v -32.803444 -100.660873 44.000000
v -32.966831 -96.466568 44.000000
v -31.831524 -96.780746 44.000000
v -30.682167 -97.038849 44.000000
v -44.835884 -101.689888 44.588104
v -43.429981 -102.580170 44.588104
v -41.982090 -103.400391 44.588104
v -40.495697 -104.148575 44.588104
v -38.974380 -104.822929 44.588104
v -44.675884 -101.450439 45.170544
v -43.281925 -102.333153 45.170544
v -41.846333 -103.146408 45.170544
v -40.372566 -103.888237 45.170544
v -38.864174 -104.556862 45.170544
v -37.421810 -105.421822 44.588104
v -35.841724 -105.943810 44.588104
v -34.237926 -106.387642 44.588104
v -32.614285 -106.752243 44.588104
v -30.974705 -107.036736 44.588104
v -37.324791 -105.150665 45.170544
v -35.758125 -105.668228 45.170544
v -34.167950 -106.108284 45.170544
v -32.558098 -106.469788 45.170544
v -30.932447 -106.751869 45.170544
v -43.650002 -58.000000 44.500000
v -49.944523 -53.593212 41.000000
v -49.498402 -53.325817 41.000000
v -49.028221 -53.103439 41.000000
v -48.538509 -52.928215 41.000000
v -48.033978 -52.801838 41.000000
v -47.519489 -52.725521 41.000000
v -47.000000 -52.700001 41.000000
v -46.480511 -52.725521 41.000000
v -45.966022 -52.801838 41.000000
v -45.461491 -52.928215 41.000000
v -44.971779 -53.103439 41.000000
v -44.501598 -53.325817 41.000000
v -44.055477 -53.593212 41.000000
v -50.000000 -53.634357 44.000000
v -29.004225 -104.002411 41.000000
v -28.744480 -101.365173 41.000000
v -27.503923 -104.113083 41.000000
v -27.373894 -101.466270 41.000000
v -26.000000 -104.150002 41.000000
v -26.000000 -101.500000 41.000000
v -29.332582 -107.336281 44.000000
v -29.004225 -104.002411 44.000000
v -28.744480 -101.365173 44.000000
v -27.668301 -107.459045 44.000000
v -27.503923 -104.113083 44.000000
v -27.373894 -101.466270 44.000000
v -29.521532 -97.240234 44.000000
v -28.352413 -97.384430 44.000000
v -27.177622 -97.471092 44.000000
v -26.000000 -107.500008 44.000000
v -26.000000 -104.150002 44.000000
v -26.000000 -101.500000 44.000000
v -26.000000 -97.500000 44.000000
v -29.323143 -107.240440 44.588104
v -27.663578 -107.362854 44.588104
v -26.000000 -107.403702 44.588104
v -29.294916 -106.953835 45.170544
v -27.649443 -107.075211 45.170544
v -26.000000 -107.115707 45.170544
v -58.145676 -81.552071 45.741707
v -57.201645 -84.664131 45.741707
v -56.616261 -86.181671 45.741707
v -57.711861 -83.119690 45.741707
v -55.957127 -87.668663 45.741707
v -55.225819 -89.121529 45.741707
v -54.424103 -90.536751 45.741707
v -53.553909 -91.910934 45.741707
v -52.617340 -93.240761 45.741707
v -56.579086 -84.441368 46.296101
v -57.504276 -81.391411 46.296101
v -57.079117 -82.927750 46.296101
v -55.359390 -87.385956 46.296101
v -54.642673 -88.809830 46.296101
v -53.004131 -91.543579 46.296101
v -53.856960 -90.196815 46.296101
v -56.005383 -85.928635 46.296101
v -51.616646 -94.523033 45.741707
v -50.554237 -95.754662 45.741707
v -49.432674 -96.932678 45.741707
v -48.254662 -98.054237 45.741707
v -47.023037 -99.116646 45.741707
v -45.740765 -100.117340 45.741707
v -51.105518 -94.103569 46.296101
v -50.064308 -95.310616 46.296101
v -48.965126 -96.465126 46.296101
v -47.810616 -97.564308 46.296101
v -46.603565 -98.605515 46.296101
v -45.346878 -99.586243 46.296101
v -52.086246 -92.846878 46.296101
v -56.276085 -82.684151 46.828381
v -56.690258 -81.187508 46.828381
v -53.902599 -88.414253 46.828381
v -53.137184 -89.765404 46.828381
v -55.788971 -84.158661 46.828381
v -54.600800 -87.027168 46.828381
v -55.230091 -85.607498 46.828381
v -53.012711 -87.938599 47.333420
v -55.711468 -80.942337 47.333420
v -55.310501 -82.391243 47.333420
v -54.838917 -83.818733 47.333420
v -53.688648 -86.595749 47.333420
v -54.297871 -85.221359 47.333420
v -49.442528 -94.747070 46.828381
v -48.371746 -95.871742 46.828381
v -47.247066 -96.942528 46.828381
v -46.071205 -97.956833 46.828381
v -48.694881 -94.069443 47.333420
v -47.658253 -95.158249 47.333420
v -46.569443 -96.194885 47.333420
v -45.431080 -97.176842 47.333420
v -52.306389 -91.077370 46.828381
v -51.412220 -92.346985 46.828381
v -50.456833 -93.571205 46.828381
v -45.276981 -87.796783 47.000000
v -47.166111 -84.813522 47.000000
v -48.173107 -82.684402 47.000000
v -48.597057 -81.585358 47.000000
v -47.695744 -83.761322 47.000000
v -46.585487 -85.838463 47.000000
v -45.955269 -86.833687 47.000000
v -52.271706 -89.246658 47.333420
v -51.467407 -90.516777 47.333420
v -50.601757 -91.745911 47.333420
v -49.676842 -92.931084 47.333420
v -58.502056 -79.965057 45.741707
v -58.780128 -78.362473 45.741707
v -59.098885 -75.126045 45.741707
v -58.979233 -76.748169 45.741707
v -59.138802 -73.500000 45.741707
v -58.126068 -78.265450 46.296101
v -58.321201 -76.683357 46.296101
v -58.438469 -75.093597 46.296101
v -57.853542 -79.836067 46.296101
v -58.477592 -73.500000 46.296101
v -49.944523 -62.406792 46.000000
v -50.000000 -62.365646 46.000000
v -49.498402 -62.674183 46.000000
v -49.028221 -62.896564 46.000000
v -48.538509 -63.071781 46.000000
v -48.033978 -63.198162 46.000000
v -47.519489 -63.274475 46.000000
v -47.000000 -63.299999 46.000000
v -46.480511 -63.274475 46.000000
v -45.966022 -63.198162 46.000000
v -45.461491 -63.071781 46.000000
v -48.413498 -58.944466 46.000000
v -48.499268 -58.801376 46.000000
v -48.314117 -59.078472 46.000000
v -48.078468 -59.314117 46.000000
v -48.202080 -59.202080 46.000000
v -47.944469 -59.413498 46.000000
v -48.570595 -58.650558 46.000000
v -48.626797 -58.493484 46.000000
v -48.667336 -58.331654 46.000000
v -48.691814 -58.166630 46.000000
v -48.700001 -58.000000 46.000000
v -48.691814 -57.833370 46.000000
v -48.667336 -57.668346 46.000000
v -48.626797 -57.506516 46.000000
v -48.570595 -57.349442 46.000000
v -48.499268 -57.198624 46.000000
v -47.801376 -59.499271 46.000000
v -47.650562 -59.570591 46.000000
v -47.493484 -59.626797 46.000000
v -47.331654 -59.667336 46.000000
v -47.166630 -59.691814 46.000000
v -47.000000 -59.700001 46.000000
v -48.413498 -57.055534 46.000000
v -48.314117 -56.921528 46.000000
v -48.202080 -56.797920 46.000000
v -48.078468 -56.685883 46.000000
v -47.944469 -56.586502 46.000000
v -47.801376 -56.500729 46.000000
v -47.650562 -56.429409 46.000000
v -47.493484 -56.373203 46.000000
v -47.331654 -56.332664 46.000000
v -47.166630 -56.308186 46.000000
v -47.000000 -56.299999 46.000000
v -46.833370 -59.691814 46.000000
v -46.668346 -59.667336 46.000000
v -46.506516 -59.626797 46.000000
v -46.349438 -59.570591 46.000000
v -46.198624 -59.499271 46.000000
v -46.055531 -59.413498 46.000000
v -45.921532 -59.314117 46.000000
v -45.797920 -59.202080 46.000000
v -45.685883 -59.078472 46.000000
v -45.586502 -58.944466 46.000000
v -45.500732 -58.801376 46.000000
v -45.500732 -57.198624 46.000000
v -45.429405 -58.650558 46.000000
v -45.373203 -58.493484 46.000000
v -45.332664 -58.331654 46.000000
v -45.308186 -58.166630 46.000000
v -45.299999 -58.000000 46.000000
v -45.308186 -57.833370 46.000000
v -45.332664 -57.668346 46.000000
v -45.373203 -57.506516 46.000000
v -45.429405 -57.349442 46.000000
v -46.833370 -56.308186 46.000000
v -46.668346 -56.332664 46.000000
v -46.506516 -56.373203 46.000000
v -46.349438 -56.429409 46.000000
v -46.198624 -56.500729 46.000000
v -46.055531 -56.586502 46.000000
v -45.797920 -56.797920 46.000000
v -45.921532 -56.685883 46.000000
v -45.685883 -56.921528 46.000000
v -45.586502 -57.055534 46.000000
v -57.295986 -78.142319 46.828381
v -57.030502 -79.672348 46.828381
v -57.486073 -76.601105 46.828381
v -57.600315 -75.052422 46.828381
v -57.638424 -73.500000 46.828381
v -56.297874 -77.994263 47.333420
v -56.481899 -76.502205 47.333420
v -56.592499 -75.002914 47.333420
v -56.629387 -73.500000 47.333420
v -56.040859 -79.475494 47.333420
v -49.280750 -79.331528 47.000000
v -48.966568 -80.466835 47.000000
v -49.538845 -78.182167 47.000000
v -49.740234 -77.021530 47.000000
v -49.884434 -75.852409 47.000000
v -49.971092 -74.677628 47.000000
v -50.000000 -73.500000 47.000000
v -44.410934 -101.053909 45.741707
v -43.036751 -101.924103 45.741707
v -41.621525 -102.725815 45.741707
v -40.168667 -103.457123 45.741707
v -38.681671 -104.116264 45.741707
v -42.696819 -101.356956 46.296101
v -41.309830 -102.142677 46.296101
v -44.043583 -100.504128 46.296101
v -39.885960 -102.859398 46.296101
v -38.428635 -103.505379 46.296101
v -37.164127 -104.701645 45.741707
v -35.619686 -105.211861 45.741707
v -34.052074 -105.645676 45.741707
v -32.465061 -106.002052 45.741707
v -30.862474 -106.280128 45.741707
v -36.941372 -104.079086 46.296101
v -35.427746 -104.579117 46.296101
v -33.891411 -105.004280 46.296101
v -32.336063 -105.353546 46.296101
v -30.765453 -105.626068 46.296101
v -44.846989 -98.912224 46.828381
v -43.577366 -99.806389 46.828381
v -42.265400 -100.637184 46.828381
v -40.914249 -101.402603 46.828381
v -39.527168 -102.100800 46.828381
v -38.107502 -102.730095 46.828381
v -38.338467 -94.085487 47.000000
v -44.245907 -98.101761 47.333420
v -43.016777 -98.967407 47.333420
v -41.746655 -99.771706 47.333420
v -39.095753 -101.188644 47.333420
v -37.721359 -101.797867 47.333420
v -40.438595 -100.512711 47.333420
v -44.552250 -88.725441 47.000000
v -43.782825 -89.617416 47.000000
v -42.117416 -91.282829 47.000000
v -42.970562 -90.470566 47.000000
v -41.225437 -92.052254 47.000000
v -40.296783 -92.776978 47.000000
v -39.333687 -93.455269 47.000000
v -36.658665 -103.288971 46.828381
v -35.184151 -103.776085 46.828381
v -37.313522 -94.666107 47.000000
v -36.261322 -95.195740 47.000000
v -35.184402 -95.673111 47.000000
v -34.085358 -96.097061 47.000000
v -33.687511 -104.190262 46.828381
v -32.172352 -104.530502 46.828381
v -30.642321 -104.795990 46.828381
v -32.966831 -96.466568 47.000000
v -31.831524 -96.780746 47.000000
v -30.682167 -97.038849 47.000000
v -36.318733 -102.338921 47.333420
v -34.891243 -102.810501 47.333420
v -33.442337 -103.211472 47.333420
v -31.975498 -103.540855 47.333420
v -30.494267 -103.797874 47.333420
v -44.971779 -62.896564 46.000000
v -44.501598 -62.674183 46.000000
v -44.055477 -62.406792 46.000000
v -43.637714 -62.096954 46.000000
v -43.252335 -61.747665 46.000000
v -42.903046 -61.362286 46.000000
v -42.593212 -60.944527 46.000000
v -42.325817 -60.498402 46.000000
v -43.637714 -53.903046 46.000000
v -43.252335 -54.252335 46.000000
v -42.103439 -60.028225 46.000000
v -41.928215 -59.538509 46.000000
v -41.801838 -59.033978 46.000000
v -41.725521 -58.519489 46.000000
v -41.725521 -57.480511 46.000000
v -41.700001 -58.000000 46.000000
v -42.325817 -55.501598 46.000000
v -42.903046 -54.637714 46.000000
v -42.593212 -55.055473 46.000000
v -41.801838 -56.966022 46.000000
v -41.928215 -56.461491 46.000000
v -42.103439 -55.971775 46.000000
v -30.110756 -72.798843 47.000000
v -30.150000 -72.000000 47.000000
v -30.110756 -71.201157 47.000000
v -54.577324 -80.658249 47.806358
v -52.631714 -86.095863 47.806358
v -53.217686 -84.773933 47.806358
v -53.738087 -83.424843 47.806358
v -54.191662 -82.051849 47.806358
v -52.930344 -81.669228 48.242641
v -46.831512 -94.331512 47.806358
v -45.784267 -95.328575 47.806358
v -51.981586 -87.387444 47.806358
v -51.268864 -88.645576 47.806358
v -49.662663 -91.049423 47.806358
v -48.773048 -92.189362 47.806358
v -50.495270 -89.867218 47.806358
v -50.138313 -87.967949 48.242641
v -49.399330 -89.134933 48.242641
v -51.999943 -84.269531 48.242641
v -50.819149 -86.766113 48.242641
v -51.440189 -85.532310 48.242641
v -52.497063 -82.980797 48.242641
v -47.828575 -93.284264 47.806358
v -47.754166 -91.353180 48.242641
v -48.603973 -90.264252 48.242641
v -46.851948 -92.399101 48.242641
v -45.899494 -93.399498 48.242641
v -51.127800 -82.490868 48.638062
v -50.656372 -83.713005 48.638062
v -51.538696 -81.247078 48.638062
v -50.125546 -84.910530 48.638062
v -49.536594 -86.080574 48.638062
v -48.890945 -87.220306 48.638062
v -48.190151 -88.326981 48.638062
v -47.435894 -89.397942 48.638062
v -45.774403 -91.422478 48.638062
v -46.629997 -90.430603 48.638062
v -50.030117 -80.789459 48.988819
v -49.199913 -83.109718 48.988819
v -49.643494 -81.959778 48.988819
v -46.879372 -87.451149 48.988819
v -46.169670 -88.458847 48.988819
v -45.411377 -89.430504 48.988819
v -48.700439 -84.236511 48.988819
v -48.146282 -85.337433 48.988819
v -47.538769 -86.409843 48.988819
v -48.058434 -81.392632 49.291527
v -47.644588 -82.465485 49.291527
v -47.178600 -83.516731 49.291527
v -46.661594 -84.543854 49.291527
v -46.094810 -85.544365 49.291527
v -45.479614 -86.515862 49.291527
v -46.005383 -81.786499 49.543278
v -46.387882 -80.794899 49.543278
v -45.574684 -82.758133 49.543278
v -45.096832 -83.707466 49.543278
v -54.894138 -79.247398 47.806358
v -55.141342 -77.822708 47.806358
v -55.318348 -76.387604 47.806358
v -55.424725 -74.945541 47.806358
v -53.601391 -78.990257 48.242641
v -53.837543 -77.629311 48.242641
v -53.298752 -80.337982 48.242641
v -54.006622 -76.258415 48.242641
v -54.108238 -74.880867 48.242641
v -55.460213 -73.500000 47.806358
v -54.142139 -73.500000 48.242641
v -52.559357 -76.115868 48.638062
v -52.655720 -74.809509 48.638062
v -52.687866 -73.500000 48.638062
v -51.888065 -79.984619 48.638062
v -52.175064 -78.706543 48.638062
v -52.399010 -77.415924 48.638062
v -50.628895 -78.398994 48.988819
v -50.839611 -77.184608 48.988819
v -50.990486 -75.961349 48.988819
v -51.081158 -74.732155 48.988819
v -50.358849 -79.601570 48.988819
v -48.977772 -78.070564 49.291527
v -49.315125 -75.796341 49.291527
v -49.174362 -76.937592 49.291527
v -49.399715 -74.649551 49.291527
v -51.111404 -73.500000 48.988819
v -49.427937 -73.500000 49.291527
v -48.419136 -80.300774 49.291527
v -48.725830 -79.192520 49.291527
v -47.004734 -78.761414 49.543278
v -47.237598 -77.724419 49.543278
v -47.419300 -76.677254 49.543278
v -47.549400 -75.622429 49.543278
v -47.627586 -74.562492 49.543278
v -46.721268 -79.785728 49.543278
v -45.212143 -78.312393 49.741642
v -45.425133 -77.363899 49.741642
v -45.591328 -76.406097 49.741642
v -45.710323 -75.441299 49.741642
v -45.781837 -74.471817 49.741642
v -47.653667 -73.500000 49.543278
v -45.805695 -73.500000 49.741642
v -44.689358 -96.273048 47.806358
v -43.549427 -97.162659 47.806358
v -42.367214 -97.995270 47.806358
v -44.899105 -94.351944 48.242641
v -43.853184 -95.254166 48.242641
v -42.764252 -96.103973 48.242641
v -41.634933 -96.899330 48.242641
v -41.145573 -98.768867 47.806358
v -39.887447 -99.481583 47.806358
v -38.595863 -100.131714 47.806358
v -40.467949 -97.638313 48.242641
v -39.266109 -98.319145 48.242641
v -38.032314 -98.940186 48.242641
v -42.930603 -94.129997 48.638062
v -41.897942 -94.935898 48.638062
v -40.826984 -95.690147 48.638062
v -39.720306 -96.390945 48.638062
v -38.580574 -97.036598 48.638062
v -44.871170 -92.371170 48.638062
v -43.922474 -93.274406 48.638062
v -35.924847 -101.238083 47.806358
v -34.551846 -101.691666 47.806358
v -37.273933 -100.717682 47.806358
v -36.769527 -99.499947 48.242641
v -35.480801 -99.997063 48.242641
v -34.169231 -100.430344 48.242641
v -33.158245 -102.077324 47.806358
v -31.747402 -102.394142 47.806358
v -30.322710 -102.641350 47.806358
v -32.837982 -100.798752 48.242641
v -31.490259 -101.101395 48.242641
v -30.129309 -101.337540 48.242641
v -37.410534 -97.625542 48.638062
v -36.213005 -98.156372 48.638062
v -34.990871 -98.627800 48.638062
v -33.747078 -99.038696 48.638062
v -32.484623 -99.388062 48.638062
v -31.206545 -99.675064 48.638062
v -34.813084 -81.049797 48.599998
v -33.909580 -81.754898 48.599998
v -32.972565 -82.414818 48.599998
v -32.004299 -83.027962 48.599998
v -31.007114 -83.592865 48.599998
v -39.951149 -94.379372 48.988819
v -38.909843 -95.038773 48.988819
v -37.837433 -95.646278 48.988819
v -43.756443 -91.256447 48.988819
v -44.606323 -90.363792 48.988819
v -42.863789 -92.106323 48.988819
v -41.930508 -92.911377 48.988819
v -44.817493 -87.456001 49.291527
v -44.110039 -88.362526 49.291527
v -43.358955 -89.233238 49.291527
v -41.733238 -90.858955 49.291527
v -42.566051 -90.066055 49.291527
v -40.958847 -93.669670 48.988819
v -40.862526 -91.610039 49.291527
v -39.956005 -92.317497 49.291527
v -39.015862 -92.979614 49.291527
v -38.044365 -93.594810 49.291527
v -42.044312 -88.041718 49.543278
v -41.311455 -88.811455 49.543278
v -44.572971 -84.632210 49.543278
v -43.392391 -86.399078 49.543278
v -44.004368 -85.530136 49.543278
v -42.738514 -87.236938 49.543278
v -44.298077 -81.079308 49.741642
v -43.467064 -82.836342 49.741642
v -43.904137 -81.968025 49.741642
v -42.467831 -84.503456 49.741642
v -41.310009 -86.064598 49.741642
v -41.908081 -85.298241 49.741642
v -42.987911 -83.682159 49.741642
v -41.354893 -82.703369 49.884712
v -41.787983 -81.938850 49.884712
v -42.183041 -81.154007 49.884712
v -40.541714 -89.544312 49.543278
v -39.736942 -90.238510 49.543278
v -38.899075 -90.892387 49.543278
v -38.030132 -91.504364 49.543278
v -40.004742 -87.504738 49.741642
v -39.300690 -88.175049 49.741642
v -38.564598 -88.810005 49.741642
v -37.798237 -89.408081 49.741642
v -40.675053 -86.800690 49.741642
v -40.378864 -84.164093 49.884712
v -39.838284 -84.856789 49.884712
v -40.884808 -83.445709 49.884712
v -40.075768 -81.023651 49.971107
v -39.689644 -81.705254 49.971107
v -38.658489 -86.158485 49.884712
v -39.264362 -85.522118 49.884712
v -38.022118 -86.764366 49.884712
v -37.825832 -84.218307 49.971107
v -39.270538 -82.367088 49.971107
v -38.819469 -83.007568 49.971107
v -38.337513 -83.625137 49.971107
v -38.008202 -80.697441 50.000000
v -37.640575 -81.277985 50.000000
v -36.736507 -96.200439 48.988819
v -35.609718 -96.699913 48.988819
v -34.459778 -97.143494 48.988819
v -37.043854 -94.161591 49.291527
v -36.016731 -94.678604 49.291527
v -34.965481 -95.144592 49.291527
v -33.892635 -95.558434 49.291527
v -33.289455 -97.530113 48.988819
v -32.101574 -97.858849 48.988819
v -30.898993 -98.128899 48.988819
v -32.800770 -95.919136 49.291527
v -31.692524 -96.225830 49.291527
v -30.570562 -96.477776 49.291527
v -32.285728 -94.221268 49.543278
v -31.261412 -94.504738 49.543278
v -30.224419 -94.737602 49.543278
v -37.132210 -92.072968 49.543278
v -36.207470 -92.596832 49.543278
v -35.258137 -93.074684 49.543278
v -34.286499 -93.505379 49.543278
v -37.003452 -89.967834 49.741642
v -36.182163 -90.487907 49.741642
v -36.664093 -87.878868 49.884712
v -35.945709 -88.384811 49.884712
v -35.336338 -90.967064 49.741642
v -34.468025 -91.404137 49.741642
v -35.203369 -88.854889 49.884712
v -34.438854 -89.287987 49.884712
v -37.356785 -87.338280 49.884712
v -37.285667 -84.785667 49.971107
v -36.718311 -85.325836 49.971107
v -36.125134 -85.837509 49.971107
v -36.822147 -82.381508 50.000000
v -37.244904 -81.839790 50.000000
v -36.373314 -82.901825 50.000000
v -35.899494 -83.399498 50.000000
v -35.507565 -86.319466 49.971107
v -34.867092 -86.770538 49.971107
v -34.881508 -84.322144 50.000000
v -34.205257 -87.189644 49.971107
v -34.339790 -84.744904 50.000000
v -33.777985 -85.140572 50.000000
v -35.401825 -83.873314 50.000000
v -34.813084 -81.049797 50.000000
v -33.909580 -81.754898 50.000000
v -33.294903 -93.887886 49.543278
v -33.579311 -91.798073 49.741642
v -32.672337 -92.147934 49.741642
v -33.654007 -89.683044 49.884712
v -32.850723 -90.039116 49.884712
v -33.523655 -87.575768 49.971107
v -32.823925 -87.927979 49.971107
v -32.030937 -90.355339 49.884712
v -32.107758 -88.245438 49.971107
v -31.749290 -92.452866 49.741642
v -30.812391 -92.712143 49.741642
v -30.349785 -90.865311 49.884712
v -31.196621 -90.630959 49.884712
v -31.376877 -88.527367 49.971107
v -30.633043 -88.773094 49.971107
v -33.197437 -85.508202 50.000000
v -32.599556 -85.846901 50.000000
v -31.985769 -86.155853 50.000000
v -32.972565 -82.414818 50.000000
v -32.004299 -83.027962 50.000000
v -31.357569 -86.434311 50.000000
v -30.716457 -86.681618 50.000000
v -30.063988 -86.897163 50.000000
v -31.007114 -83.592865 50.000000
v -41.985054 -70.866379 48.599998
v -41.572586 -71.935661 48.599998
v -42.344559 -69.778145 48.599998
v -42.901337 -67.555359 48.599998
v -42.650230 -68.673584 48.599998
v -40.592861 -74.007111 48.599998
v -39.414814 -75.972565 48.599998
v -40.027962 -75.004295 48.599998
v -38.049793 -77.813080 48.599998
v -38.754894 -76.909576 48.599998
v -41.108150 -72.983414 48.599998
v -43.237564 -65.288704 48.599998
v -43.321873 -64.145729 48.599998
v -43.349998 -63.000000 48.599998
v -43.097271 -66.426155 48.599998
v -37.301208 -78.680901 48.599998
v -36.510944 -79.510941 48.599998
v -35.680901 -80.301208 48.599998
v -30.110756 -72.798843 48.599998
v -30.150000 -72.000000 48.599998
v -30.110756 -71.201157 48.599998
v -44.647934 -80.172340 49.741642
v -44.952866 -79.249290 49.741642
v -43.130962 -78.696617 49.884712
v -43.365311 -77.849785 49.884712
v -43.708046 -76.126740 49.884712
v -43.557827 -76.992470 49.884712
v -43.815605 -75.254684 49.884712
v -43.880241 -74.378403 49.884712
v -42.855339 -79.530937 49.884712
v -42.539112 -80.350723 49.884712
v -41.273094 -78.133041 49.971107
v -41.482033 -77.378044 49.971107
v -41.787598 -75.841866 49.971107
v -41.653667 -76.613708 49.971107
v -41.883488 -75.064384 49.971107
v -41.941116 -74.283134 49.971107
v -43.901806 -73.500000 49.884712
v -41.960342 -73.500000 49.971107
v -41.960342 -70.930443 49.971107
v -41.985054 -70.866379 49.970009
v -41.572586 -71.935661 49.976822
v -42.344559 -69.778145 49.954010
v -42.901337 -67.555359 49.929234
v -42.650230 -68.673584 49.940407
v -40.427979 -80.323929 49.971107
v -40.745434 -79.607758 49.971107
v -41.027367 -78.876877 49.971107
v -39.397163 -77.563988 50.000000
v -40.592861 -74.007111 49.991077
v -40.477234 -74.211220 49.992710
v -39.580437 -76.901726 50.000000
v -39.730995 -76.231262 50.000000
v -39.414814 -75.972565 50.000000
v -40.093781 -74.888115 49.997612
v -39.848473 -75.554230 50.000000
v -39.889290 -75.223289 50.000000
v -40.027962 -75.004295 49.998367
v -38.655849 -79.485771 50.000000
v -39.181618 -78.216461 50.000000
v -38.934315 -78.857567 50.000000
v -38.346897 -80.099556 50.000000
v -38.049793 -77.813080 50.000000
v -38.754894 -76.909576 50.000000
v -40.848122 -73.500000 49.987499
v -41.108150 -72.983414 49.983669
v -43.237564 -65.288704 49.914272
v -43.321873 -64.145729 49.910519
v -43.349998 -63.000000 49.909267
v -43.097271 -66.426155 49.920513
v -37.301208 -78.680901 50.000000
v -36.510944 -79.510941 50.000000
v -35.680901 -80.301208 50.000000
v -49.944523 -53.593212 46.000000
v -50.000000 -53.634357 46.000000
v -49.498402 -53.325817 46.000000
v -49.028221 -53.103439 46.000000
v -48.538509 -52.928215 46.000000
v -48.033978 -52.801838 46.000000
v -47.519489 -52.725521 46.000000
v -47.000000 -52.700001 46.000000
v -46.480511 -52.725521 46.000000
v -45.966022 -52.801838 46.000000
v -45.461491 -52.928215 46.000000
v -44.971779 -53.103439 46.000000
v -44.501598 -53.325817 46.000000
v -44.055477 -53.593212 46.000000
v -29.248169 -106.479233 45.741707
v -27.626045 -106.598892 45.741707
v -26.000000 -106.638809 45.741707
v -29.183359 -105.821205 46.296101
v -27.593599 -105.938469 46.296101
v -26.000000 -105.977592 46.296101
v -29.101107 -104.986076 46.828381
v -27.552422 -105.100319 46.828381
v -29.521532 -97.240234 47.000000
v -28.352413 -97.384430 47.000000
v -27.177622 -97.471092 47.000000
v -26.000000 -105.138428 46.828381
v -26.000000 -97.500000 47.000000
v -29.002205 -103.981903 47.333420
v -27.502913 -104.092499 47.333420
v -26.000000 -104.129395 47.333420
v -29.187658 -75.841881 47.000000
v -29.799067 -74.365822 47.000000
v -29.529615 -75.118874 47.000000
v -28.776476 -76.527901 47.000000
v -28.300035 -77.170303 47.000000
v -27.762922 -77.762917 47.000000
v -27.170303 -78.300034 47.000000
v -26.527897 -78.776474 47.000000
v -29.993402 -73.589989 47.000000
v -29.993402 -70.410011 47.000000
v -29.799067 -69.634178 47.000000
v -29.529615 -68.881126 47.000000
v -29.187658 -68.158119 47.000000
v -28.776476 -67.472099 47.000000
v -25.841883 -79.187660 47.000000
v -25.118870 -79.529617 47.000000
v -24.365820 -79.799065 47.000000
v -23.589987 -79.993401 47.000000
v -22.798840 -80.110756 47.000000
v -28.300035 -66.829697 47.000000
v -27.762922 -66.237083 47.000000
v -27.170303 -65.699966 47.000000
v -26.527897 -65.223526 47.000000
v -25.841883 -64.812340 47.000000
v -25.118870 -64.470383 47.000000
v -24.365820 -64.200935 47.000000
v -23.589987 -64.006599 47.000000
v -22.798840 -63.889240 47.000000
v -22.000000 -80.150002 47.000000
v -21.201160 -80.110756 47.000000
v -20.410013 -79.993401 47.000000
v -19.634180 -79.799065 47.000000
v -18.881130 -79.529617 47.000000
v -18.158117 -79.187660 47.000000
v -17.472103 -78.776474 47.000000
v -16.829695 -78.300034 47.000000
v -16.237080 -77.762917 47.000000
v -15.699965 -77.170303 47.000000
v -15.223521 -76.527901 47.000000
v -15.223521 -67.472099 47.000000
v -22.000000 -63.849998 47.000000
v -21.201160 -63.889240 47.000000
v -20.410013 -64.006599 47.000000
v -19.634180 -64.200935 47.000000
v -18.881130 -64.470383 47.000000
v -18.158117 -64.812340 47.000000
v -17.472103 -65.223526 47.000000
v -16.829695 -65.699966 47.000000
v -16.237080 -66.237083 47.000000
v -15.699965 -66.829697 47.000000
v -14.812343 -75.841881 47.000000
v -14.470383 -75.118874 47.000000
v -14.200936 -74.365822 47.000000
v -14.006600 -73.589989 47.000000
v -13.889245 -72.798843 47.000000
v -13.850000 -72.000000 47.000000
v -13.889245 -71.201157 47.000000
v -14.470383 -68.881126 47.000000
v -14.200936 -69.634178 47.000000
v -14.812343 -68.158119 47.000000
v -14.006600 -70.410011 47.000000
v -28.887606 -102.818352 47.806358
v -27.445543 -102.924721 47.806358
v -28.758413 -101.506622 48.242641
v -27.380871 -101.608238 48.242641
v -26.000000 -102.960213 47.806358
v -26.000000 -101.642136 48.242641
v -29.915924 -99.899010 48.638062
v -28.615870 -100.059357 48.638062
v -27.309511 -100.155716 48.638062
v -26.000000 -100.187866 48.638062
v -29.983412 -84.108147 48.599998
v -28.935658 -84.572586 48.599998
v -27.866377 -84.985054 48.599998
v -26.778147 -85.344559 48.599998
v -25.673588 -85.650230 48.599998
v -24.555359 -85.901337 48.599998
v -23.426157 -86.097275 48.599998
v -22.288700 -86.237564 48.599998
v -21.145731 -86.321877 48.599998
v -20.000000 -86.349998 48.599998
v -29.684608 -98.339615 48.988819
v -28.461348 -98.490486 48.988819
v -27.232161 -98.581154 48.988819
v -29.437590 -96.674362 49.291527
v -28.296339 -96.815125 49.291527
v -27.149555 -96.899712 49.291527
v -26.000000 -98.611404 48.988819
v -26.000000 -96.927933 49.291527
v -29.177254 -94.919304 49.543278
v -28.122433 -95.049400 49.543278
v -27.062492 -95.127586 49.543278
v -26.000000 -95.153671 49.543278
v -29.863901 -92.925133 49.741642
v -28.906099 -93.091324 49.741642
v -29.492470 -91.057831 49.884712
v -28.626743 -91.208046 49.884712
v -29.113708 -89.153671 49.971107
v -29.878044 -88.982033 49.971107
v -28.341869 -89.287598 49.971107
v -27.941296 -93.210327 49.741642
v -26.971817 -93.281837 49.741642
v -27.754684 -91.315605 49.884712
v -26.878401 -91.380241 49.884712
v -27.564386 -89.383492 49.971107
v -28.054228 -87.348473 50.000000
v -27.372240 -87.432587 50.000000
v -26.783136 -89.441116 49.971107
v -26.686947 -87.483139 50.000000
v -29.401722 -87.080437 50.000000
v -29.983412 -84.108147 50.000000
v -28.731264 -87.230995 50.000000
v -28.935658 -84.572586 50.000000
v -27.866377 -84.985054 50.000000
v -26.778147 -85.344559 50.000000
v -26.000000 -93.305695 49.741642
v -26.000000 -91.401810 49.884712
v -26.000000 -89.460342 49.971107
v -26.000000 -87.500000 50.000000
v -25.673588 -85.650230 50.000000
v -24.555359 -85.901337 50.000000
v -23.426157 -86.097275 50.000000
v -22.288700 -86.237564 50.000000
v -21.145731 -86.321877 50.000000
v -20.000000 -86.349998 50.000000
v -29.187658 -75.841881 48.599998
v -29.799067 -74.365822 48.599998
v -29.529615 -75.118874 48.599998
v -28.776476 -76.527901 48.599998
v -28.300035 -77.170303 48.599998
v -27.762922 -77.762917 48.599998
v -27.170303 -78.300034 48.599998
v -26.527897 -78.776474 48.599998
v -29.993402 -73.589989 48.599998
v -29.993402 -70.410011 48.599998
v -29.799067 -69.634178 48.599998
v -29.529615 -68.881126 48.599998
v -29.187658 -68.158119 48.599998
v -28.776476 -67.472099 48.599998
v -25.841883 -79.187660 48.599998
v -25.118870 -79.529617 48.599998
v -24.365820 -79.799065 48.599998
v -23.589987 -79.993401 48.599998
v -22.798840 -80.110756 48.599998
v -28.300035 -66.829697 48.599998
v -27.762922 -66.237083 48.599998
v -27.170303 -65.699966 48.599998
v -26.527897 -65.223526 48.599998
v -25.841883 -64.812340 48.599998
v -25.118870 -64.470383 48.599998
v -24.365820 -64.200935 48.599998
v -23.589987 -64.006599 48.599998
v -22.798840 -63.889240 48.599998
v -22.000000 -80.150002 48.599998
v -21.201160 -80.110756 48.599998
v -20.410013 -79.993401 48.599998
v -19.634180 -79.799065 48.599998
v -18.881130 -79.529617 48.599998
v -18.158117 -79.187660 48.599998
v -17.472103 -78.776474 48.599998
v -16.829695 -78.300034 48.599998
v -16.237080 -77.762917 48.599998
v -15.699965 -77.170303 48.599998
v -15.223521 -76.527901 48.599998
v -15.223521 -67.472099 48.599998
v -22.000000 -63.849998 48.599998
v -21.201160 -63.889240 48.599998
v -20.410013 -64.006599 48.599998
v -19.634180 -64.200935 48.599998
v -18.881130 -64.470383 48.599998
v -18.158117 -64.812340 48.599998
v -17.472103 -65.223526 48.599998
v -16.829695 -65.699966 48.599998
v -16.237080 -66.237083 48.599998
v -15.699965 -66.829697 48.599998
v -14.812343 -75.841881 48.599998
v -14.470383 -75.118874 48.599998
v -14.200936 -74.365822 48.599998
v -14.006600 -73.589989 48.599998
v -13.889245 -72.798843 48.599998
v -13.850000 -72.000000 48.599998
v -13.889245 -71.201157 48.599998
v -14.470383 -68.881126 48.599998
v -14.200936 -69.634178 48.599998
v -14.812343 -68.158119 48.599998
v -14.006600 -70.410011 48.599998
v -24.973011 -47.134392 47.000000
v -25.003208 -47.095699 47.000000
v -25.031469 -47.055569 47.000000
v -24.871559 -47.240952 47.000000
v -24.940950 -47.171558 47.000000
v -24.907106 -47.207108 47.000000
v -24.795700 -47.303207 47.000000
v -24.834393 -47.273010 47.000000
v -24.755569 -47.331470 47.000000
v -24.714104 -47.357727 47.000000
v -24.671396 -47.381920 47.000000
v -24.627556 -47.403988 47.000000
v -24.442980 -47.470032 47.000000
v -24.395090 -47.480785 47.000000
v -24.490284 -47.456940 47.000000
v -24.582684 -47.423878 47.000000
v -24.536890 -47.441544 47.000000
v -24.346731 -47.489178 47.000000
v -24.298018 -47.495186 47.000000
v -24.249067 -47.498795 47.000000
v -24.200001 -47.500000 47.000000
v -25.081921 -46.971397 47.000000
v -25.103989 -46.927555 47.000000
v -25.123880 -46.882683 47.000000
v -25.141544 -46.836891 47.000000
v -25.189177 -46.646732 47.000000
v -25.180786 -46.695091 47.000000
v -25.156940 -46.790283 47.000000
v -25.170031 -46.742981 47.000000
v -25.198795 -46.549068 47.000000
v -25.200001 -46.500000 47.000000
v -25.195185 -46.598019 47.000000
v -25.057728 -47.014103 47.000000
v -25.003208 -47.095699 48.599998
v -25.031469 -47.055569 48.599998
v -24.973011 -47.134392 48.599998
v -24.940950 -47.171558 48.599998
v -24.907106 -47.207108 48.599998
v -24.871559 -47.240952 48.599998
v -24.795700 -47.303207 48.599998
v -24.834393 -47.273010 48.599998
v -24.755569 -47.331470 48.599998
v -24.714104 -47.357727 48.599998
v -24.671396 -47.381920 48.599998
v -24.627556 -47.403988 48.599998
v -24.490284 -47.456940 48.599998
v -24.442980 -47.470032 48.599998
v -24.395090 -47.480785 48.599998
v -24.582684 -47.423878 48.599998
v -24.536890 -47.441544 48.599998
v -24.346731 -47.489178 48.599998
v -24.298018 -47.495186 48.599998
v -24.249067 -47.498795 48.599998
v -24.200001 -47.500000 48.599998
v -25.081921 -46.971397 48.599998
v -25.103989 -46.927555 48.599998
v -25.123880 -46.882683 48.599998
v -25.141544 -46.836891 48.599998
v -25.189177 -46.646732 48.599998
v -25.180786 -46.695091 48.599998
v -25.156940 -46.790283 48.599998
v -25.170031 -46.742981 48.599998
v -25.198795 -46.549068 48.599998
v -25.200001 -46.500000 48.599998
v -25.195185 -46.598019 48.599998
v -25.057728 -47.014103 48.599998
v -49.944523 53.593212 41.000000
v -49.498402 53.325817 41.000000
v -49.028221 53.103439 41.000000
v -48.538509 52.928215 41.000000
v -48.033978 52.801838 41.000000
v -47.519489 52.725521 41.000000
v -47.000000 52.700001 41.000000
v -46.480511 52.725521 41.000000
v -45.966022 52.801838 41.000000
v -45.461491 52.928215 41.000000
v -44.971779 53.103439 41.000000
v -44.501598 53.325817 41.000000
v -44.055477 53.593212 41.000000
v -50.000000 53.634357 44.000000
v -56.650002 73.500000 41.000000
v -56.613083 75.003922 41.000000
v -56.502415 76.504227 41.000000
v -56.318260 77.997292 41.000000
v -54.000000 73.500000 41.000000
v -56.061069 79.479515 41.000000
v -53.966270 74.873894 41.000000
v -53.865170 76.244476 41.000000
v -53.696941 77.608452 41.000000
v -53.461987 78.962532 41.000000
v -53.160873 80.303444 41.000000
v -52.071785 56.461491 41.000000
v -52.198162 56.966022 41.000000
v -51.896561 55.971775 41.000000
v -51.674183 55.501598 41.000000
v -51.406788 55.055473 41.000000
v -51.096954 54.637714 41.000000
v -50.747665 54.252335 41.000000
v -52.274479 57.480511 41.000000
v -52.299999 58.000000 41.000000
v -52.274479 58.519489 41.000000
v -52.198162 59.033978 41.000000
v -52.071785 59.538509 41.000000
v -51.896561 60.028225 41.000000
v -50.362286 53.903046 41.000000
v -50.349998 58.000000 41.000000
v -51.674183 60.498402 41.000000
v -51.406788 60.944527 41.000000
v -51.096954 61.362286 41.000000
v -50.747665 61.747665 41.000000
v -50.362286 62.096954 41.000000
v -49.944523 62.406792 41.000000
v -49.498402 62.674183 41.000000
v -49.028221 62.896564 41.000000
v -48.674999 55.098816 41.000000
v -45.325001 55.098816 41.000000
v -48.674999 60.901184 41.000000
v -48.538509 63.071781 41.000000
v -48.033978 63.198162 41.000000
v -47.519489 63.274475 41.000000
v -47.000000 63.299999 41.000000
v -46.480511 63.274475 41.000000
v -45.966022 63.198162 41.000000
v -45.325001 60.901184 41.000000
v -45.461491 63.071781 41.000000
v -55.731457 80.947342 41.000000
v -55.330219 82.397224 41.000000
v -54.858322 83.825676 41.000000
v -52.794331 81.627968 41.000000
v -54.316910 85.229248 41.000000
v -53.707272 86.604561 41.000000
v -53.030888 87.948311 41.000000
v -52.363235 82.932915 41.000000
v -51.868626 84.215134 41.000000
v -51.311699 85.471542 41.000000
v -50.693794 86.699112 41.000000
v -52.289383 89.257248 41.000000
v -51.484543 90.528229 41.000000
v -50.016399 87.894875 41.000000
v -49.281151 89.055969 41.000000
v -50.618309 91.758186 41.000000
v -49.692772 92.944153 41.000000
v -48.489811 90.179581 41.000000
v -47.644291 91.263016 41.000000
v -46.746632 92.303650 41.000000
v -45.798988 93.298988 41.000000
v -48.710152 94.083282 41.000000
v -47.672821 95.172821 41.000000
v -46.583282 96.210152 41.000000
v -45.444153 97.192772 41.000000
v -43.637714 53.903046 41.000000
v -43.252335 54.252335 41.000000
v -43.650002 58.000000 41.000000
v -42.903046 54.637714 41.000000
v -42.593212 55.055473 41.000000
v -42.325817 55.501598 41.000000
v -42.103439 55.971775 41.000000
v -41.928215 56.461491 41.000000
v -41.801838 56.966022 41.000000
v -41.725521 57.480511 41.000000
v -41.725521 58.519489 41.000000
v -41.700001 58.000000 41.000000
v -41.801838 59.033978 41.000000
v -41.928215 59.538509 41.000000
v -42.103439 60.028225 41.000000
v -44.971779 62.896564 41.000000
v -44.501598 62.674183 41.000000
v -43.637714 62.096954 41.000000
v -43.252335 61.747665 41.000000
v -44.055477 62.406792 41.000000
v -42.903046 61.362286 41.000000
v -42.593212 60.944527 41.000000
v -42.325817 60.498402 41.000000
v -44.803650 94.246628 41.000000
v -43.763012 95.144295 41.000000
v -44.258183 98.118309 41.000000
v -42.679581 95.989807 41.000000
v -41.555965 96.781151 41.000000
v -43.028229 98.984543 41.000000
v -41.757248 99.789383 41.000000
v -40.394878 97.516403 41.000000
v -40.448311 100.530884 41.000000
v -39.199108 98.193794 41.000000
v -37.971542 98.811699 41.000000
v -39.104565 101.207275 41.000000
v -37.729248 101.816910 41.000000
v -36.715137 99.368629 41.000000
v -35.432915 99.863235 41.000000
v -34.127972 100.294327 41.000000
v -36.325672 102.358322 41.000000
v -34.897224 102.830223 41.000000
v -32.803444 100.660873 41.000000
v -33.447342 103.231461 41.000000
v -31.979521 103.561066 41.000000
v -31.462528 100.961990 41.000000
v -30.108454 101.196945 41.000000
v -30.497290 103.818260 41.000000
v -60.000000 73.500000 44.000000
v -56.650002 73.500000 44.000000
v -59.959045 75.168304 44.000000
v -59.836281 76.832581 44.000000
v -59.632000 78.488838 44.000000
v -59.346703 80.133072 44.000000
v -56.613083 75.003922 44.000000
v -56.502415 76.504227 44.000000
v -56.318260 77.997292 44.000000
v -54.000000 73.500000 44.000000
v -56.061069 79.479515 44.000000
v -53.966270 74.873894 44.000000
v -53.865170 76.244476 44.000000
v -53.696941 77.608452 44.000000
v -53.461987 78.962532 44.000000
v -53.160873 80.303444 44.000000
v -52.071785 56.461491 44.000000
v -52.198162 56.966022 44.000000
v -51.896561 55.971775 44.000000
v -51.674183 55.501598 44.000000
v -51.406788 55.055473 44.000000
v -51.096954 54.637714 44.000000
v -50.747665 54.252335 44.000000
v -52.274479 57.480511 44.000000
v -52.299999 58.000000 44.000000
v -52.274479 58.519489 44.000000
v -52.198162 59.033978 44.000000
v -52.071785 59.538509 44.000000
v -51.896561 60.028225 44.000000
v -50.362286 53.903046 44.000000
v -51.674183 60.498402 44.000000
v -51.406788 60.944527 44.000000
v -51.096954 61.362286 44.000000
v -50.747665 61.747665 44.000000
v -50.362286 62.096954 44.000000
v -50.000000 62.365646 44.000000
v -50.000000 73.500000 44.000000
v -49.971092 74.677628 44.000000
v -49.884434 75.852409 44.000000
v -49.740234 77.021530 44.000000
v -49.538845 78.182167 44.000000
v -49.280750 79.331528 44.000000
v -48.966568 80.466835 44.000000
v -59.903694 73.500000 44.588104
v -59.862862 75.163574 44.588104
v -59.740440 76.823143 44.588104
v -59.536743 78.474709 44.588104
v -59.252243 80.114281 44.588104
v -59.615707 73.500000 45.170544
v -59.575214 75.149445 45.170544
v -59.453838 76.794914 45.170544
v -59.251865 78.432449 45.170544
v -58.969784 80.058098 45.170544
v -50.349998 58.000000 44.500000
v -48.674999 55.098816 44.500000
v -48.413498 57.055534 44.500000
v -48.314117 56.921528 44.500000
v -48.078468 56.685883 44.500000
v -48.202080 56.797920 44.500000
v -47.944469 56.586502 44.500000
v -47.801376 56.500729 44.500000
v -47.650562 56.429409 44.500000
v -47.493484 56.373203 44.500000
v -47.331654 56.332664 44.500000
v -47.166630 56.308186 44.500000
v -47.000000 56.299999 44.500000
v -48.626797 57.506516 44.500000
v -48.570595 57.349442 44.500000
v -48.667336 57.668346 44.500000
v -48.691814 57.833370 44.500000
v -48.499268 57.198624 44.500000
v -48.700001 58.000000 44.500000
v -48.691814 58.166630 44.500000
v -48.667336 58.331654 44.500000
v -48.626797 58.493484 44.500000
v -48.570595 58.650558 44.500000
v -48.499268 58.801376 44.500000
v -48.413498 58.944466 44.500000
v -48.314117 59.078472 44.500000
v -48.202080 59.202080 44.500000
v -48.078468 59.314117 44.500000
v -47.944469 59.413498 44.500000
v -47.801376 59.499271 44.500000
v -47.650562 59.570591 44.500000
v -47.493484 59.626797 44.500000
v -47.331654 59.667336 44.500000
v -47.166630 59.691814 44.500000
v -47.000000 59.700001 44.500000
v -46.833370 56.308186 44.500000
v -46.668346 56.332664 44.500000
v -46.506516 56.373203 44.500000
v -46.349438 56.429409 44.500000
v -46.198624 56.500729 44.500000
v -46.055531 56.586502 44.500000
v -45.325001 55.098816 44.500000
v -45.921532 56.685883 44.500000
v -45.797920 56.797920 44.500000
v -45.685883 56.921528 44.500000
v -45.586502 57.055534 44.500000
v -46.506516 59.626797 44.500000
v -46.833370 59.691814 44.500000
v -46.668346 59.667336 44.500000
v -46.349438 59.570591 44.500000
v -46.198624 59.499271 44.500000
v -46.055531 59.413498 44.500000
v -45.500732 57.198624 44.500000
v -45.429405 57.349442 44.500000
v -45.373203 57.506516 44.500000
v -45.332664 57.668346 44.500000
v -45.308186 57.833370 44.500000
v -45.299999 58.000000 44.500000
v -45.308186 58.166630 44.500000
v -45.332664 58.331654 44.500000
v -45.373203 58.493484 44.500000
v -45.429405 58.650558 44.500000
v -45.797920 59.202080 44.500000
v -45.921532 59.314117 44.500000
v -45.586502 58.944466 44.500000
v -45.685883 59.078472 44.500000
v -45.500732 58.801376 44.500000
v -48.674999 60.901184 44.500000
v -45.325001 60.901184 44.500000
v -58.981064 81.761330 44.000000
v -58.535973 83.369682 44.000000
v -58.012501 84.954254 44.000000
v -57.411903 86.511238 44.000000
v -56.735634 88.036873 44.000000
v -55.731457 80.947342 44.000000
v -55.330219 82.397224 44.000000
v -54.858322 83.825676 44.000000
v -52.794331 81.627968 44.000000
v -54.316910 85.229248 44.000000
v -53.707272 86.604561 44.000000
v -55.985325 89.527489 44.000000
v -55.162769 90.979492 44.000000
v -53.030888 87.948311 44.000000
v -54.269966 92.389389 44.000000
v -53.309055 93.753777 44.000000
v -52.363235 82.932915 44.000000
v -51.868626 84.215134 44.000000
v -51.311699 85.471542 44.000000
v -50.693794 86.699112 44.000000
v -52.289383 89.257248 44.000000
v -51.484543 90.528229 44.000000
v -50.016399 87.894875 44.000000
v -49.281151 89.055969 44.000000
v -50.618309 91.758186 44.000000
v -49.692772 92.944153 44.000000
v -48.597057 81.585358 44.000000
v -48.173107 82.684402 44.000000
v -47.695744 83.761322 44.000000
v -47.166111 84.813522 44.000000
v -46.585487 85.838463 44.000000
v -45.955269 86.833687 44.000000
v -48.489811 90.179581 44.000000
v -47.644291 91.263016 44.000000
v -45.276981 87.796783 44.000000
v -46.746632 92.303650 44.000000
v -45.798988 93.298988 44.000000
v -52.282356 95.069374 44.000000
v -51.192337 96.333008 44.000000
v -50.041630 97.541634 44.000000
v -48.833004 98.692337 44.000000
v -48.710152 94.083282 44.000000
v -47.672821 95.172821 44.000000
v -47.569370 99.782356 44.000000
v -46.583282 96.210152 44.000000
v -45.444153 97.192772 44.000000
v -46.253777 100.809059 44.000000
v -58.887642 81.737923 44.588104
v -58.443813 83.341721 44.588104
v -57.921825 84.921814 44.588104
v -57.322929 86.474380 44.588104
v -56.648575 87.995697 44.588104
v -55.900391 89.482094 44.588104
v -55.080173 90.929985 44.588104
v -54.189896 92.335884 44.588104
v -53.231701 93.696404 44.588104
v -58.608280 81.667953 45.170544
v -58.168224 83.258125 45.170544
v -57.650669 84.824791 45.170544
v -57.056866 86.364174 45.170544
v -56.388237 87.872566 45.170544
v -55.646408 89.346336 45.170544
v -54.833153 90.781929 45.170544
v -53.950439 92.175888 45.170544
v -53.000389 93.524849 45.170544
v -52.207909 95.008278 44.588104
v -51.120979 96.268333 44.588104
v -49.973534 97.473534 44.588104
v -48.768330 98.620979 44.588104
v -47.508278 99.707909 44.588104
v -46.196407 100.731705 44.588104
v -51.985291 94.825577 45.170544
v -50.907597 96.074928 45.170544
v -49.769894 97.269890 45.170544
v -48.574928 98.407593 45.170544
v -47.325577 99.485291 45.170544
v -46.024853 100.500389 45.170544
v -43.650002 58.000000 44.500000
v -44.552250 88.725441 44.000000
v -43.782825 89.617416 44.000000
v -42.970562 90.470566 44.000000
v -42.117416 91.282829 44.000000
v -41.225437 92.052254 44.000000
v -40.296783 92.776978 44.000000
v -39.333687 93.455269 44.000000
v -44.803650 94.246628 44.000000
v -43.763012 95.144295 44.000000
v -44.258183 98.118309 44.000000
v -42.679581 95.989807 44.000000
v -41.555965 96.781151 44.000000
v -43.028229 98.984543 44.000000
v -41.757248 99.789383 44.000000
v -44.889389 101.769966 44.000000
v -43.479492 102.662773 44.000000
v -42.027489 103.485321 44.000000
v -40.394878 97.516403 44.000000
v -40.448311 100.530884 44.000000
v -38.338467 94.085487 44.000000
v -39.199108 98.193794 44.000000
v -37.971542 98.811699 44.000000
v -40.536873 104.235634 44.000000
v -39.104565 101.207275 44.000000
v -37.729248 101.816910 44.000000
v -39.011238 104.911903 44.000000
v -37.313522 94.666107 44.000000
v -36.261322 95.195740 44.000000
v -36.715137 99.368629 44.000000
v -35.184402 95.673111 44.000000
v -34.085358 96.097061 44.000000
v -35.432915 99.863235 44.000000
v -34.127972 100.294327 44.000000
v -36.325672 102.358322 44.000000
v -37.454254 105.512497 44.000000
v -35.869678 106.035973 44.000000
v -34.897224 102.830223 44.000000
v -34.261326 106.481064 44.000000
v -32.966831 96.466568 44.000000
v -32.803444 100.660873 44.000000
v -31.831524 96.780746 44.000000
v -30.682167 97.038849 44.000000
v -33.447342 103.231461 44.000000
v -31.979521 103.561066 44.000000
v -32.633072 106.846703 44.000000
v -31.462528 100.961990 44.000000
v -30.108454 101.196945 44.000000
v -30.497290 103.818260 44.000000
v -30.988834 107.132004 44.000000
v -44.835884 101.689888 44.588104
v -43.429981 102.580170 44.588104
v -41.982090 103.400391 44.588104
v -40.495697 104.148575 44.588104
v -38.974380 104.822929 44.588104
v -44.675884 101.450439 45.170544
v -43.281925 102.333153 45.170544
v -41.846333 103.146408 45.170544
v -40.372566 103.888237 45.170544
v -38.864174 104.556862 45.170544
v -37.421810 105.421822 44.588104
v -35.841724 105.943810 44.588104
v -34.237926 106.387642 44.588104
v -32.614285 106.752243 44.588104
v -30.974705 107.036736 44.588104
v -37.324791 105.150665 45.170544
v -35.758125 105.668228 45.170544
v -34.167950 106.108284 45.170544
v -32.558098 106.469788 45.170544
v -30.932447 106.751869 45.170544
v -28.744480 101.365173 41.000000
v -29.004225 104.002411 41.000000
v -27.373894 101.466270 41.000000
v -27.503923 104.113083 41.000000
v -26.000000 101.500000 41.000000
v -26.000000 104.150002 41.000000
v -29.521532 97.240234 44.000000
v -28.352413 97.384430 44.000000
v -27.177622 97.471092 44.000000
v -28.744480 101.365173 44.000000
v -29.004225 104.002411 44.000000
v -29.332582 107.336281 44.000000
v -27.373894 101.466270 44.000000
v -27.503923 104.113083 44.000000
v -27.668301 107.459045 44.000000
v -26.000000 97.500000 44.000000
v -26.000000 101.500000 44.000000
v -26.000000 104.150002 44.000000
v -26.000000 107.500008 44.000000
v -29.323143 107.240440 44.588104
v -27.663578 107.362854 44.588104
v -26.000000 107.403702 44.588104
v -29.294916 106.953835 45.170544
v -27.649443 107.075211 45.170544
v -26.000000 107.115707 45.170544
v -49.944523 53.593212 46.000000
v -50.000000 53.634357 46.000000
v -49.498402 53.325817 46.000000
v -49.028221 53.103439 46.000000
v -48.538509 52.928215 46.000000
v -48.033978 52.801838 46.000000
v -47.519489 52.725521 46.000000
v -47.000000 52.700001 46.000000
v -46.480511 52.725521 46.000000
v -45.966022 52.801838 46.000000
v -45.461491 52.928215 46.000000
v -44.971779 53.103439 46.000000
v -44.501598 53.325817 46.000000
v -44.055477 53.593212 46.000000
v -43.349998 15.000000 48.599998
v -43.321873 16.145731 48.599998
v -43.237564 17.288700 48.599998
v -43.097271 18.426157 48.599998
v -42.901337 19.555359 48.599998
v -42.650230 20.673588 48.599998
v -42.344559 21.778147 48.599998
v -41.985054 22.866379 48.599998
v -41.572586 23.935658 48.599998
v -41.108150 24.983412 48.599998
v -40.592861 26.007114 48.599998
v -43.349998 15.000000 49.909267
v -43.321873 16.145731 49.910519
v -43.237564 17.288700 49.914272
v -43.097271 18.426157 49.920513
v -42.901337 19.555359 49.929234
v -42.650230 20.673588 49.940407
v -42.344559 21.778147 49.954010
v -41.985054 22.866379 49.970009
v -41.960342 22.930441 49.971107
v -41.572586 23.935658 49.976822
v -41.108150 24.983412 49.983669
v -40.592861 26.007114 49.991261
v -40.027962 27.004297 48.599998
v -39.414814 27.972563 48.599998
v -38.754894 28.909578 48.599998
v -38.049793 29.813086 48.599998
v -37.301208 30.680902 48.599998
v -36.510944 31.510944 48.599998
v -35.680901 32.301208 48.599998
v -34.813084 33.049793 48.599998
v -33.909580 33.754894 48.599998
v -32.972565 34.414814 48.599998
v -32.004299 35.027962 48.599998
v -31.007114 35.592861 48.599998
v -40.000000 27.048458 50.000000
v -40.027962 27.004297 49.999588
v -39.414814 27.972563 50.000000
v -38.754894 28.909578 50.000000
v -38.049793 29.813086 50.000000
v -37.301208 30.680902 50.000000
v -36.510944 31.510944 50.000000
v -35.680901 32.301208 50.000000
v -34.813084 33.049793 50.000000
v -33.909580 33.754894 50.000000
v -32.972565 34.414814 50.000000
v -32.004299 35.027962 50.000000
v -31.007114 35.592861 50.000000
v -59.138802 73.500000 45.741707
v -59.098885 75.126045 45.741707
v -58.979233 76.748169 45.741707
v -58.780128 78.362473 45.741707
v -58.502056 79.965057 45.741707
v -58.477592 73.500000 46.296101
v -58.438469 75.093597 46.296101
v -58.321201 76.683357 46.296101
v -58.126068 78.265450 46.296101
v -57.853542 79.836067 46.296101
v -49.944523 62.406792 46.000000
v -50.000000 62.365646 46.000000
v -49.498402 62.674183 46.000000
v -49.028221 62.896564 46.000000
v -48.413498 57.055534 46.000000
v -48.314117 56.921528 46.000000
v -48.078468 56.685883 46.000000
v -48.202080 56.797920 46.000000
v -47.944469 56.586502 46.000000
v -47.801376 56.500729 46.000000
v -47.650562 56.429409 46.000000
v -47.493484 56.373203 46.000000
v -47.331654 56.332664 46.000000
v -47.166630 56.308186 46.000000
v -47.000000 56.299999 46.000000
v -48.570595 57.349442 46.000000
v -48.626797 57.506516 46.000000
v -48.667336 57.668346 46.000000
v -48.691814 57.833370 46.000000
v -48.499268 57.198624 46.000000
v -48.700001 58.000000 46.000000
v -48.691814 58.166630 46.000000
v -48.667336 58.331654 46.000000
v -48.626797 58.493484 46.000000
v -48.570595 58.650558 46.000000
v -48.499268 58.801376 46.000000
v -48.413498 58.944466 46.000000
v -48.314117 59.078472 46.000000
v -48.202080 59.202080 46.000000
v -48.078468 59.314117 46.000000
v -47.944469 59.413498 46.000000
v -47.801376 59.499271 46.000000
v -47.650562 59.570591 46.000000
v -47.493484 59.626797 46.000000
v -47.331654 59.667336 46.000000
v -47.166630 59.691814 46.000000
v -47.000000 59.700001 46.000000
v -46.833370 56.308186 46.000000
v -46.668346 56.332664 46.000000
v -46.506516 56.373203 46.000000
v -46.349438 56.429409 46.000000
v -46.198624 56.500729 46.000000
v -46.055531 56.586502 46.000000
v -45.921532 56.685883 46.000000
v -45.797920 56.797920 46.000000
v -45.685883 56.921528 46.000000
v -45.586502 57.055534 46.000000
v -46.506516 59.626797 46.000000
v -46.833370 59.691814 46.000000
v -46.668346 59.667336 46.000000
v -46.349438 59.570591 46.000000
v -46.198624 59.499271 46.000000
v -46.055531 59.413498 46.000000
v -45.500732 57.198624 46.000000
v -45.429405 57.349442 46.000000
v -45.373203 57.506516 46.000000
v -45.332664 57.668346 46.000000
v -45.308186 57.833370 46.000000
v -45.299999 58.000000 46.000000
v -45.308186 58.166630 46.000000
v -45.332664 58.331654 46.000000
v -45.373203 58.493484 46.000000
v -45.429405 58.650558 46.000000
v -45.797920 59.202080 46.000000
v -45.921532 59.314117 46.000000
v -45.586502 58.944466 46.000000
v -45.685883 59.078472 46.000000
v -45.500732 58.801376 46.000000
v -48.538509 63.071781 46.000000
v -48.033978 63.198162 46.000000
v -47.519489 63.274475 46.000000
v -47.000000 63.299999 46.000000
v -46.480511 63.274475 46.000000
v -45.966022 63.198162 46.000000
v -45.461491 63.071781 46.000000
v -57.638424 73.500000 46.828381
v -57.600315 75.052422 46.828381
v -57.486073 76.601105 46.828381
v -57.295986 78.142319 46.828381
v -57.030502 79.672348 46.828381
v -56.629387 73.500000 47.333420
v -56.592499 75.002914 47.333420
v -56.481899 76.502205 47.333420
v -56.297874 77.994263 47.333420
v -56.040859 79.475494 47.333420
v -50.000000 73.500000 47.000000
v -49.971092 74.677628 47.000000
v -49.884434 75.852409 47.000000
v -49.740234 77.021530 47.000000
v -49.538845 78.182167 47.000000
v -49.280750 79.331528 47.000000
v -48.966568 80.466835 47.000000
v -58.145676 81.552071 45.741707
v -57.711861 83.119690 45.741707
v -57.201645 84.664131 45.741707
v -56.616261 86.181671 45.741707
v -55.957127 87.668663 45.741707
v -55.225819 89.121529 45.741707
v -54.424103 90.536751 45.741707
v -53.553909 91.910934 45.741707
v -52.617340 93.240761 45.741707
v -57.504276 81.391411 46.296101
v -57.079117 82.927750 46.296101
v -56.579086 84.441368 46.296101
v -56.005383 85.928635 46.296101
v -55.359390 87.385956 46.296101
v -54.642673 88.809830 46.296101
v -53.856960 90.196815 46.296101
v -53.004131 91.543579 46.296101
v -52.086246 92.846878 46.296101
v -51.616646 94.523033 45.741707
v -50.554237 95.754662 45.741707
v -49.432674 96.932678 45.741707
v -48.254662 98.054237 45.741707
v -47.023037 99.116646 45.741707
v -45.740765 100.117340 45.741707
v -51.105518 94.103569 46.296101
v -50.064308 95.310616 46.296101
v -48.965126 96.465126 46.296101
v -47.810616 97.564308 46.296101
v -46.603565 98.605515 46.296101
v -45.346878 99.586243 46.296101
v -56.690258 81.187508 46.828381
v -56.276085 82.684151 46.828381
v -55.788971 84.158661 46.828381
v -55.230091 85.607498 46.828381
v -54.600800 87.027168 46.828381
v -53.902599 88.414253 46.828381
v -53.137184 89.765404 46.828381
v -55.711468 80.942337 47.333420
v -55.310501 82.391243 47.333420
v -54.838917 83.818733 47.333420
v -54.297871 85.221359 47.333420
v -53.688648 86.595749 47.333420
v -53.012711 87.938599 47.333420
v -52.306389 91.077370 46.828381
v -51.412220 92.346985 46.828381
v -50.456833 93.571205 46.828381
v -48.597057 81.585358 47.000000
v -48.173107 82.684402 47.000000
v -47.695744 83.761322 47.000000
v -47.166111 84.813522 47.000000
v -46.585487 85.838463 47.000000
v -45.955269 86.833687 47.000000
v -45.276981 87.796783 47.000000
v -52.271706 89.246658 47.333420
v -51.467407 90.516777 47.333420
v -50.601757 91.745911 47.333420
v -49.676842 92.931084 47.333420
v -49.442528 94.747070 46.828381
v -48.371746 95.871742 46.828381
v -47.247066 96.942528 46.828381
v -46.071205 97.956833 46.828381
v -48.694881 94.069443 47.333420
v -47.658253 95.158249 47.333420
v -46.569443 96.194885 47.333420
v -45.431080 97.176842 47.333420
v -43.637714 53.903046 46.000000
v -43.252335 54.252335 46.000000
v -42.903046 54.637714 46.000000
v -42.593212 55.055473 46.000000
v -42.325817 55.501598 46.000000
v -42.103439 55.971775 46.000000
v -41.928215 56.461491 46.000000
v -41.801838 56.966022 46.000000
v -41.725521 57.480511 46.000000
v -41.725521 58.519489 46.000000
v -41.700001 58.000000 46.000000
v -41.801838 59.033978 46.000000
v -41.928215 59.538509 46.000000
v -42.103439 60.028225 46.000000
v -44.971779 62.896564 46.000000
v -44.501598 62.674183 46.000000
v -43.637714 62.096954 46.000000
v -43.252335 61.747665 46.000000
v -44.055477 62.406792 46.000000
v -42.903046 61.362286 46.000000
v -42.593212 60.944527 46.000000
v -42.325817 60.498402 46.000000
v -44.410934 101.053909 45.741707
v -43.036751 101.924103 45.741707
v -41.621525 102.725815 45.741707
v -40.168667 103.457123 45.741707
v -38.681671 104.116264 45.741707
v -44.043583 100.504128 46.296101
v -42.696819 101.356956 46.296101
v -41.309830 102.142677 46.296101
v -39.885960 102.859398 46.296101
v -38.428635 103.505379 46.296101
v -37.164127 104.701645 45.741707
v -35.619686 105.211861 45.741707
v -34.052074 105.645676 45.741707
v -32.465061 106.002052 45.741707
v -30.862474 106.280128 45.741707
v -36.941372 104.079086 46.296101
v -35.427746 104.579117 46.296101
v -33.891411 105.004280 46.296101
v -32.336063 105.353546 46.296101
v -30.765453 105.626068 46.296101
v -44.552250 88.725441 47.000000
v -43.782825 89.617416 47.000000
v -42.970562 90.470566 47.000000
v -42.117416 91.282829 47.000000
v -41.225437 92.052254 47.000000
v -40.296783 92.776978 47.000000
v -39.333687 93.455269 47.000000
v -44.846989 98.912224 46.828381
v -43.577366 99.806389 46.828381
v -42.265400 100.637184 46.828381
v -38.338467 94.085487 47.000000
v -40.914249 101.402603 46.828381
v -39.527168 102.100800 46.828381
v -38.107502 102.730095 46.828381
v -44.245907 98.101761 47.333420
v -43.016777 98.967407 47.333420
v -41.746655 99.771706 47.333420
v -40.438595 100.512711 47.333420
v -39.095753 101.188644 47.333420
v -37.721359 101.797867 47.333420
v -37.313522 94.666107 47.000000
v -36.261322 95.195740 47.000000
v -35.184402 95.673111 47.000000
v -34.085358 96.097061 47.000000
v -36.658665 103.288971 46.828381
v -35.184151 103.776085 46.828381
v -32.966831 96.466568 47.000000
v -31.831524 96.780746 47.000000
v -30.682167 97.038849 47.000000
v -33.687511 104.190262 46.828381
v -32.172352 104.530502 46.828381
v -30.642321 104.795990 46.828381
v -36.318733 102.338921 47.333420
v -34.891243 102.810501 47.333420
v -33.442337 103.211472 47.333420
v -31.975498 103.540855 47.333420
v -30.494267 103.797874 47.333420
v -55.460213 73.500000 47.806358
v -54.142139 73.500000 48.242641
v -55.424725 74.945541 47.806358
v -55.318348 76.387604 47.806358
v -55.141342 77.822708 47.806358
v -54.894138 79.247398 47.806358
v -54.108238 74.880867 48.242641
v -54.006622 76.258415 48.242641
v -53.837543 77.629311 48.242641
v -53.601391 78.990257 48.242641
v -53.298752 80.337982 48.242641
v -52.687866 73.500000 48.638062
v -52.655720 74.809509 48.638062
v -52.559357 76.115868 48.638062
v -52.399010 77.415924 48.638062
v -52.175064 78.706543 48.638062
v -51.888065 79.984619 48.638062
v -51.111404 73.500000 48.988819
v -49.427937 73.500000 49.291527
v -51.081158 74.732155 48.988819
v -50.990486 75.961349 48.988819
v -50.839611 77.184608 48.988819
v -50.628895 78.398994 48.988819
v -50.358849 79.601570 48.988819
v -49.399715 74.649551 49.291527
v -49.315125 75.796341 49.291527
v -49.174362 76.937592 49.291527
v -48.977772 78.070564 49.291527
v -48.725830 79.192520 49.291527
v -48.419136 80.300774 49.291527
v -47.653667 73.500000 49.543278
v -45.805695 73.500000 49.741642
v -47.627586 74.562492 49.543278
v -47.549400 75.622429 49.543278
v -47.419300 76.677254 49.543278
v -47.237598 77.724419 49.543278
v -47.004734 78.761414 49.543278
v -46.721268 79.785728 49.543278
v -45.781837 74.471817 49.741642
v -45.710323 75.441299 49.741642
v -45.591328 76.406097 49.741642
v -45.425133 77.363899 49.741642
v -45.212143 78.312393 49.741642
v -54.577324 80.658249 47.806358
v -54.191662 82.051849 47.806358
v -53.738087 83.424843 47.806358
v -53.217686 84.773933 47.806358
v -52.631714 86.095863 47.806358
v -52.930344 81.669228 48.242641
v -52.497063 82.980797 48.242641
v -51.999943 84.269531 48.242641
v -51.440189 85.532310 48.242641
v -50.819149 86.766113 48.242641
v -51.981586 87.387444 47.806358
v -51.268864 88.645576 47.806358
v -50.495270 89.867218 47.806358
v -49.662663 91.049423 47.806358
v -48.773048 92.189362 47.806358
v -50.138313 87.967949 48.242641
v -49.399330 89.134933 48.242641
v -47.828575 93.284264 47.806358
v -48.603973 90.264252 48.242641
v -47.754166 91.353180 48.242641
v -46.851948 92.399101 48.242641
v -45.899494 93.399498 48.242641
v -51.538696 81.247078 48.638062
v -51.127800 82.490868 48.638062
v -50.656372 83.713005 48.638062
v -50.125546 84.910530 48.638062
v -49.536594 86.080574 48.638062
v -48.890945 87.220306 48.638062
v -48.190151 88.326981 48.638062
v -47.435894 89.397942 48.638062
v -46.629997 90.430603 48.638062
v -45.774403 91.422478 48.638062
v -46.831512 94.331512 47.806358
v -45.784267 95.328575 47.806358
v -50.030117 80.789459 48.988819
v -49.643494 81.959778 48.988819
v -49.199913 83.109718 48.988819
v -48.700439 84.236511 48.988819
v -48.146282 85.337433 48.988819
v -47.538769 86.409843 48.988819
v -48.058434 81.392632 49.291527
v -47.644588 82.465485 49.291527
v -47.178600 83.516731 49.291527
v -46.661594 84.543854 49.291527
v -46.094810 85.544365 49.291527
v -45.479614 86.515862 49.291527
v -46.879372 87.451149 48.988819
v -46.169670 88.458847 48.988819
v -45.411377 89.430504 48.988819
v -46.387882 80.794899 49.543278
v -46.005383 81.786499 49.543278
v -45.574684 82.758133 49.543278
v -45.096832 83.707466 49.543278
v -32.293755 66.849251 48.599998
v -31.834759 66.453323 48.599998
v -31.356886 66.080383 48.599998
v -30.349169 65.407051 48.599998
v -30.861292 65.731354 48.599998
v -35.628071 71.839409 48.599998
v -36.112698 73.590637 48.599998
v -35.979885 72.999191 48.599998
v -35.818214 72.414986 48.599998
v -34.891727 70.178253 48.599998
v -33.919613 68.643112 48.599998
v -34.592949 69.650833 48.599998
v -34.268650 69.138710 48.599998
v -35.409912 71.273857 48.599998
v -35.164268 70.719696 48.599998
v -36.216331 74.187881 48.599998
v -36.335125 75.394012 48.599998
v -36.290531 74.789490 48.599998
v -36.349998 76.000000 48.599998
v -36.335125 76.605988 48.599998
v -36.290531 77.210510 48.599998
v -36.216331 77.812119 48.599998
v -36.112698 78.409363 48.599998
v -35.979885 79.000809 48.599998
v -35.818214 79.585014 48.599998
v -35.628071 80.160591 48.599998
v -33.546680 68.165245 48.599998
v -33.150745 67.706245 48.599998
v -32.732769 67.267235 48.599998
v -43.901806 73.500000 49.884712
v -41.960342 73.500000 49.971107
v -43.880241 74.378403 49.884712
v -43.815605 75.254684 49.884712
v -43.708046 76.126740 49.884712
v -43.557827 76.992470 49.884712
v -44.952866 79.249290 49.741642
v -44.647934 80.172340 49.741642
v -43.365311 77.849785 49.884712
v -43.130962 78.696617 49.884712
v -41.941116 74.283134 49.971107
v -41.883488 75.064384 49.971107
v -41.787598 75.841866 49.971107
v -41.653667 76.613708 49.971107
v -42.855339 79.530937 49.884712
v -42.539112 80.350723 49.884712
v -41.482033 77.378044 49.971107
v -41.273094 78.133041 49.971107
v -40.000000 73.500000 50.000000
v -39.983135 74.186951 50.000000
v -39.932587 74.872238 50.000000
v -39.848473 75.554230 50.000000
v -39.730995 76.231262 50.000000
v -39.580437 76.901726 50.000000
v -41.027367 78.876877 49.971107
v -40.745434 79.607758 49.971107
v -40.427979 80.323929 49.971107
v -39.397163 77.563988 50.000000
v -39.181618 78.216461 50.000000
v -38.934315 78.857567 50.000000
v -38.655849 79.485771 50.000000
v -38.346897 80.099556 50.000000
v -32.293755 66.849251 50.000000
v -31.834759 66.453323 50.000000
v -31.356886 66.080383 50.000000
v -30.349169 65.407051 50.000000
v -30.861292 65.731354 50.000000
v -35.628071 71.839409 50.000000
v -36.112698 73.590637 50.000000
v -35.979885 72.999191 50.000000
v -35.818214 72.414986 50.000000
v -34.891727 70.178253 50.000000
v -33.919613 68.643112 50.000000
v -34.592949 69.650833 50.000000
v -34.268650 69.138710 50.000000
v -35.409912 71.273857 50.000000
v -35.164268 70.719696 50.000000
v -36.216331 74.187881 50.000000
v -36.335125 75.394012 50.000000
v -36.290531 74.789490 50.000000
v -36.349998 76.000000 50.000000
v -36.335125 76.605988 50.000000
v -36.290531 77.210510 50.000000
v -36.216331 77.812119 50.000000
v -36.112698 78.409363 50.000000
v -35.979885 79.000809 50.000000
v -35.818214 79.585014 50.000000
v -35.628071 80.160591 50.000000
v -33.546680 68.165245 50.000000
v -33.150745 67.706245 50.000000
v -32.732769 67.267235 50.000000
v -44.871170 92.371170 48.638062
v -43.922474 93.274406 48.638062
v -44.689358 96.273048 47.806358
v -43.549427 97.162659 47.806358
v -42.367214 97.995270 47.806358
v -44.899105 94.351944 48.242641
v -43.853184 95.254166 48.242641
v -42.764252 96.103973 48.242641
v -41.634933 96.899330 48.242641
v -41.145573 98.768867 47.806358
v -39.887447 99.481583 47.806358
v -38.595863 100.131714 47.806358
v -40.467949 97.638313 48.242641
v -39.266109 98.319145 48.242641
v -38.032314 98.940186 48.242641
v -42.930603 94.129997 48.638062
v -41.897942 94.935898 48.638062
v -40.826984 95.690147 48.638062
v -39.720306 96.390945 48.638062
v -38.580574 97.036598 48.638062
v -35.409912 80.726143 48.599998
v -35.164268 81.280304 48.599998
v -34.891727 81.821747 48.599998
v -34.592949 82.349167 48.599998
v -34.268650 82.861290 48.599998
v -33.919613 83.356888 48.599998
v -33.546680 83.834755 48.599998
v -33.150745 84.293755 48.599998
v -32.732769 84.732765 48.599998
v -32.293755 85.150749 48.599998
v -31.834759 85.546677 48.599998
v -31.356886 85.919617 48.599998
v -30.861292 86.268646 48.599998
v -30.349169 86.592949 48.599998
v -37.273933 100.717682 47.806358
v -36.769527 99.499947 48.242641
v -35.480801 99.997063 48.242641
v -34.169231 100.430344 48.242641
v -35.924847 101.238083 47.806358
v -34.551846 101.691666 47.806358
v -33.158245 102.077324 47.806358
v -31.747402 102.394142 47.806358
v -30.322710 102.641350 47.806358
v -32.837982 100.798752 48.242641
v -31.490259 101.101395 48.242641
v -30.129309 101.337540 48.242641
v -37.410534 97.625542 48.638062
v -36.213005 98.156372 48.638062
v -34.990871 98.627800 48.638062
v -33.747078 99.038696 48.638062
v -32.484623 99.388062 48.638062
v -31.206545 99.675064 48.638062
v -44.606323 90.363792 48.988819
v -43.756443 91.256447 48.988819
v -42.863789 92.106323 48.988819
v -41.930508 92.911377 48.988819
v -44.817493 87.456001 49.291527
v -44.110039 88.362526 49.291527
v -43.358955 89.233238 49.291527
v -42.566051 90.066055 49.291527
v -41.733238 90.858955 49.291527
v -40.958847 93.669670 48.988819
v -40.862526 91.610039 49.291527
v -39.956005 92.317497 49.291527
v -39.015862 92.979614 49.291527
v -38.044365 93.594810 49.291527
v -44.572971 84.632210 49.543278
v -44.004368 85.530136 49.543278
v -43.392391 86.399078 49.543278
v -42.738514 87.236938 49.543278
v -44.298077 81.079308 49.741642
v -43.904137 81.968025 49.741642
v -43.467064 82.836342 49.741642
v -42.987911 83.682159 49.741642
v -42.183041 81.154007 49.884712
v -41.787983 81.938850 49.884712
v -41.354893 82.703369 49.884712
v -42.467831 84.503456 49.741642
v -41.908081 85.298241 49.741642
v -41.310009 86.064598 49.741642
v -42.044312 88.041718 49.543278
v -41.311455 88.811455 49.543278
v -40.884808 83.445709 49.884712
v -40.075768 81.023651 49.971107
v -39.689644 81.705254 49.971107
v -40.675053 86.800690 49.741642
v -40.378864 84.164093 49.884712
v -39.838284 84.856789 49.884712
v -39.270538 82.367088 49.971107
v -38.819469 83.007568 49.971107
v -38.008202 80.697441 50.000000
v -37.640575 81.277985 50.000000
v -38.337513 83.625137 49.971107
v -39.264362 85.522118 49.884712
v -38.658489 86.158485 49.884712
v -37.825832 84.218307 49.971107
v -38.022118 86.764366 49.884712
v -40.541714 89.544312 49.543278
v -39.736942 90.238510 49.543278
v -38.899075 90.892387 49.543278
v -38.030132 91.504364 49.543278
v -40.004742 87.504738 49.741642
v -39.300690 88.175049 49.741642
v -38.564598 88.810005 49.741642
v -37.798237 89.408081 49.741642
v -39.951149 94.379372 48.988819
v -38.909843 95.038773 48.988819
v -37.837433 95.646278 48.988819
v -37.244904 81.839790 50.000000
v -36.822147 82.381508 50.000000
v -36.373314 82.901825 50.000000
v -35.899494 83.399498 50.000000
v -37.285667 84.785667 49.971107
v -36.718311 85.325836 49.971107
v -37.356785 87.338280 49.884712
v -36.125134 85.837509 49.971107
v -35.409912 80.726143 50.000000
v -35.164268 81.280304 50.000000
v -34.891727 81.821747 50.000000
v -35.401825 83.873314 50.000000
v -34.592949 82.349167 50.000000
v -34.268650 82.861290 50.000000
v -33.919613 83.356888 50.000000
v -34.881508 84.322144 50.000000
v -35.507565 86.319466 49.971107
v -34.867092 86.770538 49.971107
v -34.339790 84.744904 50.000000
v -33.777985 85.140572 50.000000
v -34.205257 87.189644 49.971107
v -37.132210 92.072968 49.543278
v -36.207470 92.596832 49.543278
v -35.258137 93.074684 49.543278
v -34.286499 93.505379 49.543278
v -37.003452 89.967834 49.741642
v -36.182163 90.487907 49.741642
v -36.664093 87.878868 49.884712
v -35.945709 88.384811 49.884712
v -35.203369 88.854889 49.884712
v -34.438854 89.287987 49.884712
v -35.336338 90.967064 49.741642
v -34.468025 91.404137 49.741642
v -33.546680 83.834755 50.000000
v -33.150745 84.293755 50.000000
v -33.197437 85.508202 50.000000
v -32.732769 84.732765 50.000000
v -32.293755 85.150749 50.000000
v -32.599556 85.846901 50.000000
v -31.985769 86.155853 50.000000
v -31.834759 85.546677 50.000000
v -31.356886 85.919617 50.000000
v -31.357569 86.434311 50.000000
v -30.861292 86.268646 50.000000
v -30.716457 86.681618 50.000000
v -30.349169 86.592949 50.000000
v -30.063988 86.897163 50.000000
v -33.294903 93.887886 49.543278
v -33.523655 87.575768 49.971107
v -32.823925 87.927979 49.971107
v -33.654007 89.683044 49.884712
v -32.850723 90.039116 49.884712
v -32.107758 88.245438 49.971107
v -32.030937 90.355339 49.884712
v -33.579311 91.798073 49.741642
v -32.672337 92.147934 49.741642
v -31.376877 88.527367 49.971107
v -31.196621 90.630959 49.884712
v -30.633043 88.773094 49.971107
v -31.749290 92.452866 49.741642
v -30.812391 92.712143 49.741642
v -30.349785 90.865311 49.884712
v -36.736507 96.200439 48.988819
v -35.609718 96.699913 48.988819
v -34.459778 97.143494 48.988819
v -37.043854 94.161591 49.291527
v -36.016731 94.678604 49.291527
v -34.965481 95.144592 49.291527
v -33.892635 95.558434 49.291527
v -33.289455 97.530113 48.988819
v -32.101574 97.858849 48.988819
v -30.898993 98.128899 48.988819
v -32.800770 95.919136 49.291527
v -31.692524 96.225830 49.291527
v -30.570562 96.477776 49.291527
v -32.285728 94.221268 49.543278
v -31.261412 94.504738 49.543278
v -30.224419 94.737602 49.543278
v -25.200001 26.500000 47.000000
v -25.198795 26.549068 47.000000
v -25.195185 26.598017 47.000000
v -25.189177 26.646730 47.000000
v -25.180786 26.695091 47.000000
v -25.170031 26.742981 47.000000
v -25.156940 26.790285 47.000000
v -25.141544 26.836889 47.000000
v -25.123880 26.882681 47.000000
v -25.103989 26.927555 47.000000
v -25.081921 26.971399 47.000000
v -25.057728 27.014103 47.000000
v -25.031469 27.055571 47.000000
v -25.003208 27.095699 47.000000
v -24.973011 27.134394 47.000000
v -24.940950 27.171558 47.000000
v -24.907106 27.207108 47.000000
v -24.871559 27.240950 47.000000
v -24.834393 27.273010 47.000000
v -24.795700 27.303205 47.000000
v -24.755569 27.331472 47.000000
v -24.714104 27.357727 47.000000
v -24.627556 27.403990 47.000000
v -24.671396 27.381924 47.000000
v -24.582684 27.423878 47.000000
v -24.536890 27.441542 47.000000
v -24.490284 27.456942 47.000000
v -24.442980 27.470032 47.000000
v -24.395090 27.480783 47.000000
v -24.346731 27.489174 47.000000
v -24.298018 27.495184 47.000000
v -24.249067 27.498793 47.000000
v -24.200001 27.500000 47.000000
v -24.617346 47.670021 47.000000
v -24.686550 47.863438 47.000000
v -24.669859 47.796803 47.000000
v -24.646715 47.732121 47.000000
v -24.388899 47.417973 47.000000
v -24.582029 47.611099 47.000000
v -24.494974 47.505024 47.000000
v -24.541107 47.555923 47.000000
v -24.444075 47.458893 47.000000
v -24.696629 47.931389 47.000000
v -24.700001 48.000000 47.000000
v -24.696629 48.068611 47.000000
v -24.686550 48.136562 47.000000
v -24.669859 48.203197 47.000000
v -24.646715 48.267879 47.000000
v -24.617346 48.329979 47.000000
v -24.582029 48.388901 47.000000
v -24.541107 48.444077 47.000000
v -24.494974 48.494976 47.000000
v -24.444075 48.541107 47.000000
v -24.388899 48.582027 47.000000
v -24.329977 47.382656 47.000000
v -24.267878 47.353283 47.000000
v -24.203199 47.330143 47.000000
v -24.136562 47.313450 47.000000
v -24.068611 47.303371 47.000000
v -24.000000 47.299999 47.000000
v -23.931389 47.303371 47.000000
v -24.329977 48.617344 47.000000
v -24.267878 48.646717 47.000000
v -24.203199 48.669857 47.000000
v -24.136562 48.686550 47.000000
v -24.068611 48.696629 47.000000
v -24.000000 48.700001 47.000000
v -23.931389 48.696629 47.000000
v -23.863438 47.313450 47.000000
v -23.796801 47.330143 47.000000
v -23.732122 47.353283 47.000000
v -23.670023 47.382656 47.000000
v -23.611101 47.417973 47.000000
v -23.555925 47.458893 47.000000
v -23.505026 47.505024 47.000000
v -23.458893 47.555923 47.000000
v -23.863438 48.686550 47.000000
v -23.796801 48.669857 47.000000
v -23.732122 48.646717 47.000000
v -23.670023 48.617344 47.000000
v -23.555925 48.541107 47.000000
v -23.611101 48.582027 47.000000
v -23.458893 48.444077 47.000000
v -23.505026 48.494976 47.000000
v -23.417971 47.611099 47.000000
v -23.382654 47.670021 47.000000
v -23.353285 47.732121 47.000000
v -23.330141 47.796803 47.000000
v -23.313450 47.863438 47.000000
v -23.330141 48.203197 47.000000
v -23.353285 48.267879 47.000000
v -23.303371 47.931389 47.000000
v -23.299999 48.000000 47.000000
v -23.303371 48.068611 47.000000
v -23.313450 48.136562 47.000000
v -23.417971 48.388901 47.000000
v -23.382654 48.329979 47.000000
v -10.689141 30.194132 47.000000
v -10.648528 30.151472 47.000000
v -10.561272 30.072388 47.000000
v -10.605871 30.110857 47.000000
v -10.466684 30.002237 47.000000
v -10.514839 30.036150 47.000000
v -10.416924 29.970726 47.000000
v -10.313066 29.915213 47.000000
v -10.365676 29.941692 47.000000
v -10.259220 29.891344 47.000000
v -10.204268 29.870148 47.000000
v -10.148341 29.851671 47.000000
v -10.091577 29.835962 47.000000
v -9.976076 29.812988 47.000000
v -9.917621 29.805779 47.000000
v -9.858881 29.801447 47.000000
v -10.034108 29.823055 47.000000
v -9.800000 29.799999 47.000000
v -10.929852 30.595732 47.000000
v -10.948328 30.651657 47.000000
v -10.908655 30.540777 47.000000
v -10.829274 30.383078 47.000000
v -10.858306 30.434322 47.000000
v -10.797764 30.333315 47.000000
v -10.884788 30.486935 47.000000
v -10.964038 30.708422 47.000000
v -10.976942 30.765892 47.000000
v -10.987012 30.823923 47.000000
v -10.994222 30.882381 47.000000
v -10.998554 30.941116 47.000000
v -11.000000 31.000000 47.000000
v -10.998554 31.058884 47.000000
v -10.994222 31.117619 47.000000
v -10.987012 31.176077 47.000000
v -10.976942 31.234108 47.000000
v -10.964038 31.291578 47.000000
v -10.948328 31.348343 47.000000
v -10.929852 31.404268 47.000000
v -10.908655 31.459223 47.000000
v -10.884788 31.513065 47.000000
v -10.858306 31.565678 47.000000
v -10.829274 31.616922 47.000000
v -10.797764 31.666685 47.000000
v -10.727612 30.238726 47.000000
v -10.763849 30.285162 47.000000
v -10.763849 31.714838 47.000000
v -10.727612 31.761274 47.000000
v -10.689141 31.805868 47.000000
v -10.648528 31.848528 47.000000
v -10.605871 31.889143 47.000000
v -10.561272 31.927612 47.000000
v -10.514839 31.963850 47.000000
v -10.466684 31.997763 47.000000
v -10.416924 32.029274 47.000000
v -10.365676 32.058304 47.000000
v -10.313066 32.084785 47.000000
v -10.259220 32.108654 47.000000
v -10.204268 32.129852 47.000000
v -10.148341 32.148327 47.000000
v -10.091577 32.164036 47.000000
v -10.034108 32.176941 47.000000
v -9.976076 32.187012 47.000000
v -9.917621 32.194221 47.000000
v -9.858881 32.198555 47.000000
v -9.800000 32.200001 47.000000
v -25.200001 26.500000 48.599998
v -25.198795 26.549068 48.599998
v -25.195185 26.598017 48.599998
v -25.189177 26.646730 48.599998
v -25.180786 26.695091 48.599998
v -25.170031 26.742981 48.599998
v -25.156940 26.790285 48.599998
v -25.141544 26.836889 48.599998
v -29.983412 36.108150 48.599998
v -28.935658 36.572586 48.599998
v -27.866377 36.985054 48.599998
v -26.778147 37.344559 48.599998
v -25.123880 26.882681 48.599998
v -25.103989 26.927555 48.599998
v -25.081921 26.971399 48.599998
v -25.057728 27.014103 48.599998
v -25.031469 27.055571 48.599998
v -25.003208 27.095699 48.599998
v -24.973011 27.134394 48.599998
v -24.940950 27.171558 48.599998
v -24.907106 27.207108 48.599998
v -24.871559 27.240950 48.599998
v -24.834393 27.273010 48.599998
v -24.795700 27.303205 48.599998
v -24.755569 27.331472 48.599998
v -24.714104 27.357727 48.599998
v -24.627556 27.403990 48.599998
v -24.671396 27.381924 48.599998
v -24.582684 27.423878 48.599998
v -24.536890 27.441542 48.599998
v -24.490284 27.456942 48.599998
v -24.442980 27.470032 48.599998
v -24.395090 27.480783 48.599998
v -24.346731 27.489174 48.599998
v -24.298018 27.495184 48.599998
v -24.249067 27.498793 48.599998
v -24.200001 27.500000 48.599998
v -25.673588 37.650230 48.599998
v -24.555359 37.901337 48.599998
v -23.426157 38.097271 48.599998
v -22.288700 38.237564 48.599998
v -21.145731 38.321873 48.599998
v -20.000000 38.349998 48.599998
v -29.983412 36.108150 50.000000
v -28.935658 36.572586 50.000000
v -27.866377 36.985054 50.000000
v -26.778147 37.344559 50.000000
v -25.673588 37.650230 50.000000
v -24.555359 37.901337 50.000000
v -23.426157 38.097271 50.000000
v -24.617346 47.670021 50.000000
v -24.686550 47.863438 50.000000
v -24.669859 47.796803 50.000000
v -24.646715 47.732121 50.000000
v -24.388899 47.417973 50.000000
v -24.582029 47.611099 50.000000
v -24.494974 47.505024 50.000000
v -24.541107 47.555923 50.000000
v -24.444075 47.458893 50.000000
v -24.696629 47.931389 50.000000
v -24.700001 48.000000 50.000000
v -24.696629 48.068611 50.000000
v -24.686550 48.136562 50.000000
v -24.669859 48.203197 50.000000
v -24.646715 48.267879 50.000000
v -24.617346 48.329979 50.000000
v -24.582029 48.388901 50.000000
v -24.541107 48.444077 50.000000
v -24.494974 48.494976 50.000000
v -24.444075 48.541107 50.000000
v -24.388899 48.582027 50.000000
v -24.329977 47.382656 50.000000
v -24.267878 47.353283 50.000000
v -24.203199 47.330143 50.000000
v -24.136562 47.313450 50.000000
v -24.068611 47.303371 50.000000
v -24.000000 47.299999 50.000000
v -23.931389 47.303371 50.000000
v -24.329977 48.617344 50.000000
v -24.267878 48.646717 50.000000
v -24.203199 48.669857 50.000000
v -24.136562 48.686550 50.000000
v -24.068611 48.696629 50.000000
v -24.000000 48.700001 50.000000
v -23.931389 48.696629 50.000000
v -23.863438 47.313450 50.000000
v -23.796801 47.330143 50.000000
v -23.732122 47.353283 50.000000
v -23.670023 47.382656 50.000000
v -23.611101 47.417973 50.000000
v -23.555925 47.458893 50.000000
v -23.505026 47.505024 50.000000
v -23.458893 47.555923 50.000000
v -23.863438 48.686550 50.000000
v -23.796801 48.669857 50.000000
v -23.732122 48.646717 50.000000
v -23.670023 48.617344 50.000000
v -23.555925 48.541107 50.000000
v -23.611101 48.582027 50.000000
v -23.458893 48.444077 50.000000
v -23.505026 48.494976 50.000000
v -23.417971 47.611099 50.000000
v -23.382654 47.670021 50.000000
v -23.353285 47.732121 50.000000
v -23.330141 47.796803 50.000000
v -23.313450 47.863438 50.000000
v -23.330141 48.203197 50.000000
v -23.353285 48.267879 50.000000
v -23.303371 47.931389 50.000000
v -23.299999 48.000000 50.000000
v -23.303371 48.068611 50.000000
v -23.313450 48.136562 50.000000
v -23.417971 48.388901 50.000000
v -23.382654 48.329979 50.000000
v -22.288700 38.237564 50.000000
v -21.145731 38.321873 50.000000
v -20.000000 38.349998 50.000000
v -10.689141 30.194132 48.599998
v -10.648528 30.151472 48.599998
v -10.561272 30.072388 48.599998
v -10.605871 30.110857 48.599998
v -10.466684 30.002237 48.599998
v -10.514839 30.036150 48.599998
v -10.416924 29.970726 48.599998
v -10.365676 29.941692 48.599998
v -10.313066 29.915213 48.599998
v -10.259220 29.891344 48.599998
v -10.204268 29.870148 48.599998
v -10.148341 29.851671 48.599998
v -10.091577 29.835962 48.599998
v -9.976076 29.812988 48.599998
v -9.917621 29.805779 48.599998
v -9.858881 29.801447 48.599998
v -10.034108 29.823055 48.599998
v -9.800000 29.799999 48.599998
v -10.929852 30.595732 48.599998
v -10.948328 30.651657 48.599998
v -10.908655 30.540777 48.599998
v -10.797764 30.333315 48.599998
v -10.829274 30.383078 48.599998
v -10.858306 30.434322 48.599998
v -10.884788 30.486935 48.599998
v -10.964038 30.708422 48.599998
v -10.976942 30.765892 48.599998
v -10.987012 30.823923 48.599998
v -10.994222 30.882381 48.599998
v -10.998554 30.941116 48.599998
v -11.000000 31.000000 48.599998
v -10.998554 31.058884 48.599998
v -10.994222 31.117619 48.599998
v -10.987012 31.176077 48.599998
v -10.976942 31.234108 48.599998
v -10.964038 31.291578 48.599998
v -10.948328 31.348343 48.599998
v -10.929852 31.404268 48.599998
v -10.908655 31.459223 48.599998
v -10.884788 31.513065 48.599998
v -10.858306 31.565678 48.599998
v -10.829274 31.616922 48.599998
v -10.797764 31.666685 48.599998
v -10.727612 30.238726 48.599998
v -10.763849 30.285162 48.599998
v -10.763849 31.714838 48.599998
v -10.727612 31.761274 48.599998
v -10.689141 31.805868 48.599998
v -10.648528 31.848528 48.599998
v -10.605871 31.889143 48.599998
v -10.561272 31.927612 48.599998
v -10.514839 31.963850 48.599998
v -10.466684 31.997763 48.599998
v -10.416924 32.029274 48.599998
v -10.365676 32.058304 48.599998
v -10.313066 32.084785 48.599998
v -10.259220 32.108654 48.599998
v -10.204268 32.129852 48.599998
v -10.148341 32.148327 48.599998
v -10.091577 32.164036 48.599998
v -10.034108 32.176941 48.599998
v -9.976076 32.187012 48.599998
v -9.917621 32.194221 48.599998
v -9.858881 32.198555 48.599998
v -9.800000 32.200001 48.599998
v -25.314917 72.555847 47.000000
v -25.612463 73.387436 47.000000
v -24.937292 71.757431 47.000000
v -24.483227 70.999870 47.000000
v -23.957094 70.290459 47.000000
v -23.363960 69.636040 47.000000
v -22.709539 69.042908 47.000000
v -25.827068 74.244186 47.000000
v -25.956663 75.117844 47.000000
v -26.000000 76.000000 47.000000
v -25.956663 76.882156 47.000000
v -25.827068 77.755814 47.000000
v -25.612463 78.612564 47.000000
v -25.314917 79.444153 47.000000
v -24.937292 80.242569 47.000000
v -18.755814 67.172935 47.000000
v -17.882154 67.043335 47.000000
v -17.000000 67.000000 47.000000
v -16.117846 67.043335 47.000000
v -15.244187 67.172935 47.000000
v -22.000132 68.516777 47.000000
v -21.242571 68.062706 47.000000
v -20.444151 67.685081 47.000000
v -19.612562 67.387535 47.000000
v -29.248169 106.479233 45.741707
v -27.626045 106.598892 45.741707
v -26.000000 106.638809 45.741707
v -29.183359 105.821205 46.296101
v -27.593599 105.938469 46.296101
v -26.000000 105.977592 46.296101
v -24.483227 81.000130 47.000000
v -23.957094 81.709541 47.000000
v -23.363960 82.363960 47.000000
v -22.709539 82.957092 47.000000
v -29.521532 97.240234 47.000000
v -28.352413 97.384430 47.000000
v -27.177622 97.471092 47.000000
v -29.101107 104.986076 46.828381
v -27.552422 105.100319 46.828381
v -26.000000 97.500000 47.000000
v -26.000000 105.138428 46.828381
v -29.002205 103.981903 47.333420
v -27.502913 104.092499 47.333420
v -26.000000 104.129395 47.333420
v -22.000132 83.483223 47.000000
v -21.242571 83.937294 47.000000
v -20.444151 84.314919 47.000000
v -19.612562 84.612465 47.000000
v -18.755814 84.827065 47.000000
v -17.882154 84.956665 47.000000
v -17.000000 85.000000 47.000000
v -16.117846 84.956665 47.000000
v -15.244187 84.827065 47.000000
v -14.387439 67.387535 47.000000
v -13.555850 67.685081 47.000000
v -12.757429 68.062706 47.000000
v -11.999867 68.516777 47.000000
v -11.290461 69.042908 47.000000
v -10.636039 69.636040 47.000000
v -10.042906 70.290459 47.000000
v -9.516773 70.999870 47.000000
v -9.062709 71.757431 47.000000
v -8.685084 72.555847 47.000000
v -8.387537 73.387436 47.000000
v -8.172933 74.244186 47.000000
v -8.043338 75.117844 47.000000
v -8.000000 76.000000 47.000000
v -8.043338 76.882156 47.000000
v -9.062709 80.242569 47.000000
v -8.685084 79.444153 47.000000
v -8.172933 77.755814 47.000000
v -8.387537 78.612564 47.000000
v -14.387439 84.612465 47.000000
v -13.555850 84.314919 47.000000
v -12.757429 83.937294 47.000000
v -11.999867 83.483223 47.000000
v -11.290461 82.957092 47.000000
v -10.636039 82.363960 47.000000
v -10.042906 81.709541 47.000000
v -9.516773 81.000130 47.000000
v -29.821751 65.108269 48.599998
v -29.280308 64.835732 48.599998
v -28.726141 64.590088 48.599998
v -28.160589 64.371933 48.599998
v -27.585018 64.181786 48.599998
v -27.000807 64.020111 48.599998
v -26.409365 63.887302 48.599998
v -25.812120 63.783669 48.599998
v -25.210512 63.709473 48.599998
v -24.605986 63.664875 48.599998
v -24.000000 63.650002 48.599998
v -25.314917 72.555847 48.599998
v -25.612463 73.387436 48.599998
v -24.937292 71.757431 48.599998
v -24.483227 70.999870 48.599998
v -23.957094 70.290459 48.599998
v -23.363960 69.636040 48.599998
v -22.709539 69.042908 48.599998
v -25.827068 74.244186 48.599998
v -25.956663 75.117844 48.599998
v -26.000000 76.000000 48.599998
v -25.956663 76.882156 48.599998
v -25.827068 77.755814 48.599998
v -25.612463 78.612564 48.599998
v -25.314917 79.444153 48.599998
v -24.937292 80.242569 48.599998
v -18.755814 67.172935 48.599998
v -17.882154 67.043335 48.599998
v -17.000000 67.000000 48.599998
v -16.117846 67.043335 48.599998
v -15.244187 67.172935 48.599998
v -22.000132 68.516777 48.599998
v -21.242571 68.062706 48.599998
v -20.444151 67.685081 48.599998
v -19.612562 67.387535 48.599998
v -29.821751 65.108269 50.000000
v -29.280308 64.835732 50.000000
v -28.726141 64.590088 50.000000
v -28.160589 64.371933 50.000000
v -27.585018 64.181786 50.000000
v -27.000807 64.020111 50.000000
v -26.409365 63.887302 50.000000
v -25.812120 63.783669 50.000000
v -25.210512 63.709473 50.000000
v -24.605986 63.664875 50.000000
v -24.000000 63.650002 50.000000
v -29.821751 86.891731 48.599998
v -29.280308 87.164268 48.599998
v -28.726141 87.409912 48.599998
v -28.160589 87.628067 48.599998
v -27.585018 87.818214 48.599998
v -27.000807 87.979889 48.599998
v -26.409365 88.112701 48.599998
v -24.483227 81.000130 48.599998
v -23.957094 81.709541 48.599998
v -23.363960 82.363960 48.599998
v -22.709539 82.957092 48.599998
v -25.812120 88.216331 48.599998
v -25.210512 88.290535 48.599998
v -24.605986 88.335121 48.599998
v -24.000000 88.349998 48.599998
v -28.887606 102.818352 47.806358
v -27.445543 102.924721 47.806358
v -28.758413 101.506622 48.242641
v -27.380871 101.608238 48.242641
v -26.000000 102.960213 47.806358
v -26.000000 101.642136 48.242641
v -29.915924 99.899010 48.638062
v -28.615870 100.059357 48.638062
v -27.309511 100.155716 48.638062
v -26.000000 100.187866 48.638062
v -22.000132 83.483223 48.599998
v -21.242571 83.937294 48.599998
v -20.444151 84.314919 48.599998
v -19.612562 84.612465 48.599998
v -18.755814 84.827065 48.599998
v -17.882154 84.956665 48.599998
v -17.000000 85.000000 48.599998
v -16.117846 84.956665 48.599998
v -15.244187 84.827065 48.599998
v -29.821751 86.891731 50.000000
v -29.501959 87.052696 50.000000
v -29.406775 87.100609 49.999695
v -29.280308 87.164268 49.999187
v -29.878044 88.982033 49.971107
v -29.113708 89.153671 49.971107
v -28.763556 87.393326 49.997562
v -28.726141 87.409912 49.997414
v -28.160589 87.628067 49.995670
v -28.341869 89.287598 49.971107
v -29.863901 92.925133 49.741642
v -28.906099 93.091324 49.741642
v -29.492470 91.057831 49.884712
v -28.626743 91.208046 49.884712
v -28.098732 87.648506 49.995529
v -27.585018 87.818214 49.993973
v -27.414858 87.865303 49.993591
v -27.564386 89.383492 49.971107
v -27.000807 87.979889 49.992355
v -26.714508 88.044174 49.991722
v -26.409365 88.112701 49.990822
v -26.783136 89.441116 49.971107
v -27.941296 93.210327 49.741642
v -26.971817 93.281837 49.741642
v -27.754684 91.315605 49.884712
v -26.878401 91.380241 49.884712
v -26.000000 88.183731 49.989922
v -25.812120 88.216331 49.989441
v -26.000000 89.460342 49.971107
v -25.210512 88.290535 49.988350
v -24.605986 88.335121 49.987690
v -26.000000 93.305695 49.741642
v -26.000000 91.401810 49.884712
v -24.000000 88.349998 49.987473
v -29.684608 98.339615 48.988819
v -28.461348 98.490486 48.988819
v -27.232161 98.581154 48.988819
v -29.437590 96.674362 49.291527
v -28.296339 96.815125 49.291527
v -27.149555 96.899712 49.291527
v -26.000000 98.611404 48.988819
v -26.000000 96.927933 49.291527
v -29.177254 94.919304 49.543278
v -28.122433 95.049400 49.543278
v -27.062492 95.127586 49.543278
v -26.000000 95.153671 49.543278
v -14.387439 67.387535 48.599998
v -13.555850 67.685081 48.599998
v -12.757429 68.062706 48.599998
v -11.999867 68.516777 48.599998
v -11.290461 69.042908 48.599998
v -10.636039 69.636040 48.599998
v -10.042906 70.290459 48.599998
v -9.516773 70.999870 48.599998
v -9.062709 71.757431 48.599998
v -8.685084 72.555847 48.599998
v -8.387537 73.387436 48.599998
v -8.172933 74.244186 48.599998
v -8.043338 75.117844 48.599998
v -8.000000 76.000000 48.599998
v -8.043338 76.882156 48.599998
v -9.062709 80.242569 48.599998
v -8.685084 79.444153 48.599998
v -8.172933 77.755814 48.599998
v -8.387537 78.612564 48.599998
v -14.387439 84.612465 48.599998
v -13.555850 84.314919 48.599998
v -12.757429 83.937294 48.599998
v -11.999867 83.483223 48.599998
v -11.290461 82.957092 48.599998
v -10.636039 82.363960 48.599998
v -10.042906 81.709541 48.599998
v -9.516773 81.000130 48.599998
v 26.000000 -104.150002 41.000000
v 26.000000 -101.500000 41.000000
v 27.503923 -104.113083 41.000000
v 27.373894 -101.466270 41.000000
v 29.004225 -104.002411 41.000000
v 28.744480 -101.365173 41.000000
v 26.000000 -107.500008 44.000000
v 26.000000 -104.150002 44.000000
v 26.000000 -101.500000 44.000000
v 26.000000 -97.500000 44.000000
v 27.668301 -107.459045 44.000000
v 27.503923 -104.113083 44.000000
v 27.373894 -101.466270 44.000000
v 29.332582 -107.336281 44.000000
v 29.004225 -104.002411 44.000000
v 28.744480 -101.365173 44.000000
v 27.177622 -97.471092 44.000000
v 28.352413 -97.384430 44.000000
v 29.521532 -97.240234 44.000000
v 26.000000 -107.403702 44.588104
v 27.663578 -107.362854 44.588104
v 29.323143 -107.240440 44.588104
v 26.000000 -107.115707 45.170544
v 27.649443 -107.075211 45.170544
v 29.294916 -106.953835 45.170544
v 30.497290 -103.818260 41.000000
v 30.108454 -101.196945 41.000000
v 31.462528 -100.961990 41.000000
v 31.979521 -103.561066 41.000000
v 33.447342 -103.231461 41.000000
v 32.803444 -100.660873 41.000000
v 34.897224 -102.830223 41.000000
v 36.325672 -102.358322 41.000000
v 34.127972 -100.294327 41.000000
v 35.432915 -99.863235 41.000000
v 36.715137 -99.368629 41.000000
v 37.729248 -101.816910 41.000000
v 39.104565 -101.207275 41.000000
v 37.971542 -98.811699 41.000000
v 39.199108 -98.193794 41.000000
v 40.448311 -100.530884 41.000000
v 40.394878 -97.516403 41.000000
v 41.757248 -99.789383 41.000000
v 43.028229 -98.984543 41.000000
v 41.555965 -96.781151 41.000000
v 42.679581 -95.989807 41.000000
v 44.258183 -98.118309 41.000000
v 43.763012 -95.144295 41.000000
v 44.803650 -94.246628 41.000000
v 42.325817 -60.498402 41.000000
v 42.593212 -60.944527 41.000000
v 42.903046 -61.362286 41.000000
v 44.055477 -62.406792 41.000000
v 43.252335 -61.747665 41.000000
v 43.637714 -62.096954 41.000000
v 44.501598 -62.674183 41.000000
v 44.971779 -62.896564 41.000000
v 42.103439 -60.028225 41.000000
v 41.928215 -59.538509 41.000000
v 41.801838 -59.033978 41.000000
v 41.700001 -58.000000 41.000000
v 41.725521 -58.519489 41.000000
v 41.725521 -57.480511 41.000000
v 41.801838 -56.966022 41.000000
v 41.928215 -56.461491 41.000000
v 42.103439 -55.971775 41.000000
v 42.325817 -55.501598 41.000000
v 42.593212 -55.055473 41.000000
v 42.903046 -54.637714 41.000000
v 43.650002 -58.000000 41.000000
v 43.252335 -54.252335 41.000000
v 43.637714 -53.903046 41.000000
v 45.444153 -97.192772 41.000000
v 46.583282 -96.210152 41.000000
v 47.672821 -95.172821 41.000000
v 48.710152 -94.083282 41.000000
v 45.798988 -93.298988 41.000000
v 46.746632 -92.303650 41.000000
v 47.644291 -91.263016 41.000000
v 48.489811 -90.179581 41.000000
v 49.692772 -92.944153 41.000000
v 50.618309 -91.758186 41.000000
v 49.281151 -89.055969 41.000000
v 50.016399 -87.894875 41.000000
v 51.484543 -90.528229 41.000000
v 52.289383 -89.257248 41.000000
v 50.693794 -86.699112 41.000000
v 51.311699 -85.471542 41.000000
v 51.868626 -84.215134 41.000000
v 52.363235 -82.932915 41.000000
v 53.030888 -87.948311 41.000000
v 53.707272 -86.604561 41.000000
v 54.316910 -85.229248 41.000000
v 52.794331 -81.627968 41.000000
v 54.858322 -83.825676 41.000000
v 55.330219 -82.397224 41.000000
v 55.731457 -80.947342 41.000000
v 45.461491 -63.071781 41.000000
v 45.325001 -60.901184 41.000000
v 45.966022 -63.198162 41.000000
v 46.480511 -63.274475 41.000000
v 47.000000 -63.299999 41.000000
v 47.519489 -63.274475 41.000000
v 48.033978 -63.198162 41.000000
v 48.538509 -63.071781 41.000000
v 48.674999 -60.901184 41.000000
v 45.325001 -55.098816 41.000000
v 48.674999 -55.098816 41.000000
v 49.028221 -62.896564 41.000000
v 49.498402 -62.674183 41.000000
v 49.944523 -62.406792 41.000000
v 50.362286 -62.096954 41.000000
v 50.747665 -61.747665 41.000000
v 51.096954 -61.362286 41.000000
v 51.406788 -60.944527 41.000000
v 51.674183 -60.498402 41.000000
v 50.349998 -58.000000 41.000000
v 50.362286 -53.903046 41.000000
v 51.896561 -60.028225 41.000000
v 52.071785 -59.538509 41.000000
v 52.198162 -59.033978 41.000000
v 52.274479 -58.519489 41.000000
v 52.299999 -58.000000 41.000000
v 52.274479 -57.480511 41.000000
v 50.747665 -54.252335 41.000000
v 51.096954 -54.637714 41.000000
v 51.406788 -55.055473 41.000000
v 51.674183 -55.501598 41.000000
v 51.896561 -55.971775 41.000000
v 52.198162 -56.966022 41.000000
v 52.071785 -56.461491 41.000000
v 53.160873 -80.303444 41.000000
v 53.461987 -78.962532 41.000000
v 53.696941 -77.608452 41.000000
v 53.865170 -76.244476 41.000000
v 53.966270 -74.873894 41.000000
v 56.061069 -79.479515 41.000000
v 54.000000 -73.500000 41.000000
v 56.318260 -77.997292 41.000000
v 56.502415 -76.504227 41.000000
v 56.613083 -75.003922 41.000000
v 56.650002 -73.500000 41.000000
v 30.988834 -107.132004 44.000000
v 30.497290 -103.818260 44.000000
v 30.108454 -101.196945 44.000000
v 31.462528 -100.961990 44.000000
v 32.633072 -106.846703 44.000000
v 31.979521 -103.561066 44.000000
v 33.447342 -103.231461 44.000000
v 30.682167 -97.038849 44.000000
v 31.831524 -96.780746 44.000000
v 32.803444 -100.660873 44.000000
v 32.966831 -96.466568 44.000000
v 34.261326 -106.481064 44.000000
v 34.897224 -102.830223 44.000000
v 35.869678 -106.035973 44.000000
v 37.454254 -105.512497 44.000000
v 36.325672 -102.358322 44.000000
v 34.127972 -100.294327 44.000000
v 35.432915 -99.863235 44.000000
v 34.085358 -96.097061 44.000000
v 35.184402 -95.673111 44.000000
v 36.715137 -99.368629 44.000000
v 36.261322 -95.195740 44.000000
v 37.313522 -94.666107 44.000000
v 39.011238 -104.911903 44.000000
v 37.729248 -101.816910 44.000000
v 39.104565 -101.207275 44.000000
v 40.536873 -104.235634 44.000000
v 37.971542 -98.811699 44.000000
v 39.199108 -98.193794 44.000000
v 38.338467 -94.085487 44.000000
v 40.448311 -100.530884 44.000000
v 40.394878 -97.516403 44.000000
v 42.027489 -103.485321 44.000000
v 43.479492 -102.662773 44.000000
v 44.889389 -101.769966 44.000000
v 41.757248 -99.789383 44.000000
v 43.028229 -98.984543 44.000000
v 41.555965 -96.781151 44.000000
v 42.679581 -95.989807 44.000000
v 44.258183 -98.118309 44.000000
v 43.763012 -95.144295 44.000000
v 44.803650 -94.246628 44.000000
v 39.333687 -93.455269 44.000000
v 40.296783 -92.776978 44.000000
v 41.225437 -92.052254 44.000000
v 42.117416 -91.282829 44.000000
v 42.970562 -90.470566 44.000000
v 43.782825 -89.617416 44.000000
v 44.552250 -88.725441 44.000000
v 30.974705 -107.036736 44.588104
v 32.614285 -106.752243 44.588104
v 34.237926 -106.387642 44.588104
v 35.841724 -105.943810 44.588104
v 37.421810 -105.421822 44.588104
v 30.932447 -106.751869 45.170544
v 32.558098 -106.469788 45.170544
v 34.167950 -106.108284 45.170544
v 35.758125 -105.668228 45.170544
v 37.324791 -105.150665 45.170544
v 38.974380 -104.822929 44.588104
v 40.495697 -104.148575 44.588104
v 41.982090 -103.400391 44.588104
v 43.429981 -102.580170 44.588104
v 44.835884 -101.689888 44.588104
v 38.864174 -104.556862 45.170544
v 40.372566 -103.888237 45.170544
v 41.846333 -103.146408 45.170544
v 43.281925 -102.333153 45.170544
v 44.675884 -101.450439 45.170544
v 43.650002 -58.000000 44.500000
v 46.253777 -100.809059 44.000000
v 45.444153 -97.192772 44.000000
v 46.583282 -96.210152 44.000000
v 47.569370 -99.782356 44.000000
v 47.672821 -95.172821 44.000000
v 48.710152 -94.083282 44.000000
v 48.833004 -98.692337 44.000000
v 50.041630 -97.541634 44.000000
v 51.192337 -96.333008 44.000000
v 52.282356 -95.069374 44.000000
v 45.798988 -93.298988 44.000000
v 46.746632 -92.303650 44.000000
v 45.276981 -87.796783 44.000000
v 47.644291 -91.263016 44.000000
v 48.489811 -90.179581 44.000000
v 45.955269 -86.833687 44.000000
v 46.585487 -85.838463 44.000000
v 47.166111 -84.813522 44.000000
v 47.695744 -83.761322 44.000000
v 48.173107 -82.684402 44.000000
v 48.597057 -81.585358 44.000000
v 49.692772 -92.944153 44.000000
v 50.618309 -91.758186 44.000000
v 49.281151 -89.055969 44.000000
v 50.016399 -87.894875 44.000000
v 51.484543 -90.528229 44.000000
v 52.289383 -89.257248 44.000000
v 50.693794 -86.699112 44.000000
v 51.311699 -85.471542 44.000000
v 51.868626 -84.215134 44.000000
v 52.363235 -82.932915 44.000000
v 53.309055 -93.753777 44.000000
v 54.269966 -92.389389 44.000000
v 53.030888 -87.948311 44.000000
v 55.162769 -90.979492 44.000000
v 55.985325 -89.527489 44.000000
v 53.707272 -86.604561 44.000000
v 54.316910 -85.229248 44.000000
v 52.794331 -81.627968 44.000000
v 54.858322 -83.825676 44.000000
v 55.330219 -82.397224 44.000000
v 55.731457 -80.947342 44.000000
v 56.735634 -88.036873 44.000000
v 57.411903 -86.511238 44.000000
v 58.012501 -84.954254 44.000000
v 58.535973 -83.369682 44.000000
v 58.981064 -81.761330 44.000000
v 46.196407 -100.731705 44.588104
v 47.508278 -99.707909 44.588104
v 48.768330 -98.620979 44.588104
v 49.973534 -97.473534 44.588104
v 51.120979 -96.268333 44.588104
v 52.207909 -95.008278 44.588104
v 46.024853 -100.500389 45.170544
v 47.325577 -99.485291 45.170544
v 48.574928 -98.407593 45.170544
v 49.769894 -97.269890 45.170544
v 50.907597 -96.074928 45.170544
v 51.985291 -94.825577 45.170544
v 53.231701 -93.696404 44.588104
v 54.189896 -92.335884 44.588104
v 55.080173 -90.929985 44.588104
v 55.900391 -89.482094 44.588104
v 56.648575 -87.995697 44.588104
v 57.322929 -86.474380 44.588104
v 57.921825 -84.921814 44.588104
v 58.443813 -83.341721 44.588104
v 58.887642 -81.737923 44.588104
v 53.000389 -93.524849 45.170544
v 53.950439 -92.175888 45.170544
v 54.833153 -90.781929 45.170544
v 55.646408 -89.346336 45.170544
v 56.388237 -87.872566 45.170544
v 57.056866 -86.364174 45.170544
v 57.650669 -84.824791 45.170544
v 58.168224 -83.258125 45.170544
v 58.608280 -81.667953 45.170544
v 48.966568 -80.466835 44.000000
v 49.280750 -79.331528 44.000000
v 49.538845 -78.182167 44.000000
v 49.740234 -77.021530 44.000000
v 49.884434 -75.852409 44.000000
v 49.971092 -74.677628 44.000000
v 50.000000 -73.500000 44.000000
v 50.000000 -62.365646 44.000000
v 50.362286 -62.096954 44.000000
v 50.747665 -61.747665 44.000000
v 51.096954 -61.362286 44.000000
v 51.406788 -60.944527 44.000000
v 51.674183 -60.498402 44.000000
v 50.362286 -53.903046 44.000000
v 51.896561 -60.028225 44.000000
v 52.071785 -59.538509 44.000000
v 52.198162 -59.033978 44.000000
v 52.274479 -58.519489 44.000000
v 52.299999 -58.000000 44.000000
v 52.274479 -57.480511 44.000000
v 50.747665 -54.252335 44.000000
v 51.096954 -54.637714 44.000000
v 51.406788 -55.055473 44.000000
v 51.674183 -55.501598 44.000000
v 51.896561 -55.971775 44.000000
v 52.198162 -56.966022 44.000000
v 52.071785 -56.461491 44.000000
v 53.160873 -80.303444 44.000000
v 53.461987 -78.962532 44.000000
v 53.696941 -77.608452 44.000000
v 53.865170 -76.244476 44.000000
v 53.966270 -74.873894 44.000000
v 56.061069 -79.479515 44.000000
v 54.000000 -73.500000 44.000000
v 56.318260 -77.997292 44.000000
v 56.502415 -76.504227 44.000000
v 56.613083 -75.003922 44.000000
v 59.346703 -80.133072 44.000000
v 59.632000 -78.488838 44.000000
v 59.836281 -76.832581 44.000000
v 59.959045 -75.168304 44.000000
v 56.650002 -73.500000 44.000000
v 60.000000 -73.500000 44.000000
v 45.325001 -60.901184 44.500000
v 48.674999 -60.901184 44.500000
v 45.500732 -58.801376 44.500000
v 45.685883 -59.078472 44.500000
v 45.586502 -58.944466 44.500000
v 45.921532 -59.314117 44.500000
v 45.797920 -59.202080 44.500000
v 45.429405 -58.650558 44.500000
v 45.373203 -58.493484 44.500000
v 45.332664 -58.331654 44.500000
v 45.308186 -58.166630 44.500000
v 45.299999 -58.000000 44.500000
v 45.308186 -57.833370 44.500000
v 45.332664 -57.668346 44.500000
v 45.373203 -57.506516 44.500000
v 45.429405 -57.349442 44.500000
v 45.500732 -57.198624 44.500000
v 46.055531 -59.413498 44.500000
v 46.198624 -59.499271 44.500000
v 46.349438 -59.570591 44.500000
v 46.668346 -59.667336 44.500000
v 46.833370 -59.691814 44.500000
v 46.506516 -59.626797 44.500000
v 45.586502 -57.055534 44.500000
v 45.685883 -56.921528 44.500000
v 45.797920 -56.797920 44.500000
v 45.921532 -56.685883 44.500000
v 45.325001 -55.098816 44.500000
v 46.055531 -56.586502 44.500000
v 46.198624 -56.500729 44.500000
v 46.349438 -56.429409 44.500000
v 46.506516 -56.373203 44.500000
v 46.668346 -56.332664 44.500000
v 46.833370 -56.308186 44.500000
v 47.000000 -59.700001 44.500000
v 47.166630 -59.691814 44.500000
v 47.331654 -59.667336 44.500000
v 47.493484 -59.626797 44.500000
v 47.650562 -59.570591 44.500000
v 47.801376 -59.499271 44.500000
v 47.944469 -59.413498 44.500000
v 48.078468 -59.314117 44.500000
v 48.202080 -59.202080 44.500000
v 48.314117 -59.078472 44.500000
v 48.413498 -58.944466 44.500000
v 48.499268 -58.801376 44.500000
v 48.570595 -58.650558 44.500000
v 48.626797 -58.493484 44.500000
v 48.667336 -58.331654 44.500000
v 48.691814 -58.166630 44.500000
v 48.700001 -58.000000 44.500000
v 48.499268 -57.198624 44.500000
v 48.691814 -57.833370 44.500000
v 48.667336 -57.668346 44.500000
v 48.570595 -57.349442 44.500000
v 48.626797 -57.506516 44.500000
v 47.000000 -56.299999 44.500000
v 47.166630 -56.308186 44.500000
v 47.331654 -56.332664 44.500000
v 47.493484 -56.373203 44.500000
v 47.650562 -56.429409 44.500000
v 47.801376 -56.500729 44.500000
v 47.944469 -56.586502 44.500000
v 48.202080 -56.797920 44.500000
v 48.078468 -56.685883 44.500000
v 48.314117 -56.921528 44.500000
v 48.413498 -57.055534 44.500000
v 48.674999 -55.098816 44.500000
v 50.349998 -58.000000 44.500000
v 59.252243 -80.114281 44.588104
v 59.536743 -78.474709 44.588104
v 59.740440 -76.823143 44.588104
v 59.862862 -75.163574 44.588104
v 59.903694 -73.500000 44.588104
v 58.969784 -80.058098 45.170544
v 59.251865 -78.432449 45.170544
v 59.453838 -76.794914 45.170544
v 59.575214 -75.149445 45.170544
v 59.615707 -73.500000 45.170544
v 44.055477 -53.593212 41.000000
v 44.501598 -53.325817 41.000000
v 44.971779 -53.103439 41.000000
v 45.461491 -52.928215 41.000000
v 45.966022 -52.801838 41.000000
v 46.480511 -52.725521 41.000000
v 47.000000 -52.700001 41.000000
v 47.519489 -52.725521 41.000000
v 48.033978 -52.801838 41.000000
v 48.538509 -52.928215 41.000000
v 49.028221 -53.103439 41.000000
v 49.498402 -53.325817 41.000000
v 49.944523 -53.593212 41.000000
v 50.000000 -53.634357 44.000000
v 26.000000 -106.638809 45.741707
v 27.626045 -106.598892 45.741707
v 29.248169 -106.479233 45.741707
v 26.000000 -105.977592 46.296101
v 27.593599 -105.938469 46.296101
v 29.183359 -105.821205 46.296101
v 26.000000 -105.138428 46.828381
v 26.000000 -97.500000 47.000000
v 27.552422 -105.100319 46.828381
v 29.101107 -104.986076 46.828381
v 27.177622 -97.471092 47.000000
v 28.352413 -97.384430 47.000000
v 29.521532 -97.240234 47.000000
v 26.000000 -104.129395 47.333420
v 27.502913 -104.092499 47.333420
v 29.002205 -103.981903 47.333420
v 21.313450 -79.136566 47.000000
v 21.299999 -79.000000 47.000000
v 21.417971 -79.388901 47.000000
v 21.505026 -79.494972 47.000000
v 21.353285 -79.267876 47.000000
v 21.313450 -78.863434 47.000000
v 21.353285 -78.732124 47.000000
v 21.417971 -78.611099 47.000000
v 21.505026 -78.505028 47.000000
v 21.611101 -79.582031 47.000000
v 21.732122 -79.646713 47.000000
v 21.863438 -79.686546 47.000000
v 22.000000 -79.699997 47.000000
v 22.136562 -79.686546 47.000000
v 22.267878 -79.646713 47.000000
v 22.388899 -79.582031 47.000000
v 22.494974 -79.494972 47.000000
v 21.611101 -78.417969 47.000000
v 21.732122 -78.353287 47.000000
v 21.863438 -78.313454 47.000000
v 22.000000 -78.300003 47.000000
v 22.136562 -78.313454 47.000000
v 22.267878 -78.353287 47.000000
v 22.494974 -78.505028 47.000000
v 22.388899 -78.417969 47.000000
v 21.313450 -75.136566 47.000000
v 21.299999 -75.000000 47.000000
v 21.313450 -74.863434 47.000000
v 21.417971 -75.388901 47.000000
v 21.353285 -75.267876 47.000000
v 21.505026 -75.494972 47.000000
v 21.353285 -74.732124 47.000000
v 21.417971 -74.611099 47.000000
v 21.505026 -74.505028 47.000000
v 21.732122 -75.646713 47.000000
v 21.863438 -75.686546 47.000000
v 22.000000 -75.699997 47.000000
v 22.136562 -75.686546 47.000000
v 22.267878 -75.646713 47.000000
v 21.611101 -75.582031 47.000000
v 21.611101 -74.417969 47.000000
v 21.732122 -74.353287 47.000000
v 21.863438 -74.313454 47.000000
v 22.000000 -74.300003 47.000000
v 22.388899 -75.582031 47.000000
v 22.494974 -75.494972 47.000000
v 22.136562 -74.313454 47.000000
v 22.267878 -74.353287 47.000000
v 22.388899 -74.417969 47.000000
v 22.494974 -74.505028 47.000000
v 21.417971 -71.388901 47.000000
v 21.505026 -71.494972 47.000000
v 21.313450 -71.136566 47.000000
v 21.299999 -71.000000 47.000000
v 21.313450 -70.863434 47.000000
v 21.353285 -71.267876 47.000000
v 21.353285 -70.732124 47.000000
v 21.417971 -70.611099 47.000000
v 21.611101 -71.582031 47.000000
v 21.732122 -71.646713 47.000000
v 21.863438 -71.686546 47.000000
v 22.000000 -71.699997 47.000000
v 22.136562 -71.686546 47.000000
v 22.267878 -71.646713 47.000000
v 22.388899 -71.582031 47.000000
v 22.494974 -71.494972 47.000000
v 21.505026 -70.505028 47.000000
v 21.417971 -67.388901 47.000000
v 21.353285 -67.267876 47.000000
v 21.505026 -67.494972 47.000000
v 21.611101 -70.417969 47.000000
v 21.732122 -70.353287 47.000000
v 21.863438 -70.313454 47.000000
v 22.000000 -70.300003 47.000000
v 22.136562 -70.313454 47.000000
v 22.267878 -70.353287 47.000000
v 22.388899 -70.417969 47.000000
v 22.494974 -70.505028 47.000000
v 21.732122 -67.646713 47.000000
v 21.611101 -67.582031 47.000000
v 21.863438 -67.686546 47.000000
v 22.000000 -67.699997 47.000000
v 22.136562 -67.686546 47.000000
v 22.267878 -67.646713 47.000000
v 22.388899 -67.582031 47.000000
v 22.494974 -67.494972 47.000000
v 21.313450 -67.136566 47.000000
v 21.299999 -67.000000 47.000000
v 21.313450 -66.863434 47.000000
v 21.353285 -66.732124 47.000000
v 21.417971 -66.611099 47.000000
v 21.505026 -66.505028 47.000000
v 21.611101 -66.417969 47.000000
v 21.732122 -66.353287 47.000000
v 21.863438 -66.313454 47.000000
v 22.000000 -66.300003 47.000000
v 22.267878 -66.353287 47.000000
v 22.388899 -66.417969 47.000000
v 22.494974 -66.505028 47.000000
v 22.136562 -66.313454 47.000000
v 22.582029 -79.388901 47.000000
v 22.646715 -79.267876 47.000000
v 22.686550 -79.136566 47.000000
v 22.700001 -79.000000 47.000000
v 22.582029 -78.611099 47.000000
v 22.686550 -78.863434 47.000000
v 22.646715 -78.732124 47.000000
v 22.582029 -75.388901 47.000000
v 22.646715 -75.267876 47.000000
v 22.686550 -75.136566 47.000000
v 22.700001 -75.000000 47.000000
v 22.686550 -74.863434 47.000000
v 22.582029 -74.611099 47.000000
v 22.646715 -74.732124 47.000000
v 25.299999 -79.000000 47.000000
v 25.417971 -79.388901 47.000000
v 25.505026 -79.494972 47.000000
v 25.353285 -79.267876 47.000000
v 25.313450 -79.136566 47.000000
v 25.611101 -79.582031 47.000000
v 25.732122 -79.646713 47.000000
v 25.863438 -79.686546 47.000000
v 26.000000 -79.699997 47.000000
v 26.136562 -79.686546 47.000000
v 25.313450 -78.863434 47.000000
v 25.353285 -78.732124 47.000000
v 25.417971 -78.611099 47.000000
v 25.505026 -78.505028 47.000000
v 25.611101 -78.417969 47.000000
v 25.732122 -78.353287 47.000000
v 25.863438 -78.313454 47.000000
v 26.000000 -78.300003 47.000000
v 26.136562 -78.313454 47.000000
v 25.299999 -75.000000 47.000000
v 25.732122 -75.646713 47.000000
v 25.863438 -75.686546 47.000000
v 26.000000 -75.699997 47.000000
v 26.136562 -75.686546 47.000000
v 25.417971 -75.388901 47.000000
v 25.353285 -75.267876 47.000000
v 25.505026 -75.494972 47.000000
v 25.313450 -75.136566 47.000000
v 25.313450 -74.863434 47.000000
v 25.611101 -75.582031 47.000000
v 25.353285 -74.732124 47.000000
v 25.417971 -74.611099 47.000000
v 25.505026 -74.505028 47.000000
v 25.611101 -74.417969 47.000000
v 25.732122 -74.353287 47.000000
v 25.863438 -74.313454 47.000000
v 26.000000 -74.300003 47.000000
v 26.136562 -74.313454 47.000000
v 22.582029 -71.388901 47.000000
v 22.646715 -71.267876 47.000000
v 22.686550 -71.136566 47.000000
v 22.700001 -71.000000 47.000000
v 22.582029 -70.611099 47.000000
v 22.686550 -70.863434 47.000000
v 22.646715 -70.732124 47.000000
v 22.582029 -67.388901 47.000000
v 22.646715 -67.267876 47.000000
v 25.299999 -71.000000 47.000000
v 25.417971 -71.388901 47.000000
v 25.505026 -71.494972 47.000000
v 25.611101 -71.582031 47.000000
v 25.732122 -71.646713 47.000000
v 25.353285 -71.267876 47.000000
v 25.313450 -71.136566 47.000000
v 25.313450 -70.863434 47.000000
v 25.353285 -70.732124 47.000000
v 25.417971 -70.611099 47.000000
v 25.863438 -71.686546 47.000000
v 26.000000 -71.699997 47.000000
v 26.136562 -71.686546 47.000000
v 25.505026 -70.505028 47.000000
v 25.611101 -70.417969 47.000000
v 25.732122 -70.353287 47.000000
v 25.863438 -70.313454 47.000000
v 26.000000 -70.300003 47.000000
v 26.136562 -70.313454 47.000000
v 25.417971 -67.388901 47.000000
v 25.353285 -67.267876 47.000000
v 25.505026 -67.494972 47.000000
v 25.732122 -67.646713 47.000000
v 25.611101 -67.582031 47.000000
v 25.863438 -67.686546 47.000000
v 26.000000 -67.699997 47.000000
v 26.136562 -67.686546 47.000000
v 26.267878 -79.646713 47.000000
v 26.388899 -79.582031 47.000000
v 26.494974 -79.494972 47.000000
v 26.582029 -79.388901 47.000000
v 26.646715 -79.267876 47.000000
v 26.686550 -79.136566 47.000000
v 26.700001 -79.000000 47.000000
v 26.267878 -78.353287 47.000000
v 26.388899 -78.417969 47.000000
v 26.582029 -78.611099 47.000000
v 26.686550 -78.863434 47.000000
v 26.646715 -78.732124 47.000000
v 26.494974 -78.505028 47.000000
v 26.267878 -75.646713 47.000000
v 26.388899 -75.582031 47.000000
v 26.494974 -75.494972 47.000000
v 26.582029 -75.388901 47.000000
v 26.646715 -75.267876 47.000000
v 26.686550 -75.136566 47.000000
v 26.700001 -75.000000 47.000000
v 26.686550 -74.863434 47.000000
v 26.267878 -74.353287 47.000000
v 26.388899 -74.417969 47.000000
v 26.582029 -74.611099 47.000000
v 26.494974 -74.505028 47.000000
v 26.646715 -74.732124 47.000000
v 29.417971 -79.388901 47.000000
v 29.505028 -79.494972 47.000000
v 29.353287 -79.267876 47.000000
v 29.299999 -79.000000 47.000000
v 29.313450 -79.136566 47.000000
v 29.611101 -79.582031 47.000000
v 29.732122 -79.646713 47.000000
v 29.863438 -79.686546 47.000000
v 29.313450 -78.863434 47.000000
v 29.353287 -78.732124 47.000000
v 29.417971 -78.611099 47.000000
v 29.505028 -78.505028 47.000000
v 29.611101 -78.417969 47.000000
v 29.732122 -78.353287 47.000000
v 29.863438 -78.313454 47.000000
v 29.732122 -75.646713 47.000000
v 29.863438 -75.686546 47.000000
v 29.353287 -75.267876 47.000000
v 29.505028 -75.494972 47.000000
v 29.417971 -75.388901 47.000000
v 29.299999 -75.000000 47.000000
v 29.313450 -75.136566 47.000000
v 29.313450 -74.863434 47.000000
v 29.353287 -74.732124 47.000000
v 29.417971 -74.611099 47.000000
v 29.505028 -74.505028 47.000000
v 29.611101 -75.582031 47.000000
v 29.611101 -74.417969 47.000000
v 29.732122 -74.353287 47.000000
v 29.863438 -74.313454 47.000000
v 26.267878 -71.646713 47.000000
v 26.388899 -71.582031 47.000000
v 26.494974 -71.494972 47.000000
v 26.582029 -71.388901 47.000000
v 26.646715 -71.267876 47.000000
v 26.686550 -71.136566 47.000000
v 26.700001 -71.000000 47.000000
v 26.582029 -70.611099 47.000000
v 26.686550 -70.863434 47.000000
v 26.646715 -70.732124 47.000000
v 26.267878 -70.353287 47.000000
v 26.388899 -70.417969 47.000000
v 26.494974 -70.505028 47.000000
v 26.267878 -67.646713 47.000000
v 26.388899 -67.582031 47.000000
v 26.494974 -67.494972 47.000000
v 26.582029 -67.388901 47.000000
v 26.646715 -67.267876 47.000000
v 29.417971 -71.388901 47.000000
v 29.505028 -71.494972 47.000000
v 29.353287 -71.267876 47.000000
v 29.299999 -71.000000 47.000000
v 29.313450 -71.136566 47.000000
v 29.313450 -70.863434 47.000000
v 29.353287 -70.732124 47.000000
v 29.417971 -70.611099 47.000000
v 29.611101 -71.582031 47.000000
v 29.732122 -71.646713 47.000000
v 29.863438 -71.686546 47.000000
v 29.505028 -70.505028 47.000000
v 29.611101 -70.417969 47.000000
v 29.732122 -70.353287 47.000000
v 29.863438 -70.313454 47.000000
v 29.353287 -67.267876 47.000000
v 29.505028 -67.494972 47.000000
v 29.417971 -67.388901 47.000000
v 29.732122 -67.646713 47.000000
v 29.611101 -67.582031 47.000000
v 29.863438 -67.686546 47.000000
v 22.686550 -67.136566 47.000000
v 22.700001 -67.000000 47.000000
v 22.686550 -66.863434 47.000000
v 22.582029 -66.611099 47.000000
v 22.646715 -66.732124 47.000000
v 25.299999 -67.000000 47.000000
v 25.313450 -67.136566 47.000000
v 25.313450 -66.863434 47.000000
v 25.353285 -66.732124 47.000000
v 25.417971 -66.611099 47.000000
v 25.505026 -66.505028 47.000000
v 25.611101 -66.417969 47.000000
v 25.732122 -66.353287 47.000000
v 25.863438 -66.313454 47.000000
v 26.000000 -66.300003 47.000000
v 26.136562 -66.313454 47.000000
v 26.267878 -66.353287 47.000000
v 26.388899 -66.417969 47.000000
v 26.686550 -67.136566 47.000000
v 26.700001 -67.000000 47.000000
v 26.686550 -66.863434 47.000000
v 26.582029 -66.611099 47.000000
v 26.494974 -66.505028 47.000000
v 26.646715 -66.732124 47.000000
v 29.299999 -67.000000 47.000000
v 29.313450 -67.136566 47.000000
v 29.313450 -66.863434 47.000000
v 29.353287 -66.732124 47.000000
v 29.417971 -66.611099 47.000000
v 29.505028 -66.505028 47.000000
v 29.611101 -66.417969 47.000000
v 29.732122 -66.353287 47.000000
v 29.863438 -66.313454 47.000000
v 20.000000 -86.349998 48.599998
v 21.145731 -86.321877 48.599998
v 22.288700 -86.237564 48.599998
v 26.000000 -102.960213 47.806358
v 26.000000 -101.642136 48.242641
v 27.445543 -102.924721 47.806358
v 28.887606 -102.818352 47.806358
v 27.380871 -101.608238 48.242641
v 28.758413 -101.506622 48.242641
v 26.000000 -100.187866 48.638062
v 27.309511 -100.155716 48.638062
v 28.615870 -100.059357 48.638062
v 29.915924 -99.899010 48.638062
v 23.426157 -86.097275 48.599998
v 24.555359 -85.901337 48.599998
v 25.673588 -85.650230 48.599998
v 26.778147 -85.344559 48.599998
v 27.866377 -84.985054 48.599998
v 28.935658 -84.572586 48.599998
v 29.983412 -84.108147 48.599998
v 20.000000 -86.349998 50.000000
v 21.145731 -86.321877 50.000000
v 22.288700 -86.237564 50.000000
v 26.000000 -98.611404 48.988819
v 26.000000 -96.927933 49.291527
v 27.232161 -98.581154 48.988819
v 28.461348 -98.490486 48.988819
v 29.684608 -98.339615 48.988819
v 27.149555 -96.899712 49.291527
v 28.296339 -96.815125 49.291527
v 29.437590 -96.674362 49.291527
v 26.000000 -95.153671 49.543278
v 27.062492 -95.127586 49.543278
v 28.122433 -95.049400 49.543278
v 29.177254 -94.919304 49.543278
v 26.000000 -93.305695 49.741642
v 26.000000 -91.401810 49.884712
v 26.000000 -89.460342 49.971107
v 26.000000 -87.500000 50.000000
v 23.426157 -86.097275 50.000000
v 24.555359 -85.901337 50.000000
v 25.673588 -85.650230 50.000000
v 26.971817 -93.281837 49.741642
v 27.941296 -93.210327 49.741642
v 26.878401 -91.380241 49.884712
v 27.754684 -91.315605 49.884712
v 26.783136 -89.441116 49.971107
v 26.686947 -87.483139 50.000000
v 27.564386 -89.383492 49.971107
v 27.372240 -87.432587 50.000000
v 28.054228 -87.348473 50.000000
v 28.906099 -93.091324 49.741642
v 29.863901 -92.925133 49.741642
v 28.626743 -91.208046 49.884712
v 29.492470 -91.057831 49.884712
v 28.341869 -89.287598 49.971107
v 29.113708 -89.153671 49.971107
v 29.878044 -88.982033 49.971107
v 26.778147 -85.344559 50.000000
v 27.866377 -84.985054 50.000000
v 28.731264 -87.230995 50.000000
v 28.935658 -84.572586 50.000000
v 29.401722 -87.080437 50.000000
v 29.983412 -84.108147 50.000000
v 21.313450 -79.136566 48.599998
v 21.299999 -79.000000 48.599998
v 21.417971 -79.388901 48.599998
v 21.505026 -79.494972 48.599998
v 21.353285 -79.267876 48.599998
v 21.313450 -78.863434 48.599998
v 21.353285 -78.732124 48.599998
v 21.417971 -78.611099 48.599998
v 21.505026 -78.505028 48.599998
v 21.611101 -79.582031 48.599998
v 21.732122 -79.646713 48.599998
v 21.863438 -79.686546 48.599998
v 22.000000 -79.699997 48.599998
v 22.136562 -79.686546 48.599998
v 22.267878 -79.646713 48.599998
v 22.388899 -79.582031 48.599998
v 22.494974 -79.494972 48.599998
v 21.611101 -78.417969 48.599998
v 21.732122 -78.353287 48.599998
v 21.863438 -78.313454 48.599998
v 22.000000 -78.300003 48.599998
v 22.136562 -78.313454 48.599998
v 22.267878 -78.353287 48.599998
v 22.388899 -78.417969 48.599998
v 22.494974 -78.505028 48.599998
v 21.313450 -75.136566 48.599998
v 21.299999 -75.000000 48.599998
v 21.313450 -74.863434 48.599998
v 21.417971 -75.388901 48.599998
v 21.353285 -75.267876 48.599998
v 21.505026 -75.494972 48.599998
v 21.353285 -74.732124 48.599998
v 21.417971 -74.611099 48.599998
v 21.505026 -74.505028 48.599998
v 21.732122 -75.646713 48.599998
v 21.863438 -75.686546 48.599998
v 22.000000 -75.699997 48.599998
v 22.136562 -75.686546 48.599998
v 22.267878 -75.646713 48.599998
v 21.611101 -75.582031 48.599998
v 21.611101 -74.417969 48.599998
v 21.732122 -74.353287 48.599998
v 21.863438 -74.313454 48.599998
v 22.000000 -74.300003 48.599998
v 22.388899 -75.582031 48.599998
v 22.494974 -75.494972 48.599998
v 22.136562 -74.313454 48.599998
v 22.267878 -74.353287 48.599998
v 22.388899 -74.417969 48.599998
v 22.494974 -74.505028 48.599998
v 21.417971 -71.388901 48.599998
v 21.505026 -71.494972 48.599998
v 21.313450 -71.136566 48.599998
v 21.299999 -71.000000 48.599998
v 21.313450 -70.863434 48.599998
v 21.353285 -71.267876 48.599998
v 21.353285 -70.732124 48.599998
v 21.417971 -70.611099 48.599998
v 21.611101 -71.582031 48.599998
v 21.732122 -71.646713 48.599998
v 21.863438 -71.686546 48.599998
v 22.000000 -71.699997 48.599998
v 22.136562 -71.686546 48.599998
v 22.267878 -71.646713 48.599998
v 22.388899 -71.582031 48.599998
v 22.494974 -71.494972 48.599998
v 21.505026 -70.505028 48.599998
v 21.417971 -67.388901 48.599998
v 21.353285 -67.267876 48.599998
v 21.505026 -67.494972 48.599998
v 21.611101 -70.417969 48.599998
v 21.732122 -70.353287 48.599998
v 21.863438 -70.313454 48.599998
v 22.000000 -70.300003 48.599998
v 22.136562 -70.313454 48.599998
v 22.267878 -70.353287 48.599998
v 22.388899 -70.417969 48.599998
v 22.494974 -70.505028 48.599998
v 21.732122 -67.646713 48.599998
v 21.611101 -67.582031 48.599998
v 21.863438 -67.686546 48.599998
v 22.000000 -67.699997 48.599998
v 22.136562 -67.686546 48.599998
v 22.267878 -67.646713 48.599998
v 22.388899 -67.582031 48.599998
v 22.494974 -67.494972 48.599998
v 21.313450 -67.136566 48.599998
v 21.299999 -67.000000 48.599998
v 21.313450 -66.863434 48.599998
v 21.353285 -66.732124 48.599998
v 21.417971 -66.611099 48.599998
v 21.505026 -66.505028 48.599998
v 21.611101 -66.417969 48.599998
v 21.732122 -66.353287 48.599998
v 21.863438 -66.313454 48.599998
v 22.000000 -66.300003 48.599998
v 22.267878 -66.353287 48.599998
v 22.388899 -66.417969 48.599998
v 22.494974 -66.505028 48.599998
v 22.136562 -66.313454 48.599998
v 22.582029 -79.388901 48.599998
v 22.646715 -79.267876 48.599998
v 22.686550 -79.136566 48.599998
v 22.700001 -79.000000 48.599998
v 22.582029 -78.611099 48.599998
v 22.686550 -78.863434 48.599998
v 22.646715 -78.732124 48.599998
v 22.582029 -75.388901 48.599998
v 22.646715 -75.267876 48.599998
v 22.686550 -75.136566 48.599998
v 22.700001 -75.000000 48.599998
v 22.686550 -74.863434 48.599998
v 22.582029 -74.611099 48.599998
v 22.646715 -74.732124 48.599998
v 25.299999 -79.000000 48.599998
v 25.417971 -79.388901 48.599998
v 25.505026 -79.494972 48.599998
v 25.353285 -79.267876 48.599998
v 25.313450 -79.136566 48.599998
v 25.611101 -79.582031 48.599998
v 25.732122 -79.646713 48.599998
v 25.863438 -79.686546 48.599998
v 26.000000 -79.699997 48.599998
v 26.136562 -79.686546 48.599998
v 25.313450 -78.863434 48.599998
v 25.353285 -78.732124 48.599998
v 25.417971 -78.611099 48.599998
v 25.505026 -78.505028 48.599998
v 25.611101 -78.417969 48.599998
v 25.732122 -78.353287 48.599998
v 25.863438 -78.313454 48.599998
v 26.000000 -78.300003 48.599998
v 26.136562 -78.313454 48.599998
v 25.299999 -75.000000 48.599998
v 25.732122 -75.646713 48.599998
v 25.863438 -75.686546 48.599998
v 26.000000 -75.699997 48.599998
v 26.136562 -75.686546 48.599998
v 25.417971 -75.388901 48.599998
v 25.353285 -75.267876 48.599998
v 25.505026 -75.494972 48.599998
v 25.313450 -75.136566 48.599998
v 25.313450 -74.863434 48.599998
v 25.611101 -75.582031 48.599998
v 25.353285 -74.732124 48.599998
v 25.417971 -74.611099 48.599998
v 25.505026 -74.505028 48.599998
v 25.611101 -74.417969 48.599998
v 25.732122 -74.353287 48.599998
v 25.863438 -74.313454 48.599998
v 26.000000 -74.300003 48.599998
v 26.136562 -74.313454 48.599998
v 22.582029 -71.388901 48.599998
v 22.646715 -71.267876 48.599998
v 22.686550 -71.136566 48.599998
v 22.700001 -71.000000 48.599998
v 22.582029 -70.611099 48.599998
v 22.686550 -70.863434 48.599998
v 22.646715 -70.732124 48.599998
v 22.582029 -67.388901 48.599998
v 22.646715 -67.267876 48.599998
v 25.299999 -71.000000 48.599998
v 25.417971 -71.388901 48.599998
v 25.505026 -71.494972 48.599998
v 25.611101 -71.582031 48.599998
v 25.732122 -71.646713 48.599998
v 25.353285 -71.267876 48.599998
v 25.313450 -71.136566 48.599998
v 25.313450 -70.863434 48.599998
v 25.353285 -70.732124 48.599998
v 25.417971 -70.611099 48.599998
v 25.863438 -71.686546 48.599998
v 26.000000 -71.699997 48.599998
v 26.136562 -71.686546 48.599998
v 25.505026 -70.505028 48.599998
v 25.611101 -70.417969 48.599998
v 25.732122 -70.353287 48.599998
v 25.863438 -70.313454 48.599998
v 26.000000 -70.300003 48.599998
v 26.136562 -70.313454 48.599998
v 25.353285 -67.267876 48.599998
v 25.417971 -67.388901 48.599998
v 25.505026 -67.494972 48.599998
v 25.732122 -67.646713 48.599998
v 25.611101 -67.582031 48.599998
v 25.863438 -67.686546 48.599998
v 26.000000 -67.699997 48.599998
v 26.136562 -67.686546 48.599998
v 26.267878 -79.646713 48.599998
v 26.388899 -79.582031 48.599998
v 26.494974 -79.494972 48.599998
v 26.582029 -79.388901 48.599998
v 26.646715 -79.267876 48.599998
v 26.686550 -79.136566 48.599998
v 26.700001 -79.000000 48.599998
v 26.267878 -78.353287 48.599998
v 26.388899 -78.417969 48.599998
v 26.582029 -78.611099 48.599998
v 26.686550 -78.863434 48.599998
v 26.646715 -78.732124 48.599998
v 26.494974 -78.505028 48.599998
v 26.267878 -75.646713 48.599998
v 26.388899 -75.582031 48.599998
v 26.494974 -75.494972 48.599998
v 26.582029 -75.388901 48.599998
v 26.646715 -75.267876 48.599998
v 26.686550 -75.136566 48.599998
v 26.700001 -75.000000 48.599998
v 26.686550 -74.863434 48.599998
v 26.267878 -74.353287 48.599998
v 26.388899 -74.417969 48.599998
v 26.582029 -74.611099 48.599998
v 26.494974 -74.505028 48.599998
v 26.646715 -74.732124 48.599998
v 29.417971 -79.388901 48.599998
v 29.505028 -79.494972 48.599998
v 29.353287 -79.267876 48.599998
v 29.299999 -79.000000 48.599998
v 29.313450 -79.136566 48.599998
v 29.611101 -79.582031 48.599998
v 29.732122 -79.646713 48.599998
v 29.863438 -79.686546 48.599998
v 29.313450 -78.863434 48.599998
v 29.353287 -78.732124 48.599998
v 29.417971 -78.611099 48.599998
v 29.505028 -78.505028 48.599998
v 29.611101 -78.417969 48.599998
v 29.732122 -78.353287 48.599998
v 29.863438 -78.313454 48.599998
v 29.732122 -75.646713 48.599998
v 29.863438 -75.686546 48.599998
v 29.353287 -75.267876 48.599998
v 29.505028 -75.494972 48.599998
v 29.417971 -75.388901 48.599998
v 29.299999 -75.000000 48.599998
v 29.313450 -75.136566 48.599998
v 29.313450 -74.863434 48.599998
v 29.353287 -74.732124 48.599998
v 29.417971 -74.611099 48.599998
v 29.505028 -74.505028 48.599998
v 29.611101 -75.582031 48.599998
v 29.611101 -74.417969 48.599998
v 29.732122 -74.353287 48.599998
v 29.863438 -74.313454 48.599998
v 26.267878 -71.646713 48.599998
v 26.388899 -71.582031 48.599998
v 26.494974 -71.494972 48.599998
v 26.582029 -71.388901 48.599998
v 26.646715 -71.267876 48.599998
v 26.686550 -71.136566 48.599998
v 26.700001 -71.000000 48.599998
v 26.582029 -70.611099 48.599998
v 26.686550 -70.863434 48.599998
v 26.646715 -70.732124 48.599998
v 26.267878 -70.353287 48.599998
v 26.388899 -70.417969 48.599998
v 26.494974 -70.505028 48.599998
v 26.267878 -67.646713 48.599998
v 26.388899 -67.582031 48.599998
v 26.494974 -67.494972 48.599998
v 26.582029 -67.388901 48.599998
v 26.646715 -67.267876 48.599998
v 29.417971 -71.388901 48.599998
v 29.505028 -71.494972 48.599998
v 29.353287 -71.267876 48.599998
v 29.299999 -71.000000 48.599998
v 29.313450 -71.136566 48.599998
v 29.313450 -70.863434 48.599998
v 29.353287 -70.732124 48.599998
v 29.417971 -70.611099 48.599998
v 29.611101 -71.582031 48.599998
v 29.732122 -71.646713 48.599998
v 29.863438 -71.686546 48.599998
v 29.505028 -70.505028 48.599998
v 29.611101 -70.417969 48.599998
v 29.732122 -70.353287 48.599998
v 29.863438 -70.313454 48.599998
v 29.353287 -67.267876 48.599998
v 29.505028 -67.494972 48.599998
v 29.417971 -67.388901 48.599998
v 29.732122 -67.646713 48.599998
v 29.611101 -67.582031 48.599998
v 29.863438 -67.686546 48.599998
v 22.686550 -67.136566 48.599998
v 22.700001 -67.000000 48.599998
v 22.686550 -66.863434 48.599998
v 22.582029 -66.611099 48.599998
v 22.646715 -66.732124 48.599998
v 25.299999 -67.000000 48.599998
v 25.313450 -67.136566 48.599998
v 25.313450 -66.863434 48.599998
v 25.353285 -66.732124 48.599998
v 25.417971 -66.611099 48.599998
v 25.505026 -66.505028 48.599998
v 25.611101 -66.417969 48.599998
v 25.732122 -66.353287 48.599998
v 25.863438 -66.313454 48.599998
v 26.000000 -66.300003 48.599998
v 26.136562 -66.313454 48.599998
v 26.267878 -66.353287 48.599998
v 26.388899 -66.417969 48.599998
v 26.686550 -67.136566 48.599998
v 26.700001 -67.000000 48.599998
v 26.686550 -66.863434 48.599998
v 26.582029 -66.611099 48.599998
v 26.494974 -66.505028 48.599998
v 26.646715 -66.732124 48.599998
v 29.299999 -67.000000 48.599998
v 29.313450 -67.136566 48.599998
v 29.313450 -66.863434 48.599998
v 29.353287 -66.732124 48.599998
v 29.417971 -66.611099 48.599998
v 29.505028 -66.505028 48.599998
v 29.611101 -66.417969 48.599998
v 29.732122 -66.353287 48.599998
v 29.863438 -66.313454 48.599998
v 24.200001 -47.500000 47.000000
v 24.249067 -47.498795 47.000000
v 24.298018 -47.495186 47.000000
v 24.346731 -47.489178 47.000000
v 24.395090 -47.480785 47.000000
v 24.442980 -47.470032 47.000000
v 24.490284 -47.456940 47.000000
v 24.536890 -47.441544 47.000000
v 24.582684 -47.423878 47.000000
v 24.627556 -47.403988 47.000000
v 24.671396 -47.381920 47.000000
v 24.714104 -47.357727 47.000000
v 24.755569 -47.331470 47.000000
v 24.795700 -47.303207 47.000000
v 24.834393 -47.273010 47.000000
v 24.871559 -47.240952 47.000000
v 24.907106 -47.207108 47.000000
v 24.940950 -47.171558 47.000000
v 24.973011 -47.134392 47.000000
v 25.003208 -47.095699 47.000000
v 25.031469 -47.055569 47.000000
v 25.057728 -47.014103 47.000000
v 25.081921 -46.971397 47.000000
v 25.103989 -46.927555 47.000000
v 25.123880 -46.882683 47.000000
v 25.141544 -46.836891 47.000000
v 25.156940 -46.790283 47.000000
v 25.170031 -46.742981 47.000000
v 25.180786 -46.695091 47.000000
v 25.189177 -46.646732 47.000000
v 25.195185 -46.598019 47.000000
v 25.198795 -46.549068 47.000000
v 25.200001 -46.500000 47.000000
v 24.200001 -47.500000 48.599998
v 24.249067 -47.498795 48.599998
v 24.298018 -47.495186 48.599998
v 24.346731 -47.489178 48.599998
v 24.395090 -47.480785 48.599998
v 24.442980 -47.470032 48.599998
v 24.490284 -47.456940 48.599998
v 24.536890 -47.441544 48.599998
v 24.582684 -47.423878 48.599998
v 24.627556 -47.403988 48.599998
v 24.671396 -47.381920 48.599998
v 24.714104 -47.357727 48.599998
v 24.755569 -47.331470 48.599998
v 24.795700 -47.303207 48.599998
v 24.834393 -47.273010 48.599998
v 24.871559 -47.240952 48.599998
v 24.907106 -47.207108 48.599998
v 24.940950 -47.171558 48.599998
v 24.973011 -47.134392 48.599998
v 25.003208 -47.095699 48.599998
v 25.031469 -47.055569 48.599998
v 25.057728 -47.014103 48.599998
v 25.081921 -46.971397 48.599998
v 25.103989 -46.927555 48.599998
v 25.123880 -46.882683 48.599998
v 25.141544 -46.836891 48.599998
v 25.156940 -46.790283 48.599998
v 25.170031 -46.742981 48.599998
v 25.180786 -46.695091 48.599998
v 25.189177 -46.646732 48.599998
v 25.195185 -46.598019 48.599998
v 25.198795 -46.549068 48.599998
v 25.200001 -46.500000 48.599998
v 30.862474 -106.280128 45.741707
v 32.465061 -106.002052 45.741707
v 34.052074 -105.645676 45.741707
v 35.619686 -105.211861 45.741707
v 37.164127 -104.701645 45.741707
v 30.765453 -105.626068 46.296101
v 32.336063 -105.353546 46.296101
v 33.891411 -105.004280 46.296101
v 35.427746 -104.579117 46.296101
v 36.941372 -104.079086 46.296101
v 38.681671 -104.116264 45.741707
v 40.168667 -103.457123 45.741707
v 41.621525 -102.725815 45.741707
v 43.036751 -101.924103 45.741707
v 44.410934 -101.053909 45.741707
v 38.428635 -103.505379 46.296101
v 39.885960 -102.859398 46.296101
v 41.309830 -102.142677 46.296101
v 42.696819 -101.356956 46.296101
v 44.043583 -100.504128 46.296101
v 30.642321 -104.795990 46.828381
v 32.172352 -104.530502 46.828381
v 33.687511 -104.190262 46.828381
v 30.682167 -97.038849 47.000000
v 31.831524 -96.780746 47.000000
v 32.966831 -96.466568 47.000000
v 35.184151 -103.776085 46.828381
v 36.658665 -103.288971 46.828381
v 34.085358 -96.097061 47.000000
v 35.184402 -95.673111 47.000000
v 36.261322 -95.195740 47.000000
v 37.313522 -94.666107 47.000000
v 30.494267 -103.797874 47.333420
v 31.975498 -103.540855 47.333420
v 33.442337 -103.211472 47.333420
v 34.891243 -102.810501 47.333420
v 36.318733 -102.338921 47.333420
v 38.107502 -102.730095 46.828381
v 39.527168 -102.100800 46.828381
v 40.914249 -101.402603 46.828381
v 38.338467 -94.085487 47.000000
v 42.265400 -100.637184 46.828381
v 43.577366 -99.806389 46.828381
v 44.846989 -98.912224 46.828381
v 37.721359 -101.797867 47.333420
v 39.095753 -101.188644 47.333420
v 40.438595 -100.512711 47.333420
v 41.746655 -99.771706 47.333420
v 43.016777 -98.967407 47.333420
v 44.245907 -98.101761 47.333420
v 39.333687 -93.455269 47.000000
v 40.296783 -92.776978 47.000000
v 41.225437 -92.052254 47.000000
v 42.117416 -91.282829 47.000000
v 42.970562 -90.470566 47.000000
v 43.782825 -89.617416 47.000000
v 44.552250 -88.725441 47.000000
v 42.325817 -60.498402 46.000000
v 42.593212 -60.944527 46.000000
v 42.903046 -61.362286 46.000000
v 44.055477 -62.406792 46.000000
v 43.252335 -61.747665 46.000000
v 43.637714 -62.096954 46.000000
v 44.501598 -62.674183 46.000000
v 44.971779 -62.896564 46.000000
v 42.103439 -60.028225 46.000000
v 41.928215 -59.538509 46.000000
v 41.801838 -59.033978 46.000000
v 41.700001 -58.000000 46.000000
v 41.725521 -58.519489 46.000000
v 41.725521 -57.480511 46.000000
v 41.801838 -56.966022 46.000000
v 41.928215 -56.461491 46.000000
v 42.103439 -55.971775 46.000000
v 42.325817 -55.501598 46.000000
v 42.593212 -55.055473 46.000000
v 42.903046 -54.637714 46.000000
v 43.252335 -54.252335 46.000000
v 43.637714 -53.903046 46.000000
v 30.000000 -79.699997 47.000000
v 30.136562 -79.686546 47.000000
v 30.267878 -79.646713 47.000000
v 30.388899 -79.582031 47.000000
v 30.494972 -79.494972 47.000000
v 30.582029 -79.388901 47.000000
v 30.646713 -79.267876 47.000000
v 30.686550 -79.136566 47.000000
v 30.700001 -79.000000 47.000000
v 30.000000 -78.300003 47.000000
v 30.136562 -78.313454 47.000000
v 30.267878 -78.353287 47.000000
v 30.388899 -78.417969 47.000000
v 30.582029 -78.611099 47.000000
v 30.686550 -78.863434 47.000000
v 30.646713 -78.732124 47.000000
v 30.494972 -78.505028 47.000000
v 30.000000 -75.699997 47.000000
v 30.136562 -75.686546 47.000000
v 30.267878 -75.646713 47.000000
v 30.388899 -75.582031 47.000000
v 30.000000 -74.300003 47.000000
v 30.136562 -74.313454 47.000000
v 30.267878 -74.353287 47.000000
v 30.388899 -74.417969 47.000000
v 30.494972 -75.494972 47.000000
v 30.582029 -75.388901 47.000000
v 30.646713 -75.267876 47.000000
v 30.686550 -75.136566 47.000000
v 30.700001 -75.000000 47.000000
v 30.686550 -74.863434 47.000000
v 30.582029 -74.611099 47.000000
v 30.494972 -74.505028 47.000000
v 30.646713 -74.732124 47.000000
v 30.000000 -71.699997 47.000000
v 30.136562 -71.686546 47.000000
v 30.267878 -71.646713 47.000000
v 30.388899 -71.582031 47.000000
v 30.494972 -71.494972 47.000000
v 30.582029 -71.388901 47.000000
v 30.646713 -71.267876 47.000000
v 30.686550 -71.136566 47.000000
v 30.700001 -71.000000 47.000000
v 30.582029 -70.611099 47.000000
v 30.686550 -70.863434 47.000000
v 30.646713 -70.732124 47.000000
v 30.000000 -70.300003 47.000000
v 30.136562 -70.313454 47.000000
v 30.267878 -70.353287 47.000000
v 30.388899 -70.417969 47.000000
v 30.494972 -70.505028 47.000000
v 30.000000 -67.699997 47.000000
v 30.136562 -67.686546 47.000000
v 30.267878 -67.646713 47.000000
v 30.388899 -67.582031 47.000000
v 30.494972 -67.494972 47.000000
v 30.582029 -67.388901 47.000000
v 30.646713 -67.267876 47.000000
v 30.267878 -66.353287 47.000000
v 30.388899 -66.417969 47.000000
v 30.000000 -66.300003 47.000000
v 30.136562 -66.313454 47.000000
v 30.686550 -67.136566 47.000000
v 30.700001 -67.000000 47.000000
v 30.686550 -66.863434 47.000000
v 30.582029 -66.611099 47.000000
v 30.494972 -66.505028 47.000000
v 30.646713 -66.732124 47.000000
v 45.740765 -100.117340 45.741707
v 47.023037 -99.116646 45.741707
v 48.254662 -98.054237 45.741707
v 49.432674 -96.932678 45.741707
v 50.554237 -95.754662 45.741707
v 51.616646 -94.523033 45.741707
v 45.346878 -99.586243 46.296101
v 46.603565 -98.605515 46.296101
v 47.810616 -97.564308 46.296101
v 48.965126 -96.465126 46.296101
v 50.064308 -95.310616 46.296101
v 51.105518 -94.103569 46.296101
v 52.086246 -92.846878 46.296101
v 52.617340 -93.240761 45.741707
v 53.553909 -91.910934 45.741707
v 54.424103 -90.536751 45.741707
v 55.225819 -89.121529 45.741707
v 55.957127 -87.668663 45.741707
v 56.616261 -86.181671 45.741707
v 57.201645 -84.664131 45.741707
v 57.711861 -83.119690 45.741707
v 58.145676 -81.552071 45.741707
v 53.004131 -91.543579 46.296101
v 53.856960 -90.196815 46.296101
v 54.642673 -88.809830 46.296101
v 55.359390 -87.385956 46.296101
v 56.005383 -85.928635 46.296101
v 56.579086 -84.441368 46.296101
v 57.079117 -82.927750 46.296101
v 57.504276 -81.391411 46.296101
v 46.071205 -97.956833 46.828381
v 47.247066 -96.942528 46.828381
v 48.371746 -95.871742 46.828381
v 49.442528 -94.747070 46.828381
v 45.431080 -97.176842 47.333420
v 46.569443 -96.194885 47.333420
v 47.658253 -95.158249 47.333420
v 48.694881 -94.069443 47.333420
v 45.276981 -87.796783 47.000000
v 45.955269 -86.833687 47.000000
v 46.585487 -85.838463 47.000000
v 47.166111 -84.813522 47.000000
v 47.695744 -83.761322 47.000000
v 48.173107 -82.684402 47.000000
v 48.597057 -81.585358 47.000000
v 50.456833 -93.571205 46.828381
v 51.412220 -92.346985 46.828381
v 52.306389 -91.077370 46.828381
v 49.676842 -92.931084 47.333420
v 50.601757 -91.745911 47.333420
v 51.467407 -90.516777 47.333420
v 52.271706 -89.246658 47.333420
v 53.137184 -89.765404 46.828381
v 53.902599 -88.414253 46.828381
v 54.600800 -87.027168 46.828381
v 55.230091 -85.607498 46.828381
v 55.788971 -84.158661 46.828381
v 56.276085 -82.684151 46.828381
v 56.690258 -81.187508 46.828381
v 53.012711 -87.938599 47.333420
v 53.688648 -86.595749 47.333420
v 54.297871 -85.221359 47.333420
v 54.838917 -83.818733 47.333420
v 55.310501 -82.391243 47.333420
v 55.711468 -80.942337 47.333420
v 45.461491 -63.071781 46.000000
v 45.966022 -63.198162 46.000000
v 46.480511 -63.274475 46.000000
v 47.000000 -63.299999 46.000000
v 47.519489 -63.274475 46.000000
v 48.033978 -63.198162 46.000000
v 48.538509 -63.071781 46.000000
v 45.500732 -58.801376 46.000000
v 45.685883 -59.078472 46.000000
v 45.586502 -58.944466 46.000000
v 45.921532 -59.314117 46.000000
v 45.797920 -59.202080 46.000000
v 45.429405 -58.650558 46.000000
v 45.373203 -58.493484 46.000000
v 45.332664 -58.331654 46.000000
v 45.308186 -58.166630 46.000000
v 45.299999 -58.000000 46.000000
v 45.308186 -57.833370 46.000000
v 45.332664 -57.668346 46.000000
v 45.373203 -57.506516 46.000000
v 45.429405 -57.349442 46.000000
v 45.500732 -57.198624 46.000000
v 46.055531 -59.413498 46.000000
v 46.198624 -59.499271 46.000000
v 46.349438 -59.570591 46.000000
v 46.668346 -59.667336 46.000000
v 46.833370 -59.691814 46.000000
v 46.506516 -59.626797 46.000000
v 45.586502 -57.055534 46.000000
v 45.685883 -56.921528 46.000000
v 45.797920 -56.797920 46.000000
v 45.921532 -56.685883 46.000000
v 46.055531 -56.586502 46.000000
v 46.198624 -56.500729 46.000000
v 46.349438 -56.429409 46.000000
v 46.506516 -56.373203 46.000000
v 46.668346 -56.332664 46.000000
v 46.833370 -56.308186 46.000000
v 47.000000 -59.700001 46.000000
v 47.166630 -59.691814 46.000000
v 47.331654 -59.667336 46.000000
v 47.493484 -59.626797 46.000000
v 47.650562 -59.570591 46.000000
v 47.801376 -59.499271 46.000000
v 47.944469 -59.413498 46.000000
v 48.078468 -59.314117 46.000000
v 48.202080 -59.202080 46.000000
v 48.314117 -59.078472 46.000000
v 48.413498 -58.944466 46.000000
v 48.499268 -58.801376 46.000000
v 48.570595 -58.650558 46.000000
v 48.626797 -58.493484 46.000000
v 48.667336 -58.331654 46.000000
v 48.691814 -58.166630 46.000000
v 48.700001 -58.000000 46.000000
v 48.499268 -57.198624 46.000000
v 48.691814 -57.833370 46.000000
v 48.667336 -57.668346 46.000000
v 48.626797 -57.506516 46.000000
v 48.570595 -57.349442 46.000000
v 47.000000 -56.299999 46.000000
v 47.166630 -56.308186 46.000000
v 47.331654 -56.332664 46.000000
v 47.493484 -56.373203 46.000000
v 47.650562 -56.429409 46.000000
v 47.801376 -56.500729 46.000000
v 47.944469 -56.586502 46.000000
v 48.202080 -56.797920 46.000000
v 48.078468 -56.685883 46.000000
v 48.314117 -56.921528 46.000000
v 48.413498 -57.055534 46.000000
v 49.028221 -62.896564 46.000000
v 49.498402 -62.674183 46.000000
v 49.944523 -62.406792 46.000000
v 50.000000 -62.365646 46.000000
v 58.502056 -79.965057 45.741707
v 58.780128 -78.362473 45.741707
v 58.979233 -76.748169 45.741707
v 59.098885 -75.126045 45.741707
v 59.138802 -73.500000 45.741707
v 57.853542 -79.836067 46.296101
v 58.126068 -78.265450 46.296101
v 58.321201 -76.683357 46.296101
v 58.438469 -75.093597 46.296101
v 58.477592 -73.500000 46.296101
v 48.966568 -80.466835 47.000000
v 49.280750 -79.331528 47.000000
v 49.538845 -78.182167 47.000000
v 49.740234 -77.021530 47.000000
v 49.884434 -75.852409 47.000000
v 49.971092 -74.677628 47.000000
v 50.000000 -73.500000 47.000000
v 57.030502 -79.672348 46.828381
v 57.295986 -78.142319 46.828381
v 57.486073 -76.601105 46.828381
v 57.600315 -75.052422 46.828381
v 57.638424 -73.500000 46.828381
v 56.040859 -79.475494 47.333420
v 56.297874 -77.994263 47.333420
v 56.481899 -76.502205 47.333420
v 56.592499 -75.002914 47.333420
v 56.629387 -73.500000 47.333420
v 30.322710 -102.641350 47.806358
v 31.747402 -102.394142 47.806358
v 33.158245 -102.077324 47.806358
v 30.129309 -101.337540 48.242641
v 31.490259 -101.101395 48.242641
v 32.837982 -100.798752 48.242641
v 34.551846 -101.691666 47.806358
v 35.924847 -101.238083 47.806358
v 37.273933 -100.717682 47.806358
v 34.169231 -100.430344 48.242641
v 35.480801 -99.997063 48.242641
v 36.769527 -99.499947 48.242641
v 31.206545 -99.675064 48.638062
v 32.484623 -99.388062 48.638062
v 33.747078 -99.038696 48.638062
v 34.990871 -98.627800 48.638062
v 36.213005 -98.156372 48.638062
v 37.410534 -97.625542 48.638062
v 31.007114 -83.592865 48.599998
v 32.004299 -83.027962 48.599998
v 32.972565 -82.414818 48.599998
v 33.909580 -81.754898 48.599998
v 34.813084 -81.049797 48.599998
v 38.595863 -100.131714 47.806358
v 39.887447 -99.481583 47.806358
v 41.145573 -98.768867 47.806358
v 38.032314 -98.940186 48.242641
v 39.266109 -98.319145 48.242641
v 40.467949 -97.638313 48.242641
v 42.367214 -97.995270 47.806358
v 43.549427 -97.162659 47.806358
v 44.689358 -96.273048 47.806358
v 41.634933 -96.899330 48.242641
v 42.764252 -96.103973 48.242641
v 43.853184 -95.254166 48.242641
v 44.899105 -94.351944 48.242641
v 38.580574 -97.036598 48.638062
v 39.720306 -96.390945 48.638062
v 40.826984 -95.690147 48.638062
v 41.897942 -94.935898 48.638062
v 42.930603 -94.129997 48.638062
v 43.922474 -93.274406 48.638062
v 44.871170 -92.371170 48.638062
v 30.898993 -98.128899 48.988819
v 32.101574 -97.858849 48.988819
v 33.289455 -97.530113 48.988819
v 30.570562 -96.477776 49.291527
v 31.692524 -96.225830 49.291527
v 32.800770 -95.919136 49.291527
v 34.459778 -97.143494 48.988819
v 35.609718 -96.699913 48.988819
v 36.736507 -96.200439 48.988819
v 33.892635 -95.558434 49.291527
v 34.965481 -95.144592 49.291527
v 36.016731 -94.678604 49.291527
v 37.043854 -94.161591 49.291527
v 30.224419 -94.737602 49.543278
v 31.261412 -94.504738 49.543278
v 32.285728 -94.221268 49.543278
v 33.294903 -93.887886 49.543278
v 30.812391 -92.712143 49.741642
v 31.749290 -92.452866 49.741642
v 30.349785 -90.865311 49.884712
v 30.633043 -88.773094 49.971107
v 31.196621 -90.630959 49.884712
v 31.376877 -88.527367 49.971107
v 32.672337 -92.147934 49.741642
v 33.579311 -91.798073 49.741642
v 32.030937 -90.355339 49.884712
v 32.107758 -88.245438 49.971107
v 32.850723 -90.039116 49.884712
v 33.654007 -89.683044 49.884712
v 32.823925 -87.927979 49.971107
v 33.523655 -87.575768 49.971107
v 30.063988 -86.897163 50.000000
v 30.716457 -86.681618 50.000000
v 31.357569 -86.434311 50.000000
v 31.007114 -83.592865 50.000000
v 31.985769 -86.155853 50.000000
v 32.599556 -85.846901 50.000000
v 33.197437 -85.508202 50.000000
v 32.004299 -83.027962 50.000000
v 32.972565 -82.414818 50.000000
v 34.286499 -93.505379 49.543278
v 35.258137 -93.074684 49.543278
v 36.207470 -92.596832 49.543278
v 37.132210 -92.072968 49.543278
v 34.468025 -91.404137 49.741642
v 35.336338 -90.967064 49.741642
v 34.438854 -89.287987 49.884712
v 35.203369 -88.854889 49.884712
v 36.182163 -90.487907 49.741642
v 37.003452 -89.967834 49.741642
v 35.945709 -88.384811 49.884712
v 36.664093 -87.878868 49.884712
v 34.205257 -87.189644 49.971107
v 33.777985 -85.140572 50.000000
v 34.339790 -84.744904 50.000000
v 34.867092 -86.770538 49.971107
v 35.507565 -86.319466 49.971107
v 34.881508 -84.322144 50.000000
v 33.909580 -81.754898 50.000000
v 35.401825 -83.873314 50.000000
v 34.813084 -81.049797 50.000000
v 36.125134 -85.837509 49.971107
v 37.356785 -87.338280 49.884712
v 36.718311 -85.325836 49.971107
v 37.285667 -84.785667 49.971107
v 35.899494 -83.399498 50.000000
v 36.373314 -82.901825 50.000000
v 36.822147 -82.381508 50.000000
v 37.244904 -81.839790 50.000000
v 37.837433 -95.646278 48.988819
v 38.909843 -95.038773 48.988819
v 39.951149 -94.379372 48.988819
v 40.958847 -93.669670 48.988819
v 38.044365 -93.594810 49.291527
v 39.015862 -92.979614 49.291527
v 39.956005 -92.317497 49.291527
v 40.862526 -91.610039 49.291527
v 41.930508 -92.911377 48.988819
v 42.863789 -92.106323 48.988819
v 43.756443 -91.256447 48.988819
v 44.606323 -90.363792 48.988819
v 41.733238 -90.858955 49.291527
v 42.566051 -90.066055 49.291527
v 43.358955 -89.233238 49.291527
v 44.110039 -88.362526 49.291527
v 44.817493 -87.456001 49.291527
v 38.030132 -91.504364 49.543278
v 38.899075 -90.892387 49.543278
v 39.736942 -90.238510 49.543278
v 40.541714 -89.544312 49.543278
v 37.798237 -89.408081 49.741642
v 38.564598 -88.810005 49.741642
v 39.300690 -88.175049 49.741642
v 40.004742 -87.504738 49.741642
v 38.022118 -86.764366 49.884712
v 37.825832 -84.218307 49.971107
v 38.658489 -86.158485 49.884712
v 39.264362 -85.522118 49.884712
v 38.337513 -83.625137 49.971107
v 37.640575 -81.277985 50.000000
v 38.008202 -80.697441 50.000000
v 38.819469 -83.007568 49.971107
v 39.270538 -82.367088 49.971107
v 40.675053 -86.800690 49.741642
v 39.838284 -84.856789 49.884712
v 40.378864 -84.164093 49.884712
v 39.689644 -81.705254 49.971107
v 40.075768 -81.023651 49.971107
v 40.884808 -83.445709 49.884712
v 41.311455 -88.811455 49.543278
v 42.044312 -88.041718 49.543278
v 42.738514 -87.236938 49.543278
v 43.392391 -86.399078 49.543278
v 44.004368 -85.530136 49.543278
v 44.572971 -84.632210 49.543278
v 41.310009 -86.064598 49.741642
v 41.908081 -85.298241 49.741642
v 42.467831 -84.503456 49.741642
v 42.987911 -83.682159 49.741642
v 41.354893 -82.703369 49.884712
v 41.787983 -81.938850 49.884712
v 42.183041 -81.154007 49.884712
v 43.467064 -82.836342 49.741642
v 43.904137 -81.968025 49.741642
v 44.298077 -81.079308 49.741642
v 30.000000 -79.699997 48.599998
v 30.136562 -79.686546 48.599998
v 30.267878 -79.646713 48.599998
v 30.388899 -79.582031 48.599998
v 30.494972 -79.494972 48.599998
v 30.582029 -79.388901 48.599998
v 30.646713 -79.267876 48.599998
v 30.686550 -79.136566 48.599998
v 30.700001 -79.000000 48.599998
v 30.000000 -78.300003 48.599998
v 30.136562 -78.313454 48.599998
v 30.267878 -78.353287 48.599998
v 30.388899 -78.417969 48.599998
v 30.582029 -78.611099 48.599998
v 30.686550 -78.863434 48.599998
v 30.646713 -78.732124 48.599998
v 30.494972 -78.505028 48.599998
v 30.000000 -75.699997 48.599998
v 30.136562 -75.686546 48.599998
v 30.267878 -75.646713 48.599998
v 30.388899 -75.582031 48.599998
v 30.000000 -74.300003 48.599998
v 30.136562 -74.313454 48.599998
v 30.267878 -74.353287 48.599998
v 30.388899 -74.417969 48.599998
v 30.494972 -75.494972 48.599998
v 30.582029 -75.388901 48.599998
v 30.646713 -75.267876 48.599998
v 30.686550 -75.136566 48.599998
v 30.700001 -75.000000 48.599998
v 30.686550 -74.863434 48.599998
v 30.582029 -74.611099 48.599998
v 30.494972 -74.505028 48.599998
v 30.646713 -74.732124 48.599998
v 30.000000 -71.699997 48.599998
v 30.136562 -71.686546 48.599998
v 30.267878 -71.646713 48.599998
v 30.388899 -71.582031 48.599998
v 30.494972 -71.494972 48.599998
v 30.582029 -71.388901 48.599998
v 30.646713 -71.267876 48.599998
v 30.686550 -71.136566 48.599998
v 30.700001 -71.000000 48.599998
v 30.582029 -70.611099 48.599998
v 30.686550 -70.863434 48.599998
v 30.646713 -70.732124 48.599998
v 30.000000 -70.300003 48.599998
v 30.136562 -70.313454 48.599998
v 30.267878 -70.353287 48.599998
v 30.388899 -70.417969 48.599998
v 30.494972 -70.505028 48.599998
v 30.000000 -67.699997 48.599998
v 30.136562 -67.686546 48.599998
v 30.267878 -67.646713 48.599998
v 30.388899 -67.582031 48.599998
v 30.494972 -67.494972 48.599998
v 30.582029 -67.388901 48.599998
v 30.646713 -67.267876 48.599998
v 35.680901 -80.301208 48.599998
v 36.510944 -79.510941 48.599998
v 37.301208 -78.680901 48.599998
v 30.267878 -66.353287 48.599998
v 30.388899 -66.417969 48.599998
v 30.000000 -66.300003 48.599998
v 30.136562 -66.313454 48.599998
v 30.686550 -67.136566 48.599998
v 30.700001 -67.000000 48.599998
v 30.686550 -66.863434 48.599998
v 30.582029 -66.611099 48.599998
v 30.494972 -66.505028 48.599998
v 30.646713 -66.732124 48.599998
v 38.049793 -77.813080 48.599998
v 38.754894 -76.909576 48.599998
v 39.414814 -75.972565 48.599998
v 40.027962 -75.004295 48.599998
v 40.592861 -74.007111 48.599998
v 41.108150 -72.983414 48.599998
v 41.572586 -71.935661 48.599998
v 41.985054 -70.866379 48.599998
v 42.344559 -69.778145 48.599998
v 42.650230 -68.673584 48.599998
v 42.901337 -67.555359 48.599998
v 43.097271 -66.426155 48.599998
v 43.237564 -65.288704 48.599998
v 43.321873 -64.145729 48.599998
v 43.349998 -63.000000 48.599998
v 35.680901 -80.301208 50.000000
v 36.510944 -79.510941 50.000000
v 37.301208 -78.680901 50.000000
v 38.346897 -80.099556 50.000000
v 38.049793 -77.813080 50.000000
v 38.655849 -79.485771 50.000000
v 38.934315 -78.857567 50.000000
v 39.181618 -78.216461 50.000000
v 38.754894 -76.909576 50.000000
v 39.397163 -77.563988 50.000000
v 40.427979 -80.323929 49.971107
v 40.745434 -79.607758 49.971107
v 41.027367 -78.876877 49.971107
v 39.580437 -76.901726 50.000000
v 39.414814 -75.972565 50.000000
v 39.730995 -76.231262 50.000000
v 39.848473 -75.554230 50.000000
v 39.889290 -75.223289 50.000000
v 40.027962 -75.004295 49.998367
v 40.093781 -74.888115 49.997612
v 40.477234 -74.211220 49.992710
v 40.592861 -74.007111 49.991077
v 40.848122 -73.500000 49.987499
v 41.108150 -72.983414 49.983669
v 41.273094 -78.133041 49.971107
v 41.482033 -77.378044 49.971107
v 42.539112 -80.350723 49.884712
v 42.855339 -79.530937 49.884712
v 41.653667 -76.613708 49.971107
v 41.787598 -75.841866 49.971107
v 41.883488 -75.064384 49.971107
v 41.941116 -74.283134 49.971107
v 44.647934 -80.172340 49.741642
v 44.952866 -79.249290 49.741642
v 43.130962 -78.696617 49.884712
v 43.365311 -77.849785 49.884712
v 43.557827 -76.992470 49.884712
v 43.708046 -76.126740 49.884712
v 43.815605 -75.254684 49.884712
v 43.880241 -74.378403 49.884712
v 41.960342 -73.500000 49.971107
v 41.572586 -71.935661 49.976822
v 41.960342 -70.930443 49.971107
v 41.985054 -70.866379 49.970009
v 42.344559 -69.778145 49.954010
v 42.901337 -67.555359 49.929234
v 42.650230 -68.673584 49.940407
v 43.901806 -73.500000 49.884712
v 43.097271 -66.426155 49.920513
v 43.237564 -65.288704 49.914272
v 43.321873 -64.145729 49.910519
v 43.349998 -63.000000 49.909267
v 45.784267 -95.328575 47.806358
v 46.831512 -94.331512 47.806358
v 47.828575 -93.284264 47.806358
v 45.899494 -93.399498 48.242641
v 46.851948 -92.399101 48.242641
v 47.754166 -91.353180 48.242641
v 48.603973 -90.264252 48.242641
v 48.773048 -92.189362 47.806358
v 49.662663 -91.049423 47.806358
v 50.495270 -89.867218 47.806358
v 51.268864 -88.645576 47.806358
v 51.981586 -87.387444 47.806358
v 49.399330 -89.134933 48.242641
v 50.138313 -87.967949 48.242641
v 50.819149 -86.766113 48.242641
v 51.440189 -85.532310 48.242641
v 51.999943 -84.269531 48.242641
v 52.497063 -82.980797 48.242641
v 45.774403 -91.422478 48.638062
v 46.629997 -90.430603 48.638062
v 47.435894 -89.397942 48.638062
v 48.190151 -88.326981 48.638062
v 48.890945 -87.220306 48.638062
v 49.536594 -86.080574 48.638062
v 50.125546 -84.910530 48.638062
v 50.656372 -83.713005 48.638062
v 51.127800 -82.490868 48.638062
v 51.538696 -81.247078 48.638062
v 52.631714 -86.095863 47.806358
v 53.217686 -84.773933 47.806358
v 53.738087 -83.424843 47.806358
v 54.191662 -82.051849 47.806358
v 54.577324 -80.658249 47.806358
v 52.930344 -81.669228 48.242641
v 45.411377 -89.430504 48.988819
v 46.169670 -88.458847 48.988819
v 46.879372 -87.451149 48.988819
v 47.538769 -86.409843 48.988819
v 48.146282 -85.337433 48.988819
v 48.700439 -84.236511 48.988819
v 45.479614 -86.515862 49.291527
v 46.094810 -85.544365 49.291527
v 46.661594 -84.543854 49.291527
v 47.178600 -83.516731 49.291527
v 47.644588 -82.465485 49.291527
v 48.058434 -81.392632 49.291527
v 49.199913 -83.109718 48.988819
v 49.643494 -81.959778 48.988819
v 50.030117 -80.789459 48.988819
v 45.096832 -83.707466 49.543278
v 45.574684 -82.758133 49.543278
v 46.005383 -81.786499 49.543278
v 46.387882 -80.794899 49.543278
v 51.888065 -79.984619 48.638062
v 52.175064 -78.706543 48.638062
v 52.399010 -77.415924 48.638062
v 54.894138 -79.247398 47.806358
v 55.141342 -77.822708 47.806358
v 55.318348 -76.387604 47.806358
v 55.424725 -74.945541 47.806358
v 53.298752 -80.337982 48.242641
v 53.601391 -78.990257 48.242641
v 53.837543 -77.629311 48.242641
v 54.006622 -76.258415 48.242641
v 54.108238 -74.880867 48.242641
v 55.460213 -73.500000 47.806358
v 54.142139 -73.500000 48.242641
v 52.559357 -76.115868 48.638062
v 52.655720 -74.809509 48.638062
v 52.687866 -73.500000 48.638062
v 48.419136 -80.300774 49.291527
v 48.725830 -79.192520 49.291527
v 50.358849 -79.601570 48.988819
v 50.628895 -78.398994 48.988819
v 50.839611 -77.184608 48.988819
v 50.990486 -75.961349 48.988819
v 51.081158 -74.732155 48.988819
v 48.977772 -78.070564 49.291527
v 49.174362 -76.937592 49.291527
v 49.315125 -75.796341 49.291527
v 49.399715 -74.649551 49.291527
v 51.111404 -73.500000 48.988819
v 49.427937 -73.500000 49.291527
v 46.721268 -79.785728 49.543278
v 47.004734 -78.761414 49.543278
v 47.237598 -77.724419 49.543278
v 47.419300 -76.677254 49.543278
v 47.549400 -75.622429 49.543278
v 47.627586 -74.562492 49.543278
v 45.212143 -78.312393 49.741642
v 45.425133 -77.363899 49.741642
v 45.591328 -76.406097 49.741642
v 45.710323 -75.441299 49.741642
v 45.781837 -74.471817 49.741642
v 47.653667 -73.500000 49.543278
v 45.805695 -73.500000 49.741642
v 44.055477 -53.593212 46.000000
v 44.501598 -53.325817 46.000000
v 44.971779 -53.103439 46.000000
v 45.461491 -52.928215 46.000000
v 45.966022 -52.801838 46.000000
v 46.480511 -52.725521 46.000000
v 47.000000 -52.700001 46.000000
v 47.519489 -52.725521 46.000000
v 48.033978 -52.801838 46.000000
v 48.538509 -52.928215 46.000000
v 49.028221 -53.103439 46.000000
v 49.498402 -53.325817 46.000000
v 49.944523 -53.593212 46.000000
v 50.000000 -53.634357 46.000000
v 26.000000 101.500000 41.000000
v 26.000000 104.150002 41.000000
v 27.373894 101.466270 41.000000
v 27.503923 104.113083 41.000000
v 28.744480 101.365173 41.000000
v 29.004225 104.002411 41.000000
v 26.000000 97.500000 44.000000
v 26.000000 101.500000 44.000000
v 26.000000 104.150002 44.000000
v 26.000000 107.500008 44.000000
v 27.177622 97.471092 44.000000
v 28.352413 97.384430 44.000000
v 29.521532 97.240234 44.000000
v 27.373894 101.466270 44.000000
v 27.503923 104.113083 44.000000
v 27.668301 107.459045 44.000000
v 28.744480 101.365173 44.000000
v 29.004225 104.002411 44.000000
v 29.332582 107.336281 44.000000
v 26.000000 107.403702 44.588104
v 27.663578 107.362854 44.588104
v 29.323143 107.240440 44.588104
v 26.000000 107.115707 45.170544
v 27.649443 107.075211 45.170544
v 29.294916 106.953835 45.170544
v 44.055477 53.593212 41.000000
v 44.501598 53.325817 41.000000
v 44.971779 53.103439 41.000000
v 45.461491 52.928215 41.000000
v 45.966022 52.801838 41.000000
v 46.480511 52.725521 41.000000
v 47.000000 52.700001 41.000000
v 47.519489 52.725521 41.000000
v 48.033978 52.801838 41.000000
v 48.538509 52.928215 41.000000
v 49.028221 53.103439 41.000000
v 49.498402 53.325817 41.000000
v 49.944523 53.593212 41.000000
v 50.000000 53.634357 44.000000
v 42.103439 55.971775 41.000000
v 41.928215 56.461491 41.000000
v 41.801838 56.966022 41.000000
v 42.593212 55.055473 41.000000
v 42.903046 54.637714 41.000000
v 42.325817 55.501598 41.000000
v 41.700001 58.000000 41.000000
v 41.725521 57.480511 41.000000
v 41.725521 58.519489 41.000000
v 41.801838 59.033978 41.000000
v 41.928215 59.538509 41.000000
v 42.103439 60.028225 41.000000
v 43.252335 54.252335 41.000000
v 43.637714 53.903046 41.000000
v 43.650002 58.000000 41.000000
v 42.325817 60.498402 41.000000
v 42.593212 60.944527 41.000000
v 42.903046 61.362286 41.000000
v 43.252335 61.747665 41.000000
v 43.637714 62.096954 41.000000
v 44.055477 62.406792 41.000000
v 44.501598 62.674183 41.000000
v 44.971779 62.896564 41.000000
v 32.803444 100.660873 41.000000
v 30.108454 101.196945 41.000000
v 30.497290 103.818260 41.000000
v 31.462528 100.961990 41.000000
v 31.979521 103.561066 41.000000
v 33.447342 103.231461 41.000000
v 34.127972 100.294327 41.000000
v 35.432915 99.863235 41.000000
v 36.715137 99.368629 41.000000
v 34.897224 102.830223 41.000000
v 36.325672 102.358322 41.000000
v 37.971542 98.811699 41.000000
v 39.199108 98.193794 41.000000
v 40.394878 97.516403 41.000000
v 40.448311 100.530884 41.000000
v 37.729248 101.816910 41.000000
v 39.104565 101.207275 41.000000
v 41.555965 96.781151 41.000000
v 42.679581 95.989807 41.000000
v 41.757248 99.789383 41.000000
v 43.028229 98.984543 41.000000
v 43.763012 95.144295 41.000000
v 44.803650 94.246628 41.000000
v 44.258183 98.118309 41.000000
v 45.325001 55.098816 41.000000
v 48.674999 55.098816 41.000000
v 45.325001 60.901184 41.000000
v 45.461491 63.071781 41.000000
v 45.966022 63.198162 41.000000
v 46.480511 63.274475 41.000000
v 47.000000 63.299999 41.000000
v 47.519489 63.274475 41.000000
v 48.674999 60.901184 41.000000
v 48.033978 63.198162 41.000000
v 48.538509 63.071781 41.000000
v 50.362286 53.903046 41.000000
v 50.349998 58.000000 41.000000
v 50.747665 54.252335 41.000000
v 51.096954 54.637714 41.000000
v 51.406788 55.055473 41.000000
v 51.674183 55.501598 41.000000
v 51.896561 55.971775 41.000000
v 52.071785 56.461491 41.000000
v 52.198162 56.966022 41.000000
v 52.274479 57.480511 41.000000
v 52.299999 58.000000 41.000000
v 52.274479 58.519489 41.000000
v 51.896561 60.028225 41.000000
v 52.198162 59.033978 41.000000
v 52.071785 59.538509 41.000000
v 49.028221 62.896564 41.000000
v 49.498402 62.674183 41.000000
v 50.362286 62.096954 41.000000
v 49.944523 62.406792 41.000000
v 50.747665 61.747665 41.000000
v 51.406788 60.944527 41.000000
v 51.096954 61.362286 41.000000
v 51.674183 60.498402 41.000000
v 54.000000 73.500000 41.000000
v 53.966270 74.873894 41.000000
v 53.865170 76.244476 41.000000
v 53.160873 80.303444 41.000000
v 53.696941 77.608452 41.000000
v 53.461987 78.962532 41.000000
v 56.061069 79.479515 41.000000
v 56.650002 73.500000 41.000000
v 56.613083 75.003922 41.000000
v 56.502415 76.504227 41.000000
v 56.318260 77.997292 41.000000
v 45.798988 93.298988 41.000000
v 46.746632 92.303650 41.000000
v 48.489811 90.179581 41.000000
v 47.644291 91.263016 41.000000
v 52.363235 82.932915 41.000000
v 51.311699 85.471542 41.000000
v 50.693794 86.699112 41.000000
v 51.868626 84.215134 41.000000
v 49.281151 89.055969 41.000000
v 50.016399 87.894875 41.000000
v 50.618309 91.758186 41.000000
v 49.692772 92.944153 41.000000
v 51.484543 90.528229 41.000000
v 52.289383 89.257248 41.000000
v 45.444153 97.192772 41.000000
v 46.583282 96.210152 41.000000
v 47.672821 95.172821 41.000000
v 48.710152 94.083282 41.000000
v 52.794331 81.627968 41.000000
v 54.316910 85.229248 41.000000
v 53.707272 86.604561 41.000000
v 54.858322 83.825676 41.000000
v 55.731457 80.947342 41.000000
v 55.330219 82.397224 41.000000
v 53.030888 87.948311 41.000000
v 43.650002 58.000000 44.500000
v 30.682167 97.038849 44.000000
v 31.831524 96.780746 44.000000
v 32.966831 96.466568 44.000000
v 32.803444 100.660873 44.000000
v 30.108454 101.196945 44.000000
v 30.497290 103.818260 44.000000
v 31.462528 100.961990 44.000000
v 30.988834 107.132004 44.000000
v 31.979521 103.561066 44.000000
v 33.447342 103.231461 44.000000
v 32.633072 106.846703 44.000000
v 34.085358 96.097061 44.000000
v 35.184402 95.673111 44.000000
v 34.127972 100.294327 44.000000
v 35.432915 99.863235 44.000000
v 36.261322 95.195740 44.000000
v 37.313522 94.666107 44.000000
v 36.715137 99.368629 44.000000
v 34.897224 102.830223 44.000000
v 34.261326 106.481064 44.000000
v 36.325672 102.358322 44.000000
v 35.869678 106.035973 44.000000
v 37.454254 105.512497 44.000000
v 39.333687 93.455269 44.000000
v 40.296783 92.776978 44.000000
v 41.225437 92.052254 44.000000
v 42.970562 90.470566 44.000000
v 42.117416 91.282829 44.000000
v 43.782825 89.617416 44.000000
v 44.552250 88.725441 44.000000
v 38.338467 94.085487 44.000000
v 37.971542 98.811699 44.000000
v 39.199108 98.193794 44.000000
v 40.394878 97.516403 44.000000
v 40.448311 100.530884 44.000000
v 37.729248 101.816910 44.000000
v 39.104565 101.207275 44.000000
v 39.011238 104.911903 44.000000
v 40.536873 104.235634 44.000000
v 41.555965 96.781151 44.000000
v 42.679581 95.989807 44.000000
v 41.757248 99.789383 44.000000
v 43.028229 98.984543 44.000000
v 43.763012 95.144295 44.000000
v 44.803650 94.246628 44.000000
v 44.258183 98.118309 44.000000
v 42.027489 103.485321 44.000000
v 43.479492 102.662773 44.000000
v 44.889389 101.769966 44.000000
v 30.974705 107.036736 44.588104
v 32.614285 106.752243 44.588104
v 34.237926 106.387642 44.588104
v 35.841724 105.943810 44.588104
v 37.421810 105.421822 44.588104
v 30.932447 106.751869 45.170544
v 32.558098 106.469788 45.170544
v 34.167950 106.108284 45.170544
v 35.758125 105.668228 45.170544
v 37.324791 105.150665 45.170544
v 38.974380 104.822929 44.588104
v 40.495697 104.148575 44.588104
v 41.982090 103.400391 44.588104
v 43.429981 102.580170 44.588104
v 44.835884 101.689888 44.588104
v 38.864174 104.556862 45.170544
v 40.372566 103.888237 45.170544
v 41.846333 103.146408 45.170544
v 43.281925 102.333153 45.170544
v 44.675884 101.450439 45.170544
v 50.362286 53.903046 44.000000
v 50.747665 54.252335 44.000000
v 51.096954 54.637714 44.000000
v 51.406788 55.055473 44.000000
v 51.674183 55.501598 44.000000
v 51.896561 55.971775 44.000000
v 52.071785 56.461491 44.000000
v 52.198162 56.966022 44.000000
v 52.274479 57.480511 44.000000
v 52.299999 58.000000 44.000000
v 52.274479 58.519489 44.000000
v 51.896561 60.028225 44.000000
v 52.198162 59.033978 44.000000
v 52.071785 59.538509 44.000000
v 50.362286 62.096954 44.000000
v 50.000000 62.365646 44.000000
v 50.747665 61.747665 44.000000
v 51.406788 60.944527 44.000000
v 51.096954 61.362286 44.000000
v 51.674183 60.498402 44.000000
v 50.000000 73.500000 44.000000
v 49.971092 74.677628 44.000000
v 49.884434 75.852409 44.000000
v 49.740234 77.021530 44.000000
v 49.538845 78.182167 44.000000
v 48.966568 80.466835 44.000000
v 49.280750 79.331528 44.000000
v 54.000000 73.500000 44.000000
v 53.966270 74.873894 44.000000
v 53.865170 76.244476 44.000000
v 53.160873 80.303444 44.000000
v 53.696941 77.608452 44.000000
v 53.461987 78.962532 44.000000
v 56.061069 79.479515 44.000000
v 56.650002 73.500000 44.000000
v 60.000000 73.500000 44.000000
v 56.613083 75.003922 44.000000
v 56.502415 76.504227 44.000000
v 56.318260 77.997292 44.000000
v 59.959045 75.168304 44.000000
v 59.836281 76.832581 44.000000
v 59.632000 78.488838 44.000000
v 59.346703 80.133072 44.000000
v 45.325001 55.098816 44.500000
v 45.586502 57.055534 44.500000
v 45.685883 56.921528 44.500000
v 45.921532 56.685883 44.500000
v 45.797920 56.797920 44.500000
v 46.055531 56.586502 44.500000
v 46.198624 56.500729 44.500000
v 46.349438 56.429409 44.500000
v 46.506516 56.373203 44.500000
v 46.668346 56.332664 44.500000
v 46.833370 56.308186 44.500000
v 45.429405 57.349442 44.500000
v 45.373203 57.506516 44.500000
v 45.332664 57.668346 44.500000
v 45.308186 57.833370 44.500000
v 45.299999 58.000000 44.500000
v 45.308186 58.166630 44.500000
v 45.332664 58.331654 44.500000
v 45.373203 58.493484 44.500000
v 45.429405 58.650558 44.500000
v 45.500732 57.198624 44.500000
v 45.500732 58.801376 44.500000
v 45.586502 58.944466 44.500000
v 45.685883 59.078472 44.500000
v 45.797920 59.202080 44.500000
v 45.921532 59.314117 44.500000
v 46.055531 59.413498 44.500000
v 46.198624 59.499271 44.500000
v 46.349438 59.570591 44.500000
v 46.506516 59.626797 44.500000
v 46.668346 59.667336 44.500000
v 46.833370 59.691814 44.500000
v 47.000000 56.299999 44.500000
v 47.166630 56.308186 44.500000
v 47.331654 56.332664 44.500000
v 47.493484 56.373203 44.500000
v 47.650562 56.429409 44.500000
v 47.801376 56.500729 44.500000
v 48.674999 55.098816 44.500000
v 47.944469 56.586502 44.500000
v 48.078468 56.685883 44.500000
v 48.202080 56.797920 44.500000
v 48.314117 56.921528 44.500000
v 48.413498 57.055534 44.500000
v 47.000000 59.700001 44.500000
v 47.166630 59.691814 44.500000
v 47.331654 59.667336 44.500000
v 47.493484 59.626797 44.500000
v 47.650562 59.570591 44.500000
v 47.801376 59.499271 44.500000
v 48.499268 57.198624 44.500000
v 48.570595 57.349442 44.500000
v 48.626797 57.506516 44.500000
v 48.667336 57.668346 44.500000
v 48.691814 57.833370 44.500000
v 48.700001 58.000000 44.500000
v 48.691814 58.166630 44.500000
v 48.667336 58.331654 44.500000
v 48.626797 58.493484 44.500000
v 48.570595 58.650558 44.500000
v 47.944469 59.413498 44.500000
v 48.202080 59.202080 44.500000
v 48.078468 59.314117 44.500000
v 48.314117 59.078472 44.500000
v 48.413498 58.944466 44.500000
v 48.499268 58.801376 44.500000
v 45.325001 60.901184 44.500000
v 48.674999 60.901184 44.500000
v 50.349998 58.000000 44.500000
v 59.903694 73.500000 44.588104
v 59.862862 75.163574 44.588104
v 59.740440 76.823143 44.588104
v 59.536743 78.474709 44.588104
v 59.252243 80.114281 44.588104
v 59.615707 73.500000 45.170544
v 59.575214 75.149445 45.170544
v 59.453838 76.794914 45.170544
v 58.969784 80.058098 45.170544
v 59.251865 78.432449 45.170544
v 45.955269 86.833687 44.000000
v 46.585487 85.838463 44.000000
v 47.695744 83.761322 44.000000
v 48.597057 81.585358 44.000000
v 48.173107 82.684402 44.000000
v 47.166111 84.813522 44.000000
v 45.276981 87.796783 44.000000
v 45.798988 93.298988 44.000000
v 46.746632 92.303650 44.000000
v 48.489811 90.179581 44.000000
v 47.644291 91.263016 44.000000
v 52.363235 82.932915 44.000000
v 51.311699 85.471542 44.000000
v 50.693794 86.699112 44.000000
v 51.868626 84.215134 44.000000
v 49.281151 89.055969 44.000000
v 50.016399 87.894875 44.000000
v 50.618309 91.758186 44.000000
v 49.692772 92.944153 44.000000
v 51.484543 90.528229 44.000000
v 52.289383 89.257248 44.000000
v 45.444153 97.192772 44.000000
v 46.583282 96.210152 44.000000
v 47.672821 95.172821 44.000000
v 48.710152 94.083282 44.000000
v 47.569370 99.782356 44.000000
v 46.253777 100.809059 44.000000
v 48.833004 98.692337 44.000000
v 50.041630 97.541634 44.000000
v 51.192337 96.333008 44.000000
v 52.282356 95.069374 44.000000
v 52.794331 81.627968 44.000000
v 54.316910 85.229248 44.000000
v 53.707272 86.604561 44.000000
v 54.858322 83.825676 44.000000
v 55.731457 80.947342 44.000000
v 55.330219 82.397224 44.000000
v 53.030888 87.948311 44.000000
v 53.309055 93.753777 44.000000
v 54.269966 92.389389 44.000000
v 55.985325 89.527489 44.000000
v 55.162769 90.979492 44.000000
v 58.012501 84.954254 44.000000
v 57.411903 86.511238 44.000000
v 58.981064 81.761330 44.000000
v 58.535973 83.369682 44.000000
v 56.735634 88.036873 44.000000
v 46.196407 100.731705 44.588104
v 47.508278 99.707909 44.588104
v 48.768330 98.620979 44.588104
v 49.973534 97.473534 44.588104
v 51.120979 96.268333 44.588104
v 52.207909 95.008278 44.588104
v 46.024853 100.500389 45.170544
v 47.325577 99.485291 45.170544
v 48.574928 98.407593 45.170544
v 49.769894 97.269890 45.170544
v 50.907597 96.074928 45.170544
v 51.985291 94.825577 45.170544
v 53.231701 93.696404 44.588104
v 54.189896 92.335884 44.588104
v 55.900391 89.482094 44.588104
v 55.080173 90.929985 44.588104
v 57.921825 84.921814 44.588104
v 57.322929 86.474380 44.588104
v 58.887642 81.737923 44.588104
v 58.443813 83.341721 44.588104
v 56.648575 87.995697 44.588104
v 53.000389 93.524849 45.170544
v 53.950439 92.175888 45.170544
v 55.646408 89.346336 45.170544
v 54.833153 90.781929 45.170544
v 57.056866 86.364174 45.170544
v 57.650669 84.824791 45.170544
v 58.608280 81.667953 45.170544
v 58.168224 83.258125 45.170544
v 56.388237 87.872566 45.170544
v 9.800000 29.799999 47.000000
v 9.858881 29.801447 47.000000
v 9.917621 29.805779 47.000000
v 9.976076 29.812988 47.000000
v 10.034108 29.823055 47.000000
v 10.091577 29.835962 47.000000
v 10.148341 29.851671 47.000000
v 10.204268 29.870148 47.000000
v 10.259220 29.891344 47.000000
v 10.371428 27.500000 47.000000
v 10.313066 29.915213 47.000000
v 10.365676 29.941692 47.000000
v 10.416924 29.970726 47.000000
v 10.466684 30.002237 47.000000
v 10.514839 30.036150 47.000000
v 10.561272 30.072388 47.000000
v 10.605871 30.110857 47.000000
v 10.648528 30.151472 47.000000
v 10.689141 30.194132 47.000000
v 9.800000 32.200001 47.000000
v 9.858881 32.198555 47.000000
v 9.917621 32.194221 47.000000
v 9.976076 32.187012 47.000000
v 10.034108 32.176941 47.000000
v 10.091577 32.164036 47.000000
v 10.148341 32.148327 47.000000
v 10.259220 32.108654 47.000000
v 10.204268 32.129852 47.000000
v 10.727612 30.238726 47.000000
v 10.763849 30.285162 47.000000
v 10.605871 31.889143 47.000000
v 10.648528 31.848528 47.000000
v 10.763849 31.714838 47.000000
v 10.689141 31.805868 47.000000
v 10.727612 31.761274 47.000000
v 10.797764 30.333315 47.000000
v 10.829274 30.383078 47.000000
v 10.858306 30.434322 47.000000
v 10.884788 30.486935 47.000000
v 10.908655 30.540777 47.000000
v 10.929852 30.595732 47.000000
v 10.948328 30.651657 47.000000
v 10.964038 30.708422 47.000000
v 10.976942 30.765892 47.000000
v 10.987012 30.823923 47.000000
v 10.994222 30.882381 47.000000
v 10.998554 30.941116 47.000000
v 11.000000 31.000000 47.000000
v 10.998554 31.058884 47.000000
v 10.994222 31.117619 47.000000
v 10.987012 31.176077 47.000000
v 10.976942 31.234108 47.000000
v 10.964038 31.291578 47.000000
v 10.948328 31.348343 47.000000
v 10.908655 31.459223 47.000000
v 10.929852 31.404268 47.000000
v 10.797764 31.666685 47.000000
v 10.884788 31.513065 47.000000
v 10.858306 31.565678 47.000000
v 10.829274 31.616922 47.000000
v 10.365676 32.058304 47.000000
v 10.313066 32.084785 47.000000
v 10.416924 32.029274 47.000000
v 10.466684 31.997763 47.000000
v 10.514839 31.963850 47.000000
v 10.561272 31.927612 47.000000
v 25.195185 26.598017 47.000000
v 25.189177 26.646730 47.000000
v 25.170031 26.742981 47.000000
v 25.156940 26.790285 47.000000
v 25.141544 26.836889 47.000000
v 25.180786 26.695091 47.000000
v 25.200001 26.500000 47.000000
v 25.198795 26.549068 47.000000
v 24.200001 27.500000 47.000000
v 24.249067 27.498793 47.000000
v 24.346731 27.489174 47.000000
v 24.298018 27.495184 47.000000
v 24.442980 27.470032 47.000000
v 24.395090 27.480783 47.000000
v 24.490284 27.456942 47.000000
v 24.536890 27.441542 47.000000
v 24.582684 27.423878 47.000000
v 24.834393 27.273010 47.000000
v 24.627556 27.403990 47.000000
v 24.671396 27.381924 47.000000
v 24.714104 27.357727 47.000000
v 24.755569 27.331472 47.000000
v 24.795700 27.303205 47.000000
v 24.940950 27.171558 47.000000
v 24.907106 27.207108 47.000000
v 24.871559 27.240950 47.000000
v 25.031469 27.055571 47.000000
v 25.057728 27.014103 47.000000
v 25.003208 27.095699 47.000000
v 24.973011 27.134394 47.000000
v 25.123880 26.882681 47.000000
v 25.103989 26.927555 47.000000
v 25.081921 26.971399 47.000000
v 9.800000 29.799999 48.599998
v 9.858881 29.801447 48.599998
v 9.917621 29.805779 48.599998
v 9.976076 29.812988 48.599998
v 10.034108 29.823055 48.599998
v 10.091577 29.835962 48.599998
v 10.148341 29.851671 48.599998
v 10.204268 29.870148 48.599998
v 10.259220 29.891344 48.599998
v 10.313066 29.915213 48.599998
v 10.365676 29.941692 48.599998
v 10.416924 29.970726 48.599998
v 10.466684 30.002237 48.599998
v 10.514839 30.036150 48.599998
v 10.561272 30.072388 48.599998
v 10.605871 30.110857 48.599998
v 10.648528 30.151472 48.599998
v 10.689141 30.194132 48.599998
v 9.800000 32.200001 48.599998
v 9.858881 32.198555 48.599998
v 9.917621 32.194221 48.599998
v 9.976076 32.187012 48.599998
v 10.034108 32.176941 48.599998
v 10.091577 32.164036 48.599998
v 10.148341 32.148327 48.599998
v 10.259220 32.108654 48.599998
v 10.204268 32.129852 48.599998
v 10.727612 30.238726 48.599998
v 10.763849 30.285162 48.599998
v 10.605871 31.889143 48.599998
v 10.648528 31.848528 48.599998
v 10.689141 31.805868 48.599998
v 10.763849 31.714838 48.599998
v 10.727612 31.761274 48.599998
v 10.797764 30.333315 48.599998
v 10.829274 30.383078 48.599998
v 10.858306 30.434322 48.599998
v 10.884788 30.486935 48.599998
v 10.908655 30.540777 48.599998
v 10.929852 30.595732 48.599998
v 10.948328 30.651657 48.599998
v 10.964038 30.708422 48.599998
v 10.976942 30.765892 48.599998
v 10.987012 30.823923 48.599998
v 10.994222 30.882381 48.599998
v 10.998554 30.941116 48.599998
v 11.000000 31.000000 48.599998
v 10.998554 31.058884 48.599998
v 10.994222 31.117619 48.599998
v 10.987012 31.176077 48.599998
v 10.976942 31.234108 48.599998
v 10.964038 31.291578 48.599998
v 10.948328 31.348343 48.599998
v 10.908655 31.459223 48.599998
v 10.929852 31.404268 48.599998
v 10.797764 31.666685 48.599998
v 10.884788 31.513065 48.599998
v 10.858306 31.565678 48.599998
v 10.829274 31.616922 48.599998
v 10.416924 32.029274 48.599998
v 10.313066 32.084785 48.599998
v 10.365676 32.058304 48.599998
v 10.466684 31.997763 48.599998
v 10.514839 31.963850 48.599998
v 10.561272 31.927612 48.599998
v 3.333333 38.349998 50.000000
v 25.195185 26.598017 48.599998
v 25.189177 26.646730 48.599998
v 25.170031 26.742981 48.599998
v 25.156940 26.790285 48.599998
v 25.141544 26.836889 48.599998
v 25.180786 26.695091 48.599998
v 25.200001 26.500000 48.599998
v 25.198795 26.549068 48.599998
v 20.000000 38.349998 48.599998
v 21.145731 38.321873 48.599998
v 22.288700 38.237564 48.599998
v 24.200001 27.500000 48.599998
v 24.249067 27.498793 48.599998
v 24.346731 27.489174 48.599998
v 24.298018 27.495184 48.599998
v 24.442980 27.470032 48.599998
v 24.395090 27.480783 48.599998
v 24.490284 27.456942 48.599998
v 24.536890 27.441542 48.599998
v 24.582684 27.423878 48.599998
v 24.834393 27.273010 48.599998
v 24.627556 27.403990 48.599998
v 24.671396 27.381924 48.599998
v 24.714104 27.357727 48.599998
v 24.755569 27.331472 48.599998
v 24.795700 27.303205 48.599998
v 24.871559 27.240950 48.599998
v 24.940950 27.171558 48.599998
v 24.907106 27.207108 48.599998
v 25.031469 27.055571 48.599998
v 25.057728 27.014103 48.599998
v 24.973011 27.134394 48.599998
v 25.003208 27.095699 48.599998
v 25.123880 26.882681 48.599998
v 25.103989 26.927555 48.599998
v 25.081921 26.971399 48.599998
v 23.426157 38.097271 48.599998
v 24.555359 37.901337 48.599998
v 25.673588 37.650230 48.599998
v 26.778147 37.344559 48.599998
v 27.866377 36.985054 48.599998
v 28.935658 36.572586 48.599998
v 29.983412 36.108150 48.599998
v 20.000000 38.349998 50.000000
v 21.145731 38.321873 50.000000
v 22.288700 38.237564 50.000000
v 23.426157 38.097271 50.000000
v 24.555359 37.901337 50.000000
v 25.673588 37.650230 50.000000
v 26.778147 37.344559 50.000000
v 27.866377 36.985054 50.000000
v 28.935658 36.572586 50.000000
v 29.983412 36.108150 50.000000
v 14.058456 69.663109 47.000000
v 14.043059 69.709717 47.000000
v 14.029969 69.757019 47.000000
v 14.019215 69.804909 47.000000
v 14.010824 69.853271 47.000000
v 14.004814 69.901985 47.000000
v 14.001204 69.950935 47.000000
v 14.000000 70.000000 47.000000
v 14.168531 69.444427 47.000000
v 14.142270 69.485901 47.000000
v 14.118078 69.528603 47.000000
v 14.076120 69.617317 47.000000
v 14.096011 69.572441 47.000000
v 14.226991 69.365608 47.000000
v 14.259048 69.328438 47.000000
v 14.196792 69.404305 47.000000
v 14.292892 69.292892 47.000000
v 14.365606 69.226990 47.000000
v 14.404301 69.196793 47.000000
v 14.328440 69.259048 47.000000
v 14.444428 69.168533 47.000000
v 14.485898 69.142273 47.000000
v 14.528604 69.118080 47.000000
v 14.617317 69.076118 47.000000
v 14.572445 69.096008 47.000000
v 14.663111 69.058456 47.000000
v 14.709715 69.043060 47.000000
v 14.757019 69.029968 47.000000
v 14.804911 69.019218 47.000000
v 14.853269 69.010826 47.000000
v 14.901984 69.004814 47.000000
v 14.950933 69.001205 47.000000
v 14.000000 82.000000 47.000000
v 14.001204 82.049065 47.000000
v 14.004814 82.098015 47.000000
v 14.010824 82.146729 47.000000
v 14.019215 82.195091 47.000000
v 14.029969 82.242981 47.000000
v 14.043059 82.290283 47.000000
v 14.058456 82.336891 47.000000
v 14.076120 82.382683 47.000000
v 14.096011 82.427559 47.000000
v 14.118078 82.471397 47.000000
v 14.142270 82.514099 47.000000
v 14.168531 82.555573 47.000000
v 14.196792 82.595695 47.000000
v 14.226991 82.634392 47.000000
v 14.259048 82.671562 47.000000
v 14.292892 82.707108 47.000000
v 14.328440 82.740952 47.000000
v 14.365606 82.773010 47.000000
v 14.404301 82.803207 47.000000
v 14.444428 82.831467 47.000000
v 14.485898 82.857727 47.000000
v 14.528604 82.881920 47.000000
v 14.572445 82.903992 47.000000
v 14.617317 82.923882 47.000000
v 14.663111 82.941544 47.000000
v 14.709715 82.956940 47.000000
v 14.757019 82.970032 47.000000
v 14.804911 82.980782 47.000000
v 14.853269 82.989174 47.000000
v 14.901984 82.995186 47.000000
v 14.950933 82.998795 47.000000
v 15.000000 69.000000 47.000000
v 23.000000 69.000000 47.000000
v 23.049068 69.001205 47.000000
v 23.098017 69.004814 47.000000
v 23.146730 69.010826 47.000000
v 23.195091 69.019218 47.000000
v 23.242981 69.029968 47.000000
v 23.290285 69.043060 47.000000
v 23.336889 69.058456 47.000000
v 23.382683 69.076118 47.000000
v 23.427555 69.096008 47.000000
v 23.471397 69.118080 47.000000
v 23.514103 69.142273 47.000000
v 23.555571 69.168533 47.000000
v 23.595699 69.196793 47.000000
v 23.634394 69.226990 47.000000
v 23.671558 69.259048 47.000000
v 23.707108 69.292892 47.000000
v 23.740952 69.328438 47.000000
v 23.773010 69.365608 47.000000
v 23.803207 69.404305 47.000000
v 23.831470 69.444427 47.000000
v 23.857729 69.485901 47.000000
v 23.881922 69.528603 47.000000
v 23.903990 69.572441 47.000000
v 23.923880 69.617317 47.000000
v 23.941544 69.663109 47.000000
v 23.956940 69.709717 47.000000
v 23.970032 69.757019 47.000000
v 23.980785 69.804909 47.000000
v 23.989176 69.853271 47.000000
v 23.995184 69.901985 47.000000
v 23.998795 69.950935 47.000000
v 24.000000 70.000000 47.000000
v 26.000000 106.638809 45.741707
v 27.626045 106.598892 45.741707
v 29.248169 106.479233 45.741707
v 26.000000 105.977592 46.296101
v 27.593599 105.938469 46.296101
v 29.183359 105.821205 46.296101
v 15.000000 83.000000 47.000000
v 23.000000 83.000000 47.000000
v 23.049068 82.998795 47.000000
v 23.098017 82.995186 47.000000
v 23.146730 82.989174 47.000000
v 23.195091 82.980782 47.000000
v 23.242981 82.970032 47.000000
v 23.290285 82.956940 47.000000
v 23.382683 82.923882 47.000000
v 23.427555 82.903992 47.000000
v 23.336889 82.941544 47.000000
v 24.000000 82.000000 47.000000
v 23.998795 82.049065 47.000000
v 23.989176 82.146729 47.000000
v 23.980785 82.195091 47.000000
v 23.956940 82.290283 47.000000
v 23.970032 82.242981 47.000000
v 23.995184 82.098015 47.000000
v 23.471397 82.881920 47.000000
v 23.514103 82.857727 47.000000
v 23.555571 82.831467 47.000000
v 23.634394 82.773010 47.000000
v 23.595699 82.803207 47.000000
v 23.671558 82.740952 47.000000
v 23.740952 82.671562 47.000000
v 23.707108 82.707108 47.000000
v 23.773010 82.634392 47.000000
v 23.857729 82.514099 47.000000
v 23.881922 82.471397 47.000000
v 23.903990 82.427559 47.000000
v 23.831470 82.555573 47.000000
v 23.803207 82.595695 47.000000
v 23.941544 82.336891 47.000000
v 23.923880 82.382683 47.000000
v 26.000000 97.500000 47.000000
v 26.000000 105.138428 46.828381
v 27.177622 97.471092 47.000000
v 28.352413 97.384430 47.000000
v 29.521532 97.240234 47.000000
v 27.552422 105.100319 46.828381
v 29.101107 104.986076 46.828381
v 26.000000 104.129395 47.333420
v 27.502913 104.092499 47.333420
v 29.002205 103.981903 47.333420
v 14.058456 69.663109 48.599998
v 14.043059 69.709717 48.599998
v 14.029969 69.757019 48.599998
v 14.019215 69.804909 48.599998
v 14.010824 69.853271 48.599998
v 14.004814 69.901985 48.599998
v 14.001204 69.950935 48.599998
v 14.000000 70.000000 48.599998
v 14.142270 69.485901 48.599998
v 14.168531 69.444427 48.599998
v 14.118078 69.528603 48.599998
v 14.096011 69.572441 48.599998
v 14.076120 69.617317 48.599998
v 14.196792 69.404305 48.599998
v 14.226991 69.365608 48.599998
v 14.259048 69.328438 48.599998
v 14.292892 69.292892 48.599998
v 14.365606 69.226990 48.599998
v 14.404301 69.196793 48.599998
v 14.328440 69.259048 48.599998
v 14.444428 69.168533 48.599998
v 14.485898 69.142273 48.599998
v 14.528604 69.118080 48.599998
v 14.617317 69.076118 48.599998
v 14.572445 69.096008 48.599998
v 14.663111 69.058456 48.599998
v 14.709715 69.043060 48.599998
v 14.757019 69.029968 48.599998
v 14.804911 69.019218 48.599998
v 14.853269 69.010826 48.599998
v 14.901984 69.004814 48.599998
v 14.950933 69.001205 48.599998
v 14.000000 82.000000 48.599998
v 14.001204 82.049065 48.599998
v 14.004814 82.098015 48.599998
v 14.010824 82.146729 48.599998
v 14.019215 82.195091 48.599998
v 14.029969 82.242981 48.599998
v 14.043059 82.290283 48.599998
v 14.058456 82.336891 48.599998
v 14.076120 82.382683 48.599998
v 14.096011 82.427559 48.599998
v 14.118078 82.471397 48.599998
v 14.142270 82.514099 48.599998
v 14.168531 82.555573 48.599998
v 14.196792 82.595695 48.599998
v 14.226991 82.634392 48.599998
v 14.259048 82.671562 48.599998
v 14.292892 82.707108 48.599998
v 14.328440 82.740952 48.599998
v 14.365606 82.773010 48.599998
v 14.404301 82.803207 48.599998
v 14.444428 82.831467 48.599998
v 14.485898 82.857727 48.599998
v 14.528604 82.881920 48.599998
v 14.572445 82.903992 48.599998
v 14.617317 82.923882 48.599998
v 14.663111 82.941544 48.599998
v 14.709715 82.956940 48.599998
v 14.757019 82.970032 48.599998
v 14.804911 82.980782 48.599998
v 14.853269 82.989174 48.599998
v 14.901984 82.995186 48.599998
v 14.950933 82.998795 48.599998
v 15.000000 69.000000 48.599998
v 24.000000 63.650002 48.599998
v 24.605986 63.664875 48.599998
v 25.210512 63.709473 48.599998
v 25.812120 63.783669 48.599998
v 26.409365 63.887302 48.599998
v 27.000807 64.020111 48.599998
v 27.585018 64.181786 48.599998
v 28.160589 64.371933 48.599998
v 28.726141 64.590088 48.599998
v 29.280308 64.835732 48.599998
v 29.821751 65.108269 48.599998
v 23.000000 69.000000 48.599998
v 23.049068 69.001205 48.599998
v 23.098017 69.004814 48.599998
v 23.146730 69.010826 48.599998
v 23.195091 69.019218 48.599998
v 23.242981 69.029968 48.599998
v 23.290285 69.043060 48.599998
v 23.336889 69.058456 48.599998
v 23.382683 69.076118 48.599998
v 23.427555 69.096008 48.599998
v 23.471397 69.118080 48.599998
v 23.514103 69.142273 48.599998
v 23.555571 69.168533 48.599998
v 23.595699 69.196793 48.599998
v 23.634394 69.226990 48.599998
v 23.671558 69.259048 48.599998
v 23.707108 69.292892 48.599998
v 23.740952 69.328438 48.599998
v 23.773010 69.365608 48.599998
v 23.803207 69.404305 48.599998
v 23.831470 69.444427 48.599998
v 23.857729 69.485901 48.599998
v 23.881922 69.528603 48.599998
v 23.903990 69.572441 48.599998
v 23.923880 69.617317 48.599998
v 23.941544 69.663109 48.599998
v 23.956940 69.709717 48.599998
v 23.970032 69.757019 48.599998
v 23.980785 69.804909 48.599998
v 23.989176 69.853271 48.599998
v 23.995184 69.901985 48.599998
v 23.998795 69.950935 48.599998
v 24.000000 70.000000 48.599998
v 24.000000 63.650002 50.000000
v 24.605986 63.664875 50.000000
v 25.210512 63.709473 50.000000
v 25.812120 63.783669 50.000000
v 26.409365 63.887302 50.000000
v 27.000807 64.020111 50.000000
v 27.585018 64.181786 50.000000
v 28.160589 64.371933 50.000000
v 28.726141 64.590088 50.000000
v 29.280308 64.835732 50.000000
v 29.821751 65.108269 50.000000
v 15.000000 83.000000 48.599998
v 23.000000 83.000000 48.599998
v 23.049068 82.998795 48.599998
v 23.098017 82.995186 48.599998
v 23.146730 82.989174 48.599998
v 23.195091 82.980782 48.599998
v 23.242981 82.970032 48.599998
v 23.290285 82.956940 48.599998
v 23.382683 82.923882 48.599998
v 23.427555 82.903992 48.599998
v 23.336889 82.941544 48.599998
v 24.000000 82.000000 48.599998
v 23.998795 82.049065 48.599998
v 23.989176 82.146729 48.599998
v 23.980785 82.195091 48.599998
v 23.956940 82.290283 48.599998
v 23.970032 82.242981 48.599998
v 23.995184 82.098015 48.599998
v 23.471397 82.881920 48.599998
v 23.514103 82.857727 48.599998
v 23.555571 82.831467 48.599998
v 23.595699 82.803207 48.599998
v 23.634394 82.773010 48.599998
v 23.671558 82.740952 48.599998
v 23.740952 82.671562 48.599998
v 23.707108 82.707108 48.599998
v 23.773010 82.634392 48.599998
v 23.857729 82.514099 48.599998
v 23.881922 82.471397 48.599998
v 23.903990 82.427559 48.599998
v 23.831470 82.555573 48.599998
v 23.803207 82.595695 48.599998
v 23.941544 82.336891 48.599998
v 23.923880 82.382683 48.599998
v 24.000000 88.349998 48.599998
v 24.605986 88.335121 48.599998
v 25.210512 88.290535 48.599998
v 25.812120 88.216331 48.599998
v 29.280308 87.164268 48.599998
v 29.821751 86.891731 48.599998
v 26.409365 88.112701 48.599998
v 27.000807 87.979889 48.599998
v 27.585018 87.818214 48.599998
v 28.160589 87.628067 48.599998
v 28.726141 87.409912 48.599998
v 26.000000 102.960213 47.806358
v 26.000000 101.642136 48.242641
v 27.445543 102.924721 47.806358
v 28.887606 102.818352 47.806358
v 27.380871 101.608238 48.242641
v 28.758413 101.506622 48.242641
v 26.000000 100.187866 48.638062
v 27.309511 100.155716 48.638062
v 28.615870 100.059357 48.638062
v 29.915924 99.899010 48.638062
v 24.000000 88.349998 49.987473
v 24.605986 88.335121 49.987690
v 25.210512 88.290535 49.988350
v 25.812120 88.216331 49.989441
v 26.000000 88.183731 49.989922
v 26.000000 89.460342 49.971107
v 26.000000 93.305695 49.741642
v 26.000000 91.401810 49.884712
v 29.280308 87.164268 49.999187
v 29.406775 87.100609 49.999695
v 29.501959 87.052696 50.000000
v 29.821751 86.891731 50.000000
v 26.409365 88.112701 49.990822
v 26.714508 88.044174 49.991722
v 27.000807 87.979889 49.992355
v 26.783136 89.441116 49.971107
v 27.414858 87.865303 49.993591
v 27.585018 87.818214 49.993973
v 28.098732 87.648506 49.995529
v 27.564386 89.383492 49.971107
v 26.971817 93.281837 49.741642
v 27.941296 93.210327 49.741642
v 26.878401 91.380241 49.884712
v 27.754684 91.315605 49.884712
v 28.160589 87.628067 49.995670
v 28.763556 87.393326 49.997562
v 28.726141 87.409912 49.997414
v 28.341869 89.287598 49.971107
v 29.878044 88.982033 49.971107
v 29.113708 89.153671 49.971107
v 28.906099 93.091324 49.741642
v 29.863901 92.925133 49.741642
v 28.626743 91.208046 49.884712
v 29.492470 91.057831 49.884712
v 26.000000 98.611404 48.988819
v 26.000000 96.927933 49.291527
v 27.232161 98.581154 48.988819
v 28.461348 98.490486 48.988819
v 29.684608 98.339615 48.988819
v 27.149555 96.899712 49.291527
v 28.296339 96.815125 49.291527
v 29.437590 96.674362 49.291527
v 26.000000 95.153671 49.543278
v 27.062492 95.127586 49.543278
v 28.122433 95.049400 49.543278
v 29.177254 94.919304 49.543278
v 44.055477 53.593212 46.000000
v 44.501598 53.325817 46.000000
v 44.971779 53.103439 46.000000
v 45.461491 52.928215 46.000000
v 45.966022 52.801838 46.000000
v 46.480511 52.725521 46.000000
v 47.000000 52.700001 46.000000
v 47.519489 52.725521 46.000000
v 48.033978 52.801838 46.000000
v 48.538509 52.928215 46.000000
v 49.028221 53.103439 46.000000
v 49.498402 53.325817 46.000000
v 49.944523 53.593212 46.000000
v 50.000000 53.634357 46.000000
v 41.108150 24.983412 48.599998
v 40.592861 26.007114 48.599998
v 43.097271 18.426157 48.599998
v 42.901337 19.555359 48.599998
v 43.349998 15.000000 48.599998
v 43.321873 16.145731 48.599998
v 43.237564 17.288700 48.599998
v 41.985054 22.866379 48.599998
v 42.650230 20.673588 48.599998
v 42.344559 21.778147 48.599998
v 41.572586 23.935658 48.599998
v 41.108150 24.983412 49.983669
v 40.592861 26.007114 49.991261
v 43.097271 18.426157 49.920513
v 42.901337 19.555359 49.929234
v 43.349998 15.000000 49.909267
v 43.321873 16.145731 49.910519
v 43.237564 17.288700 49.914272
v 41.985054 22.866379 49.970009
v 41.960342 22.930441 49.971107
v 42.650230 20.673588 49.940407
v 42.344559 21.778147 49.954010
v 41.572586 23.935658 49.976822
v 31.007114 35.592861 48.599998
v 32.004299 35.027962 48.599998
v 32.972565 34.414814 48.599998
v 34.813084 33.049793 48.599998
v 36.510944 31.510944 48.599998
v 35.680901 32.301208 48.599998
v 37.301208 30.680902 48.599998
v 33.909580 33.754894 48.599998
v 38.049793 29.813086 48.599998
v 38.754894 28.909578 48.599998
v 39.414814 27.972563 48.599998
v 40.027962 27.004297 48.599998
v 31.007114 35.592861 50.000000
v 32.004299 35.027962 50.000000
v 32.972565 34.414814 50.000000
v 34.813084 33.049793 50.000000
v 36.510944 31.510944 50.000000
v 35.680901 32.301208 50.000000
v 37.301208 30.680902 50.000000
v 33.909580 33.754894 50.000000
v 38.049793 29.813086 50.000000
v 38.754894 28.909578 50.000000
v 39.414814 27.972563 50.000000
v 40.000000 27.048458 50.000000
v 40.027962 27.004297 49.999588
v 42.103439 55.971775 46.000000
v 41.928215 56.461491 46.000000
v 41.801838 56.966022 46.000000
v 42.593212 55.055473 46.000000
v 42.903046 54.637714 46.000000
v 42.325817 55.501598 46.000000
v 41.700001 58.000000 46.000000
v 41.725521 57.480511 46.000000
v 41.725521 58.519489 46.000000
v 41.801838 59.033978 46.000000
v 41.928215 59.538509 46.000000
v 42.103439 60.028225 46.000000
v 43.252335 54.252335 46.000000
v 43.637714 53.903046 46.000000
v 42.325817 60.498402 46.000000
v 42.593212 60.944527 46.000000
v 42.903046 61.362286 46.000000
v 43.252335 61.747665 46.000000
v 43.637714 62.096954 46.000000
v 44.055477 62.406792 46.000000
v 44.501598 62.674183 46.000000
v 44.971779 62.896564 46.000000
v 30.862474 106.280128 45.741707
v 32.465061 106.002052 45.741707
v 34.052074 105.645676 45.741707
v 35.619686 105.211861 45.741707
v 37.164127 104.701645 45.741707
v 30.765453 105.626068 46.296101
v 32.336063 105.353546 46.296101
v 33.891411 105.004280 46.296101
v 35.427746 104.579117 46.296101
v 36.941372 104.079086 46.296101
v 38.681671 104.116264 45.741707
v 40.168667 103.457123 45.741707
v 41.621525 102.725815 45.741707
v 43.036751 101.924103 45.741707
v 44.410934 101.053909 45.741707
v 38.428635 103.505379 46.296101
v 39.885960 102.859398 46.296101
v 44.043583 100.504128 46.296101
v 41.309830 102.142677 46.296101
v 42.696819 101.356956 46.296101
v 30.682167 97.038849 47.000000
v 31.831524 96.780746 47.000000
v 32.966831 96.466568 47.000000
v 30.642321 104.795990 46.828381
v 32.172352 104.530502 46.828381
v 33.687511 104.190262 46.828381
v 34.085358 96.097061 47.000000
v 35.184402 95.673111 47.000000
v 36.261322 95.195740 47.000000
v 37.313522 94.666107 47.000000
v 35.184151 103.776085 46.828381
v 36.658665 103.288971 46.828381
v 30.494267 103.797874 47.333420
v 31.975498 103.540855 47.333420
v 33.442337 103.211472 47.333420
v 34.891243 102.810501 47.333420
v 36.318733 102.338921 47.333420
v 39.333687 93.455269 47.000000
v 40.296783 92.776978 47.000000
v 41.225437 92.052254 47.000000
v 42.970562 90.470566 47.000000
v 42.117416 91.282829 47.000000
v 43.782825 89.617416 47.000000
v 44.552250 88.725441 47.000000
v 38.338467 94.085487 47.000000
v 38.107502 102.730095 46.828381
v 39.527168 102.100800 46.828381
v 40.914249 101.402603 46.828381
v 42.265400 100.637184 46.828381
v 43.577366 99.806389 46.828381
v 44.846989 98.912224 46.828381
v 40.438595 100.512711 47.333420
v 37.721359 101.797867 47.333420
v 39.095753 101.188644 47.333420
v 41.746655 99.771706 47.333420
v 43.016777 98.967407 47.333420
v 44.245907 98.101761 47.333420
v 45.586502 57.055534 46.000000
v 45.685883 56.921528 46.000000
v 45.921532 56.685883 46.000000
v 45.797920 56.797920 46.000000
v 46.055531 56.586502 46.000000
v 46.198624 56.500729 46.000000
v 46.349438 56.429409 46.000000
v 46.506516 56.373203 46.000000
v 46.668346 56.332664 46.000000
v 46.833370 56.308186 46.000000
v 45.429405 57.349442 46.000000
v 45.373203 57.506516 46.000000
v 45.332664 57.668346 46.000000
v 45.308186 57.833370 46.000000
v 45.299999 58.000000 46.000000
v 45.308186 58.166630 46.000000
v 45.332664 58.331654 46.000000
v 45.373203 58.493484 46.000000
v 45.429405 58.650558 46.000000
v 45.500732 57.198624 46.000000
v 45.500732 58.801376 46.000000
v 45.586502 58.944466 46.000000
v 45.685883 59.078472 46.000000
v 45.797920 59.202080 46.000000
v 45.921532 59.314117 46.000000
v 46.055531 59.413498 46.000000
v 46.198624 59.499271 46.000000
v 46.349438 59.570591 46.000000
v 46.506516 59.626797 46.000000
v 46.668346 59.667336 46.000000
v 46.833370 59.691814 46.000000
v 47.000000 56.299999 46.000000
v 47.166630 56.308186 46.000000
v 47.331654 56.332664 46.000000
v 47.493484 56.373203 46.000000
v 47.650562 56.429409 46.000000
v 47.801376 56.500729 46.000000
v 47.944469 56.586502 46.000000
v 48.078468 56.685883 46.000000
v 48.202080 56.797920 46.000000
v 48.314117 56.921528 46.000000
v 48.413498 57.055534 46.000000
v 47.000000 59.700001 46.000000
v 47.166630 59.691814 46.000000
v 47.331654 59.667336 46.000000
v 47.493484 59.626797 46.000000
v 47.650562 59.570591 46.000000
v 47.801376 59.499271 46.000000
v 48.499268 57.198624 46.000000
v 48.570595 57.349442 46.000000
v 48.626797 57.506516 46.000000
v 48.667336 57.668346 46.000000
v 48.691814 57.833370 46.000000
v 48.700001 58.000000 46.000000
v 48.691814 58.166630 46.000000
v 48.667336 58.331654 46.000000
v 48.626797 58.493484 46.000000
v 48.570595 58.650558 46.000000
v 47.944469 59.413498 46.000000
v 48.202080 59.202080 46.000000
v 48.078468 59.314117 46.000000
v 48.314117 59.078472 46.000000
v 48.413498 58.944466 46.000000
v 48.499268 58.801376 46.000000
v 45.461491 63.071781 46.000000
v 45.966022 63.198162 46.000000
v 46.480511 63.274475 46.000000
v 47.000000 63.299999 46.000000
v 47.519489 63.274475 46.000000
v 48.033978 63.198162 46.000000
v 48.538509 63.071781 46.000000
v 49.028221 62.896564 46.000000
v 49.498402 62.674183 46.000000
v 49.944523 62.406792 46.000000
v 50.000000 62.365646 46.000000
v 59.138802 73.500000 45.741707
v 58.979233 76.748169 45.741707
v 59.098885 75.126045 45.741707
v 58.780128 78.362473 45.741707
v 58.502056 79.965057 45.741707
v 58.477592 73.500000 46.296101
v 57.853542 79.836067 46.296101
v 58.438469 75.093597 46.296101
v 58.321201 76.683357 46.296101
v 58.126068 78.265450 46.296101
v 50.000000 73.500000 47.000000
v 49.971092 74.677628 47.000000
v 49.884434 75.852409 47.000000
v 49.740234 77.021530 47.000000
v 49.538845 78.182167 47.000000
v 48.966568 80.466835 47.000000
v 49.280750 79.331528 47.000000
v 57.638424 73.500000 46.828381
v 57.600315 75.052422 46.828381
v 57.486073 76.601105 46.828381
v 57.030502 79.672348 46.828381
v 57.295986 78.142319 46.828381
v 56.040859 79.475494 47.333420
v 56.629387 73.500000 47.333420
v 56.592499 75.002914 47.333420
v 56.481899 76.502205 47.333420
v 56.297874 77.994263 47.333420
v 52.086246 92.846878 46.296101
v 45.740765 100.117340 45.741707
v 47.023037 99.116646 45.741707
v 48.254662 98.054237 45.741707
v 49.432674 96.932678 45.741707
v 50.554237 95.754662 45.741707
v 51.616646 94.523033 45.741707
v 45.346878 99.586243 46.296101
v 46.603565 98.605515 46.296101
v 47.810616 97.564308 46.296101
v 48.965126 96.465126 46.296101
v 50.064308 95.310616 46.296101
v 51.105518 94.103569 46.296101
v 52.617340 93.240761 45.741707
v 53.553909 91.910934 45.741707
v 54.424103 90.536751 45.741707
v 55.225819 89.121529 45.741707
v 55.957127 87.668663 45.741707
v 57.711861 83.119690 45.741707
v 56.616261 86.181671 45.741707
v 57.201645 84.664131 45.741707
v 58.145676 81.552071 45.741707
v 56.005383 85.928635 46.296101
v 53.856960 90.196815 46.296101
v 53.004131 91.543579 46.296101
v 54.642673 88.809830 46.296101
v 55.359390 87.385956 46.296101
v 57.079117 82.927750 46.296101
v 57.504276 81.391411 46.296101
v 56.579086 84.441368 46.296101
v 45.955269 86.833687 47.000000
v 46.585487 85.838463 47.000000
v 47.695744 83.761322 47.000000
v 48.597057 81.585358 47.000000
v 48.173107 82.684402 47.000000
v 47.166111 84.813522 47.000000
v 45.276981 87.796783 47.000000
v 50.456833 93.571205 46.828381
v 51.412220 92.346985 46.828381
v 52.306389 91.077370 46.828381
v 49.676842 92.931084 47.333420
v 50.601757 91.745911 47.333420
v 51.467407 90.516777 47.333420
v 52.271706 89.246658 47.333420
v 46.071205 97.956833 46.828381
v 47.247066 96.942528 46.828381
v 48.371746 95.871742 46.828381
v 49.442528 94.747070 46.828381
v 45.431080 97.176842 47.333420
v 46.569443 96.194885 47.333420
v 47.658253 95.158249 47.333420
v 48.694881 94.069443 47.333420
v 55.230091 85.607498 46.828381
v 54.600800 87.027168 46.828381
v 55.788971 84.158661 46.828381
v 53.137184 89.765404 46.828381
v 53.902599 88.414253 46.828381
v 56.690258 81.187508 46.828381
v 56.276085 82.684151 46.828381
v 54.297871 85.221359 47.333420
v 53.688648 86.595749 47.333420
v 54.838917 83.818733 47.333420
v 55.310501 82.391243 47.333420
v 55.711468 80.942337 47.333420
v 53.012711 87.938599 47.333420
v 30.349169 65.407051 48.599998
v 30.861292 65.731354 48.599998
v 31.356886 66.080383 48.599998
v 31.834759 66.453323 48.599998
v 32.293755 66.849251 48.599998
v 32.732769 67.267235 48.599998
v 33.150745 67.706245 48.599998
v 33.546680 68.165245 48.599998
v 33.919613 68.643112 48.599998
v 34.268650 69.138710 48.599998
v 34.592949 69.650833 48.599998
v 34.891727 70.178253 48.599998
v 35.164268 70.719696 48.599998
v 35.409912 71.273857 48.599998
v 35.628071 71.839409 48.599998
v 35.818214 72.414986 48.599998
v 35.979885 72.999191 48.599998
v 36.112698 73.590637 48.599998
v 36.216331 74.187881 48.599998
v 36.290531 74.789490 48.599998
v 36.335125 75.394012 48.599998
v 36.349998 76.000000 48.599998
v 36.290531 77.210510 48.599998
v 36.335125 76.605988 48.599998
v 36.216331 77.812119 48.599998
v 36.112698 78.409363 48.599998
v 35.818214 79.585014 48.599998
v 35.979885 79.000809 48.599998
v 35.628071 80.160591 48.599998
v 30.349169 65.407051 50.000000
v 30.861292 65.731354 50.000000
v 31.356886 66.080383 50.000000
v 31.834759 66.453323 50.000000
v 32.293755 66.849251 50.000000
v 32.732769 67.267235 50.000000
v 33.150745 67.706245 50.000000
v 33.546680 68.165245 50.000000
v 33.919613 68.643112 50.000000
v 34.268650 69.138710 50.000000
v 34.592949 69.650833 50.000000
v 34.891727 70.178253 50.000000
v 35.164268 70.719696 50.000000
v 35.409912 71.273857 50.000000
v 35.628071 71.839409 50.000000
v 35.818214 72.414986 50.000000
v 35.979885 72.999191 50.000000
v 36.112698 73.590637 50.000000
v 36.216331 74.187881 50.000000
v 36.290531 74.789490 50.000000
v 36.335125 75.394012 50.000000
v 36.349998 76.000000 50.000000
v 36.290531 77.210510 50.000000
v 36.335125 76.605988 50.000000
v 36.216331 77.812119 50.000000
v 36.112698 78.409363 50.000000
v 35.818214 79.585014 50.000000
v 35.979885 79.000809 50.000000
v 35.628071 80.160591 50.000000
v 40.000000 73.500000 50.000000
v 38.346897 80.099556 50.000000
v 38.934315 78.857567 50.000000
v 39.181618 78.216461 50.000000
v 38.655849 79.485771 50.000000
v 39.983135 74.186951 50.000000
v 39.932587 74.872238 50.000000
v 39.848473 75.554230 50.000000
v 39.730995 76.231262 50.000000
v 39.580437 76.901726 50.000000
v 39.397163 77.563988 50.000000
v 41.027367 78.876877 49.971107
v 40.745434 79.607758 49.971107
v 40.427979 80.323929 49.971107
v 41.960342 73.500000 49.971107
v 43.901806 73.500000 49.884712
v 41.941116 74.283134 49.971107
v 41.883488 75.064384 49.971107
v 41.653667 76.613708 49.971107
v 41.787598 75.841866 49.971107
v 41.482033 77.378044 49.971107
v 41.273094 78.133041 49.971107
v 42.539112 80.350723 49.884712
v 42.855339 79.530937 49.884712
v 43.880241 74.378403 49.884712
v 43.815605 75.254684 49.884712
v 43.557827 76.992470 49.884712
v 43.708046 76.126740 49.884712
v 44.952866 79.249290 49.741642
v 44.647934 80.172340 49.741642
v 43.365311 77.849785 49.884712
v 43.130962 78.696617 49.884712
v 30.349169 86.592949 48.599998
v 30.861292 86.268646 48.599998
v 31.834759 85.546677 48.599998
v 31.356886 85.919617 48.599998
v 33.546680 83.834755 48.599998
v 32.293755 85.150749 48.599998
v 32.732769 84.732765 48.599998
v 33.150745 84.293755 48.599998
v 33.919613 83.356888 48.599998
v 34.268650 82.861290 48.599998
v 34.592949 82.349167 48.599998
v 34.891727 81.821747 48.599998
v 35.164268 81.280304 48.599998
v 35.409912 80.726143 48.599998
v 30.322710 102.641350 47.806358
v 31.747402 102.394142 47.806358
v 33.158245 102.077324 47.806358
v 30.129309 101.337540 48.242641
v 31.490259 101.101395 48.242641
v 32.837982 100.798752 48.242641
v 37.273933 100.717682 47.806358
v 34.169231 100.430344 48.242641
v 35.480801 99.997063 48.242641
v 36.769527 99.499947 48.242641
v 34.551846 101.691666 47.806358
v 35.924847 101.238083 47.806358
v 31.206545 99.675064 48.638062
v 32.484623 99.388062 48.638062
v 33.747078 99.038696 48.638062
v 34.990871 98.627800 48.638062
v 36.213005 98.156372 48.638062
v 37.410534 97.625542 48.638062
v 43.922474 93.274406 48.638062
v 44.871170 92.371170 48.638062
v 38.595863 100.131714 47.806358
v 39.887447 99.481583 47.806358
v 41.145573 98.768867 47.806358
v 38.032314 98.940186 48.242641
v 39.266109 98.319145 48.242641
v 40.467949 97.638313 48.242641
v 42.367214 97.995270 47.806358
v 43.549427 97.162659 47.806358
v 44.689358 96.273048 47.806358
v 41.634933 96.899330 48.242641
v 42.764252 96.103973 48.242641
v 43.853184 95.254166 48.242641
v 44.899105 94.351944 48.242641
v 38.580574 97.036598 48.638062
v 39.720306 96.390945 48.638062
v 40.826984 95.690147 48.638062
v 41.897942 94.935898 48.638062
v 42.930603 94.129997 48.638062
v 30.063988 86.897163 50.000000
v 30.349169 86.592949 50.000000
v 30.861292 86.268646 50.000000
v 30.716457 86.681618 50.000000
v 31.834759 85.546677 50.000000
v 31.356886 85.919617 50.000000
v 31.357569 86.434311 50.000000
v 33.546680 83.834755 50.000000
v 32.293755 85.150749 50.000000
v 32.732769 84.732765 50.000000
v 31.985769 86.155853 50.000000
v 32.599556 85.846901 50.000000
v 33.150745 84.293755 50.000000
v 33.197437 85.508202 50.000000
v 33.294903 93.887886 49.543278
v 30.633043 88.773094 49.971107
v 31.376877 88.527367 49.971107
v 31.196621 90.630959 49.884712
v 30.812391 92.712143 49.741642
v 31.749290 92.452866 49.741642
v 30.349785 90.865311 49.884712
v 32.107758 88.245438 49.971107
v 32.030937 90.355339 49.884712
v 32.823925 87.927979 49.971107
v 33.523655 87.575768 49.971107
v 32.850723 90.039116 49.884712
v 33.654007 89.683044 49.884712
v 32.672337 92.147934 49.741642
v 33.579311 91.798073 49.741642
v 33.919613 83.356888 50.000000
v 34.268650 82.861290 50.000000
v 34.592949 82.349167 50.000000
v 34.891727 81.821747 50.000000
v 35.164268 81.280304 50.000000
v 35.409912 80.726143 50.000000
v 35.401825 83.873314 50.000000
v 33.777985 85.140572 50.000000
v 34.339790 84.744904 50.000000
v 34.205257 87.189644 49.971107
v 34.881508 84.322144 50.000000
v 34.867092 86.770538 49.971107
v 35.507565 86.319466 49.971107
v 35.899494 83.399498 50.000000
v 36.373314 82.901825 50.000000
v 37.244904 81.839790 50.000000
v 36.822147 82.381508 50.000000
v 36.125134 85.837509 49.971107
v 36.718311 85.325836 49.971107
v 37.285667 84.785667 49.971107
v 37.356785 87.338280 49.884712
v 34.286499 93.505379 49.543278
v 35.258137 93.074684 49.543278
v 36.207470 92.596832 49.543278
v 37.132210 92.072968 49.543278
v 34.438854 89.287987 49.884712
v 35.203369 88.854889 49.884712
v 34.468025 91.404137 49.741642
v 35.336338 90.967064 49.741642
v 36.182163 90.487907 49.741642
v 37.003452 89.967834 49.741642
v 35.945709 88.384811 49.884712
v 36.664093 87.878868 49.884712
v 30.898993 98.128899 48.988819
v 32.101574 97.858849 48.988819
v 33.289455 97.530113 48.988819
v 30.570562 96.477776 49.291527
v 31.692524 96.225830 49.291527
v 32.800770 95.919136 49.291527
v 34.459778 97.143494 48.988819
v 35.609718 96.699913 48.988819
v 36.736507 96.200439 48.988819
v 33.892635 95.558434 49.291527
v 34.965481 95.144592 49.291527
v 36.016731 94.678604 49.291527
v 37.043854 94.161591 49.291527
v 30.224419 94.737602 49.543278
v 31.261412 94.504738 49.543278
v 32.285728 94.221268 49.543278
v 40.958847 93.669670 48.988819
v 38.044365 93.594810 49.291527
v 39.015862 92.979614 49.291527
v 39.956005 92.317497 49.291527
v 40.862526 91.610039 49.291527
v 41.930508 92.911377 48.988819
v 42.863789 92.106323 48.988819
v 44.606323 90.363792 48.988819
v 43.756443 91.256447 48.988819
v 42.566051 90.066055 49.291527
v 41.733238 90.858955 49.291527
v 43.358955 89.233238 49.291527
v 44.110039 88.362526 49.291527
v 44.817493 87.456001 49.291527
v 37.640575 81.277985 50.000000
v 38.008202 80.697441 50.000000
v 38.337513 83.625137 49.971107
v 38.819469 83.007568 49.971107
v 39.270538 82.367088 49.971107
v 37.825832 84.218307 49.971107
v 38.022118 86.764366 49.884712
v 39.264362 85.522118 49.884712
v 38.658489 86.158485 49.884712
v 39.689644 81.705254 49.971107
v 40.075768 81.023651 49.971107
v 40.884808 83.445709 49.884712
v 40.675053 86.800690 49.741642
v 39.838284 84.856789 49.884712
v 40.378864 84.164093 49.884712
v 38.030132 91.504364 49.543278
v 38.899075 90.892387 49.543278
v 39.736942 90.238510 49.543278
v 40.541714 89.544312 49.543278
v 37.798237 89.408081 49.741642
v 38.564598 88.810005 49.741642
v 39.300690 88.175049 49.741642
v 40.004742 87.504738 49.741642
v 42.738514 87.236938 49.543278
v 44.004368 85.530136 49.543278
v 43.392391 86.399078 49.543278
v 44.572971 84.632210 49.543278
v 42.987911 83.682159 49.741642
v 42.183041 81.154007 49.884712
v 41.787983 81.938850 49.884712
v 41.354893 82.703369 49.884712
v 41.908081 85.298241 49.741642
v 41.310009 86.064598 49.741642
v 42.467831 84.503456 49.741642
v 43.904137 81.968025 49.741642
v 43.467064 82.836342 49.741642
v 44.298077 81.079308 49.741642
v 41.311455 88.811455 49.543278
v 42.044312 88.041718 49.543278
v 37.837433 95.646278 48.988819
v 38.909843 95.038773 48.988819
v 39.951149 94.379372 48.988819
v 52.399010 77.415924 48.638062
v 52.175064 78.706543 48.638062
v 51.888065 79.984619 48.638062
v 55.460213 73.500000 47.806358
v 54.142139 73.500000 48.242641
v 55.424725 74.945541 47.806358
v 55.318348 76.387604 47.806358
v 55.141342 77.822708 47.806358
v 54.894138 79.247398 47.806358
v 54.108238 74.880867 48.242641
v 54.006622 76.258415 48.242641
v 53.298752 80.337982 48.242641
v 53.837543 77.629311 48.242641
v 53.601391 78.990257 48.242641
v 52.687866 73.500000 48.638062
v 52.655720 74.809509 48.638062
v 52.559357 76.115868 48.638062
v 48.725830 79.192520 49.291527
v 48.419136 80.300774 49.291527
v 51.111404 73.500000 48.988819
v 49.427937 73.500000 49.291527
v 50.358849 79.601570 48.988819
v 51.081158 74.732155 48.988819
v 50.990486 75.961349 48.988819
v 50.839611 77.184608 48.988819
v 50.628895 78.398994 48.988819
v 49.399715 74.649551 49.291527
v 49.174362 76.937592 49.291527
v 49.315125 75.796341 49.291527
v 48.977772 78.070564 49.291527
v 47.653667 73.500000 49.543278
v 45.805695 73.500000 49.741642
v 46.721268 79.785728 49.543278
v 47.627586 74.562492 49.543278
v 47.549400 75.622429 49.543278
v 47.419300 76.677254 49.543278
v 47.237598 77.724419 49.543278
v 47.004734 78.761414 49.543278
v 45.781837 74.471817 49.741642
v 45.710323 75.441299 49.741642
v 45.591328 76.406097 49.741642
v 45.425133 77.363899 49.741642
v 45.212143 78.312393 49.741642
v 47.828575 93.284264 47.806358
v 45.899494 93.399498 48.242641
v 46.851948 92.399101 48.242641
v 48.603973 90.264252 48.242641
v 47.754166 91.353180 48.242641
v 52.497063 82.980797 48.242641
v 51.440189 85.532310 48.242641
v 50.819149 86.766113 48.242641
v 51.999943 84.269531 48.242641
v 50.495270 89.867218 47.806358
v 48.773048 92.189362 47.806358
v 49.662663 91.049423 47.806358
v 51.268864 88.645576 47.806358
v 51.981586 87.387444 47.806358
v 49.399330 89.134933 48.242641
v 50.138313 87.967949 48.242641
v 46.629997 90.430603 48.638062
v 45.774403 91.422478 48.638062
v 47.435894 89.397942 48.638062
v 48.190151 88.326981 48.638062
v 48.890945 87.220306 48.638062
v 49.536594 86.080574 48.638062
v 50.125546 84.910530 48.638062
v 51.538696 81.247078 48.638062
v 50.656372 83.713005 48.638062
v 51.127800 82.490868 48.638062
v 45.784267 95.328575 47.806358
v 46.831512 94.331512 47.806358
v 54.191662 82.051849 47.806358
v 53.738087 83.424843 47.806358
v 53.217686 84.773933 47.806358
v 52.631714 86.095863 47.806358
v 54.577324 80.658249 47.806358
v 52.930344 81.669228 48.242641
v 47.538769 86.409843 48.988819
v 48.146282 85.337433 48.988819
v 48.700439 84.236511 48.988819
v 45.479614 86.515862 49.291527
v 46.094810 85.544365 49.291527
v 46.661594 84.543854 49.291527
v 47.178600 83.516731 49.291527
v 47.644588 82.465485 49.291527
v 48.058434 81.392632 49.291527
v 45.411377 89.430504 48.988819
v 46.169670 88.458847 48.988819
v 46.879372 87.451149 48.988819
v 49.643494 81.959778 48.988819
v 49.199913 83.109718 48.988819
v 50.030117 80.789459 48.988819
v 45.096832 83.707466 49.543278
v 45.574684 82.758133 49.543278
v 46.387882 80.794899 49.543278
v 46.005383 81.786499 49.543278
f 126 134 173
f 118 124 165
f 121 122 130
f 119 128 122
f 119 120 129
f 120 204 129
f 119 129 128
f 120 238 195
f 119 122 166
f 119 167 120
f 121 169 122
f 118 168 121
f 118 131 124
f 123 124 127
f 123 144 125
f 125 147 126
f 125 144 145
f 123 127 144
f 124 131 127
f 123 125 170
f 123 171 124
f 125 126 172
f 118 121 132
f 121 130 132
f 118 132 131
f 122 128 130
f 134 140 135
f 135 141 136
f 135 140 141
f 134 135 183
f 135 136 184
f 136 137 185
f 138 317 188
f 136 142 137
f 137 143 139
f 136 141 142
f 137 142 143
f 138 139 320
f 139 143 320
f 137 139 186
f 138 187 139
f 126 146 134
f 125 145 147
f 126 147 146
f 134 146 140
f 150 153 161
f 133 211 153
f 150 160 152
f 151 152 162
f 148 151 159
f 153 211 212
f 153 212 161
f 150 161 160
f 152 160 162
f 148 163 149
f 149 164 155
f 154 155 336
f 154 337 156
f 156 339 157
f 155 164 158
f 155 158 336
f 154 336 337
f 148 159 163
f 151 162 159
f 149 163 164
f 134 183 173
f 173 183 182
f 118 165 168
f 165 171 174
f 122 169 166
f 119 166 167
f 120 167 238
f 121 168 169
f 166 169 175
f 166 176 167
f 167 244 238
f 168 177 169
f 165 178 168
f 125 172 170
f 123 170 171
f 124 171 165
f 126 173 172
f 170 172 179
f 170 180 171
f 172 173 181
f 165 174 178
f 166 175 176
f 167 176 244
f 168 178 177
f 169 177 175
f 175 426 176
f 177 178 427
f 174 428 178
f 175 177 429
f 171 180 174
f 170 179 180
f 172 181 179
f 173 182 181
f 179 181 432
f 174 180 430
f 179 431 180
f 181 182 433
f 182 189 434
f 135 184 183
f 137 186 185
f 136 185 184
f 183 184 189
f 184 185 190
f 185 186 191
f 188 317 366
f 188 366 194
f 139 187 186
f 138 188 187
f 186 187 192
f 187 188 193
f 182 183 189
f 184 190 189
f 186 192 191
f 185 191 190
f 189 190 443
f 191 192 445
f 190 191 444
f 194 366 371
f 187 193 192
f 188 194 193
f 192 193 446
f 193 194 447
f 194 371 448
f 120 195 204
f 196 197 199
f 195 196 199
f 197 198 200
f 198 202 201
f 195 199 204
f 197 200 199
f 198 201 200
f 201 202 203
f 195 239 196
f 196 240 197
f 197 241 198
f 198 242 202
f 206 208 217
f 208 209 217
f 209 210 217
f 210 226 218
f 210 225 224
f 210 224 226
f 210 227 225
f 210 228 227
f 210 229 228
f 133 207 213
f 205 215 207
f 207 214 213
f 207 215 214
f 205 206 216
f 205 216 215
f 206 217 216
f 133 213 211
f 210 222 217
f 210 219 221
f 210 221 223
f 210 218 220
f 210 220 219
f 210 223 222
f 195 238 239
f 196 239 240
f 197 240 241
f 198 241 242
f 238 243 239
f 239 245 240
f 240 246 241
f 241 247 242
f 238 244 243
f 239 243 245
f 240 245 246
f 241 246 247
f 243 494 245
f 176 491 244
f 243 244 492
f 245 493 246
f 246 495 247
f 317 324 318
f 318 331 319
f 318 324 331
f 317 318 366
f 318 319 367
f 319 327 368
f 138 323 317
f 138 320 323
f 317 323 324
f 322 341 325
f 319 329 327
f 319 331 329
f 328 345 343
f 327 330 328
f 327 329 330
f 328 330 345
f 327 328 369
f 328 343 370
f 325 342 326
f 325 341 342
f 326 335 332
f 326 342 335
f 332 349 333
f 332 335 349
f 333 350 334
f 333 349 350
f 157 338 321
f 156 337 339
f 321 340 322
f 157 339 338
f 321 338 340
f 322 340 341
f 343 347 344
f 343 345 347
f 344 356 346
f 344 347 356
f 343 344 376
f 344 346 377
f 334 353 348
f 334 350 353
f 348 354 351
f 351 363 352
f 351 354 363
f 348 353 354
f 346 357 355
f 346 356 357
f 355 360 358
f 355 357 360
f 358 360 408
f 346 355 378
f 355 358 379
f 358 407 380
f 352 364 362
f 352 363 364
f 359 362 365
f 362 364 365
f 359 413 361
f 359 365 413
f 318 367 366
f 319 368 367
f 366 367 371
f 367 368 372
f 368 369 373
f 328 370 369
f 327 369 368
f 343 376 370
f 369 370 374
f 370 376 375
f 367 372 371
f 368 373 372
f 371 372 593
f 372 373 594
f 373 374 595
f 370 375 374
f 369 374 373
f 375 376 381
f 374 375 596
f 375 381 597
f 344 377 376
f 346 378 377
f 376 377 381
f 377 378 382
f 355 379 378
f 358 380 379
f 378 379 383
f 379 380 384
f 380 420 385
f 377 382 381
f 378 383 382
f 381 382 603
f 382 383 604
f 379 384 383
f 380 385 384
f 383 384 605
f 384 385 606
f 385 423 607
f 202 1425 203
f 210 1434 229
f 229 1434 230
f 230 1434 231
f 231 1434 232
f 232 1434 233
f 233 1434 234
f 234 1434 235
f 235 1434 236
f 236 1434 237
f 237 1434 400
f 202 242 1468
f 242 247 1473
f 358 408 407
f 407 411 410
f 407 408 411
f 410 411 417
f 407 410 420
f 410 416 421
f 361 414 409
f 361 413 414
f 409 415 412
f 409 414 415
f 412 419 418
f 412 415 419
f 380 407 420
f 410 421 420
f 416 422 421
f 420 421 423
f 421 422 424
f 385 420 423
f 421 424 423
f 422 425 424
f 423 424 1026
f 424 425 1027
f 410 2983 416
f 410 417 2983
f 416 2982 422
f 418 419 2985
f 422 2995 425
f 425 2998 1028
f 176 426 491
f 177 427 429
f 178 428 427
f 174 430 428
f 175 429 426
f 427 428 435
f 427 437 429
f 426 429 436
f 180 431 430
f 179 432 431
f 181 433 432
f 182 434 433
f 430 431 438
f 431 432 439
f 432 433 441
f 433 434 440
f 428 430 442
f 427 435 437
f 428 442 435
f 429 437 436
f 426 436 499
f 435 456 437
f 436 437 457
f 431 439 438
f 433 440 441
f 434 455 440
f 432 441 439
f 438 439 461
f 439 441 458
f 440 459 441
f 430 438 442
f 438 462 442
f 435 442 460
f 189 443 434
f 190 444 443
f 192 446 445
f 191 445 444
f 443 444 449
f 444 445 450
f 445 446 451
f 193 447 446
f 194 448 447
f 446 447 452
f 447 448 453
f 448 593 454
f 444 450 449
f 445 451 450
f 449 450 479
f 450 451 469
f 447 453 452
f 446 452 451
f 448 454 453
f 452 453 471
f 451 452 470
f 453 454 472
f 434 443 455
f 443 449 455
f 440 455 477
f 449 478 455
f 436 457 577
f 437 456 457
f 439 458 461
f 440 477 459
f 441 459 458
f 458 467 461
f 459 477 487
f 458 459 463
f 458 463 467
f 459 487 463
f 442 462 460
f 438 461 462
f 435 460 456
f 461 468 462
f 460 462 466
f 462 468 466
f 456 460 465
f 456 464 457
f 460 466 465
f 456 465 464
f 461 467 468
f 465 466 679
f 464 465 675
f 465 679 675
f 466 468 678
f 467 677 468
f 463 676 467
f 468 677 678
f 467 676 677
f 463 683 676
f 466 678 679
f 450 469 479
f 451 470 469
f 469 470 473
f 452 471 470
f 453 472 471
f 454 613 472
f 470 471 474
f 470 474 473
f 471 475 474
f 472 613 476
f 471 472 475
f 472 476 475
f 473 474 694
f 474 475 681
f 474 681 694
f 475 476 682
f 475 682 681
f 476 771 682
f 455 478 477
f 449 479 478
f 477 478 488
f 478 479 489
f 478 489 488
f 477 488 487
f 469 490 479
f 479 490 489
f 469 473 490
f 488 489 687
f 487 488 684
f 463 487 683
f 487 684 683
f 488 687 684
f 489 490 685
f 473 686 490
f 489 685 687
f 490 686 685
f 473 694 686
f 244 491 492
f 243 492 494
f 245 494 493
f 246 493 495
f 426 499 491
f 491 496 492
f 492 497 494
f 493 494 498
f 493 500 495
f 491 499 496
f 492 496 497
f 494 497 498
f 493 498 500
f 498 580 500
f 436 577 499
f 496 499 576
f 496 578 497
f 497 579 498
f 499 577 576
f 496 576 578
f 497 578 579
f 498 579 580
f 457 585 577
f 576 577 581
f 577 585 581
f 576 581 582
f 578 583 579
f 579 584 580
f 576 582 578
f 578 582 583
f 579 583 584
f 457 464 585
f 464 728 585
f 581 585 729
f 585 728 729
f 581 729 730
f 464 675 728
f 581 730 582
f 582 731 583
f 583 737 584
f 582 730 731
f 583 731 737
f 371 593 448
f 372 594 593
f 373 595 594
f 593 594 600
f 594 595 598
f 374 596 595
f 381 603 597
f 375 597 596
f 595 596 599
f 596 597 601
f 597 603 602
f 594 598 600
f 595 599 598
f 598 599 615
f 454 593 600
f 454 600 613
f 598 614 600
f 596 601 599
f 597 602 601
f 602 603 608
f 599 601 616
f 601 602 617
f 602 608 618
f 382 604 603
f 383 605 604
f 603 604 608
f 604 605 609
f 384 606 605
f 385 607 606
f 605 606 610
f 606 607 611
f 607 1026 612
f 604 609 608
f 605 610 609
f 608 609 633
f 609 610 634
f 606 611 610
f 607 612 611
f 610 611 639
f 611 612 640
f 612 1029 641
f 599 616 615
f 600 614 613
f 598 615 614
f 613 614 620
f 476 613 620
f 614 621 620
f 614 615 621
f 615 616 622
f 615 622 621
f 601 617 616
f 602 618 617
f 616 617 625
f 617 623 625
f 617 618 623
f 618 624 623
f 616 625 622
f 620 621 772
f 476 620 771
f 620 772 771
f 621 622 773
f 621 773 772
f 622 778 773
f 623 624 780
f 624 793 780
f 622 625 778
f 623 779 625
f 625 779 778
f 623 780 779
f 608 633 618
f 609 634 633
f 610 639 634
f 618 633 624
f 633 634 645
f 624 633 645
f 634 639 646
f 634 646 645
f 639 647 646
f 611 640 639
f 612 641 640
f 639 640 647
f 640 648 647
f 640 641 648
f 641 1032 649
f 641 649 648
f 624 645 793
f 645 646 791
f 645 791 793
f 646 647 792
f 646 792 791
f 647 648 797
f 647 797 792
f 648 798 797
f 648 649 798
f 649 799 798
f 676 690 677
f 678 680 679
f 675 679 734
f 677 693 678
f 677 690 693
f 679 680 734
f 678 693 680
f 680 742 734
f 681 682 698
f 682 771 774
f 682 774 698
f 683 684 691
f 684 687 688
f 685 686 696
f 685 689 687
f 684 688 691
f 687 689 688
f 685 696 689
f 676 683 692
f 676 692 690
f 683 691 692
f 686 694 695
f 681 697 694
f 686 695 696
f 694 697 695
f 681 698 697
f 688 689 704
f 689 705 704
f 691 702 692
f 690 692 700
f 692 702 700
f 690 699 693
f 680 693 701
f 680 701 742
f 693 699 701
f 690 700 699
f 688 703 691
f 691 703 702
f 688 704 703
f 699 709 701
f 703 704 716
f 702 703 715
f 702 715 710
f 703 716 715
f 699 700 711
f 700 702 710
f 700 710 711
f 699 711 709
f 695 697 708
f 689 696 705
f 695 706 696
f 696 706 705
f 695 708 706
f 697 698 707
f 698 774 789
f 697 707 708
f 698 789 707
f 705 706 712
f 705 712 717
f 707 789 818
f 706 708 713
f 707 714 708
f 708 714 713
f 706 713 712
f 707 818 714
f 704 705 717
f 704 717 716
f 709 711 756
f 710 718 711
f 712 713 723
f 713 714 821
f 713 821 723
f 715 716 720
f 716 717 721
f 710 715 719
f 712 722 717
f 716 721 720
f 710 719 718
f 715 720 719
f 711 718 756
f 719 720 724
f 718 719 725
f 712 723 722
f 717 722 721
f 721 722 727
f 722 723 833
f 720 721 726
f 718 725 763
f 722 833 727
f 720 726 724
f 719 724 725
f 721 727 726
f 724 960 725
f 724 726 837
f 728 733 729
f 729 735 730
f 730 736 731
f 731 738 737
f 675 732 728
f 730 735 736
f 731 736 738
f 675 734 732
f 728 732 733
f 729 733 735
f 732 734 743
f 732 744 733
f 732 743 744
f 733 739 735
f 735 740 736
f 736 741 738
f 735 739 740
f 733 744 739
f 736 740 741
f 734 742 743
f 742 745 743
f 743 746 744
f 701 749 742
f 701 709 749
f 742 749 745
f 743 745 746
f 739 744 747
f 739 748 740
f 740 754 741
f 740 748 754
f 744 746 747
f 739 747 748
f 709 757 749
f 745 752 746
f 745 749 750
f 746 751 747
f 747 753 748
f 748 755 754
f 749 757 750
f 709 756 757
f 745 750 752
f 746 752 751
f 747 751 753
f 748 753 755
f 751 762 753
f 753 769 755
f 756 758 757
f 750 757 759
f 718 763 756
f 750 760 752
f 751 752 761
f 750 759 760
f 756 763 758
f 757 758 759
f 752 760 761
f 751 761 762
f 753 762 769
f 760 767 761
f 761 768 762
f 725 961 763
f 758 763 764
f 758 765 759
f 763 961 764
f 725 960 961
f 758 764 765
f 759 766 760
f 759 765 766
f 760 766 767
f 761 767 768
f 762 768 770
f 766 966 767
f 767 967 768
f 762 770 769
f 768 976 770
f 771 772 775
f 773 778 777
f 772 773 776
f 771 775 774
f 772 776 775
f 773 777 776
f 778 779 781
f 779 780 782
f 780 793 783
f 777 778 781
f 779 782 781
f 780 783 782
f 774 775 790
f 775 776 784
f 775 784 790
f 776 777 785
f 776 785 784
f 777 786 785
f 781 782 787
f 777 781 786
f 781 787 786
f 782 783 788
f 783 803 788
f 782 788 787
f 785 786 826
f 786 814 826
f 786 787 814
f 787 815 814
f 787 788 815
f 788 816 815
f 788 803 816
f 774 790 789
f 789 790 817
f 789 817 818
f 784 819 790
f 790 819 817
f 784 785 820
f 784 820 819
f 785 826 820
f 791 792 795
f 792 797 796
f 791 794 793
f 783 793 794
f 791 795 794
f 792 796 795
f 797 798 800
f 798 799 801
f 796 797 800
f 798 801 800
f 799 802 801
f 783 794 803
f 794 795 804
f 794 804 803
f 795 796 805
f 795 805 804
f 796 806 805
f 803 804 870
f 803 870 816
f 804 871 870
f 804 805 871
f 805 872 871
f 805 806 872
f 806 877 872
f 796 800 806
f 800 801 807
f 800 807 806
f 801 802 808
f 801 808 807
f 802 1109 808
f 806 807 877
f 807 808 878
f 807 878 877
f 808 879 878
f 808 1109 879
f 879 1109 1123
f 814 815 829
f 815 816 830
f 816 873 830
f 714 818 822
f 817 823 818
f 817 819 825
f 820 826 827
f 819 820 824
f 714 822 821
f 818 823 822
f 817 825 823
f 821 822 834
f 822 823 836
f 819 824 825
f 820 827 824
f 823 825 831
f 824 832 825
f 723 821 835
f 814 828 826
f 826 828 827
f 814 829 828
f 827 828 848
f 824 827 847
f 815 830 829
f 828 829 849
f 829 830 850
f 823 831 836
f 825 832 831
f 831 832 855
f 821 834 835
f 723 835 833
f 822 836 834
f 833 835 843
f 834 840 835
f 835 840 843
f 726 727 839
f 727 833 838
f 727 838 839
f 726 839 837
f 724 837 960
f 833 843 838
f 834 836 842
f 834 842 840
f 831 841 836
f 836 841 842
f 831 855 841
f 838 846 839
f 837 839 969
f 840 842 858
f 838 843 845
f 840 844 843
f 839 846 969
f 838 845 846
f 843 844 845
f 840 858 844
f 845 984 846
f 828 849 848
f 824 847 832
f 827 848 847
f 832 847 851
f 832 851 855
f 847 848 852
f 847 852 851
f 829 850 849
f 830 886 850
f 848 849 853
f 848 853 852
f 849 850 854
f 849 854 853
f 850 890 854
f 852 853 863
f 853 898 863
f 853 854 898
f 841 855 857
f 841 856 842
f 842 856 858
f 841 857 856
f 851 862 855
f 855 862 857
f 856 857 866
f 844 858 860
f 844 859 845
f 844 860 859
f 845 859 984
f 856 865 858
f 858 865 860
f 856 866 865
f 851 852 861
f 851 861 862
f 852 863 861
f 857 862 867
f 861 864 862
f 862 864 867
f 861 863 899
f 861 899 864
f 857 867 866
f 860 865 868
f 859 860 1000
f 865 866 869
f 860 868 1000
f 866 867 903
f 864 902 867
f 865 869 868
f 866 903 869
f 816 870 873
f 870 871 874
f 871 872 875
f 872 877 876
f 870 874 873
f 871 875 874
f 872 876 875
f 874 875 888
f 875 876 889
f 877 878 880
f 879 1123 882
f 878 879 881
f 876 877 880
f 878 881 880
f 876 880 915
f 880 881 883
f 879 882 881
f 881 882 884
f 882 1126 885
f 876 915 889
f 880 883 915
f 881 884 883
f 882 885 884
f 830 873 886
f 873 874 887
f 873 887 886
f 874 888 887
f 850 886 890
f 886 891 890
f 886 887 891
f 887 894 891
f 875 889 888
f 887 888 894
f 888 895 894
f 888 889 895
f 889 916 895
f 854 890 892
f 854 892 898
f 890 891 893
f 891 896 893
f 890 893 892
f 892 893 906
f 895 916 918
f 891 894 896
f 894 895 897
f 894 897 896
f 895 918 897
f 893 896 907
f 896 909 907
f 896 897 909
f 897 918 920
f 897 920 909
f 863 898 900
f 892 901 898
f 898 901 900
f 863 900 899
f 899 900 905
f 892 906 901
f 900 901 912
f 900 912 905
f 864 899 904
f 867 902 903
f 864 904 902
f 869 903 1010
f 902 1010 903
f 899 905 904
f 902 904 1011
f 902 1011 1010
f 904 905 1011
f 893 907 906
f 906 907 910
f 901 906 908
f 901 908 912
f 906 910 908
f 907 909 911
f 907 911 910
f 905 912 913
f 908 914 912
f 905 913 1011
f 912 914 913
f 908 910 914
f 889 915 916
f 915 917 916
f 883 917 915
f 883 924 917
f 883 884 924
f 884 925 924
f 884 885 925
f 885 1135 925
f 916 917 919
f 917 922 919
f 917 924 922
f 916 919 918
f 918 919 921
f 918 921 920
f 919 922 923
f 919 923 921
f 921 923 932
f 922 924 927
f 924 925 927
f 925 926 927
f 925 1135 926
f 922 927 928
f 922 928 923
f 927 929 928
f 923 928 935
f 926 929 927
f 926 1140 929
f 928 929 936
f 929 937 936
f 929 1140 937
f 909 920 930
f 909 930 911
f 920 921 931
f 920 931 930
f 910 911 933
f 911 930 933
f 921 932 931
f 930 931 934
f 931 932 934
f 910 933 914
f 930 934 933
f 923 935 932
f 928 936 935
f 932 935 938
f 932 938 934
f 935 936 1152
f 936 937 1152
f 935 1152 938
f 960 962 961
f 764 965 765
f 764 961 963
f 837 968 960
f 837 969 968
f 960 968 962
f 961 962 963
f 764 963 965
f 765 964 766
f 765 965 964
f 766 964 966
f 767 966 967
f 768 967 976
f 964 974 966
f 966 975 967
f 962 971 963
f 962 968 970
f 846 985 969
f 968 969 986
f 969 985 986
f 962 970 971
f 963 971 973
f 968 986 970
f 963 973 965
f 964 965 972
f 965 973 972
f 964 972 974
f 966 974 975
f 967 975 977
f 972 993 974
f 974 989 975
f 967 977 976
f 976 983 982
f 976 982 1008
f 976 1008 1005
f 976 1005 1006
f 976 977 978
f 976 981 983
f 976 979 981
f 976 978 979
f 975 1003 977
f 977 1003 1004
f 977 1004 980
f 977 980 978
f 846 984 985
f 970 986 987
f 985 998 986
f 970 990 971
f 984 999 985
f 859 997 984
f 986 998 987
f 970 987 990
f 985 999 998
f 971 991 973
f 972 973 994
f 973 991 994
f 975 988 1003
f 974 993 989
f 975 989 988
f 972 996 993
f 972 995 996
f 972 994 995
f 971 990 991
f 987 992 990
f 991 995 994
f 991 992 995
f 990 992 991
f 859 1000 997
f 984 997 999
f 998 999 1002
f 987 998 1002
f 997 1001 999
f 999 1001 1002
f 997 1000 1001
f 868 1009 1000
f 868 869 1009
f 1000 1009 1001
f 987 1002 992
f 976 1006 1007
f 869 1010 1009
f 247 495 1781
f 495 500 1786
f 500 580 1866
f 580 584 1871
f 584 737 2027
f 737 738 2028
f 738 741 2038
f 741 754 2044
f 754 755 2045
f 755 769 2057
f 769 770 2058
f 976 1007 1744
f 770 976 2152
f 423 1026 607
f 424 1027 1026
f 425 1028 1027
f 1026 1027 1029
f 1027 1028 1030
f 612 1026 1029
f 1027 1030 1029
f 1028 1031 1030
f 1029 1030 1032
f 1030 1031 1033
f 641 1029 1032
f 1030 1033 1032
f 1031 1037 1033
f 1032 1033 1039
f 649 1032 1039
f 1033 1037 1040
f 1033 1040 1039
f 1037 1041 1040
f 649 1039 799
f 1039 1040 1103
f 799 1039 1103
f 1040 1041 1104
f 1040 1104 1103
f 1041 1107 1104
f 1028 3401 1031
f 1031 3404 1037
f 1037 3407 1041
f 1041 3414 1107
f 799 1103 802
f 1103 1104 1105
f 1104 1107 1106
f 802 1103 1105
f 1104 1106 1105
f 1106 1107 1108
f 802 1105 1109
f 1105 1106 1110
f 1106 1108 1111
f 1105 1110 1109
f 1106 1111 1110
f 1108 1112 1111
f 1109 1110 1123
f 1110 1111 1124
f 1110 1124 1123
f 1111 1125 1124
f 1111 1112 1125
f 1112 1129 1125
f 1123 1124 1126
f 1124 1125 1127
f 1125 1129 1128
f 882 1123 1126
f 1124 1127 1126
f 1126 1127 1131
f 1125 1128 1127
f 1128 1129 1130
f 1127 1128 1132
f 1128 1130 1133
f 885 1126 1131
f 1127 1132 1131
f 885 1131 1135
f 1131 1132 1136
f 1128 1133 1132
f 1130 1134 1133
f 1132 1133 1142
f 1133 1134 1143
f 1131 1136 1135
f 1132 1142 1136
f 1133 1143 1142
f 1134 1157 1143
f 926 1135 1137
f 1135 1136 1137
f 1136 1142 1138
f 1136 1138 1137
f 926 1137 1140
f 1137 1138 1139
f 1137 1139 1140
f 937 1140 1151
f 1139 1151 1140
f 1139 1153 1151
f 1138 1144 1141
f 1138 1141 1139
f 1139 1141 1153
f 1141 1147 1153
f 1142 1143 1144
f 1138 1142 1144
f 1143 1145 1144
f 1143 1157 1145
f 1145 1157 1158
f 1145 1158 1149
f 1144 1145 1146
f 1141 1144 1146
f 1141 1146 1147
f 1146 1148 1147
f 1146 1149 1148
f 1145 1149 1146
f 1149 1158 1159
f 1148 1149 1150
f 1149 1159 1150
f 937 1151 1154
f 937 1154 1152
f 1151 1153 1154
f 1147 1155 1153
f 1153 1155 1154
f 1147 1148 1155
f 1148 1156 1155
f 1148 1150 1156
f 1150 1160 1156
f 1150 1159 1160
f 1160 1161 1156
f 1160 1162 1161
f 1160 1163 1162
f 1160 1164 1163
f 1160 1165 1164
f 1107 3736 1108
f 1108 3737 1112
f 1112 3742 1129
f 1129 3756 1130
f 1130 3757 1134
f 1134 3764 1157
f 1157 3768 1158
f 1158 3769 1159
f 1159 3770 1160
f 1160 3771 1165
f 3771 1166 1165
f 203 1425 1427
f 203 1427 1428
f 202 1468 1425
f 400 1443 1444
f 400 1442 1441
f 400 1441 1443
f 400 1444 1445
f 400 1445 1446
f 400 1446 1447
f 400 1447 1454
f 400 1454 1307
f 400 1448 1442
f 400 1449 1448
f 400 1434 1449
f 242 1473 1468
f 247 1781 1473
f 203 1428 1429
f 203 1429 1430
f 203 1430 1547
f 203 1549 1426
f 203 1547 1548
f 203 1548 1549
f 1434 1450 1449
f 1434 1451 1450
f 1434 1452 1451
f 1434 1453 1452
f 1434 1455 1453
f 1426 1549 1431
f 1431 1549 1432
f 1432 1549 1433
f 1425 1469 1427
f 1427 1470 1428
f 1428 1471 1429
f 1429 1472 1430
f 1434 1436 1461
f 1436 1437 1461
f 1437 1438 1461
f 1434 1456 1455
f 1434 1457 1456
f 1434 1458 1457
f 1434 1459 1458
f 1434 1460 1459
f 1434 1461 1460
f 1438 1439 1461
f 1439 1462 1461
f 1440 1463 1462
f 1439 1440 1462
f 1440 1555 1463
f 1464 1555 1563
f 1463 1555 1464
f 1464 1563 1465
f 1465 1564 1466
f 1425 1468 1469
f 1427 1469 1470
f 1428 1470 1471
f 1429 1471 1472
f 1468 1474 1469
f 1469 1475 1470
f 1470 1476 1471
f 1471 1477 1472
f 1468 1473 1474
f 1469 1474 1475
f 1470 1475 1476
f 1471 1476 1477
f 1472 1477 1603
f 1473 1782 1474
f 1474 1783 1475
f 1475 1784 1476
f 1476 1785 1477
f 1433 1549 1435
f 1435 1549 1552
f 1549 1553 1552
f 1549 1550 1553
f 1550 1551 1554
f 1430 1594 1547
f 1547 1595 1548
f 1548 1596 1549
f 1549 1597 1550
f 1550 1598 1551
f 1550 1554 1553
f 1551 1556 1554
f 1556 1558 1557
f 1551 1558 1556
f 1557 1558 1559
f 1557 1559 1560
f 1559 1561 1560
f 1560 1561 1567
f 1561 1562 1567
f 1551 1599 1558
f 1558 1600 1559
f 1559 1601 1561
f 1561 1602 1562
f 1562 1612 1584
f 1465 1563 1564
f 1467 1564 1565
f 1466 1564 1467
f 1467 1565 1573
f 1566 1574 1573
f 1565 1566 1573
f 1566 1575 1574
f 1566 1569 1575
f 1569 1570 1576
f 1562 1568 1567
f 1562 1584 1568
f 1568 1584 1571
f 1571 1585 1572
f 1569 1576 1575
f 1570 1577 1576
f 1570 1579 1577
f 1577 1579 1578
f 1578 1579 1580
f 1578 1580 1581
f 1580 1582 1581
f 1581 1582 1625
f 1582 1583 1625
f 1571 1584 1585
f 1572 1585 1588
f 1585 1586 1588
f 1586 1589 1588
f 1586 1587 1589
f 1584 1613 1585
f 1585 1614 1586
f 1586 1615 1587
f 1587 1591 1589
f 1587 1590 1591
f 1590 1592 1591
f 1590 1593 1592
f 1592 1593 1634
f 1593 1639 1634
f 1587 1616 1590
f 1590 1617 1593
f 1593 1674 1639
f 1430 1472 1594
f 1547 1594 1595
f 1548 1595 1596
f 1549 1596 1597
f 1550 1597 1598
f 1472 1603 1594
f 1594 1604 1595
f 1595 1605 1596
f 1596 1606 1597
f 1551 1598 1599
f 1597 1607 1598
f 1558 1599 1600
f 1559 1600 1601
f 1561 1601 1602
f 1598 1608 1599
f 1599 1609 1600
f 1600 1610 1601
f 1601 1611 1602
f 1594 1603 1604
f 1595 1604 1605
f 1596 1605 1606
f 1597 1606 1607
f 1477 1883 1603
f 1603 1884 1604
f 1604 1885 1605
f 1605 1886 1606
f 1606 1887 1607
f 1598 1607 1608
f 1599 1608 1609
f 1600 1609 1610
f 1601 1610 1611
f 1602 1611 1618
f 1607 1888 1608
f 1608 1889 1609
f 1609 1890 1610
f 1610 1891 1611
f 1562 1602 1612
f 1584 1612 1613
f 1585 1613 1614
f 1586 1614 1615
f 1602 1618 1612
f 1612 1619 1613
f 1613 1620 1614
f 1614 1621 1615
f 1587 1615 1616
f 1590 1616 1617
f 1615 1622 1616
f 1616 1623 1617
f 1593 1617 1674
f 1617 1679 1674
f 1612 1618 1619
f 1613 1619 1620
f 1614 1620 1621
f 1611 1901 1618
f 1618 1902 1619
f 1619 1903 1620
f 1620 1904 1621
f 1615 1621 1622
f 1616 1622 1623
f 1621 1905 1622
f 1622 1906 1623
f 1617 1623 1679
f 1623 1970 1679
f 1583 1626 1625
f 1583 1632 1626
f 1626 1632 1627
f 1627 1632 1628
f 1628 1632 1633
f 1628 1633 1629
f 1629 1635 1630
f 1634 1639 1637
f 1629 1633 1635
f 1630 1635 1636
f 1637 1640 1638
f 1637 1639 1640
f 1638 1640 1641
f 1638 1641 1643
f 1639 1675 1640
f 1640 1676 1641
f 1630 1636 1631
f 1631 1636 1642
f 1631 1642 1644
f 1642 1645 1644
f 1644 1645 1651
f 1645 1646 1651
f 1641 1647 1643
f 1643 1647 1648
f 1647 1650 1648
f 1648 1650 1649
f 1649 1650 1659
f 1641 1677 1647
f 1647 1678 1650
f 1650 1684 1659
f 1646 1652 1651
f 1652 1653 1654
f 1646 1653 1652
f 1653 1656 1654
f 1654 1656 1655
f 1655 1656 1657
f 1649 1659 1658
f 1658 1660 1661
f 1658 1659 1660
f 1660 1662 1661
f 1661 1662 1667
f 1659 1685 1660
f 1660 1686 1662
f 1655 1657 1663
f 1657 1664 1663
f 1663 1664 1665
f 1664 1670 1665
f 1665 1670 1666
f 1666 1671 1700
f 1666 1670 1671
f 1662 1669 1667
f 1667 1669 1668
f 1668 1673 1672
f 1668 1669 1673
f 1672 1673 1705
f 1662 1687 1669
f 1669 1688 1673
f 1639 1674 1675
f 1640 1675 1676
f 1641 1676 1677
f 1674 1680 1675
f 1675 1681 1676
f 1647 1677 1678
f 1650 1678 1684
f 1676 1682 1677
f 1677 1683 1678
f 1678 1689 1684
f 1674 1679 1680
f 1675 1680 1681
f 1676 1681 1682
f 1679 1971 1680
f 1680 1972 1681
f 1677 1682 1683
f 1678 1683 1689
f 1681 1973 1682
f 1682 1974 1683
f 1683 1980 1689
f 1659 1684 1685
f 1660 1685 1686
f 1684 1690 1685
f 1685 1691 1686
f 1662 1686 1687
f 1669 1687 1688
f 1673 1688 1713
f 1686 1692 1687
f 1687 1693 1688
f 1684 1689 1690
f 1685 1690 1691
f 1689 1981 1690
f 1690 1982 1691
f 1686 1691 1692
f 1687 1692 1693
f 1688 1693 1716
f 1691 1983 1692
f 1692 1984 1693
f 1671 1703 1700
f 1700 1703 1701
f 1701 1703 1706
f 1701 1706 1702
f 1702 1710 1709
f 1702 1706 1710
f 1672 1705 1704
f 1704 1705 1708
f 1704 1708 1707
f 1707 1712 1711
f 1707 1708 1712
f 1673 1713 1705
f 1705 1714 1708
f 1708 1715 1712
f 1705 1713 1714
f 1708 1714 1715
f 1688 1716 1713
f 1713 1717 1714
f 1714 1718 1715
f 1713 1716 1717
f 1714 1717 1718
f 1693 2767 1716
f 1716 2768 1717
f 1717 2769 1718
f 1709 1710 4916
f 1711 1712 4918
f 1712 1715 4928
f 1715 1718 4931
f 495 1786 1781
f 500 1866 1786
f 580 1871 1866
f 584 2027 1871
f 737 2028 2027
f 738 2038 2028
f 741 2044 2038
f 754 2045 2044
f 755 2057 2045
f 769 2058 2057
f 770 2152 2058
f 976 1744 2152
f 2152 1744 1745
f 2152 1745 1746
f 2152 1746 1747
f 2152 1747 1748
f 2152 1748 1749
f 2153 1749 1750
f 2153 1750 1751
f 2153 1751 1752
f 2153 1752 1753
f 2153 1753 1754
f 2153 1754 1755
f 2170 1755 1769
f 2170 1769 1768
f 2170 1768 1770
f 2170 1770 1771
f 2170 1771 1772
f 2170 1772 1773
f 2170 1773 1774
f 2170 1774 1775
f 2170 1775 1776
f 2170 1776 1777
f 2170 1777 1778
f 2170 1778 1779
f 2170 1779 1780
f 2170 1780 2604
f 2170 2604 2605
f 2170 2605 2606
f 2170 2606 2607
f 2170 2607 2608
f 2170 2608 2609
f 1473 1781 1782
f 1474 1782 1783
f 1475 1783 1784
f 1476 1784 1785
f 1477 1785 1883
f 1781 1787 1782
f 1782 1788 1783
f 1783 1789 1784
f 1784 1790 1785
f 1781 1786 1787
f 1782 1787 1788
f 1783 1788 1789
f 1784 1789 1790
f 1785 1790 1892
f 1786 1867 1787
f 1787 1868 1788
f 1788 1869 1789
f 1789 1870 1790
f 1786 1866 1867
f 1787 1867 1868
f 1788 1868 1869
f 1789 1869 1870
f 1790 1870 1913
f 1866 1872 1867
f 1867 1873 1868
f 1866 1871 1872
f 1867 1872 1873
f 1868 1873 1874
f 1868 1874 1869
f 1869 1875 1870
f 1870 1920 1913
f 1869 1874 1875
f 1870 1875 1920
f 1871 2029 1872
f 1872 2030 1873
f 1871 2027 2029
f 1872 2029 2030
f 1873 2030 2031
f 1873 2031 1874
f 1874 2032 1875
f 1875 2070 1920
f 1874 2031 2032
f 1875 2032 2070
f 1603 1883 1884
f 1604 1884 1885
f 1605 1885 1886
f 1606 1886 1887
f 1785 1892 1883
f 1883 1893 1884
f 1884 1894 1885
f 1885 1895 1886
f 1886 1896 1887
f 1607 1887 1888
f 1608 1888 1889
f 1609 1889 1890
f 1610 1890 1891
f 1887 1897 1888
f 1888 1898 1889
f 1889 1899 1890
f 1890 1900 1891
f 1883 1892 1893
f 1884 1893 1894
f 1885 1894 1895
f 1790 1913 1892
f 1892 1914 1893
f 1893 1915 1894
f 1886 1895 1896
f 1894 1916 1895
f 1895 1917 1896
f 1887 1896 1897
f 1888 1897 1898
f 1889 1898 1899
f 1890 1899 1900
f 1896 1918 1897
f 1897 1919 1898
f 1898 1926 1899
f 1611 1891 1901
f 1891 1907 1901
f 1891 1900 1907
f 1899 1927 1900
f 1900 1928 1907
f 1618 1901 1902
f 1619 1902 1903
f 1620 1903 1904
f 1901 1908 1902
f 1902 1909 1903
f 1621 1904 1905
f 1622 1905 1906
f 1623 1906 1970
f 1903 1910 1904
f 1904 1911 1905
f 1905 1912 1906
f 1901 1907 1908
f 1902 1908 1909
f 1907 1940 1908
f 1908 1941 1909
f 1903 1909 1910
f 1904 1910 1911
f 1905 1911 1912
f 1906 1912 1975
f 1909 1942 1910
f 1910 1943 1911
f 1911 1997 1912
f 1892 1913 1914
f 1893 1914 1915
f 1894 1915 1916
f 1895 1916 1917
f 1913 1921 1914
f 1914 1922 1915
f 1913 1920 1921
f 1914 1921 1922
f 1915 1923 1916
f 1916 1924 1917
f 1915 1922 1923
f 1916 1923 1924
f 1917 1924 1925
f 1896 1917 1918
f 1897 1918 1919
f 1898 1919 1926
f 1917 1925 1918
f 1918 1936 1919
f 1918 1925 1936
f 1920 2071 1921
f 1921 2072 1922
f 1920 2070 2071
f 1921 2071 2072
f 1922 2073 1923
f 1923 2074 1924
f 1924 2080 1925
f 1922 2072 2073
f 1923 2073 2074
f 1924 2074 2080
f 1899 1926 1927
f 1900 1927 1928
f 1919 1937 1926
f 1919 1936 1937
f 1926 1938 1927
f 1926 1937 1938
f 1927 1939 1928
f 1927 1938 1939
f 1928 1939 1944
f 1925 2081 1936
f 1936 2082 1937
f 1925 2080 2081
f 1936 2081 2082
f 1937 2082 2083
f 1937 2083 1938
f 1938 2084 1939
f 1938 2083 2084
f 1939 2084 2087
f 1939 2087 1944
f 1944 2087 2102
f 1907 1928 1940
f 1908 1940 1941
f 1928 1944 1940
f 1909 1941 1942
f 1910 1942 1943
f 1911 1943 1997
f 1940 1945 1941
f 1941 1946 1942
f 1940 1944 1945
f 1941 1945 1946
f 1942 1947 1943
f 1942 1946 1947
f 1943 2004 1997
f 1943 1947 2004
f 1944 2102 1945
f 1945 2103 1946
f 1946 2215 1947
f 1945 2102 2103
f 1946 2103 2215
f 1906 1975 1970
f 1679 1970 1971
f 1680 1971 1972
f 1970 1976 1971
f 1971 1977 1972
f 1681 1972 1973
f 1682 1973 1974
f 1683 1974 1980
f 1972 1978 1973
f 1973 1979 1974
f 1974 1985 1980
f 1912 1998 1975
f 1970 1975 1976
f 1971 1976 1977
f 1975 1999 1976
f 1976 2001 1977
f 1972 1977 1978
f 1973 1978 1979
f 1974 1979 1985
f 1977 2002 1978
f 1978 2003 1979
f 1689 1980 1981
f 1690 1981 1982
f 1980 1986 1981
f 1981 1987 1982
f 1691 1982 1983
f 1692 1983 1984
f 1693 1984 2767
f 1982 1988 1983
f 1983 1989 1984
f 1980 1985 1986
f 1981 1986 1987
f 1979 2014 1985
f 1985 2015 1986
f 1986 2019 1987
f 1982 1987 1988
f 1983 1988 1989
f 1984 1989 2770
f 1987 2020 1988
f 1988 2021 1989
f 1912 1997 1998
f 1975 1998 1999
f 1997 2005 1998
f 1997 2004 2005
f 1998 2006 1999
f 1998 2005 2006
f 1999 2006 2007
f 1976 1999 2001
f 1977 2001 2002
f 1978 2002 2003
f 1979 2003 2014
f 1999 2007 2001
f 2001 2008 2002
f 2001 2007 2008
f 2002 2009 2003
f 2002 2008 2009
f 1947 2215 2216
f 1947 2216 2004
f 2004 2217 2005
f 2004 2216 2217
f 2005 2222 2006
f 2005 2217 2222
f 2006 2223 2007
f 2007 2224 2008
f 2006 2222 2223
f 2007 2223 2224
f 2008 2224 2247
f 2008 2247 2009
f 1985 2014 2015
f 1986 2015 2019
f 2003 2022 2014
f 2003 2009 2022
f 2014 2022 2023
f 2014 2023 2015
f 2015 2024 2019
f 2015 2023 2024
f 1987 2019 2020
f 1988 2020 2021
f 1989 2021 2780
f 2019 2025 2020
f 2019 2024 2025
f 2020 2025 2026
f 2020 2026 2021
f 2021 2026 2784
f 2009 2251 2022
f 2009 2247 2251
f 2022 2252 2023
f 2023 2253 2024
f 2022 2251 2252
f 2023 2252 2253
f 2024 2254 2025
f 2024 2253 2254
f 2025 2255 2026
f 2025 2254 2255
f 2027 2033 2029
f 2029 2034 2030
f 2030 2035 2031
f 2031 2036 2032
f 2032 2037 2070
f 2027 2028 2033
f 2029 2033 2034
f 2030 2034 2035
f 2031 2035 2036
f 2032 2036 2037
f 2028 2039 2033
f 2033 2040 2034
f 2034 2041 2035
f 2028 2038 2039
f 2033 2039 2040
f 2034 2040 2041
f 2035 2042 2036
f 2036 2043 2037
f 2035 2041 2042
f 2036 2042 2043
f 2037 2043 2092
f 2038 2046 2039
f 2038 2044 2046
f 2039 2046 2047
f 2039 2047 2040
f 2040 2048 2041
f 2040 2047 2048
f 2041 2049 2042
f 2041 2048 2049
f 2042 2049 2050
f 2042 2050 2043
f 2043 2050 2104
f 2044 2045 2051
f 2044 2051 2046
f 2046 2052 2047
f 2047 2053 2048
f 2048 2054 2049
f 2049 2055 2050
f 2050 2056 2104
f 2046 2051 2052
f 2047 2052 2053
f 2045 2059 2051
f 2051 2060 2052
f 2048 2053 2054
f 2049 2054 2055
f 2050 2055 2056
f 2052 2061 2053
f 2053 2062 2054
f 2054 2063 2055
f 2055 2064 2056
f 2045 2057 2059
f 2057 2058 2065
f 2051 2059 2060
f 2052 2060 2061
f 2053 2061 2062
f 2057 2065 2059
f 2059 2066 2060
f 2054 2062 2063
f 2055 2063 2064
f 2056 2064 2119
f 2059 2065 2066
f 2060 2067 2061
f 2061 2068 2062
f 2060 2066 2067
f 2061 2067 2068
f 2062 2069 2063
f 2062 2068 2069
f 2063 2158 2064
f 2063 2069 2158
f 2064 2159 2119
f 2064 2158 2159
f 2058 2154 2065
f 2065 2155 2066
f 2066 2156 2067
f 2070 2075 2071
f 2071 2076 2072
f 2072 2077 2073
f 2037 2075 2070
f 2071 2075 2076
f 2072 2076 2077
f 2037 2092 2075
f 2073 2078 2074
f 2074 2079 2080
f 2073 2077 2078
f 2074 2078 2079
f 2080 2085 2081
f 2081 2086 2082
f 2082 2088 2083
f 2079 2085 2080
f 2081 2085 2086
f 2082 2086 2088
f 2083 2089 2084
f 2084 2090 2087
f 2087 2091 2102
f 2083 2088 2089
f 2084 2089 2090
f 2087 2090 2091
f 2091 2218 2102
f 2075 2093 2076
f 2076 2094 2077
f 2075 2092 2093
f 2076 2093 2094
f 2077 2095 2078
f 2077 2094 2095
f 2078 2096 2079
f 2079 2097 2085
f 2078 2095 2096
f 2079 2096 2097
f 2043 2104 2092
f 2092 2105 2093
f 2092 2104 2105
f 2093 2106 2094
f 2093 2105 2106
f 2094 2106 2107
f 2094 2107 2095
f 2095 2108 2096
f 2095 2107 2108
f 2085 2098 2086
f 2085 2097 2098
f 2096 2109 2097
f 2096 2108 2109
f 2097 2109 2116
f 2086 2099 2088
f 2088 2100 2089
f 2086 2098 2099
f 2088 2099 2100
f 2089 2101 2090
f 2090 2213 2091
f 2089 2100 2101
f 2090 2101 2213
f 2097 2116 2098
f 2098 2117 2099
f 2098 2116 2117
f 2099 2118 2100
f 2099 2117 2118
f 2100 2118 2265
f 2100 2265 2101
f 2102 2218 2103
f 2104 2110 2105
f 2105 2111 2106
f 2056 2110 2104
f 2106 2112 2107
f 2107 2113 2108
f 2108 2114 2109
f 2109 2115 2116
f 2105 2110 2111
f 2106 2111 2112
f 2056 2119 2110
f 2110 2120 2111
f 2107 2112 2113
f 2108 2113 2114
f 2111 2121 2112
f 2112 2122 2113
f 2109 2114 2115
f 2115 2269 2116
f 2113 2279 2114
f 2114 2280 2115
f 2116 2269 2117
f 2117 2270 2118
f 2117 2269 2270
f 2110 2119 2120
f 2111 2120 2121
f 2112 2121 2122
f 2119 2283 2120
f 2120 2284 2121
f 2119 2159 2283
f 2113 2122 2279
f 2152 1749 2153
f 2153 1755 2170
f 2058 2152 2154
f 2152 2153 2162
f 2065 2154 2155
f 2067 2157 2068
f 2066 2155 2156
f 2067 2156 2157
f 2152 2162 2154
f 2154 2163 2155
f 2068 2160 2069
f 2068 2157 2160
f 2069 2161 2158
f 2158 2166 2159
f 2069 2160 2161
f 2158 2161 2166
f 2159 2167 2283
f 2159 2166 2167
f 2154 2162 2163
f 2155 2163 2164
f 2155 2164 2156
f 2156 2165 2157
f 2156 2164 2165
f 2157 2165 2168
f 2153 2171 2162
f 2162 2172 2163
f 2157 2168 2160
f 2160 2169 2161
f 2161 2176 2166
f 2160 2168 2169
f 2161 2169 2176
f 2166 2177 2167
f 2167 2178 2287
f 2166 2176 2177
f 2153 2170 2171
f 2163 2173 2164
f 2162 2171 2172
f 2163 2172 2173
f 2164 2174 2165
f 2165 2175 2168
f 2164 2173 2174
f 2165 2174 2175
f 2168 2179 2169
f 2169 2180 2176
f 2167 2177 2178
f 2168 2175 2179
f 2169 2179 2180
f 2176 2180 2181
f 2176 2181 2177
f 2177 2182 2178
f 2177 2181 2182
f 2178 2183 2296
f 2180 2191 2181
f 2178 2182 2183
f 2183 2303 2296
f 2181 2201 2182
f 2182 2202 2183
f 2183 2204 2303
f 2174 2621 2175
f 2170 2677 2171
f 2171 2677 2172
f 2172 2677 2173
f 2173 2677 2174
f 2180 2639 2198
f 2639 2193 2198
f 2639 2195 2193
f 2639 2196 2195
f 2639 2194 2196
f 2644 2210 2194
f 2644 2211 2210
f 2180 2198 2197
f 2180 2197 2189
f 2175 2628 2179
f 2179 2639 2180
f 2181 2190 2199
f 2180 2189 2192
f 2180 2192 2191
f 2181 2191 2190
f 2181 2199 2201
f 2182 2201 2200
f 2182 2200 2202
f 2183 2202 2203
f 2183 2203 2204
f 2303 2204 2205
f 2303 2206 2304
f 2303 2205 2206
f 2304 2206 2207
f 2304 2207 2208
f 2321 2208 2209
f 2091 2214 2218
f 2091 2213 2214
f 2214 2228 2218
f 2101 2266 2213
f 2101 2265 2266
f 2213 2266 2267
f 2213 2267 2214
f 2214 2268 2228
f 2214 2267 2268
f 2228 2268 2274
f 2103 2219 2215
f 2215 2220 2216
f 2216 2221 2217
f 2217 2225 2222
f 2103 2218 2219
f 2215 2219 2220
f 2216 2220 2221
f 2217 2221 2225
f 2222 2226 2223
f 2223 2227 2224
f 2224 2248 2247
f 2222 2225 2226
f 2223 2226 2227
f 2224 2227 2248
f 2218 2228 2219
f 2219 2229 2220
f 2220 2230 2221
f 2219 2228 2229
f 2220 2229 2230
f 2228 2274 2229
f 2221 2231 2225
f 2221 2230 2231
f 2225 2231 2232
f 2225 2232 2226
f 2226 2259 2227
f 2226 2232 2259
f 2229 2318 2230
f 2229 2274 2318
f 2230 2319 2231
f 2230 2318 2319
f 2231 2319 2320
f 2231 2320 2232
f 2232 2383 2259
f 2232 2320 2383
f 2247 2249 2251
f 2247 2248 2249
f 2249 2250 2251
f 2250 2252 2251
f 2250 2256 2252
f 2252 2256 2253
f 2253 2257 2254
f 2254 2258 2255
f 2253 2256 2257
f 2254 2257 2258
f 2227 2260 2248
f 2248 2261 2249
f 2227 2259 2260
f 2248 2260 2261
f 2249 2262 2250
f 2249 2261 2262
f 2259 2383 2384
f 2259 2384 2260
f 2260 2384 2385
f 2260 2385 2261
f 2261 2390 2262
f 2261 2385 2390
f 2250 2263 2256
f 2250 2262 2263
f 2256 2263 2264
f 2256 2264 2257
f 2257 2890 2258
f 2257 2264 2890
f 2262 2390 2391
f 2262 2391 2263
f 2263 2392 2264
f 2263 2391 2392
f 2264 2392 2937
f 2264 2937 2890
f 2115 2281 2269
f 2118 2271 2265
f 2265 2272 2266
f 2266 2273 2267
f 2267 2275 2268
f 2118 2270 2271
f 2265 2271 2272
f 2269 2282 2270
f 2270 2293 2271
f 2271 2294 2272
f 2272 2310 2273
f 2266 2272 2273
f 2267 2273 2275
f 2268 2276 2274
f 2274 2277 2318
f 2268 2275 2276
f 2274 2276 2277
f 2273 2311 2275
f 2275 2312 2276
f 2277 2278 2318
f 2276 2313 2277
f 2277 2342 2278
f 2120 2283 2284
f 2121 2285 2122
f 2121 2284 2285
f 2122 2285 2286
f 2114 2279 2280
f 2115 2280 2281
f 2269 2281 2282
f 2122 2286 2279
f 2279 2290 2280
f 2279 2286 2290
f 2280 2290 2291
f 2280 2291 2281
f 2281 2292 2282
f 2281 2291 2292
f 2282 2292 2298
f 2283 2287 2284
f 2167 2287 2283
f 2284 2288 2285
f 2284 2287 2288
f 2285 2289 2286
f 2285 2288 2289
f 2286 2295 2290
f 2286 2289 2295
f 2287 2296 2288
f 2290 2299 2291
f 2270 2282 2293
f 2271 2293 2294
f 2272 2294 2310
f 2282 2298 2293
f 2288 2297 2289
f 2178 2296 2287
f 2288 2296 2297
f 2289 2301 2295
f 2289 2297 2301
f 2295 2302 2299
f 2295 2301 2302
f 2290 2295 2299
f 2291 2300 2292
f 2291 2299 2300
f 2292 2306 2298
f 2292 2300 2306
f 2298 2306 2307
f 2298 2307 2314
f 2299 2305 2300
f 2296 2303 2297
f 2297 2303 2304
f 2297 2304 2301
f 2299 2302 2305
f 2301 2321 2302
f 2301 2304 2321
f 2302 2322 2305
f 2302 2321 2322
f 2305 2323 2308
f 2307 2309 2314
f 2300 2308 2306
f 2300 2305 2308
f 2306 2325 2307
f 2306 2308 2325
f 2307 2325 2326
f 2307 2326 2309
f 2273 2310 2311
f 2293 2314 2294
f 2294 2315 2310
f 2293 2298 2314
f 2294 2314 2315
f 2310 2315 2316
f 2310 2316 2311
f 2275 2311 2312
f 2311 2317 2312
f 2311 2316 2317
f 2312 2317 2346
f 2276 2312 2313
f 2277 2313 2342
f 2312 2346 2313
f 2309 2315 2314
f 2315 2327 2316
f 2309 2327 2315
f 2316 2327 2348
f 2316 2348 2317
f 2278 2319 2318
f 2319 2386 2320
f 2278 2386 2319
f 2278 2343 2386
f 2344 2387 2386
f 2304 2208 2321
f 2321 2209 2322
f 2305 2322 2323
f 2308 2323 2324
f 2322 2329 2323
f 2322 2209 2329
f 2323 2329 2330
f 2323 2331 2324
f 2308 2324 2325
f 2309 2328 2327
f 2309 2326 2328
f 2325 2332 2326
f 2324 2332 2325
f 2326 2332 2336
f 2326 2336 2328
f 2327 2337 2348
f 2327 2328 2337
f 2337 2338 2348
f 2323 2330 2331
f 2324 2333 2332
f 2324 2331 2333
f 2332 2333 2334
f 2332 2334 2336
f 2336 2334 2335
f 2336 2335 2354
f 2328 2339 2337
f 2328 2336 2339
f 2337 2340 2338
f 2336 2354 2339
f 2337 2339 2340
f 2339 2355 2340
f 2338 2356 2341
f 2338 2340 2356
f 2313 2346 2347
f 2278 2342 2343
f 2343 2344 2386
f 2313 2347 2342
f 2342 2352 2343
f 2342 2347 2352
f 2344 2345 2387
f 2343 2353 2344
f 2343 2352 2353
f 2344 2353 2375
f 2344 2375 2345
f 2317 2348 2349
f 2317 2349 2346
f 2346 2350 2347
f 2346 2349 2350
f 2338 2349 2348
f 2347 2350 2351
f 2347 2351 2352
f 2352 2371 2353
f 2351 2371 2352
f 2341 2350 2349
f 2338 2341 2349
f 2350 2369 2351
f 2341 2369 2350
f 2339 2354 2355
f 2340 2355 2357
f 2340 2357 2356
f 2341 2356 2359
f 2341 2359 2369
f 2356 2357 2358
f 2356 2358 2359
f 2359 2358 2361
f 2359 2360 2369
f 2360 2370 2369
f 2359 2361 2360
f 2360 2363 2370
f 2360 2361 2362
f 2360 2362 2363
f 2363 2362 2364
f 2363 2364 2365
f 2363 2365 2373
f 2365 2364 2366
f 2365 2366 2367
f 2367 2366 2903
f 2345 2376 2368
f 2345 2375 2376
f 2368 2380 2396
f 2368 2376 2380
f 2381 2397 2396
f 2380 2381 2396
f 2397 2913 2398
f 2381 2913 2397
f 2353 2371 2372
f 2351 2370 2371
f 2351 2369 2370
f 2370 2373 2371
f 2371 2373 2372
f 2363 2373 2370
f 2372 2373 2377
f 2372 2377 2374
f 2353 2372 2375
f 2372 2374 2375
f 2374 2376 2375
f 2374 2378 2376
f 2365 2377 2373
f 2374 2379 2378
f 2374 2377 2379
f 2365 2367 2377
f 2367 2379 2377
f 2367 2905 2379
f 2378 2907 2382
f 2378 2379 2907
f 2376 2378 2380
f 2378 2382 2380
f 2380 2382 2381
f 2381 2915 2913
f 2381 2382 2915
f 2320 2387 2383
f 2383 2388 2384
f 2384 2389 2385
f 2320 2386 2387
f 2383 2387 2388
f 2384 2388 2389
f 2345 2388 2387
f 2368 2389 2388
f 2385 2393 2390
f 2390 2394 2391
f 2391 2395 2392
f 2392 2940 2937
f 2385 2389 2393
f 2390 2393 2394
f 2389 2396 2393
f 2393 2397 2394
f 2391 2394 2395
f 2392 2395 2940
f 2394 2398 2395
f 2345 2368 2388
f 2368 2396 2389
f 2393 2396 2397
f 2394 2397 2398
f 2170 2609 2610
f 2170 2610 2675
f 2170 2675 2676
f 2170 2676 2677
f 2677 2619 2617
f 2677 2617 2618
f 2677 2618 2616
f 2677 2616 2611
f 2677 2615 2619
f 2677 2632 2615
f 2677 2633 2632
f 2677 2634 2633
f 2677 2635 2634
f 2677 2636 2635
f 2185 2668 5498
f 2677 5498 2636
f 5498 2637 2636
f 5498 2638 2637
f 5498 2646 2638
f 5498 2647 2646
f 5498 2648 2647
f 5498 2649 2648
f 5498 2650 2649
f 5498 2652 2651
f 5498 2651 2650
f 5498 2653 2652
f 5498 2662 2653
f 5498 2666 2665
f 5498 2665 2664
f 5498 2664 2663
f 5498 2663 2662
f 2666 5498 2669
f 5498 2670 2669
f 5498 2671 2670
f 5498 2672 2671
f 5498 2667 2672
f 5498 2668 2667
f 5542 2868 5498
f 1716 2767 2768
f 1717 2768 2769
f 1984 2770 2767
f 2767 2771 2768
f 2768 2772 2769
f 2767 2770 2771
f 2768 2771 2772
f 1989 2780 2770
f 2770 2781 2771
f 2771 2783 2772
f 2770 2780 2781
f 2771 2781 2783
f 2021 2784 2780
f 2780 2784 2785
f 2780 2785 2781
f 2781 2786 2783
f 2781 2785 2786
f 2026 2884 2784
f 2026 2255 2884
f 2784 2884 2885
f 2784 2885 2785
f 2785 2888 2786
f 2785 2885 2888
f 1718 2769 5650
f 2769 2772 5653
f 2772 2783 5691
f 2783 2786 5697
f 2786 2888 5865
f 2174 2613 2612
f 2174 2614 2613
f 2174 2611 2614
f 2174 2620 2621
f 2174 2612 2620
f 2175 2621 2622
f 2175 2622 2623
f 2175 2623 2624
f 2175 2624 2625
f 2175 2625 2626
f 2175 2626 2627
f 2175 2627 2628
f 2179 2628 2629
f 2179 2629 2630
f 2179 2630 2631
f 2179 2631 2639
f 2174 2677 2611
f 2194 2640 2641
f 2194 2639 2640
f 2194 2643 2644
f 2194 2642 2643
f 2194 2641 2642
f 2212 2645 2654
f 2212 2644 2645
f 2212 2655 2656
f 2212 2654 2655
f 2185 2659 2658
f 2185 2658 2661
f 2185 2661 2660
f 2212 2657 2659
f 2212 2656 2657
f 2644 2212 2211
f 2659 2184 2212
f 2659 2185 2184
f 2185 2674 2668
f 2185 2660 2673
f 2185 2673 2674
f 5498 2186 2185
f 2186 5498 2188
f 5498 2187 2188
f 5498 2858 2187
f 2858 5498 2859
f 2859 5498 2860
f 2860 5498 2861
f 2861 5498 2862
f 2862 5498 2863
f 2863 5498 2864
f 2864 5498 2865
f 2865 5498 2866
f 5498 2867 2866
f 5498 2868 2867
f 2255 2886 2884
f 2884 2887 2885
f 2885 2889 2888
f 2255 2258 2886
f 2884 2886 2887
f 2885 2887 2889
f 2258 2890 2891
f 2886 2891 2892
f 2887 2892 2893
f 2890 2937 2938
f 2890 2938 2891
f 2891 2938 2939
f 2891 2939 2892
f 2892 2943 2893
f 2892 2939 2943
f 2258 2891 2886
f 2886 2892 2887
f 2887 2893 2889
f 2367 2903 2904
f 2367 2904 2905
f 2398 2913 2914
f 2914 2925 2945
f 2925 2926 2946
f 2926 2934 2947
f 2379 2905 2907
f 2907 2905 2906
f 2907 2906 2909
f 2907 2909 2908
f 2382 2908 2915
f 2382 2907 2908
f 2908 2909 2910
f 2908 2910 2911
f 2908 2911 2917
f 2908 2917 2912
f 2912 2916 2915
f 2908 2912 2915
f 2912 2920 2916
f 2913 2915 2916
f 2913 2916 2914
f 2914 2916 2927
f 2914 2927 2925
f 2912 2917 2918
f 2912 2918 2919
f 2912 2919 2920
f 2920 2919 2921
f 2916 2920 2927
f 2920 2924 2927
f 2920 2921 2922
f 2920 2922 2924
f 2924 2922 2923
f 2924 2923 2929
f 2924 2929 2931
f 2924 2931 2928
f 2925 2927 2928
f 2925 2928 2926
f 2926 2928 2935
f 2926 2935 2934
f 2924 2928 2927
f 2928 2931 2935
f 2931 2929 2930
f 2931 2930 2932
f 2931 2932 2933
f 2931 2933 2936
f 2937 2941 2938
f 2938 2942 2939
f 2939 2944 2943
f 2937 2940 2941
f 2395 2945 2940
f 2940 2946 2941
f 2938 2941 2942
f 2941 2947 2942
f 2942 2948 2944
f 2939 2942 2944
f 2395 2398 2945
f 2940 2945 2946
f 2398 2914 2945
f 2925 2946 2945
f 2941 2946 2947
f 2942 2947 2948
f 2926 2947 2946
f 2934 2948 2947
f 2888 2889 5866
f 2889 2893 5871
f 2893 2943 5909
f 2934 5881 2948
f 2931 2936 5875
f 2931 5880 2935
f 2934 2935 5882
f 2943 2944 5910
f 2944 2948 5917
f 416 2983 2982
f 418 2985 2984
f 422 2982 2995
f 425 2995 2998
f 2982 2987 2986
f 2982 2983 2987
f 2986 2987 2990
f 2986 2990 2989
f 2989 2990 3119
f 2982 2986 2995
f 2986 2989 2996
f 2989 3118 2997
f 2984 2992 2988
f 2984 2985 2992
f 2988 2992 2993
f 2988 2993 2991
f 2991 2993 2994
f 2991 2994 3120
f 2986 2996 2995
f 2989 2997 2996
f 2995 2996 2998
f 2996 2997 2999
f 2997 3167 3000
f 2996 2999 2998
f 2997 3000 2999
f 2998 2999 3401
f 2999 3000 3402
f 3000 3172 3403
f 2989 3119 3118
f 3118 3123 3122
f 3118 3119 3123
f 3122 3123 3124
f 3122 3124 3129
f 3118 3122 3167
f 3122 3129 3168
f 3120 3125 3121
f 2994 3125 3120
f 3121 3125 3126
f 3121 3126 3127
f 3126 3128 3127
f 3127 3128 3134
f 3128 3136 3134
f 3124 3130 3129
f 3129 3130 3131
f 3131 3133 3132
f 3130 3133 3131
f 3132 3133 3142
f 3129 3131 3169
f 3131 3132 3170
f 3134 3136 3135
f 3135 3136 3137
f 3135 3137 3138
f 3138 3139 3145
f 3137 3139 3138
f 3139 3140 3145
f 3132 3142 3141
f 3141 3142 3143
f 3141 3143 3144
f 3143 3148 3144
f 3144 3148 3150
f 3132 3141 3171
f 3141 3144 3177
f 3144 3150 3178
f 3140 3146 3145
f 3140 3147 3146
f 3146 3147 3149
f 3147 3160 3149
f 3149 3160 3155
f 3155 3160 3161
f 3148 3153 3150
f 3150 3153 3151
f 3151 3154 3152
f 3150 3151 3179
f 3151 3152 3180
f 3151 3153 3154
f 3155 3161 3156
f 3156 3162 3158
f 3152 3154 3157
f 3156 3161 3162
f 3158 3162 3163
f 3158 3163 3159
f 3159 3163 3164
f 3159 3164 3165
f 3159 3165 3198
f 3165 3166 3198
f 2997 3118 3167
f 3122 3168 3167
f 3129 3169 3168
f 3167 3168 3172
f 3168 3169 3173
f 3131 3170 3169
f 3132 3171 3170
f 3169 3170 3174
f 3170 3171 3175
f 3000 3167 3172
f 3168 3173 3172
f 3169 3174 3173
f 3172 3173 4179
f 3173 3174 4180
f 3170 3175 3174
f 3171 3176 3175
f 3174 3175 4181
f 3175 3176 4182
f 3141 3177 3171
f 3144 3178 3177
f 3171 3177 3176
f 3177 3178 3182
f 3178 3179 3183
f 3150 3179 3178
f 3151 3180 3179
f 3152 3181 3180
f 3179 3180 3184
f 3180 3181 3185
f 3176 3177 3182
f 3178 3183 3182
f 3176 3182 4183
f 3182 3183 4189
f 3183 3184 4190
f 3179 3184 3183
f 3180 3185 3184
f 3181 3186 3185
f 3184 3185 4191
f 3185 3186 4192
f 3152 3188 3181
f 3152 3157 3188
f 3157 3189 3188
f 3188 3189 3191
f 3189 3190 3191
f 3190 3194 3191
f 3190 3192 3194
f 3188 3191 3235
f 3191 3194 3236
f 3192 3195 3194
f 3192 3193 3195
f 3193 3196 3195
f 3193 3209 3196
f 3196 3210 3197
f 3194 3195 3237
f 3195 3196 3238
f 3196 3197 3239
f 3166 3199 3198
f 3166 3200 3199
f 3199 3200 3201
f 3200 3203 3201
f 3201 3203 3202
f 3202 3203 3204
f 3202 3204 3211
f 3204 3205 3211
f 3205 3206 3212
f 3196 3209 3210
f 3197 3210 3213
f 3197 3213 3219
f 3213 3214 3219
f 3205 3212 3211
f 3206 3215 3212
f 3206 3207 3215
f 3208 3216 3215
f 3207 3208 3215
f 3208 3265 3216
f 3217 3265 3266
f 3216 3265 3217
f 3217 3267 3218
f 3197 3219 3240
f 3214 3220 3219
f 3214 3221 3220
f 3220 3221 3222
f 3221 3224 3222
f 3222 3224 3223
f 3223 3225 3230
f 3219 3220 3247
f 3220 3222 3248
f 3222 3223 3249
f 3223 3230 3250
f 3223 3224 3225
f 3225 3227 3230
f 3227 3228 3231
f 3230 3231 3251
f 3227 3231 3230
f 3228 3232 3231
f 3228 3229 3232
f 3229 3297 3232
f 3232 3297 3299
f 3231 3232 3252
f 3232 3233 3253
f 3233 3234 3254
f 3234 3302 3255
f 3181 3188 3235
f 3181 3235 3186
f 3191 3236 3235
f 3194 3237 3236
f 3235 3236 3241
f 3236 3237 3242
f 3195 3238 3237
f 3196 3239 3238
f 3197 3240 3239
f 3237 3238 3243
f 3238 3239 3244
f 3239 3240 3245
f 3240 3247 3246
f 3186 3235 3241
f 3186 3241 4193
f 3236 3242 3241
f 3237 3243 3242
f 3241 3242 4326
f 3242 3243 4327
f 3238 3244 3243
f 3239 3245 3244
f 3240 3246 3245
f 3243 3244 4328
f 3244 3245 4329
f 3245 3246 4330
f 3246 3256 4331
f 3219 3247 3240
f 3220 3248 3247
f 3222 3249 3248
f 3223 3250 3249
f 3247 3248 3256
f 3248 3249 3257
f 3249 3250 3258
f 3250 3251 3259
f 3230 3251 3250
f 3251 3252 3260
f 3231 3252 3251
f 3232 3253 3252
f 3233 3254 3253
f 3234 3255 3254
f 3255 3302 3377
f 3252 3253 3261
f 3253 3254 3262
f 3254 3255 3263
f 3255 3377 3264
f 3246 3247 3256
f 3248 3257 3256
f 3249 3258 3257
f 3250 3259 3258
f 3251 3260 3259
f 3256 3257 4339
f 3257 3258 4340
f 3258 3259 4341
f 3259 3260 4342
f 3252 3261 3260
f 3253 3262 3261
f 3254 3263 3262
f 3255 3264 3263
f 3260 3261 4343
f 3261 3262 4344
f 3262 3263 4345
f 3263 3264 4346
f 3264 3382 4347
f 3217 3266 3267
f 3218 3267 3268
f 3226 3268 3269
f 3218 3268 3226
f 3226 3269 3292
f 3270 3293 3292
f 3269 3270 3292
f 3270 3271 3293
f 3271 3294 3293
f 3271 3272 3298
f 3272 3273 3298
f 3273 3274 3298
f 3274 3275 3298
f 3275 3276 3298
f 3276 3277 3298
f 3271 3295 3294
f 3271 3296 3295
f 3271 3298 3296
f 3232 3299 3300
f 3232 3300 3301
f 3232 3301 3306
f 3302 3303 3377
f 3303 3304 3378
f 3304 3305 3379
f 3305 3307 3380
f 3277 3279 3298
f 3279 3280 3298
f 3280 3281 3298
f 3281 3282 3298
f 3282 3283 3298
f 3303 3378 3377
f 3304 3379 3378
f 3305 3380 3379
f 3307 3381 3380
f 3377 3378 3382
f 3378 3379 3383
f 3379 3380 3384
f 3380 3381 3385
f 3264 3377 3382
f 3378 3383 3382
f 3379 3384 3383
f 3380 3385 3384
f 3381 3386 3385
f 3382 3383 4466
f 3383 3384 4467
f 3384 3385 4468
f 3385 3386 4469
f 3232 5169 3233
f 3233 5169 3234
f 3232 3306 5169
f 3234 5169 3302
f 3302 5169 3303
f 3303 5169 3304
f 3283 4947 3298
f 3283 3284 4947
f 3284 3290 4947
f 3278 3400 4947
f 3278 4947 3285
f 3285 4947 3286
f 3286 4947 3287
f 3287 4947 3288
f 3289 4947 3291
f 3290 3291 4947
f 3288 4947 3289
f 3304 5169 3305
f 3305 5169 3307
f 3307 5170 3381
f 3381 5247 3386
f 3386 5252 4470
f 1028 2998 3401
f 1031 3401 3404
f 1037 3404 3407
f 1041 3407 3414
f 1107 3414 3736
f 2999 3402 3401
f 3000 3403 3402
f 3401 3402 3404
f 3402 3403 3405
f 3403 4179 3406
f 3402 3405 3404
f 3403 3406 3405
f 3404 3405 3407
f 3405 3406 3409
f 3406 4184 3410
f 3405 3409 3407
f 3406 3410 3409
f 3407 3409 3414
f 3409 3410 3415
f 3409 3415 3414
f 3410 4199 3416
f 3410 3416 3415
f 3414 3415 3736
f 3415 3416 3738
f 3415 3738 3736
f 3416 4211 3739
f 3416 3739 3738
f 3739 4211 4493
f 1108 3736 3737
f 1112 3737 3742
f 1129 3742 3756
f 1130 3756 3757
f 1134 3757 3764
f 1157 3764 3768
f 1158 3768 3769
f 1159 3769 3770
f 1160 3770 3771
f 3771 3753 1166
f 3736 3738 3737
f 3738 3739 3740
f 3739 4493 3741
f 3737 3738 3740
f 3739 3741 3740
f 3741 4493 4496
f 3737 3740 3742
f 3740 3741 3743
f 3741 4496 3744
f 3740 3743 3742
f 3741 3744 3743
f 3744 4496 3745
f 3742 3743 3756
f 3743 3758 3756
f 3743 3744 3758
f 3744 3759 3758
f 3744 3745 3759
f 3745 3760 3759
f 3771 3754 3753
f 3756 3758 3757
f 3758 3759 3761
f 3759 3760 3762
f 3757 3758 3761
f 3759 3762 3761
f 3757 3761 3764
f 3761 3762 3765
f 3760 3763 3762
f 3762 3763 3766
f 3763 4539 3767
f 3761 3765 3764
f 3762 3766 3765
f 3764 3765 3768
f 3765 3766 3775
f 3763 3767 3766
f 3767 4539 4549
f 3766 3767 3776
f 3767 4549 3784
f 3771 3755 3754
f 3771 3772 3755
f 3771 3773 3772
f 3771 3774 3773
f 3771 3780 3774
f 3765 3775 3768
f 3766 3776 3775
f 3767 3784 3776
f 3784 4549 3785
f 3768 3775 3769
f 3769 3775 3777
f 3775 3776 3777
f 3776 3778 3777
f 3769 3777 3770
f 3777 3778 3779
f 3770 3777 3779
f 3770 3779 3771
f 3771 3779 3780
f 3779 3781 3780
f 3778 3786 3781
f 3778 3781 3779
f 3780 3781 3782
f 3781 3788 3782
f 3782 3788 3783
f 3776 3784 3778
f 3778 3784 3786
f 3784 3785 3786
f 3785 3787 3786
f 3786 3787 3788
f 3781 3786 3788
f 3787 3789 3788
f 3783 3788 3789
f 3783 3789 3793
f 3787 4555 3789
f 3789 4555 3790
f 3789 3790 3793
f 3790 3795 3793
f 3790 4556 3795
f 3780 3782 3774
f 3782 3791 3774
f 3782 3783 3791
f 3783 3792 3791
f 3783 3793 3792
f 3793 3795 3792
f 3795 3794 3792
f 3795 4567 3794
f 4567 4568 3794
f 4568 3796 3794
f 3172 4179 3403
f 3173 4180 4179
f 3174 4181 4180
f 4179 4180 4184
f 4180 4181 4185
f 3175 4182 4181
f 3176 4183 4182
f 4181 4182 4186
f 4182 4183 4187
f 3406 4179 4184
f 4180 4185 4184
f 4181 4186 4185
f 4184 4185 4199
f 4185 4186 4200
f 4182 4187 4186
f 4183 4188 4187
f 4186 4187 4201
f 4187 4188 4205
f 4188 4194 4206
f 3182 4189 4183
f 3183 4190 4189
f 3184 4191 4190
f 4183 4189 4188
f 4189 4190 4194
f 4190 4191 4195
f 3185 4192 4191
f 3186 4193 4192
f 4191 4192 4196
f 4192 4193 4197
f 4193 4326 4198
f 4188 4189 4194
f 4190 4195 4194
f 4191 4196 4195
f 4194 4195 4216
f 4195 4196 4217
f 4192 4197 4196
f 4193 4198 4197
f 4196 4197 4218
f 4197 4198 4220
f 4198 4332 4221
f 3410 4184 4199
f 4185 4200 4199
f 4186 4201 4200
f 4199 4200 4211
f 3416 4199 4211
f 4200 4212 4211
f 4200 4201 4212
f 4201 4213 4212
f 4187 4205 4201
f 4188 4206 4205
f 4201 4205 4213
f 4205 4206 4214
f 4205 4214 4213
f 4206 4216 4215
f 4206 4215 4214
f 4215 4216 4223
f 4211 4212 4493
f 4212 4494 4493
f 4212 4213 4494
f 4213 4495 4494
f 4213 4214 4495
f 4214 4215 4499
f 4214 4499 4495
f 4215 4500 4499
f 4215 4223 4500
f 4223 4501 4500
f 4194 4216 4206
f 4195 4217 4216
f 4196 4218 4217
f 4216 4217 4223
f 4217 4224 4223
f 4217 4218 4224
f 4218 4220 4225
f 4218 4225 4224
f 4197 4220 4218
f 4198 4221 4220
f 4221 4332 4222
f 4220 4221 4226
f 4220 4226 4225
f 4221 4227 4226
f 4221 4222 4227
f 4222 4228 4227
f 4223 4224 4501
f 4224 4516 4501
f 4224 4225 4516
f 4225 4226 4517
f 4225 4517 4516
f 4226 4518 4517
f 4226 4227 4518
f 4227 4522 4518
f 4227 4228 4522
f 4228 4360 4523
f 4228 4523 4522
f 4360 4524 4523
f 3241 4326 4193
f 3242 4327 4326
f 3243 4328 4327
f 4326 4327 4332
f 4327 4328 4333
f 4328 4329 4334
f 3244 4329 4328
f 3245 4330 4329
f 3246 4331 4330
f 4329 4330 4335
f 4330 4331 4336
f 4198 4326 4332
f 4327 4333 4332
f 4328 4334 4333
f 4329 4335 4334
f 4222 4332 4333
f 4333 4334 4356
f 4334 4335 4357
f 4330 4336 4335
f 4331 4337 4336
f 4335 4336 4358
f 4336 4337 4359
f 3256 4339 4331
f 4331 4339 4337
f 4337 4339 4338
f 4337 4338 4371
f 4338 4348 4372
f 3257 4340 4339
f 3258 4341 4340
f 3259 4342 4341
f 3260 4343 4342
f 4338 4339 4340
f 4340 4341 4348
f 4341 4342 4349
f 4342 4343 4350
f 4343 4344 4351
f 3261 4344 4343
f 3262 4345 4344
f 3263 4346 4345
f 3264 4347 4346
f 4344 4345 4352
f 4345 4346 4353
f 4346 4347 4354
f 4347 4466 4355
f 4338 4340 4348
f 4341 4349 4348
f 4342 4350 4349
f 4343 4351 4350
f 4348 4349 4373
f 4349 4350 4378
f 4350 4351 4379
f 4344 4352 4351
f 4351 4352 4380
f 4352 4353 4381
f 4345 4353 4352
f 4346 4354 4353
f 4347 4355 4354
f 4353 4354 4382
f 4354 4355 4383
f 4355 4471 4384
f 4222 4333 4356
f 4334 4357 4356
f 4335 4358 4357
f 4222 4356 4228
f 4228 4356 4360
f 4356 4357 4360
f 4357 4361 4360
f 4357 4358 4361
f 4358 4359 4362
f 4358 4362 4361
f 4359 4363 4362
f 4336 4359 4358
f 4337 4371 4359
f 4359 4371 4363
f 4360 4361 4524
f 4361 4362 4799
f 4361 4799 4524
f 4362 4800 4799
f 4362 4363 4800
f 4338 4372 4371
f 4348 4373 4372
f 4371 4372 4374
f 4363 4371 4374
f 4372 4375 4374
f 4372 4373 4375
f 4373 4376 4375
f 4373 4378 4376
f 4376 4378 4377
f 4363 4374 4801
f 4363 4801 4800
f 4374 4375 4806
f 4375 4376 4807
f 4374 4806 4801
f 4375 4807 4806
f 4376 4808 4807
f 4376 4377 4808
f 4377 4385 4809
f 4377 4809 4808
f 4385 4810 4809
f 4349 4378 4373
f 4350 4379 4378
f 4351 4380 4379
f 4377 4378 4379
f 4379 4380 4385
f 4377 4379 4385
f 4352 4381 4380
f 4353 4382 4381
f 4380 4386 4385
f 4380 4381 4386
f 4381 4382 4387
f 4381 4387 4386
f 4382 4388 4387
f 4382 4383 4388
f 4383 4384 4389
f 4383 4389 4388
f 4384 4390 4389
f 4354 4383 4382
f 4355 4384 4383
f 4385 4386 4810
f 4386 4387 4827
f 4387 4388 4828
f 4386 4827 4810
f 4387 4828 4827
f 4388 4829 4828
f 4388 4389 4829
f 4389 4390 4830
f 4389 4830 4829
f 4390 4831 4830
f 3382 4466 4347
f 3383 4467 4466
f 3384 4468 4467
f 3385 4469 4468
f 3386 4470 4469
f 4466 4467 4471
f 4467 4468 4472
f 4468 4469 4473
f 4469 4470 4474
f 4355 4466 4471
f 4467 4472 4471
f 4468 4473 4472
f 4469 4474 4473
f 4470 4475 4474
f 4471 4472 4483
f 4472 4473 4484
f 4473 4474 4485
f 4474 4475 4486
f 4384 4471 4483
f 4472 4484 4483
f 4473 4485 4484
f 4474 4486 4485
f 4475 4487 4486
f 4384 4483 4390
f 4483 4484 4488
f 4484 4485 4489
f 4390 4483 4488
f 4484 4489 4488
f 4485 4486 4490
f 4486 4487 4491
f 4485 4490 4489
f 4486 4491 4490
f 4487 4492 4491
f 4390 4488 4831
f 4488 4489 4855
f 4489 4490 4856
f 4488 4855 4831
f 4489 4856 4855
f 4490 4491 4857
f 4491 4492 4858
f 4490 4857 4856
f 4491 4858 4857
f 4492 4864 4858
f 4493 4494 4496
f 4494 4495 4497
f 4495 4499 4498
f 4494 4497 4496
f 4495 4498 4497
f 4499 4500 4502
f 4498 4499 4502
f 4500 4501 4503
f 4500 4503 4502
f 4501 4504 4503
f 3745 4496 4497
f 4497 4498 4505
f 3745 4497 4505
f 4498 4502 4506
f 4498 4506 4505
f 4502 4507 4506
f 3745 4505 3760
f 3760 4505 4536
f 4505 4506 4536
f 4506 4537 4536
f 4506 4507 4537
f 4507 4538 4537
f 4502 4503 4507
f 4503 4508 4507
f 4503 4504 4508
f 4504 4519 4509
f 4504 4509 4508
f 4509 4519 4510
f 4507 4508 4538
f 4508 4542 4538
f 4508 4509 4542
f 4509 4543 4542
f 4509 4510 4543
f 4510 4544 4543
f 4501 4516 4504
f 4516 4517 4519
f 4517 4518 4520
f 4504 4516 4519
f 4517 4520 4519
f 4518 4521 4520
f 4518 4522 4521
f 4522 4523 4525
f 4523 4524 4526
f 4524 4799 4527
f 4521 4522 4525
f 4523 4526 4525
f 4524 4527 4526
f 4527 4799 4528
f 4510 4519 4520
f 4510 4520 4529
f 4520 4521 4529
f 4521 4525 4530
f 4521 4530 4529
f 4525 4531 4530
f 4510 4529 4544
f 4529 4605 4544
f 4529 4530 4605
f 4530 4606 4605
f 4530 4531 4606
f 4531 4607 4606
f 4531 4532 4607
f 4532 4608 4607
f 4525 4526 4531
f 4526 4527 4532
f 4526 4532 4531
f 4527 4533 4532
f 4527 4528 4533
f 4532 4533 4608
f 4528 4802 4534
f 4528 4534 4533
f 4534 4802 4535
f 4533 4613 4608
f 4533 4534 4613
f 4534 4614 4613
f 4534 4535 4614
f 4535 4615 4614
f 4535 4817 4615
f 4615 4817 4616
f 3760 4536 3763
f 4536 4537 4539
f 4537 4538 4540
f 4538 4542 4541
f 3763 4536 4539
f 4537 4540 4539
f 4539 4540 4549
f 4538 4541 4540
f 4541 4542 4545
f 4540 4541 4550
f 4541 4545 4551
f 4542 4543 4545
f 4543 4544 4546
f 4544 4605 4547
f 4543 4546 4545
f 4545 4546 4552
f 4546 4547 4576
f 4544 4547 4546
f 4547 4605 4548
f 4540 4550 4549
f 4541 4551 4550
f 4545 4552 4551
f 4546 4576 4552
f 4547 4548 4577
f 4548 4609 4578
f 3785 4549 4550
f 3785 4550 4553
f 4550 4551 4553
f 4551 4554 4553
f 4551 4552 4554
f 4552 4559 4554
f 4552 4576 4559
f 4559 4576 4560
f 3785 4553 3787
f 3787 4553 4555
f 4553 4554 4555
f 4554 4557 4555
f 4554 4559 4557
f 3790 4555 4557
f 3790 4557 4556
f 3795 4556 4567
f 4556 4558 4567
f 4558 4568 4567
f 4556 4557 4561
f 4556 4561 4558
f 4558 4562 4568
f 4557 4559 4561
f 4559 4560 4561
f 4560 4563 4561
f 4560 4580 4563
f 4563 4580 4564
f 4558 4561 4563
f 4558 4563 4562
f 4562 4565 4569
f 4562 4563 4564
f 4564 4582 4565
f 4562 4564 4565
f 4565 4582 4566
f 4568 4569 3796
f 4562 4569 4568
f 4569 4571 3796
f 4571 4570 3796
f 4571 4572 4570
f 4565 4571 4569
f 4565 4566 4571
f 4566 4572 4571
f 4572 4573 4570
f 4573 4574 4570
f 4566 4588 4572
f 4572 4588 4573
f 4573 4589 4574
f 4589 4590 4574
f 4590 4575 4574
f 4547 4577 4576
f 4560 4576 4577
f 4560 4577 4580
f 4577 4578 4580
f 4578 4581 4580
f 4548 4578 4577
f 4578 4609 4579
f 4578 4579 4581
f 4579 4584 4581
f 4579 4622 4584
f 4584 4622 4585
f 4564 4580 4581
f 4564 4581 4582
f 4581 4584 4582
f 4582 4584 4583
f 4566 4582 4583
f 4566 4583 4588
f 4583 4586 4588
f 4586 4591 4588
f 4583 4585 4586
f 4583 4584 4585
f 4585 4626 4586
f 4586 4626 4587
f 4586 4587 4591
f 4573 4591 4589
f 4573 4588 4591
f 4589 4592 4590
f 4589 4591 4592
f 4590 4597 4593
f 4590 4592 4597
f 4590 4593 4575
f 4595 4594 4575
f 4593 4595 4575
f 4595 4601 4594
f 4601 4596 4594
f 4587 4598 4592
f 4587 4592 4591
f 4592 4598 4597
f 4593 4597 4599
f 4593 4599 4595
f 4595 4600 4601
f 4595 4599 4600
f 4597 4598 4630
f 4597 4630 4599
f 4600 4631 4601
f 4601 4602 4596
f 4602 4603 4596
f 4603 4747 4596
f 4601 4631 4602
f 4602 4634 4603
f 4603 4604 4747
f 4604 4635 4747
f 4548 4605 4606
f 4606 4607 4609
f 4548 4606 4609
f 4607 4608 4610
f 4608 4613 4611
f 4607 4610 4609
f 4579 4609 4610
f 4610 4611 4622
f 4608 4611 4610
f 4611 4613 4612
f 4611 4612 4623
f 4612 4617 4624
f 4612 4613 4614
f 4614 4615 4617
f 4615 4616 4618
f 4616 4833 4619
f 4612 4614 4617
f 4615 4618 4617
f 4617 4618 4625
f 4618 4619 4645
f 4616 4619 4618
f 4619 4833 4620
f 4619 4620 4646
f 4620 4621 4647
f 4621 4839 4648
f 4579 4610 4622
f 4611 4623 4622
f 4585 4622 4623
f 4585 4623 4626
f 4623 4624 4626
f 4624 4627 4626
f 4612 4624 4623
f 4617 4625 4624
f 4624 4625 4627
f 4625 4628 4627
f 4628 4645 4629
f 4625 4645 4628
f 4629 4645 4646
f 4629 4646 4639
f 4587 4626 4627
f 4587 4627 4598
f 4598 4627 4628
f 4598 4628 4630
f 4628 4629 4630
f 4629 4632 4630
f 4599 4630 4632
f 4600 4632 4633
f 4599 4632 4600
f 4600 4633 4631
f 4631 4633 4640
f 4631 4640 4634
f 4602 4631 4634
f 4603 4637 4604
f 4603 4634 4637
f 4604 4638 4635
f 4604 4637 4638
f 4634 4641 4637
f 4635 4638 4642
f 4635 4642 4636
f 4636 4642 4643
f 4629 4639 4632
f 4632 4639 4633
f 4633 4651 4640
f 4633 4639 4651
f 4640 4652 4641
f 4640 4651 4652
f 4641 4653 4644
f 4634 4640 4641
f 4637 4641 4644
f 4637 4644 4638
f 4638 4655 4642
f 4638 4644 4655
f 4642 4655 4656
f 4642 4656 4643
f 4643 4657 4757
f 4618 4645 4625
f 4619 4646 4645
f 4620 4647 4646
f 4639 4646 4647
f 4639 4647 4651
f 4647 4648 4651
f 4648 4649 4652
f 4648 4652 4651
f 4649 4653 4652
f 4621 4648 4647
f 4648 4839 4649
f 4649 4840 4650
f 4649 4650 4653
f 4650 4654 4653
f 4650 4848 4654
f 4654 4848 4658
f 4658 4848 4849
f 4658 4849 4659
f 4659 4850 4660
f 4641 4652 4653
f 4644 4653 4654
f 4644 4654 4655
f 4654 4658 4655
f 4655 4658 4656
f 4656 4659 4657
f 4656 4658 4659
f 4657 4660 4773
f 4643 4656 4657
f 4657 4659 4660
f 4635 4748 4747
f 4635 4636 4748
f 4750 4749 4748
f 4636 4750 4748
f 4750 4752 4749
f 4752 4753 4749
f 4753 4751 4749
f 4636 4643 4750
f 4750 4757 4752
f 4753 4754 4751
f 4754 4756 4751
f 4756 4755 4751
f 4756 4760 4755
f 4760 4762 4755
f 4762 4761 4755
f 4643 4757 4750
f 4752 4758 4753
f 4752 4757 4758
f 4753 4758 4759
f 4753 4759 4754
f 4754 4771 4756
f 4756 4772 4760
f 4757 4773 4758
f 4754 4759 4771
f 4756 4771 4772
f 4762 4763 4761
f 4763 4764 4761
f 4760 4775 4762
f 4762 4776 4763
f 4760 4772 4775
f 4762 4775 4776
f 4763 4777 4764
f 4777 4765 4764
f 4777 4766 4765
f 4763 4776 4777
f 4778 4767 4766
f 4778 4768 4767
f 4787 4769 4768
f 4657 4773 4757
f 4758 4773 4774
f 4758 4774 4759
f 4759 4781 4771
f 4771 4782 4772
f 4759 4774 4781
f 4771 4781 4782
f 4772 4782 4783
f 4777 4778 4766
f 4778 4787 4768
f 4775 4783 4784
f 4776 4784 4785
f 4772 4783 4775
f 4775 4784 4776
f 4776 4785 4777
f 4777 4786 4778
f 4773 4779 4774
f 4660 4779 4773
f 4774 4780 4781
f 4781 4888 4782
f 4774 4779 4780
f 4780 4888 4781
f 4782 4889 4783
f 4782 4888 4889
f 4783 4890 4784
f 4784 4891 4785
f 4783 4889 4890
f 4785 4892 4786
f 4777 4785 4786
f 4778 4786 4794
f 4787 4770 4769
f 4787 4788 4770
f 4787 4789 4788
f 4787 4790 4789
f 4778 4794 4787
f 4787 4794 4790
f 4794 4793 4791
f 4794 4791 4790
f 4786 4894 4794
f 4794 4792 4793
f 4794 4795 4792
f 4794 4796 4795
f 4794 4797 4796
f 4794 4798 4797
f 4528 4799 4800
f 4800 4801 4802
f 4801 4806 4803
f 4804 4806 4807
f 4528 4800 4802
f 4801 4803 4802
f 4803 4806 4804
f 4804 4807 4805
f 4805 4807 4808
f 4808 4809 4811
f 4809 4810 4812
f 4805 4808 4811
f 4809 4812 4811
f 4810 4813 4812
f 4810 4827 4813
f 4814 4827 4828
f 4813 4827 4814
f 4814 4828 4815
f 4535 4802 4803
f 4803 4804 4817
f 4535 4803 4817
f 4804 4818 4817
f 4804 4805 4818
f 4805 4811 4819
f 4805 4819 4818
f 4811 4820 4819
f 4616 4817 4818
f 4616 4818 4833
f 4818 4819 4833
f 4819 4834 4833
f 4819 4820 4834
f 4820 4835 4834
f 4820 4821 4835
f 4821 4836 4835
f 4821 4822 4836
f 4822 4837 4836
f 4811 4812 4820
f 4812 4821 4820
f 4812 4813 4821
f 4813 4814 4822
f 4813 4822 4821
f 4814 4823 4822
f 4814 4815 4823
f 4815 4824 4823
f 4815 4816 4824
f 4816 4832 4825
f 4816 4825 4824
f 4825 4832 4826
f 4822 4823 4837
f 4823 4838 4837
f 4823 4824 4838
f 4824 4845 4838
f 4824 4825 4845
f 4825 4846 4845
f 4826 4847 4846
f 4825 4826 4846
f 4826 4852 4847
f 4815 4828 4829
f 4816 4829 4830
f 4830 4831 4832
f 4815 4829 4816
f 4816 4830 4832
f 4831 4859 4832
f 4826 4832 4859
f 4620 4833 4834
f 4621 4834 4835
f 4620 4834 4621
f 4835 4836 4839
f 4836 4837 4840
f 4837 4838 4841
f 4838 4845 4842
f 4621 4835 4839
f 4836 4840 4839
f 4649 4839 4840
f 4650 4840 4841
f 4841 4842 4848
f 4842 4843 4849
f 4837 4841 4840
f 4838 4842 4841
f 4842 4845 4843
f 4843 4846 4844
f 4843 4844 4850
f 4844 4869 4851
f 4843 4845 4846
f 4844 4846 4847
f 4844 4847 4869
f 4650 4841 4848
f 4842 4849 4848
f 4843 4850 4849
f 4844 4851 4850
f 4659 4849 4850
f 4660 4850 4851
f 4660 4851 4779
f 4826 4859 4852
f 4852 4853 4871
f 4847 4852 4871
f 4853 4872 4871
f 4854 4873 4872
f 4853 4854 4872
f 4866 4874 4873
f 4854 4866 4873
f 4866 4867 4874
f 4867 4868 4875
f 4867 4875 4874
f 4868 4880 4875
f 4831 4855 4859
f 4855 4856 4860
f 4856 4857 4861
f 4857 4858 4862
f 4858 4864 4863
f 4855 4860 4859
f 4856 4861 4860
f 4857 4862 4861
f 4858 4863 4862
f 4863 4864 4865
f 4852 4859 4860
f 4853 4860 4861
f 4852 4860 4853
f 4853 4861 4854
f 4854 4861 4862
f 4862 4863 4866
f 4863 4865 4867
f 4854 4862 4866
f 4863 4867 4866
f 4865 4868 4867
f 4869 4870 4882
f 4870 4876 4883
f 4876 4877 4884
f 4877 4878 4885
f 4847 4871 4869
f 4870 4871 4872
f 4872 4873 4876
f 4873 4874 4877
f 4874 4875 4878
f 4875 4880 4879
f 4869 4871 4870
f 4870 4872 4876
f 4873 4877 4876
f 4874 4878 4877
f 4875 4879 4878
f 4878 4879 4886
f 4879 4881 4887
f 4879 4880 4881
f 4779 4851 4882
f 4779 4882 4780
f 4780 4883 4888
f 4780 4882 4883
f 4883 4884 4888
f 4884 4889 4888
f 4884 4885 4889
f 4885 4886 4890
f 4885 4890 4889
f 4886 4891 4890
f 4887 4892 4891
f 4851 4869 4882
f 4870 4883 4882
f 4876 4884 4883
f 4877 4885 4884
f 4878 4886 4885
f 4879 4887 4886
f 4886 4887 4891
f 4887 4893 4892
f 4784 4890 4891
f 4785 4891 4892
f 4786 4892 4894
f 4892 4893 4894
f 4881 4893 4887
f 4470 6137 4475
f 4475 6142 4487
f 4487 6154 4492
f 4492 6160 4864
f 4794 6302 4798
f 4868 6519 4880
f 4864 6508 4865
f 4865 6509 4868
f 4880 6524 4881
f 4881 6525 4893
f 4893 6535 4894
f 4794 4894 6536
f 1709 4916 4915
f 1711 4924 4917
f 1711 4918 4924
f 1712 4928 4918
f 1715 4931 4928
f 1718 5650 4931
f 4915 4922 4919
f 4915 4916 4922
f 4919 4925 4920
f 4919 4922 4925
f 4920 5070 4921
f 4920 4925 5070
f 4917 4924 4923
f 4923 4927 4926
f 4923 4924 4927
f 4926 4927 5073
f 4918 4929 4924
f 4924 4930 4927
f 4918 4928 4929
f 4924 4929 4930
f 4927 4930 5115
f 4928 4932 4929
f 4929 4933 4930
f 4928 4931 4932
f 4929 4932 4933
f 4930 4933 5120
f 4931 5651 4932
f 4932 5652 4933
f 3298 4947 5135
f 3298 5135 5136
f 3298 5136 5137
f 3298 5137 5138
f 3298 5138 5139
f 3298 5139 5140
f 3298 5140 5141
f 3298 5141 5142
f 3298 5142 5143
f 3298 5143 5162
f 3307 5169 5170
f 3381 5170 5247
f 3386 5247 5252
f 4921 5072 5066
f 4921 5070 5072
f 5066 5069 5067
f 5066 5072 5069
f 5067 5079 5068
f 5067 5069 5079
f 4926 5073 5071
f 5071 5076 5074
f 5071 5073 5076
f 5074 5085 5075
f 5074 5076 5085
f 4927 5115 5073
f 5073 5116 5076
f 5076 5117 5085
f 5077 5083 5078
f 5068 5080 5077
f 5068 5079 5080
f 5077 5080 5083
f 5078 5097 5081
f 5078 5083 5097
f 5075 5087 5084
f 5075 5085 5087
f 5084 5088 5086
f 5084 5087 5088
f 5085 5118 5087
f 5087 5119 5088
f 5090 5109 5091
f 5091 5110 5093
f 5092 5093 5264
f 5091 5109 5110
f 5092 5265 5094
f 5093 5110 5264
f 5081 5098 5082
f 5081 5097 5098
f 5082 5099 5096
f 5082 5098 5099
f 5089 5096 5105
f 5096 5099 5105
f 5089 5106 5090
f 5089 5105 5106
f 5086 5103 5101
f 5101 5104 5102
f 5101 5103 5104
f 5086 5088 5103
f 5100 5102 5112
f 5102 5104 5112
f 5088 5125 5103
f 5103 5126 5104
f 5090 5106 5109
f 5107 5114 5108
f 5108 5283 5111
f 5108 5114 5283
f 5100 5113 5107
f 5100 5112 5113
f 5107 5113 5114
f 5104 5127 5112
f 5112 5128 5113
f 5113 5129 5114
f 5073 5115 5116
f 5076 5116 5117
f 4930 5120 5115
f 5115 5121 5116
f 5116 5122 5117
f 5085 5117 5118
f 5087 5118 5119
f 5117 5123 5118
f 5118 5124 5119
f 5115 5120 5121
f 5116 5121 5122
f 4933 6005 5120
f 5120 6006 5121
f 5121 6007 5122
f 5117 5122 5123
f 5118 5123 5124
f 5122 6008 5123
f 5123 6009 5124
f 5088 5119 5125
f 5104 5126 5127
f 5103 5125 5126
f 5119 5130 5125
f 5125 5131 5126
f 5112 5127 5128
f 5113 5128 5129
f 5126 5132 5127
f 5127 5133 5128
f 5128 5134 5129
f 5119 5124 5130
f 5126 5131 5132
f 5125 5130 5131
f 5124 6015 5130
f 5130 6016 5131
f 5127 5132 5133
f 5128 5133 5134
f 5131 6017 5132
f 5132 6018 5133
f 5133 6019 5134
f 5149 5150 5162
f 5152 5153 5162
f 5152 5162 5154
f 5149 5162 5151
f 5151 5162 5153
f 5150 5155 5162
f 5159 5161 5288
f 5155 5156 5166
f 5156 5157 5167
f 5156 5167 5166
f 5157 5158 5165
f 5158 5159 5165
f 5157 5165 5167
f 5159 5288 5165
f 5143 5144 5162
f 5144 5145 5162
f 5145 5147 5162
f 5146 5162 5148
f 5147 5148 5162
f 5146 5154 5162
f 5155 5163 5162
f 5155 5164 5163
f 5155 5166 5164
f 5169 5171 5170
f 5171 5172 5174
f 5172 5173 5175
f 5168 5177 5173
f 5170 5171 5174
f 5172 5175 5174
f 5173 5177 5176
f 5173 5176 5175
f 5168 5301 5177
f 5170 5174 5247
f 5174 5175 5248
f 5175 5176 5249
f 5176 5177 5250
f 5174 5248 5247
f 5175 5249 5248
f 5176 5250 5249
f 5177 5251 5250
f 5247 5248 5252
f 5248 5249 5253
f 5249 5250 5254
f 5250 5251 5256
f 5248 5253 5252
f 5249 5254 5253
f 5250 5256 5254
f 5251 5255 5256
f 5252 5253 6137
f 5253 5254 6139
f 5255 6140 5256
f 5255 5331 6141
f 5254 5256 6138
f 5257 5272 5258
f 5259 5262 5270
f 5258 5273 5262
f 5094 5267 5095
f 5095 5266 5263
f 5257 5263 5266
f 5092 5264 5265
f 5094 5265 5267
f 5095 5267 5266
f 5257 5266 5272
f 5258 5272 5273
f 5259 5269 5261
f 5260 5261 5271
f 5160 5260 5268
f 5160 5268 5161
f 5262 5273 5270
f 5259 5270 5269
f 5261 5269 5271
f 5161 5268 5288
f 5260 5271 5268
f 5275 5281 5287
f 5274 5275 5295
f 5274 5296 5276
f 5275 5287 5295
f 5111 5282 5278
f 5111 5283 5282
f 5278 5284 5279
f 5279 5285 5280
f 5278 5282 5284
f 5279 5284 5285
f 5282 5283 5305
f 5282 5306 5284
f 5114 5304 5283
f 5280 5286 5281
f 5280 5285 5286
f 5281 5286 5287
f 5284 5307 5285
f 5285 5308 5286
f 5286 5309 5287
f 5291 5299 5293
f 5289 5290 5303
f 5289 5300 5291
f 5289 5303 5300
f 5290 5294 5297
f 5277 5298 5294
f 5276 5296 5277
f 5274 5295 5296
f 5277 5296 5298
f 5294 5298 5297
f 5290 5297 5303
f 5295 5317 5296
f 5297 5298 5318
f 5296 5319 5298
f 5292 5293 5302
f 5168 5292 5301
f 5292 5302 5301
f 5293 5299 5302
f 5291 5300 5299
f 5300 5303 5321
f 5299 5300 5320
f 5301 5302 5322
f 5299 5323 5302
f 5177 5301 5251
f 5297 5324 5303
f 5287 5316 5295
f 5283 5304 5305
f 5282 5305 5306
f 5304 5311 5305
f 5305 5312 5306
f 5114 5129 5304
f 5129 5310 5304
f 5285 5307 5308
f 5284 5306 5307
f 5286 5308 5309
f 5306 5313 5307
f 5307 5314 5308
f 5308 5315 5309
f 5304 5310 5311
f 5305 5311 5312
f 5134 6165 5310
f 5310 6166 5311
f 5311 6167 5312
f 5129 5134 5310
f 5307 5313 5314
f 5306 5312 5313
f 5308 5314 5315
f 5309 5315 5325
f 5313 6169 5314
f 5312 6168 5313
f 5314 6170 5315
f 5295 5316 5317
f 5297 5318 5324
f 5298 5319 5318
f 5296 5317 5319
f 5316 5326 5317
f 5318 5319 5327
f 5317 5328 5319
f 5300 5321 5320
f 5251 5301 5322
f 5302 5323 5322
f 5299 5320 5323
f 5321 5324 5329
f 5320 5321 5330
f 5251 5322 5255
f 5322 5323 5331
f 5320 5332 5323
f 5303 5324 5321
f 5318 5333 5324
f 5316 5325 5326
f 5317 5326 5328
f 5319 5328 5327
f 5318 5327 5333
f 5315 6177 5325
f 5325 6178 5326
f 5327 5328 6180
f 5327 6181 5333
f 5326 6179 5328
f 5320 5330 5332
f 5321 5329 5330
f 5255 5322 5331
f 5323 5332 5331
f 5330 6182 5332
f 5329 5333 6183
f 5329 6184 5330
f 5331 5332 6185
f 5324 5333 5329
f 5287 5309 5316
f 5309 5325 5316
f 6287 5543 5544
f 6294 5542 5543
f 6287 5544 5545
f 6287 5545 5546
f 2769 5653 5650
f 2772 5691 5653
f 2783 5697 5691
f 2786 5865 5697
f 4931 5650 5651
f 4932 5651 5652
f 4933 5652 6005
f 5650 5654 5651
f 5651 5655 5652
f 5650 5653 5654
f 5651 5654 5655
f 5652 5655 6010
f 5653 5695 5654
f 5654 5696 5655
f 5653 5691 5695
f 5654 5695 5696
f 5655 5696 6028
f 5691 5698 5695
f 5691 5697 5698
f 5695 5698 5699
f 5695 5699 5696
f 5696 5699 6037
f 5697 5867 5698
f 5697 5865 5867
f 5698 5867 5868
f 5698 5868 5699
f 5699 6333 6037
f 5699 5868 6333
f 2868 5542 5809
f 2888 5866 5865
f 2893 5909 5871
f 2889 5871 5866
f 2931 5875 5880
f 2934 5882 5881
f 2935 5880 5882
f 2943 5910 5909
f 2944 5917 5910
f 2948 5881 5917
f 5542 5810 5809
f 5542 5811 5810
f 5542 5812 5811
f 5542 5813 5812
f 5542 5814 5813
f 5542 5815 5814
f 5542 5816 5815
f 5542 5817 5816
f 5542 5818 5817
f 5818 5542 5819
f 5819 5542 6258
f 5542 6259 6258
f 5542 6260 6259
f 6260 5542 6261
f 5542 6262 6261
f 6262 5542 6263
f 5542 6264 6263
f 5542 6265 6264
f 6265 5542 6266
f 5542 6267 6266
f 5542 6268 6267
f 5542 6269 6268
f 5865 5869 5867
f 5867 5870 5868
f 5868 6336 6333
f 5865 5866 5869
f 5867 5869 5870
f 5868 5870 6336
f 5866 5871 5872
f 5869 5872 5873
f 5870 5873 5874
f 5871 5911 5872
f 5871 5909 5911
f 5872 5911 5912
f 5873 5912 5913
f 5872 5912 5873
f 5873 5913 5874
f 5866 5872 5869
f 5869 5873 5870
f 5870 5874 6336
f 5880 5875 5876
f 5880 5876 5877
f 5880 5877 5878
f 5880 5878 5879
f 5880 5879 5887
f 6371 5884 5885
f 6371 5885 5886
f 5881 5895 5917
f 5895 5896 5918
f 5896 5905 5919
f 5905 5906 5920
f 5880 5887 5888
f 5880 5888 5890
f 5890 5888 5889
f 5890 5889 5891
f 5880 5890 5882
f 5890 5894 5897
f 5890 5891 5894
f 5894 5891 5892
f 5894 5892 5893
f 5894 5893 5902
f 5894 5898 5897
f 5894 5902 5898
f 5881 5882 5897
f 5881 5897 5895
f 5895 5897 5898
f 5896 5898 5907
f 5895 5898 5896
f 5882 5890 5897
f 5902 5899 5901
f 5902 5893 5899
f 5904 5901 5900
f 5904 5900 5883
f 5902 5901 5904
f 5898 5902 5907
f 5902 5904 5907
f 5904 5883 5884
f 5903 5904 5884
f 5903 5884 6371
f 5904 5908 5907
f 5903 6391 5908
f 5903 5908 5904
f 5905 5907 5908
f 5896 5907 5905
f 5905 5908 5906
f 5906 5908 6391
f 5909 5914 5911
f 5911 5915 5912
f 5912 5916 5913
f 5910 5918 5914
f 5914 5919 5915
f 5909 5910 5914
f 5911 5914 5915
f 5912 5915 5916
f 5913 5916 6436
f 5915 5920 5916
f 5910 5917 5918
f 5914 5918 5919
f 5895 5918 5917
f 5896 5919 5918
f 5915 5919 5920
f 5916 5920 6446
f 5905 5920 5919
f 5906 6446 5920
f 4470 5252 6137
f 4475 6137 6142
f 4487 6142 6154
f 4492 6154 6160
f 4864 6160 6508
f 6302 5950 4798
f 4794 6536 6302
f 6287 5546 5547
f 6287 5547 5548
f 6287 5548 5549
f 6287 5549 5550
f 6287 5551 5970
f 6287 5550 5551
f 6287 5977 5973
f 6287 5973 5975
f 6287 5975 5974
f 6287 5970 5971
f 6287 5971 5972
f 6287 5972 5977
f 6301 5957 5954
f 6302 5956 5955
f 6302 5954 5953
f 6302 5953 5956
f 6302 5951 5950
f 6302 5952 5951
f 6302 5948 5952
f 6302 5949 5948
f 6302 5955 5949
f 6287 5974 5976
f 6287 5976 5978
f 6287 5978 5979
f 6287 5979 5980
f 6287 5980 5981
f 6301 5947 5946
f 6301 5981 5982
f 6301 5982 5947
f 6301 5946 5957
f 4880 6519 6524
f 4865 6508 6509
f 4868 6509 6519
f 4881 6524 6525
f 4894 6535 6536
f 4893 6525 6535
f 5120 6005 6006
f 5121 6006 6007
f 5652 6010 6005
f 6005 6011 6006
f 6006 6012 6007
f 5122 6007 6008
f 5123 6008 6009
f 6007 6013 6008
f 6008 6014 6009
f 6005 6010 6011
f 6006 6011 6012
f 5655 6028 6010
f 6010 6029 6011
f 6011 6030 6012
f 6007 6012 6013
f 6008 6013 6014
f 6012 6035 6013
f 6013 6036 6014
f 5130 6015 6016
f 5124 6009 6015
f 5131 6016 6017
f 6009 6020 6015
f 6015 6021 6016
f 6016 6023 6017
f 5132 6017 6018
f 5133 6018 6019
f 5134 6019 6165
f 6017 6024 6018
f 6018 6022 6019
f 6009 6014 6020
f 6015 6020 6021
f 6016 6021 6023
f 6014 6050 6020
f 6020 6051 6021
f 6021 6052 6023
f 6019 6022 6171
f 6022 6024 6054
f 6022 6055 6171
f 6017 6023 6024
f 6018 6024 6022
f 6023 6053 6024
f 6010 6028 6029
f 6011 6029 6030
f 6028 6037 6038
f 5696 6037 6028
f 6028 6038 6029
f 6029 6039 6030
f 6029 6038 6039
f 6012 6030 6035
f 6013 6035 6036
f 6014 6036 6050
f 6030 6040 6035
f 6030 6039 6040
f 6035 6040 6041
f 6035 6041 6036
f 6036 6057 6050
f 6036 6041 6057
f 6037 6334 6038
f 6037 6333 6334
f 6038 6335 6039
f 6038 6334 6335
f 6039 6335 6343
f 6039 6343 6040
f 6040 6343 6344
f 6040 6344 6041
f 6041 6339 6057
f 6041 6344 6339
f 6052 6056 6059
f 6020 6050 6051
f 6021 6051 6052
f 6050 6058 6051
f 6050 6057 6058
f 6051 6056 6052
f 6051 6058 6056
f 6024 6053 6054
f 6022 6054 6055
f 6052 6059 6053
f 6053 6060 6054
f 6053 6059 6060
f 6054 6061 6055
f 6054 6060 6061
f 6055 6061 6212
f 6023 6052 6053
f 6058 6353 6354
f 6056 6058 6354
f 6056 6355 6059
f 6056 6354 6355
f 6057 6353 6058
f 6057 6339 6353
f 6059 6359 6060
f 6059 6355 6359
f 6060 6359 6360
f 6061 6361 6212
f 6061 6360 6361
f 6060 6360 6061
f 5253 6139 6137
f 5254 6138 6139
f 5256 6140 6138
f 5255 6141 6140
f 6137 6139 6142
f 6138 6144 6139
f 6138 6140 6145
f 6140 6141 6146
f 6141 6185 6143
f 6139 6144 6142
f 6138 6145 6144
f 6140 6146 6145
f 6141 6143 6146
f 6144 6145 6155
f 6145 6146 6156
f 6143 6158 6146
f 6143 6192 6157
f 6142 6144 6154
f 6159 6221 6227
f 6144 6155 6154
f 6145 6156 6155
f 6146 6158 6156
f 6143 6157 6158
f 6156 6158 6162
f 6154 6155 6160
f 6155 6156 6161
f 6155 6161 6160
f 6156 6162 6161
f 6157 6163 6158
f 6157 6221 6159
f 6158 6163 6162
f 6157 6159 6163
f 6160 6161 6508
f 6161 6162 6510
f 6162 6163 6511
f 6161 6510 6508
f 6162 6511 6510
f 6159 6512 6163
f 6159 6227 6513
f 6227 6580 6513
f 6163 6512 6511
f 6159 6513 6512
f 6164 6177 6170
f 6164 6170 6176
f 6164 6176 6202
f 6164 6203 6188
f 5310 6165 6166
f 5311 6166 6167
f 6019 6171 6165
f 6165 6172 6166
f 6166 6173 6167
f 5313 6168 6169
f 5312 6167 6168
f 5314 6169 6170
f 5315 6170 6177
f 6167 6174 6168
f 6168 6175 6169
f 6169 6176 6170
f 6165 6171 6172
f 6167 6173 6174
f 6166 6172 6173
f 6171 6208 6172
f 6173 6210 6174
f 6172 6209 6173
f 6168 6174 6175
f 6169 6175 6176
f 6174 6211 6175
f 6175 6201 6176
f 6181 6186 6183
f 5325 6177 6178
f 5326 6178 6179
f 5328 6179 6180
f 5327 6180 6181
f 6177 6188 6178
f 6178 6187 6179
f 6179 6189 6180
f 6180 6190 6181
f 5332 6182 6185
f 5333 6181 6183
f 5329 6183 6184
f 5330 6184 6182
f 5331 6185 6141
f 6182 6192 6185
f 6182 6184 6191
f 6183 6193 6184
f 6181 6190 6186
f 6186 6218 6193
f 6186 6190 6216
f 6179 6187 6189
f 6164 6188 6177
f 6178 6188 6187
f 6180 6189 6190
f 6187 6188 6219
f 6187 6220 6189
f 6189 6217 6190
f 6143 6185 6192
f 6182 6191 6192
f 6183 6186 6193
f 6184 6193 6191
f 6191 6221 6192
f 6191 6193 6222
f 6176 6201 6202
f 6164 6202 6203
f 6201 6211 6204
f 6204 6211 6215
f 6201 6204 6205
f 6203 6206 6207
f 6201 6205 6202
f 6202 6206 6203
f 6202 6205 6206
f 6215 6548 6558
f 6204 6215 6558
f 6204 6559 6205
f 6204 6558 6559
f 6205 6559 6557
f 6207 6561 6228
f 6206 6560 6207
f 6206 6557 6560
f 6207 6560 6561
f 6205 6557 6206
f 6055 6208 6171
f 6172 6208 6209
f 6173 6209 6210
f 6208 6213 6209
f 6208 6212 6213
f 6055 6212 6208
f 6209 6214 6210
f 6209 6213 6214
f 6210 6214 6215
f 6174 6210 6211
f 6175 6211 6201
f 6210 6215 6211
f 6212 6574 6213
f 6212 6361 6574
f 6213 6574 6575
f 6213 6575 6214
f 6214 6548 6215
f 6214 6575 6548
f 6193 6218 6222
f 6190 6217 6216
f 6186 6216 6218
f 6217 6224 6223
f 6221 6222 6227
f 6218 6226 6222
f 6222 6226 6227
f 6218 6225 6226
f 6216 6225 6218
f 6216 6217 6223
f 6216 6223 6225
f 6187 6219 6220
f 6188 6203 6219
f 6189 6220 6217
f 6219 6228 6220
f 6203 6207 6219
f 6217 6220 6224
f 6207 6228 6219
f 6220 6228 6224
f 6191 6222 6221
f 6157 6192 6221
f 6225 6577 6576
f 6224 6228 6579
f 6223 6224 6578
f 6223 6577 6225
f 6228 6561 6579
f 6224 6579 6578
f 6223 6578 6577
f 6226 6580 6227
f 6225 6576 6226
f 6226 6576 6580
f 5542 6270 6269
f 6290 6270 5542
f 6287 6292 5543
f 6294 6295 5542
f 6295 6296 5542
f 6292 6293 5543
f 6293 6294 5543
f 6296 6297 5542
f 6290 5542 6297
f 6290 6271 6270
f 6290 6272 6271
f 6290 6273 6272
f 6289 6274 6273
f 6289 6275 6274
f 6289 6276 6275
f 6288 6279 6278
f 6291 6277 6276
f 6291 6278 6277
f 6415 6284 6285
f 6288 6281 6279
f 6464 6280 6281
f 6464 6282 6280
f 6463 6283 6282
f 6463 6285 6283
f 6463 6282 6464
f 6287 5981 6301
f 6301 5954 6302
f 6289 6273 6290
f 6289 6291 6276
f 6288 6278 6291
f 6288 6464 6281
f 6289 6300 6291
f 6288 6291 6473
f 6295 6307 6296
f 6287 6303 6292
f 6292 6304 6293
f 6293 6306 6294
f 6293 6304 6306
f 6294 6305 6295
f 6294 6306 6305
f 6295 6305 6307
f 6289 6290 6299
f 6296 6308 6297
f 6290 6297 6298
f 6291 6300 6473
f 6289 6299 6300
f 6296 6307 6308
f 6290 6298 6299
f 6297 6308 6298
f 6299 6491 6300
f 6287 6301 6303
f 6301 6302 6311
f 6292 6303 6304
f 6301 6311 6303
f 6303 6312 6304
f 6306 6314 6313
f 6305 6313 6317
f 6304 6314 6306
f 6305 6306 6313
f 6298 6308 6310
f 6305 6317 6307
f 6307 6318 6308
f 6298 6310 6309
f 6299 6309 6491
f 6298 6309 6299
f 6308 6318 6310
f 6307 6317 6318
f 6302 6543 6311
f 6311 6544 6312
f 6312 6545 6314
f 6313 6314 6546
f 6314 6545 6546
f 6303 6311 6312
f 6304 6312 6314
f 6313 6547 6317
f 6315 6318 6317
f 6310 6318 6316
f 6309 6310 6499
f 6310 6316 6499
f 6315 6317 6547
f 6313 6546 6547
f 6315 6316 6318
f 6333 6337 6334
f 6334 6338 6335
f 6333 6336 6337
f 6334 6337 6338
f 6335 6338 6340
f 6339 6344 6342
f 6340 6341 6343
f 6341 6342 6344
f 6339 6342 6356
f 6335 6340 6343
f 6341 6344 6343
f 6336 6345 6337
f 5874 6345 6336
f 6337 6345 6346
f 6337 6346 6338
f 6338 6347 6340
f 6338 6346 6347
f 5874 5913 6433
f 5874 6433 6345
f 6345 6433 6434
f 6345 6434 6346
f 6346 6434 6435
f 6346 6435 6347
f 6340 6348 6341
f 6340 6347 6348
f 6341 6348 6349
f 6341 6349 6342
f 6342 6350 6356
f 6342 6349 6350
f 6347 6439 6348
f 6347 6435 6439
f 6348 6440 6349
f 6348 6439 6440
f 6349 6440 6441
f 6349 6441 6350
f 6350 6441 6502
f 6351 6352 6365
f 6369 6449 6454
f 6369 6454 6370
f 6370 6454 6455
f 6351 6455 6457
f 6351 6370 6455
f 6351 6457 6352
f 6352 6457 6456
f 6339 6356 6353
f 6353 6357 6354
f 6354 6358 6355
f 6353 6356 6357
f 6354 6357 6358
f 6355 6358 6362
f 6359 6363 6360
f 6355 6362 6359
f 6360 6364 6361
f 6359 6362 6363
f 6360 6363 6364
f 6361 6364 6365
f 6357 6366 6367
f 6356 6366 6357
f 6350 6366 6356
f 6358 6368 6362
f 6358 6367 6368
f 6357 6367 6358
f 6350 6502 6366
f 6366 6503 6367
f 6366 6502 6503
f 6367 6504 6368
f 6367 6503 6504
f 6368 6449 6369
f 6368 6504 6449
f 6362 6369 6363
f 6362 6368 6369
f 6363 6369 6370
f 6363 6370 6364
f 6351 6365 6364
f 6351 6364 6370
f 6423 6445 6444
f 6424 6450 6445
f 6371 5886 6372
f 6371 6372 6374
f 6374 6372 6373
f 6374 6373 6377
f 6377 6373 6376
f 6374 6377 6387
f 6377 6376 6381
f 6381 6376 6375
f 6377 6381 6392
f 6382 6375 6379
f 6382 6379 6380
f 6381 6375 6382
f 6381 6382 6394
f 6384 6380 6383
f 6382 6380 6384
f 6407 6383 6378
f 6384 6383 6407
f 6382 6384 6395
f 6382 6395 6394
f 6384 6407 6409
f 6384 6409 6395
f 6389 6447 6446
f 5906 6389 6446
f 6390 6448 6447
f 6389 6390 6447
f 6385 6448 6398
f 6390 6398 6448
f 6385 6399 6421
f 6385 6398 6399
f 5903 6371 6386
f 6371 6374 6386
f 6374 6387 6386
f 6386 6388 6391
f 5903 6386 6391
f 6377 6392 6387
f 6387 6393 6388
f 6386 6387 6388
f 6387 6392 6393
f 5906 6391 6389
f 6388 6389 6391
f 6388 6390 6389
f 6388 6393 6390
f 6396 6397 6399
f 6381 6394 6392
f 6392 6394 6396
f 6392 6396 6393
f 6394 6395 6397
f 6394 6397 6396
f 6390 6393 6398
f 6393 6396 6398
f 6396 6399 6398
f 6408 6378 6400
f 6410 6400 6401
f 6410 6401 6402
f 6413 6403 6404
f 6406 6402 6403
f 6406 6410 6402
f 6406 6403 6413
f 6407 6378 6408
f 6408 6400 6410
f 6407 6408 6411
f 6407 6411 6409
f 6408 6410 6412
f 6406 6417 6410
f 6410 6417 6412
f 6408 6412 6411
f 6411 6412 6431
f 6414 6405 6286
f 6416 6286 6284
f 6414 6404 6405
f 6414 6286 6416
f 6413 6404 6414
f 6413 6414 6419
f 6415 6416 6284
f 6415 6285 6463
f 6414 6416 6468
f 6415 6465 6416
f 6414 6468 6419
f 6406 6413 6418
f 6406 6418 6417
f 6412 6417 6432
f 6413 6419 6418
f 6418 6419 6469
f 6417 6420 6432
f 6418 6469 6420
f 6417 6418 6420
f 6421 6422 6443
f 6399 6427 6421
f 6421 6427 6422
f 6422 6428 6423
f 6422 6427 6428
f 6422 6423 6444
f 6423 6424 6445
f 6423 6429 6424
f 6423 6428 6429
f 6424 6430 6478
f 6424 6429 6430
f 6397 6425 6427
f 6425 6426 6428
f 6425 6428 6427
f 6426 6429 6428
f 6395 6425 6397
f 6409 6426 6425
f 6395 6409 6425
f 6411 6431 6426
f 6409 6411 6426
f 6397 6427 6399
f 6430 6431 6432
f 6426 6431 6429
f 6429 6431 6430
f 6420 6482 6432
f 6430 6432 6482
f 6412 6432 6431
f 6433 6437 6434
f 5913 6436 6433
f 6434 6438 6435
f 6433 6436 6437
f 5916 6446 6436
f 6436 6447 6437
f 6434 6437 6438
f 6435 6438 6442
f 6437 6448 6438
f 6385 6442 6438
f 6435 6442 6439
f 6439 6443 6440
f 6440 6444 6441
f 6441 6445 6502
f 6439 6442 6443
f 6440 6443 6444
f 6421 6443 6442
f 6422 6444 6443
f 6441 6444 6445
f 6436 6446 6447
f 6437 6447 6448
f 6385 6438 6448
f 6385 6421 6442
f 6449 6504 6452
f 6450 6451 6503
f 6450 6478 6451
f 6451 6479 6452
f 6453 6481 6459
f 6451 6452 6504
f 6449 6452 6453
f 6452 6480 6453
f 6462 6487 6585
f 6454 6459 6455
f 6449 6453 6454
f 6455 6458 6457
f 6456 6457 6460
f 6456 6461 6591
f 6458 6459 6500
f 6458 6501 6460
f 6453 6459 6454
f 6455 6459 6458
f 6457 6458 6460
f 6456 6460 6461
f 6461 6462 6591
f 6460 6486 6461
f 6461 6488 6462
f 6415 6463 6466
f 6463 6464 6467
f 6416 6465 6468
f 6415 6466 6465
f 6288 6472 6464
f 6463 6467 6466
f 6288 6473 6472
f 6464 6472 6467
f 6465 6466 6476
f 6469 6471 6484
f 6470 6485 6471
f 6471 6485 6484
f 6419 6468 6471
f 6419 6471 6469
f 6468 6470 6471
f 6465 6476 6470
f 6465 6470 6468
f 6467 6474 6477
f 6466 6467 6477
f 6467 6472 6474
f 6473 6492 6493
f 6300 6492 6473
f 6472 6473 6493
f 6472 6493 6474
f 6470 6476 6475
f 6470 6475 6485
f 6476 6477 6495
f 6474 6494 6477
f 6477 6494 6495
f 6475 6476 6495
f 6466 6477 6476
f 6478 6482 6479
f 6430 6482 6478
f 6479 6482 6483
f 6479 6483 6480
f 6480 6483 6484
f 6424 6478 6450
f 6451 6478 6479
f 6453 6480 6481
f 6459 6481 6500
f 6481 6484 6485
f 6480 6484 6481
f 6481 6485 6500
f 6475 6500 6485
f 6452 6479 6480
f 6420 6483 6482
f 6420 6469 6483
f 6469 6484 6483
f 6486 6501 6495
f 6475 6495 6501
f 6486 6495 6494
f 6488 6494 6496
f 6486 6494 6488
f 6489 6490 6498
f 6316 6600 6499
f 6497 6499 6598
f 6489 6498 6597
f 6497 6598 6597
f 6497 6597 6498
f 6461 6486 6488
f 6487 6489 6585
f 6462 6488 6487
f 6487 6488 6496
f 6487 6490 6489
f 6487 6496 6490
f 6474 6493 6496
f 6490 6493 6492
f 6491 6498 6492
f 6309 6497 6491
f 6490 6496 6493
f 6490 6492 6498
f 6300 6491 6492
f 6474 6496 6494
f 6309 6499 6497
f 6491 6497 6498
f 6458 6500 6501
f 6460 6501 6486
f 6475 6501 6500
f 6450 6503 6502
f 6451 6504 6503
f 6445 6450 6502
f 6506 6516 6507
f 6521 6528 6527
f 6505 6529 6528
f 6519 6520 6524
f 6520 6521 6527
f 6520 6527 6524
f 6505 6528 6521
f 6506 6530 6529
f 6507 6571 6526
f 6507 6526 6530
f 6526 6571 6596
f 6505 6506 6529
f 6506 6507 6530
f 6513 6580 6518
f 6508 6510 6509
f 6510 6511 6514
f 6511 6512 6515
f 6512 6513 6517
f 6512 6517 6515
f 6513 6518 6517
f 6516 6518 6580
f 6509 6510 6514
f 6511 6515 6514
f 6509 6514 6519
f 6514 6515 6520
f 6515 6517 6521
f 6514 6520 6519
f 6505 6521 6517
f 6515 6521 6520
f 6505 6517 6518
f 6506 6518 6516
f 6505 6518 6506
f 6532 6539 6533
f 6532 6534 6540
f 6523 6590 6537
f 6522 6541 6534
f 6522 6523 6542
f 6525 6531 6535
f 6524 6527 6525
f 6527 6528 6531
f 6528 6529 6533
f 6526 6534 6530
f 6529 6530 6532
f 6522 6526 6596
f 6525 6527 6531
f 6528 6533 6531
f 6529 6532 6533
f 6531 6533 6538
f 6530 6534 6532
f 6522 6596 6523
f 6522 6534 6526
f 6535 6538 6536
f 6302 6536 6543
f 6536 6538 6543
f 6539 6544 6543
f 6540 6541 6545
f 6540 6545 6544
f 6541 6546 6545
f 6542 6547 6546
f 6315 6599 6316
f 6315 6547 6537
f 6541 6542 6546
f 6537 6547 6542
f 6315 6537 6599
f 6531 6538 6535
f 6533 6539 6538
f 6532 6540 6539
f 6538 6539 6543
f 6539 6540 6544
f 6522 6542 6541
f 6523 6537 6542
f 6534 6541 6540
f 6311 6543 6544
f 6312 6544 6545
f 6548 6575 6550
f 6548 6552 6558
f 6549 6550 6575
f 6548 6550 6552
f 6551 6558 6552
f 6554 6579 6561
f 6554 6561 6555
f 6554 6556 6579
f 6557 6559 6562
f 6551 6559 6558
f 6557 6563 6560
f 6555 6561 6560
f 6551 6562 6559
f 6557 6562 6563
f 6555 6560 6563
f 6567 6582 6568
f 6568 6582 6583
f 6352 6549 6365
f 6549 6565 6550
f 6352 6565 6549
f 6550 6565 6564
f 6551 6552 6566
f 6551 6567 6562
f 6552 6564 6566
f 6551 6566 6567
f 6550 6564 6552
f 6456 6591 6565
f 6566 6592 6593
f 6564 6565 6591
f 6564 6592 6566
f 6564 6591 6592
f 6352 6456 6565
f 6566 6593 6567
f 6567 6593 6582
f 6555 6563 6569
f 6563 6568 6569
f 6555 6569 6570
f 6553 6571 6581
f 6553 6556 6573
f 6556 6572 6573
f 6553 6573 6571
f 6507 6581 6571
f 6554 6572 6556
f 6554 6555 6570
f 6554 6570 6572
f 6573 6594 6596
f 6570 6595 6572
f 6572 6594 6573
f 6572 6595 6594
f 6569 6584 6570
f 6569 6583 6584
f 6570 6584 6595
f 6568 6583 6569
f 6571 6573 6596
f 6562 6568 6563
f 6562 6567 6568
f 6361 6365 6574
f 6549 6575 6574
f 6365 6549 6574
f 6553 6577 6578
f 6516 6580 6576
f 6576 6577 6581
f 6556 6578 6579
f 6553 6581 6577
f 6516 6576 6581
f 6553 6578 6556
f 6507 6516 6581
f 6582 6593 6586
f 6584 6589 6595
f 6582 6587 6583
f 6583 6588 6584
f 6587 6598 6588
f 6582 6586 6587
f 6585 6586 6593
f 6489 6586 6585
f 6586 6597 6587
f 6523 6594 6590
f 6584 6588 6589
f 6589 6590 6595
f 6589 6599 6590
f 6588 6600 6589
f 6583 6587 6588
f 6462 6592 6591
f 6585 6593 6592
f 6462 6585 6592
f 6590 6594 6595
f 6523 6596 6594
f 6587 6597 6598
f 6589 6600 6599
f 6588 6598 6600
f 6499 6600 6598
f 6316 6599 6600
f 6489 6597 6586
f 6537 6590 6599
f 161 212 587
f 158 480 336
f 159 162 484
f 159 481 163
f 160 482 162
f 160 161 483
f 163 485 164
f 158 164 486
f 211 586 212
f 211 213 588
f 213 214 589
f 214 215 590
f 215 216 591
f 216 217 592
f 217 222 502
f 335 619 349
f 336 626 337
f 337 627 339
f 338 339 629
f 338 628 340
f 340 630 341
f 341 631 342
f 335 342 632
f 349 635 350
f 350 636 353
f 353 637 354
f 354 638 363
f 363 642 364
f 364 643 365
f 365 644 413
f 413 1034 414
f 415 1036 419
f 414 1035 415
f 419 1038 2985
f 158 486 480
f 159 484 481
f 160 483 482
f 162 482 484
f 161 587 483
f 164 485 486
f 163 481 485
f 211 588 586
f 212 586 587
f 213 589 588
f 214 590 589
f 215 591 590
f 216 592 591
f 217 502 592
f 349 619 635
f 336 480 626
f 337 626 627
f 339 627 629
f 338 629 628
f 340 628 630
f 341 630 631
f 342 631 632
f 335 632 619
f 350 635 636
f 353 636 637
f 354 637 638
f 363 638 642
f 364 642 643
f 365 643 644
f 483 587 1059
f 586 588 1047
f 588 589 1046
f 586 1056 587
f 589 590 1042
f 590 591 1258
f 591 592 1258
f 590 672 1050
f 590 1044 1042
f 589 1042 1045
f 590 1043 1044
f 590 1050 1043
f 588 1046 1047
f 586 1047 1048
f 586 1049 1056
f 586 1048 1049
f 589 1045 1046
f 590 673 672
f 590 674 673
f 590 1051 674
f 590 1052 1051
f 590 1053 1052
f 587 1056 1057
f 587 1057 1058
f 587 1058 1059
f 483 1059 1060
f 483 1060 1070
f 483 1070 1071
f 590 1258 1053
f 502 1013 1876
f 400 1876 1013
f 502 1876 592
f 592 1876 1258
f 413 644 1034
f 414 1034 1035
f 415 1035 1036
f 419 1036 1038
f 481 4369 485
f 481 484 4370
f 482 4476 484
f 482 483 4477
f 1053 1258 1054
f 1054 1258 1055
f 1055 1258 1061
f 1061 1258 1062
f 1062 1258 1063
f 1063 1258 1064
f 1064 1256 1065
f 1065 1230 1066
f 1066 1234 1067
f 1067 1242 1068
f 1068 1247 1069
f 1069 1248 1082
f 483 1071 3421
f 635 4229 636
f 636 4219 637
f 637 4210 638
f 638 4209 642
f 642 4208 643
f 643 4207 644
f 644 4204 1034
f 1034 4203 1035
f 1035 4202 1036
f 1036 3413 1038
f 628 4234 630
f 626 4365 627
f 480 4366 626
f 627 4364 629
f 628 629 4235
f 631 4232 632
f 630 4233 631
f 619 4230 635
f 619 632 4231
f 480 486 4367
f 485 4368 486
f 3421 1071 1072
f 3421 1072 1073
f 1074 3421 1073
f 3422 1074 1075
f 483 3421 3419
f 483 3419 3420
f 3452 1079 1080
f 1092 3456 1080
f 1093 3446 1092
f 1094 3449 1093
f 483 3420 3426
f 483 3426 3427
f 483 3427 3428
f 483 3428 3429
f 483 3429 3539
f 1095 3472 1094
f 1096 3469 1095
f 1097 3469 1096
f 1098 3470 1097
f 1102 3470 1098
f 1081 3504 1101
f 1100 3504 1102
f 1099 3504 1100
f 1101 3504 1099
f 1082 4113 1083
f 1083 4113 1084
f 1084 4113 1085
f 1085 4113 1086
f 1086 4113 1087
f 1087 4113 1088
f 1090 3508 1091
f 1091 3504 1081
f 1088 4113 1089
f 1089 4113 1090
f 1065 1249 1260
f 1064 1258 1257
f 1064 1257 1259
f 1064 1259 1253
f 1064 1253 1254
f 1064 1254 1256
f 1255 1065 1256
f 1252 1065 1255
f 1251 1065 1252
f 1065 1251 1250
f 1065 1250 1249
f 1065 1260 1230
f 1232 1066 1228
f 1066 1232 1233
f 1066 1233 1231
f 1066 1231 1235
f 1066 1235 1234
f 1229 1066 1230
f 1228 1066 1229
f 1236 1067 1234
f 1237 1067 1236
f 1238 1067 1237
f 1067 1238 1239
f 1067 1239 1243
f 1067 1243 1244
f 1067 1244 1242
f 1240 1068 1242
f 1241 1068 1240
f 1068 1241 1245
f 1068 1245 1246
f 1068 1246 1247
f 1248 1069 1247
f 1082 1248 4113
f 400 1307 1720
f 1460 1461 1876
f 1461 1462 1877
f 1462 1463 1878
f 1463 1464 1879
f 1464 1465 1880
f 1465 1466 1881
f 1466 1467 1882
f 1467 1573 1929
f 1573 1574 1930
f 1574 1575 1931
f 1575 1576 1932
f 1576 1577 1933
f 1577 1578 1934
f 1578 1581 1935
f 1581 1625 1990
f 1625 1626 1991
f 1626 1627 1992
f 1627 1628 1993
f 1628 1629 1994
f 1629 1630 1995
f 1630 1631 1996
f 1631 1644 2000
f 1644 1651 2010
f 1651 1652 2011
f 1652 1654 2012
f 1654 1655 2013
f 1655 1663 2016
f 1663 1665 2017
f 1665 1666 2018
f 1666 1700 2777
f 1700 1701 2778
f 1701 1702 2779
f 1702 1709 2782
f 400 1720 1876
f 1876 2399 1258
f 1876 2400 2399
f 1876 2401 2400
f 1876 2402 2401
f 1876 2403 2402
f 1876 2404 2403
f 1876 2405 2404
f 1876 2406 2405
f 1876 2407 2406
f 1876 2408 2407
f 1876 2409 2408
f 1876 2410 2409
f 1876 2411 2410
f 1876 2412 2411
f 1876 2413 2412
f 1876 2414 2413
f 1876 2415 2414
f 1876 2416 2415
f 1876 2417 2416
f 1876 2418 2417
f 1876 2419 2418
f 1876 2420 2419
f 1876 2422 2420
f 1876 2421 2422
f 1876 2423 2421
f 1876 2424 2423
f 1876 2425 2424
f 1876 2426 2425
f 1460 1876 1792
f 1720 1792 1876
f 1461 1877 1876
f 1462 1878 1877
f 1463 1879 1878
f 1464 1880 1879
f 1465 1881 1880
f 1466 1882 1881
f 1467 1929 1882
f 1573 1930 1929
f 1574 1931 1930
f 1575 1932 1931
f 1576 1933 1932
f 1577 1934 1933
f 1578 1935 1934
f 1581 1990 1935
f 1876 1877 2751
f 1877 1878 2751
f 1878 1879 2752
f 1879 1880 2754
f 1880 1881 2755
f 1881 1882 2756
f 1876 2432 2437
f 1876 2437 2439
f 1876 2439 2438
f 1876 2442 2441
f 1876 2441 2433
f 1876 2433 2434
f 1876 2434 2435
f 1876 2435 2432
f 1876 2443 2442
f 1876 2444 2443
f 1876 2445 2444
f 1876 2446 2445
f 1876 2447 2446
f 1876 2448 2447
f 1876 2449 2448
f 1876 2450 2449
f 1876 2451 2450
f 1876 2452 2451
f 1876 2460 2452
f 1876 2461 2460
f 1876 2462 2461
f 1876 2745 2462
f 1876 2750 2744
f 1876 2751 2750
f 1878 2752 2751
f 1879 2753 2752
f 1879 2754 2753
f 1876 2743 2745
f 1876 2744 2743
f 1880 2755 2754
f 1881 2756 2755
f 1882 2757 2756
f 1882 2773 2757
f 1625 1991 1990
f 1626 1992 1991
f 1627 1993 1992
f 1628 1994 1993
f 1629 1995 1994
f 1630 1996 1995
f 1631 2000 1996
f 1644 2010 2000
f 1651 2011 2010
f 1652 2012 2011
f 1654 2013 2012
f 1655 2016 2013
f 1663 2017 2016
f 1665 2018 2017
f 1666 2777 2018
f 1882 1929 2773
f 1929 1930 2775
f 1930 1931 2787
f 1931 1932 2790
f 1929 2774 2773
f 1929 2775 2774
f 1930 2776 2775
f 1930 2787 2776
f 1931 2788 2787
f 1876 2526 2426
f 1876 2438 2560
f 1876 2527 2526
f 1876 2528 2527
f 1876 2529 2528
f 1876 2530 2529
f 1876 2531 2530
f 1876 2532 2531
f 1876 2533 2532
f 1876 2534 2533
f 1876 2535 2534
f 1876 2536 2535
f 1876 2537 2536
f 1876 2538 2537
f 1876 2541 2538
f 1876 2542 2541
f 1876 2543 2542
f 1876 2544 2543
f 1876 2545 2544
f 1876 2546 2545
f 1876 2547 2546
f 1876 2548 2547
f 1876 2549 2548
f 1876 2550 2549
f 1876 2551 2550
f 1876 2552 2551
f 1876 2553 2552
f 1876 2554 2553
f 1876 2555 2554
f 1876 2556 2555
f 1876 2557 2556
f 1876 2558 2557
f 1876 2559 2558
f 1876 2560 2559
f 2426 2526 2427
f 2427 2526 2428
f 2428 2526 2429
f 2429 2526 2430
f 2430 2524 2431
f 2540 2431 2519
f 2539 2431 2540
f 2496 2431 2539
f 2497 2431 2496
f 2499 2431 2497
f 2498 2431 2499
f 2500 2431 2501
f 2502 2431 2500
f 2501 2431 2498
f 2514 2431 2515
f 2430 2526 2525
f 2430 2525 2524
f 2523 2431 2524
f 2522 2431 2523
f 2521 2431 2522
f 2515 2431 2521
f 2516 2431 2514
f 2520 2431 2516
f 2518 2431 2520
f 2517 2431 2518
f 2519 2431 2517
f 2560 2438 2440
f 2560 2453 2454
f 2560 2436 2453
f 2560 2440 2436
f 2560 2455 2456
f 2560 2454 2455
f 2560 2458 2459
f 2560 2457 2458
f 2560 2456 2457
f 2560 2468 2469
f 2560 2467 2468
f 2560 2459 2467
f 2560 2471 2472
f 2560 2470 2471
f 2560 2469 2470
f 2560 2472 2473
f 2560 2474 2483
f 2560 2473 2474
f 2560 2486 2487
f 2560 2485 2486
f 2560 2484 2485
f 2560 2483 2484
f 2797 2560 2487
f 2504 2431 2502
f 2503 2431 2504
f 2505 2431 2503
f 2506 2431 2505
f 2507 2431 2506
f 2508 2431 2507
f 2512 2431 2508
f 2509 2431 2512
f 2510 2431 2509
f 2510 5343 2431
f 2511 5343 2510
f 2513 5343 2511
f 2797 5353 2560
f 2462 2766 2463
f 2463 2766 2464
f 2766 2465 2464
f 2766 2466 2465
f 2745 2746 2462
f 2746 2747 2462
f 2747 2748 2462
f 2749 2763 2462
f 2748 2749 2462
f 2766 2475 2466
f 2475 2758 2476
f 2758 2477 2476
f 2759 2478 2477
f 2759 2480 2478
f 2760 2479 2480
f 2479 2761 2482
f 2761 2481 2482
f 2481 2762 2494
f 2762 2495 2494
f 2796 2489 2495
f 2797 2491 2492
f 2797 2490 2491
f 2797 2487 2490
f 2489 2797 2488
f 2797 2493 2488
f 2797 2492 2493
f 2763 2764 2462
f 2764 2765 2462
f 2765 2766 2462
f 2766 2758 2475
f 2758 2759 2477
f 2759 2760 2480
f 2760 2761 2479
f 2761 2762 2481
f 2762 2796 2495
f 2796 2797 2489
f 1700 2778 2777
f 1701 2779 2778
f 1702 2782 2779
f 1931 2789 2788
f 1931 2790 2789
f 1932 2791 2790
f 1932 2792 2791
f 1932 2793 2792
f 2778 2779 2782
f 1932 1933 6200
f 1933 1934 6048
f 1934 1935 6047
f 1935 1990 6045
f 1990 1991 6046
f 1991 1992 6044
f 5408 2797 2798
f 5408 2798 2799
f 2801 2802 5565
f 2802 2803 5561
f 2803 2804 5563
f 2804 2805 5554
f 2805 2806 5558
f 2806 2807 5559
f 2808 5559 2807
f 2809 5559 2808
f 2822 5559 2811
f 2812 5559 2814
f 2811 5559 2812
f 2810 5559 2809
f 2813 5559 2810
f 2814 5559 2813
f 2821 5559 2822
f 1709 5690 2782
f 1992 1993 6043
f 1993 1994 6042
f 1994 1995 6049
f 1995 1996 6034
f 1996 2000 6033
f 2000 2010 6032
f 2010 2011 6031
f 2011 2012 6027
f 2012 2013 6026
f 2013 2016 6025
f 2016 2017 5694
f 2017 2018 5693
f 2018 2777 5692
f 2777 2778 5690
f 2778 2782 5690
f 1932 6194 2793
f 2820 5597 2821
f 2819 5600 2820
f 2985 3408 2992
f 2992 3411 2993
f 2993 3412 2994
f 2994 3413 3125
f 3125 4202 3126
f 3126 4203 3128
f 3128 4204 3136
f 3136 4207 3137
f 3137 4208 3139
f 3139 4209 3140
f 3140 4210 3147
f 3147 4219 3160
f 3160 4229 3161
f 3161 4230 3162
f 3162 4231 3163
f 3163 4232 3164
f 3164 4233 3165
f 3165 4234 3166
f 3166 4235 3200
f 3200 4364 3203
f 3203 4365 3204
f 3204 4366 3205
f 3205 4367 3206
f 3206 4368 3207
f 3207 4369 3208
f 3208 4370 3265
f 3265 4476 3266
f 3266 4477 3267
f 3267 4478 3268
f 3268 4479 3269
f 3269 4480 3270
f 3270 4481 3271
f 3271 4482 3272
f 3400 4908 4947
f 1038 3408 2985
f 1038 3412 3408
f 1038 3413 3412
f 1036 4202 3413
f 1035 4203 4202
f 1034 4204 4203
f 644 4207 4204
f 643 4208 4207
f 642 4209 4208
f 638 4210 4209
f 637 4219 4210
f 636 4229 4219
f 635 4230 4229
f 619 4231 4230
f 632 4232 4231
f 631 4233 4232
f 483 3539 4258
f 4479 1075 1076
f 4479 1076 1077
f 4479 1077 1078
f 4480 1078 1079
f 1074 3418 3417
f 1074 3417 3421
f 1074 3422 3418
f 1075 3423 3422
f 1075 3424 3423
f 1075 3425 3424
f 1075 3434 3425
f 1075 3435 3434
f 1075 3436 3435
f 1075 3437 3436
f 1080 3456 3451
f 1092 3445 3447
f 1092 3446 3445
f 483 4258 4477
f 1079 3452 3453
f 1080 3451 3452
f 1092 3447 3456
f 1093 3442 3446
f 1093 3443 3442
f 1093 3444 3443
f 1093 3449 3448
f 1093 3448 3444
f 1094 3450 3449
f 1094 3457 3450
f 1094 3458 3457
f 1094 3459 3458
f 1094 3460 3459
f 1094 3472 3467
f 1094 3467 3468
f 1094 3468 3475
f 1094 3475 3476
f 1094 3476 3477
f 1094 3477 3478
f 1095 3469 3472
f 1097 3470 3469
f 1102 3471 3470
f 1102 3473 3471
f 1102 3485 3473
f 1102 3503 3485
f 1102 3504 3503
f 1091 3505 3504
f 1091 3506 3505
f 1091 3507 3506
f 1091 3508 3507
f 1090 4113 3508
f 2992 3408 3411
f 2993 3411 3412
f 2994 3412 3413
f 630 4234 4233
f 628 4235 4234
f 629 4364 4235
f 627 4365 4364
f 626 4366 4365
f 480 4367 4366
f 486 4368 4367
f 485 4369 4368
f 481 4370 4369
f 484 4476 4370
f 482 4477 4476
f 3408 3412 3411
f 4479 3437 1075
f 4480 1079 3453
f 4482 3460 1094
f 4482 1094 3478
f 3473 3484 3474
f 3474 3486 3483
f 3484 3473 3485
f 3486 3474 3484
f 3496 3483 3486
f 3483 3496 3487
f 3487 3495 3488
f 3488 3497 3489
f 3489 3498 3490
f 3490 3499 3491
f 3491 3500 3492
f 3501 3493 3492
f 3493 3502 3494
f 3495 3487 3496
f 3497 3488 3495
f 3498 3489 3497
f 3499 3490 3498
f 3500 3491 3499
f 3501 3492 3500
f 3502 3493 3501
f 3508 4113 3509
f 3431 3538 3430
f 3430 3539 3429
f 3439 3545 3441
f 3438 3546 3439
f 3437 3547 3438
f 3432 3537 3431
f 3517 3533 3433
f 3433 3536 3432
f 3518 3532 3517
f 3519 3534 3518
f 3522 3531 3520
f 3520 3535 3519
f 3523 3541 3522
f 3521 3542 3523
f 3440 3543 3521
f 3441 3544 3440
f 3560 3455 3461
f 3455 3552 3454
f 3564 3465 3464
f 3463 3565 3464
f 3460 3566 3463
f 3560 3461 3462
f 3524 3557 3462
f 3525 3555 3524
f 3556 3525 3526
f 3530 3559 3528
f 3527 3558 3526
f 3528 3550 3527
f 3466 3562 3529
f 3529 3561 3530
f 3465 3563 3466
f 3537 3432 3536
f 3517 3532 3533
f 3433 3533 3536
f 3534 3519 3535
f 3518 3534 3532
f 3535 3520 3531
f 3431 3537 3538
f 3430 3538 3539
f 3531 3522 3541
f 3541 3523 3542
f 3542 3521 3543
f 3543 3440 3544
f 3544 3441 3545
f 3545 3439 3546
f 3546 3438 3547
f 3547 3437 3548
f 3455 3560 3551
f 3455 3551 3552
f 3553 3454 3552
f 3525 3556 3555
f 3556 3526 3558
f 3560 3462 3557
f 3557 3524 3555
f 3558 3527 3550
f 3550 3528 3559
f 3559 3530 3561
f 3562 3466 3563
f 3561 3529 3562
f 3564 3464 3565
f 3565 3463 3566
f 3465 3564 3563
f 3566 3460 3567
f 3480 3588 3479
f 3481 3582 3480
f 3569 3580 3482
f 3482 3581 3481
f 3570 3579 3569
f 3571 3583 3570
f 3572 3584 3571
f 3575 3585 3574
f 3573 3586 3575
f 3494 3587 3573
f 3574 3578 3572
f 3587 3494 3502
f 3576 3591 3502
f 3577 3597 3576
f 3700 3598 3577
f 3582 3481 3581
f 3569 3579 3580
f 3482 3580 3581
f 3480 3582 3588
f 3589 3479 3588
f 3583 3571 3584
f 3570 3583 3579
f 3572 3578 3584
f 3578 3574 3585
f 3585 3575 3586
f 3586 3573 3587
f 3587 3502 3591
f 3576 3592 3591
f 3592 3576 3593
f 3576 3597 3593
f 3577 3598 3597
f 3593 3602 3594
f 3594 3603 3595
f 3595 3604 3596
f 3596 3674 3671
f 3601 3593 3599
f 3600 3593 3601
f 3602 3593 3600
f 3599 3593 3597
f 3603 3594 3602
f 3604 3595 3603
f 3674 3596 3604
f 3540 4258 3539
f 3606 3637 3605
f 3605 3638 3540
f 3608 3632 3607
f 3607 3636 3606
f 3610 3633 3609
f 3609 3631 3608
f 3615 3634 3611
f 3611 3635 3610
f 3549 3644 3612
f 3548 3645 3549
f 3614 3640 3616
f 3617 3641 3614
f 3616 3639 3615
f 3613 3642 3617
f 3612 3643 3613
f 3554 4275 3553
f 3619 3646 3618
f 3618 3647 3554
f 4479 1078 4480
f 3649 3620 3621
f 3620 3657 3619
f 3622 3650 3621
f 3623 3648 3622
f 3624 3652 3623
f 3625 3651 3624
f 3630 3653 3625
f 3628 3654 3630
f 3629 3655 3628
f 3627 3656 3629
f 3637 3606 3636
f 3608 3631 3632
f 3607 3632 3636
f 3633 3610 3635
f 3609 3633 3631
f 3611 3634 3635
f 3605 3637 3638
f 3540 3638 4258
f 3639 3616 3640
f 3634 3615 3639
f 3640 3614 3641
f 3641 3617 3642
f 3642 3613 3643
f 3643 3612 3644
f 3644 3549 3645
f 3645 3548 4267
f 3646 3619 3657
f 3618 3646 3647
f 3554 3647 4275
f 3650 3622 3648
f 3648 3623 3652
f 3649 3621 3650
f 3620 3649 3657
f 3652 3624 3651
f 3651 3625 3653
f 3653 3630 3654
f 3654 3628 3655
f 3655 3629 3656
f 3656 3627 3658
f 3658 3627 3659
f 3659 3627 3660
f 3660 3627 4279
f 3590 4292 3589
f 3662 3688 3661
f 3661 3689 3590
f 3664 3680 3663
f 3663 3687 3662
f 3666 3681 3665
f 3665 3679 3664
f 3667 3683 3666
f 3668 3685 3670
f 3673 3686 3668
f 3669 3682 3667
f 3670 3684 3669
f 3671 3675 3672
f 3672 3676 3673
f 3671 3674 3675
f 3676 3672 3675
f 3673 3676 3690
f 3677 3690 3676
f 3718 3694 3678
f 3678 3696 3677
f 3688 3662 3687
f 3664 3679 3680
f 3663 3680 3687
f 3681 3666 3683
f 3665 3681 3679
f 3667 3682 3683
f 3682 3669 3684
f 3684 3670 3685
f 3685 3668 3686
f 3661 3688 3689
f 3590 3689 4292
f 3686 3673 3690
f 3677 3691 3690
f 3691 3677 3692
f 3677 3696 3692
f 3678 3694 3696
f 3692 3699 3693
f 3693 4309 4304
f 3698 3692 3695
f 3697 3692 3698
f 3695 3692 3696
f 3699 3692 3697
f 4309 3693 3699
f 3704 3707 3702
f 3701 3706 3700
f 3702 3705 3701
f 3703 3708 3704
f 3515 3709 3703
f 3701 3705 3706
f 3598 3700 3706
f 3705 3702 3707
f 3707 3704 3708
f 3708 3703 3709
f 3709 3515 3710
f 3509 4113 3510
f 3510 4113 3511
f 3511 4113 3512
f 3516 4115 3513
f 3512 4113 3516
f 3513 4119 3514
f 3514 4122 3515
f 3515 4122 3710
f 4114 3516 4113
f 3516 4114 4115
f 4116 3513 4115
f 4117 3513 4116
f 4118 3513 4117
f 3513 4118 4119
f 4120 3514 4119
f 4121 3514 4120
f 3710 4122 3711
f 3711 4122 3712
f 3712 4122 3713
f 3713 4122 3714
f 3714 4122 3715
f 3715 4122 3716
f 3716 4126 3717
f 3717 4130 3722
f 3719 3725 3718
f 3720 3724 3719
f 3723 3726 3720
f 3721 3727 3723
f 3722 3728 3721
f 3719 3724 3725
f 3694 3718 3725
f 3724 3720 3726
f 3726 3723 3727
f 3727 3721 3728
f 3728 3722 3729
f 4130 3729 3722
f 3729 4130 3730
f 3730 4130 3731
f 3731 4130 3732
f 3732 4130 4318
f 4318 4130 4319
f 4319 4130 4316
f 4316 4134 4317
f 4317 4138 4324
f 4122 3514 4121
f 4123 3716 4122
f 4124 3716 4123
f 4125 3716 4124
f 4126 3716 4125
f 4127 3717 4126
f 4128 3717 4127
f 4129 3717 4128
f 4130 3717 4129
f 4131 4316 4130
f 4132 4316 4131
f 4133 4316 4132
f 4134 4316 4133
f 4135 4317 4134
f 4136 4317 4135
f 4137 4317 4136
f 4138 4317 4137
f 4139 4324 4138
f 4140 4324 4139
f 3125 3413 4202
f 3126 4202 4203
f 3128 4203 4204
f 3136 4204 4207
f 3137 4207 4208
f 3139 4208 4209
f 3140 4209 4210
f 3147 4210 4219
f 3160 4219 4229
f 3161 4229 4230
f 3162 4230 4231
f 3163 4231 4232
f 3164 4232 4233
f 3165 4233 4234
f 3166 4234 4235
f 4480 3453 3454
f 4479 3548 3437
f 4480 3454 3553
f 4482 3567 3460
f 4482 3478 3479
f 4304 4310 4305
f 4305 4311 4306
f 4306 4312 4307
f 4307 4313 4308
f 4308 4314 4301
f 4301 4315 4303
f 4310 4304 4309
f 4311 4305 4310
f 4306 4311 4312
f 4313 4307 4312
f 4314 4308 4313
f 4315 4301 4314
f 4482 3479 3589
f 4479 4267 3548
f 4482 3568 3567
f 4482 3626 3568
f 4482 3627 3626
f 4480 3553 4275
f 4482 4279 3627
f 4477 4259 4260
f 4477 4258 4259
f 4477 4260 4261
f 4477 4262 4263
f 4477 4261 4262
f 4477 4265 4266
f 4477 4264 4265
f 4477 4263 4264
f 4477 4272 4273
f 4477 4266 4272
f 4478 4273 4271
f 4479 4268 4267
f 4479 4269 4268
f 4479 4274 4270
f 4479 4270 4269
f 4479 4271 4274
f 4480 4275 4276
f 4480 4276 4277
f 4480 4277 4278
f 4480 4278 4283
f 4480 4283 4284
f 4482 4280 4279
f 4482 4282 4281
f 4482 4281 4280
f 4482 4289 4290
f 4482 4290 4282
f 4480 4284 4285
f 4481 4285 4286
f 4481 4286 4287
f 4482 4287 4288
f 4482 4288 4291
f 4482 4291 4289
f 4482 3589 4292
f 4482 4292 4293
f 4482 4294 4295
f 4482 4293 4294
f 4482 4296 4297
f 4482 4295 4296
f 4482 4297 4298
f 4482 4299 4300
f 4482 4298 4299
f 4482 4302 4303
f 4482 4300 4302
f 4482 4323 4324
f 4482 4303 4315
f 4482 4315 4320
f 4482 4321 4322
f 4482 4320 4321
f 4482 4325 4323
f 4482 4322 4325
f 4482 4140 4141
f 4482 4144 4145
f 4482 4143 4144
f 4482 4142 4143
f 4482 4141 4142
f 4482 4324 4140
f 4477 4273 4478
f 4478 4271 4479
f 4480 4285 4481
f 4481 4287 4482
f 3200 4235 4364
f 3203 4364 4365
f 3204 4365 4366
f 3205 4366 4367
f 3206 4367 4368
f 3207 4368 4369
f 3208 4369 4370
f 3265 4370 4476
f 3266 4476 4477
f 3267 4477 4478
f 3268 4478 4479
f 3269 4479 4480
f 3270 4480 4481
f 3271 4481 4482
f 3272 4482 4465
f 4465 4482 4908
f 4482 4145 5406
f 4482 4947 4908
f 1709 4915 5690
f 4919 4920 5693
f 4915 4919 5692
f 4920 4921 5694
f 4921 5066 6025
f 5066 5067 6026
f 5067 5068 6027
f 5068 5077 6031
f 5077 5078 6032
f 5078 5081 6033
f 5081 5082 6034
f 5089 6042 5096
f 5089 5090 6043
f 5090 5091 6044
f 5091 5093 6046
f 5092 6045 5093
f 5092 5094 6047
f 5094 5095 6048
f 5082 5096 6049
f 5150 6136 5155
f 5155 6147 5156
f 5156 6148 5157
f 5157 6149 5158
f 5158 6150 5159
f 5159 6151 5161
f 5160 5161 6153
f 5257 6194 5263
f 5257 5258 6195
f 5260 6197 5261
f 5259 5261 6198
f 5258 5262 6199
f 5259 6196 5262
f 5095 5263 6200
f 5160 6152 5260
f 2513 5334 5343
f 2797 5355 5354
f 2797 5354 5353
f 2797 5358 5357
f 2797 5357 5356
f 2797 5356 5355
f 2797 5395 5360
f 2797 5360 5361
f 2797 5361 5359
f 2797 5359 5358
f 2797 5397 5396
f 2797 5396 5394
f 2797 5394 5395
f 2797 5365 5364
f 2797 5364 5399
f 2797 5399 5398
f 2797 5398 5397
f 2797 5390 5366
f 2797 5366 5368
f 2797 5368 5367
f 2797 5367 5365
f 5408 5390 2797
f 5343 5334 5335
f 5343 5335 5336
f 5343 5336 5337
f 5343 5337 5338
f 5343 5338 5339
f 5343 5339 5340
f 5408 5343 5340
f 5408 5340 5341
f 5408 5341 5342
f 5408 5342 5344
f 5408 5344 5345
f 5408 5345 5346
f 5408 5346 5347
f 5408 5347 5348
f 5408 5348 5349
f 5408 5349 5350
f 5408 5350 5351
f 5408 5351 5352
f 5408 5352 5362
f 5408 5362 5363
f 5408 5363 5369
f 5408 5369 5370
f 5408 5370 5371
f 5408 5371 5372
f 5408 5372 5373
f 5408 5373 5374
f 5408 5374 5375
f 5408 5375 5376
f 5408 5376 5377
f 5408 5377 5378
f 5408 5378 5379
f 5408 5379 5380
f 5408 5380 5381
f 5408 5389 5388
f 5408 5388 5391
f 5408 5391 5392
f 5408 5392 5393
f 5408 5381 5382
f 5408 5382 5383
f 5408 5383 5384
f 5408 5384 5385
f 5408 5385 5386
f 5408 5386 5387
f 5408 5387 5389
f 5408 5393 5390
f 5408 2799 2800
f 5408 2800 2801
f 2801 5565 5566
f 2801 5566 5568
f 2801 5568 5571
f 2802 5561 5560
f 2802 5567 5565
f 2802 5560 5567
f 2803 5563 5564
f 2803 5564 5562
f 2803 5562 5561
f 2804 5554 5553
f 2804 5553 5552
f 2804 5552 5563
f 2805 5558 5557
f 2805 5557 5556
f 2805 5556 5555
f 2805 5555 5554
f 2806 5559 5558
f 2821 5584 5559
f 5408 2801 5571
f 6194 2794 2793
f 6194 2795 2794
f 6194 2815 2795
f 2821 5590 5589
f 2821 5589 5588
f 2821 5588 5587
f 2821 5587 5586
f 2821 5586 5585
f 2821 5585 5584
f 2821 5596 5595
f 2821 5595 5594
f 2821 5594 5593
f 2821 5593 5592
f 2821 5592 5591
f 2821 5591 5590
f 2821 5597 5596
f 2819 5601 5600
f 2819 5602 5601
f 2819 5603 5602
f 2819 5604 5603
f 2820 5598 5597
f 2820 5599 5598
f 2820 5600 5599
f 2819 5605 5604
f 2819 5606 5605
f 2819 5607 5606
f 2819 5608 5607
f 2819 5609 5608
f 2819 5610 5609
f 2819 5611 5610
f 2819 5612 5611
f 2819 5613 5612
f 2819 5614 5613
f 2819 5615 5614
f 2819 5656 5615
f 6195 2816 2815
f 6195 2817 2816
f 6199 2818 2817
f 6199 2819 2818
f 1932 6200 6194
f 1994 6049 6042
f 1995 6034 6049
f 1992 6043 6044
f 1993 6042 6043
f 1990 6046 6045
f 1935 6045 6047
f 1933 6048 6200
f 1934 6047 6048
f 1991 6044 6046
f 2777 5690 5692
f 2018 5692 5693
f 2017 5693 5694
f 2016 5694 6025
f 2013 6025 6026
f 2012 6026 6027
f 2011 6027 6031
f 2010 6031 6032
f 2000 6032 6033
f 1996 6033 6034
f 5408 5570 5572
f 5408 5569 5570
f 5408 5571 5569
f 5408 5576 5575
f 5408 5574 5576
f 5408 5573 5574
f 5408 5572 5573
f 5408 5579 5580
f 5408 5578 5579
f 5408 5577 5578
f 5408 5575 5577
f 5408 5582 5583
f 5408 5581 5582
f 5408 5580 5581
f 5408 5583 5616
f 5408 5616 5617
f 5408 5617 5618
f 5408 5621 5622
f 5408 5620 5621
f 5408 5619 5620
f 5408 5618 5619
f 5408 5624 5625
f 5408 5623 5624
f 5408 5622 5623
f 5408 5625 5626
f 5408 5629 5630
f 5408 5628 5629
f 5408 5627 5628
f 5408 5626 5627
f 5408 5634 5635
f 5408 5633 5634
f 5408 5632 5633
f 5408 5631 5632
f 5408 5630 5631
f 5408 5635 5636
f 5408 5641 5642
f 5408 5640 5641
f 5408 5639 5640
f 5408 5638 5639
f 5408 5637 5638
f 5408 5636 5637
f 5408 5642 5643
f 5408 5645 5646
f 5408 5644 5645
f 5408 5643 5644
f 4915 5692 5690
f 4919 5693 5692
f 4920 5694 5693
f 4921 6025 5694
f 6196 5656 2819
f 6194 6195 2815
f 6196 2819 6199
f 6195 6199 2817
f 6196 5657 5656
f 4482 5406 6147
f 6147 5411 5409
f 6147 5410 5411
f 6147 5413 5410
f 6147 5412 5413
f 6147 5414 5412
f 6147 5415 5414
f 6147 5416 5415
f 6147 5418 5416
f 6147 5419 5418
f 6147 5420 5419
f 6147 5421 5420
f 6147 5422 5421
f 6147 5417 5422
f 6147 5425 5417
f 6147 5424 5425
f 6147 5409 5408
f 6147 5406 5407
f 6147 5404 5430
f 6147 5403 5404
f 6147 5402 5403
f 6147 5405 5402
f 6147 5401 5405
f 6147 5400 5401
f 6147 5407 5400
f 6147 5429 5423
f 6147 5428 5429
f 6147 5426 5428
f 6147 5427 5426
f 6147 5432 5427
f 6147 5431 5432
f 6147 5423 5424
f 6147 5430 5431
f 4482 5934 4947
f 4482 6136 5934
f 4482 6147 6136
f 6149 5408 5646
f 6149 5648 5649
f 6149 5647 5648
f 6149 5646 5647
f 6149 5649 5667
f 6147 5408 6148
f 6148 5408 6149
f 6149 5667 6150
f 6152 6153 5667
f 6150 5667 6151
f 6151 5667 6153
f 5066 6026 6025
f 5067 6027 6026
f 5068 6031 6027
f 5077 6032 6031
f 5078 6033 6032
f 5081 6034 6033
f 5096 6042 6049
f 5089 6043 6042
f 5090 6044 6043
f 5091 6046 6044
f 5093 6045 6046
f 5092 6047 6045
f 5094 6048 6047
f 5095 6200 6048
f 5082 6049 6034
f 6196 5659 5658
f 6196 5658 5657
f 6196 5662 5661
f 6196 5661 5660
f 6196 5660 5659
f 6196 5678 5676
f 6196 5677 5678
f 6196 5679 5677
f 6196 5681 5679
f 6196 5680 5681
f 6196 5682 5680
f 6196 5687 5682
f 6196 5684 5683
f 6196 5685 5684
f 6196 5689 5685
f 6196 5688 5689
f 6196 5671 5688
f 6196 5672 5671
f 6196 5686 5687
f 6196 5683 5686
f 6196 5666 5663
f 6196 5663 5662
f 6196 5664 5666
f 6196 5665 5664
f 6196 5674 5665
f 6196 5675 5674
f 6196 5676 5675
f 6198 5667 5668
f 6198 5668 5673
f 6196 5669 5670
f 6198 5673 5669
f 6196 5670 5672
f 6197 5667 6198
f 6196 6198 5669
f 6152 5667 6197
f 5155 6136 6147
f 5156 6147 6148
f 5157 6148 6149
f 5158 6149 6150
f 5159 6150 6151
f 5160 6153 6152
f 5161 6151 6153
f 5258 6199 6195
f 5257 6195 6194
f 5260 6152 6197
f 5259 6198 6196
f 5261 6197 6198
f 5262 6196 6199
f 5263 6194 6200
f 2 3 7
f 4 18 6
f 5 6 20
f 2 21 4
f 2 7 21
f 3 33 7
f 4 21 18
f 1 127 5
f 1 12 144
f 4 6 132
f 2 128 3
f 2 4 130
f 5 131 6
f 8 72 9
f 9 73 10
f 9 72 73
f 8 9 141
f 9 10 142
f 10 11 143
f 1 16 12
f 12 23 13
f 1 19 16
f 13 22 15
f 14 15 24
f 12 17 23
f 12 16 17
f 13 23 22
f 1 5 19
f 5 20 19
f 6 18 20
f 8 14 25
f 15 22 24
f 14 24 25
f 8 25 72
f 13 15 147
f 12 13 145
f 14 146 15
f 8 140 14
f 1 144 127
f 4 132 130
f 3 128 129
f 2 130 128
f 6 131 132
f 5 127 131
f 8 141 140
f 9 142 141
f 11 320 143
f 10 143 142
f 13 147 145
f 12 145 144
f 15 146 147
f 14 140 146
f 26 27 32
f 3 30 33
f 26 31 30
f 26 32 31
f 27 28 36
f 28 29 36
f 27 34 32
f 27 35 34
f 27 36 35
f 30 31 33
f 26 199 27
f 27 200 28
f 28 201 29
f 3 129 30
f 26 30 204
f 27 199 200
f 28 200 201
f 29 201 203
f 30 129 204
f 26 204 199
f 11 81 71
f 10 77 11
f 10 73 76
f 10 76 77
f 71 82 74
f 71 81 82
f 11 77 81
f 74 86 75
f 74 82 83
f 75 87 80
f 74 83 86
f 75 86 87
f 11 71 320
f 71 74 323
f 74 75 324
f 78 329 80
f 78 79 330
f 75 80 331
f 78 80 94
f 78 93 79
f 78 94 91
f 80 87 88
f 80 88 94
f 78 91 93
f 79 93 402
f 79 402 404
f 79 404 406
f 79 84 345
f 84 85 347
f 85 89 356
f 89 90 357
f 90 92 360
f 71 323 320
f 74 324 323
f 75 331 324
f 78 330 329
f 80 329 331
f 79 345 330
f 84 347 345
f 85 356 347
f 89 357 356
f 90 360 357
f 29 1308 36
f 29 203 1308
f 92 401 408
f 401 403 411
f 403 405 417
f 79 2977 84
f 84 2977 85
f 92 408 360
f 401 411 408
f 403 417 411
f 79 406 2977
f 85 3012 89
f 89 3008 90
f 90 3007 92
f 92 3005 401
f 401 3004 403
f 403 3001 405
f 405 2983 417
f 36 1308 1312
f 203 1426 1308
f 1308 1309 1312
f 1309 1310 1314
f 1310 1311 1315
f 1309 1314 1312
f 1310 1315 1314
f 1311 1313 1316
f 1311 1316 1315
f 1313 1317 1316
f 1313 1353 1317
f 1317 1353 1318
f 1308 1426 1309
f 1309 1431 1310
f 1310 1432 1311
f 1311 1433 1313
f 1313 1435 1353
f 1309 1426 1431
f 1310 1431 1432
f 1311 1432 1433
f 1313 1433 1435
f 1353 1435 1552
f 1318 1353 1354
f 1318 1354 1356
f 1354 1355 1356
f 1355 1360 1356
f 1355 1357 1360
f 1357 1358 1361
f 1357 1361 1360
f 1353 1552 1354
f 1354 1553 1355
f 1355 1554 1357
f 1357 1556 1358
f 1358 1557 1359
f 1359 1560 1364
f 1358 1362 1361
f 1358 1359 1363
f 1358 1363 1362
f 1359 1364 1366
f 1359 1366 1363
f 1364 1365 1367
f 1364 1367 1366
f 1365 1370 1367
f 1365 1368 1370
f 1368 1369 1371
f 1368 1371 1370
f 1369 1372 1371
f 1369 1374 1372
f 1372 1374 1373
f 1364 1567 1365
f 1365 1568 1368
f 1368 1571 1369
f 1369 1572 1374
f 1373 1374 1375
f 1373 1375 1401
f 1375 1376 1402
f 1375 1402 1401
f 1374 1588 1375
f 1375 1589 1376
f 1376 1591 1377
f 1377 1592 1403
f 1354 1552 1553
f 1355 1553 1554
f 1357 1554 1556
f 1358 1556 1557
f 1359 1557 1560
f 1364 1560 1567
f 1365 1567 1568
f 1368 1568 1571
f 1369 1571 1572
f 1374 1572 1588
f 1375 1588 1589
f 1376 1589 1591
f 1377 1591 1592
f 1376 1377 1404
f 1376 1404 1402
f 1377 1403 1405
f 1377 1405 1404
f 1403 1408 1405
f 1403 1406 1410
f 1403 1410 1408
f 1406 1407 1411
f 1406 1411 1410
f 1407 1409 1415
f 1407 1414 1411
f 1407 1415 1414
f 1403 1634 1406
f 1406 1637 1407
f 1407 1638 1409
f 1409 1643 1412
f 1412 1648 1413
f 1409 1416 1415
f 1409 1419 1416
f 1409 1412 1419
f 1412 1413 1694
f 1412 1422 1419
f 1412 1423 1422
f 1412 1694 1423
f 1413 1696 1694
f 1413 1698 1696
f 1413 1649 1417
f 1417 1658 1418
f 1418 1661 1420
f 1420 1667 1421
f 1421 1668 1424
f 1403 1592 1634
f 1406 1634 1637
f 1407 1637 1638
f 1409 1638 1643
f 1412 1643 1648
f 1413 1648 1649
f 1417 1649 1658
f 1418 1658 1661
f 1420 1661 1667
f 1421 1667 1668
f 1424 1668 1672
f 1695 1697 1699
f 1424 1672 1695
f 1695 1704 1697
f 1697 1707 1699
f 1672 1704 1695
f 1697 1704 1707
f 1699 1707 1711
f 1413 1417 4976
f 1417 1418 4975
f 1418 1420 4973
f 1420 1421 4914
f 1421 1424 4912
f 1424 1695 4910
f 1413 4980 1698
f 1695 1699 4910
f 1699 1711 4910
f 405 2980 2976
f 85 2977 3012
f 405 3001 2980
f 403 3004 3001
f 401 3005 3004
f 92 3007 3005
f 90 3008 3007
f 89 3012 3008
f 405 2976 2983
f 2976 2980 2978
f 2976 2978 2987
f 2978 2980 2990
f 2980 3001 3119
f 2976 2987 2983
f 2978 2990 2987
f 2980 3119 2990
f 2977 2979 3012
f 2979 2981 3012
f 2981 3002 3013
f 3002 3003 3013
f 3003 3006 3013
f 2981 3013 3012
f 3006 3016 3013
f 3006 3009 3016
f 3009 3010 3016
f 3001 3004 3123
f 3004 3005 3124
f 3005 3007 3130
f 3007 3008 3133
f 3008 3012 3142
f 3010 3011 3018
f 3011 3014 3018
f 3010 3018 3016
f 3014 3015 3019
f 3014 3019 3018
f 3015 3017 3022
f 3015 3022 3019
f 3017 3020 3022
f 3020 3021 3048
f 3020 3048 3022
f 3021 3023 3049
f 3021 3049 3048
f 3012 3013 3143
f 3013 3016 3148
f 3016 3018 3153
f 3018 3019 3154
f 3019 3022 3157
f 3001 3123 3119
f 3004 3124 3123
f 3005 3130 3124
f 3007 3133 3130
f 3008 3142 3133
f 3012 3143 3142
f 3013 3148 3143
f 3016 3153 3148
f 3018 3154 3153
f 3019 3157 3154
f 3022 3189 3157
f 3023 3024 3050
f 3023 3050 3049
f 3024 3052 3050
f 3050 3052 3051
f 3022 3048 3189
f 3048 3049 3190
f 3049 3050 3192
f 3050 3051 3193
f 3051 3052 3053
f 3051 3053 3056
f 3053 3054 3056
f 3054 3055 3057
f 3054 3057 3056
f 3055 3060 3057
f 3055 3058 3060
f 3058 3059 3061
f 3058 3061 3060
f 3059 3062 3066
f 3059 3066 3061
f 3062 3063 3067
f 3062 3067 3066
f 3063 3064 3067
f 3051 3056 3209
f 3056 3057 3210
f 3057 3060 3213
f 3060 3061 3214
f 3064 3065 3068
f 3064 3068 3067
f 3065 3070 3068
f 3065 3069 3070
f 3069 3071 3070
f 3069 3107 3071
f 3071 3107 3072
f 3061 3066 3221
f 3066 3067 3224
f 3067 3068 3225
f 3068 3070 3227
f 3070 3071 3228
f 3071 3072 3229
f 3048 3190 3189
f 3049 3192 3190
f 3050 3193 3192
f 3051 3209 3193
f 3056 3210 3209
f 3057 3213 3210
f 3060 3214 3213
f 3061 3221 3214
f 3066 3224 3221
f 3067 3225 3224
f 3068 3227 3225
f 3070 3228 3227
f 3071 3229 3228
f 3072 3107 3108
f 3072 3108 3112
f 3108 3109 3112
f 3109 3110 3114
f 3109 3114 3112
f 3110 3111 3115
f 3111 3113 3116
f 3110 3115 3114
f 3111 3116 3115
f 3113 3117 3116
f 3072 3112 3297
f 3112 3114 3299
f 3114 3115 3300
f 3115 3116 3301
f 3116 3117 3306
f 3072 3297 3229
f 3112 3299 3297
f 3114 3300 3299
f 3115 3301 3300
f 3116 3306 3301
f 3113 5029 3117
f 3117 5169 3306
f 1424 4910 4912
f 1421 4912 4914
f 1420 4914 4973
f 1418 4973 4975
f 1417 4975 4976
f 1413 4976 4980
f 1698 4986 4909
f 1711 4917 4910
f 1698 4980 4981
f 1698 4981 4986
f 4910 4917 4912
f 4912 4923 4914
f 4914 4926 4973
f 4912 4917 4923
f 4914 4923 4926
f 4926 5071 4973
f 3117 5029 5036
f 3117 5036 5169
f 4909 4986 4911
f 4911 4986 4913
f 4913 4986 4972
f 4972 4987 4974
f 4971 4985 4977
f 4977 4985 4978
f 4971 4974 4987
f 4972 4986 4987
f 4971 4987 4985
f 4973 5071 4975
f 4975 5074 4976
f 4976 5075 4980
f 4980 5084 4981
f 4981 5086 4986
f 4978 4990 4979
f 4979 4991 4982
f 4978 4985 4990
f 4982 4991 4983
f 4979 4990 4991
f 4984 5054 4988
f 4983 4994 4984
f 4983 4991 4994
f 4988 5055 4989
f 4989 5055 4992
f 4988 5054 5055
f 4984 4994 5054
f 4985 5100 4990
f 4986 5101 4987
f 4985 4987 5102
f 4990 5107 4991
f 4991 5108 4994
f 4994 5111 5054
f 4975 5071 5074
f 4976 5074 5075
f 4980 5075 5084
f 4981 5084 5086
f 4986 5086 5101
f 4985 5102 5100
f 4987 5101 5102
f 4990 5100 5107
f 4991 5107 5108
f 4994 5108 5111
f 5032 5035 5034
f 5029 5030 5038
f 5030 5031 5038
f 5031 5033 5038
f 5029 5037 5036
f 5029 5038 5037
f 5033 5034 5039
f 5034 5035 5039
f 5032 5062 5035
f 5033 5039 5038
f 5035 5168 5039
f 5035 5062 5292
f 5036 5037 5171
f 5037 5038 5172
f 5038 5039 5173
f 5039 5168 5173
f 5035 5292 5168
f 5036 5171 5169
f 5037 5172 5171
f 5038 5173 5172
f 4993 5057 5040
f 5040 5051 5041
f 5041 5050 5043
f 5040 5057 5051
f 5045 5059 5047
f 5045 5046 5060
f 5046 5064 5060
f 5042 5043 5052
f 5048 5053 5049
f 5042 5053 5048
f 5041 5051 5050
f 5043 5050 5052
f 5046 5049 5064
f 5042 5052 5053
f 5049 5053 5064
f 5051 5057 5281
f 5050 5051 5275
f 5052 5276 5053
f 5050 5274 5052
f 4992 5056 4993
f 4992 5055 5056
f 4993 5056 5057
f 5054 5278 5055
f 5055 5279 5056
f 5056 5280 5057
f 5044 5047 5061
f 5032 5058 5062
f 5044 5063 5058
f 5044 5061 5063
f 5045 5060 5059
f 5047 5059 5061
f 5058 5063 5062
f 5059 5060 5290
f 5061 5291 5063
f 5062 5063 5293
f 5059 5289 5061
f 5053 5277 5064
f 5060 5064 5294
f 5051 5281 5275
f 5050 5275 5274
f 5053 5276 5277
f 5052 5274 5276
f 5055 5278 5279
f 5054 5111 5278
f 5056 5279 5280
f 5057 5280 5281
f 5060 5294 5290
f 5059 5290 5289
f 5063 5291 5293
f 5062 5293 5292
f 5061 5289 5291
f 5064 5277 5294
f 7 33 207
f 7 133 21
f 16 148 17
f 17 149 23
f 18 150 20
f 19 20 152
f 18 21 153
f 16 19 151
f 22 154 24
f 22 23 155
f 24 156 25
f 25 157 72
f 21 133 153
f 7 207 133
f 16 151 148
f 23 149 155
f 17 148 149
f 19 152 151
f 20 150 152
f 18 153 150
f 22 155 154
f 24 154 156
f 25 156 157
f 72 157 321
f 31 32 206
f 31 205 33
f 32 34 208
f 34 35 209
f 35 36 210
f 31 206 205
f 33 205 207
f 32 208 206
f 34 209 208
f 35 210 209
f 72 321 73
f 73 322 76
f 76 325 77
f 81 332 82
f 77 326 81
f 82 333 83
f 83 334 86
f 86 348 87
f 87 351 88
f 91 359 93
f 88 352 94
f 91 94 362
f 73 321 322
f 76 322 325
f 77 325 326
f 82 332 333
f 81 326 332
f 83 333 334
f 86 334 348
f 87 348 351
f 88 351 352
f 91 362 359
f 93 359 361
f 94 352 362
f 36 1434 210
f 93 361 402
f 402 409 404
f 404 412 406
f 361 409 402
f 404 409 412
f 406 412 418
f 406 418 2977
f 36 1312 1434
f 1312 1314 1436
f 1314 1315 1437
f 1315 1316 1438
f 1316 1317 1439
f 1317 1318 1440
f 1312 1436 1434
f 1314 1437 1436
f 1315 1438 1437
f 1316 1439 1438
f 1317 1440 1439
f 1318 1356 1555
f 1356 1360 1563
f 1360 1361 1564
f 1361 1362 1565
f 1362 1363 1566
f 1363 1366 1569
f 1366 1367 1570
f 1367 1370 1579
f 1370 1371 1580
f 1371 1372 1582
f 1372 1373 1583
f 1373 1401 1632
f 1318 1555 1440
f 1356 1563 1555
f 1360 1564 1563
f 1361 1565 1564
f 1362 1566 1565
f 1363 1569 1566
f 1366 1570 1569
f 1367 1579 1570
f 1370 1580 1579
f 1371 1582 1580
f 1372 1583 1582
f 1373 1632 1583
f 1401 1402 1633
f 1402 1404 1635
f 1404 1405 1636
f 1405 1408 1642
f 1408 1410 1645
f 1410 1411 1646
f 1411 1414 1653
f 1414 1415 1656
f 1415 1416 1657
f 1416 1419 1664
f 1419 1422 1670
f 1422 1423 1671
f 1401 1633 1632
f 1402 1635 1633
f 1404 1636 1635
f 1405 1642 1636
f 1408 1645 1642
f 1410 1646 1645
f 1411 1653 1646
f 1414 1656 1653
f 1415 1657 1656
f 1416 1664 1657
f 1419 1670 1664
f 1422 1671 1670
f 1423 1694 1703
f 1694 1696 1706
f 1696 1698 1710
f 1423 1703 1671
f 1694 1706 1703
f 1696 1710 1706
f 1698 4916 1710
f 418 2984 2977
f 2977 2984 2979
f 2979 2988 2981
f 2981 2991 3002
f 2979 2984 2988
f 2981 2988 2991
f 2991 3120 3002
f 3002 3120 3003
f 3003 3121 3006
f 3006 3127 3009
f 3009 3134 3010
f 3010 3135 3011
f 3011 3138 3014
f 3014 3145 3015
f 3015 3146 3017
f 3017 3149 3020
f 3020 3155 3021
f 3021 3156 3023
f 3023 3158 3024
f 3003 3120 3121
f 3006 3121 3127
f 3009 3127 3134
f 3010 3134 3135
f 3011 3135 3138
f 3014 3138 3145
f 3015 3145 3146
f 3017 3146 3149
f 3020 3149 3155
f 3021 3155 3156
f 3023 3156 3158
f 3024 3158 3159
f 3024 3159 3052
f 3052 3198 3053
f 3053 3199 3054
f 3054 3201 3055
f 3055 3202 3058
f 3058 3211 3059
f 3059 3212 3062
f 3062 3215 3063
f 3063 3216 3064
f 3064 3217 3065
f 3065 3218 3069
f 3069 3226 3107
f 3052 3159 3198
f 3053 3198 3199
f 3054 3199 3201
f 3055 3201 3202
f 3058 3202 3211
f 3059 3211 3212
f 3062 3212 3215
f 3063 3215 3216
f 3064 3216 3217
f 3065 3217 3218
f 3069 3218 3226
f 3107 3226 3292
f 3107 3292 3108
f 3108 3293 3109
f 3109 3294 3110
f 3110 3295 3111
f 3111 3296 3113
f 3108 3292 3293
f 3109 3293 3294
f 3110 3294 3295
f 3111 3295 3296
f 3113 3296 3298
f 3113 3298 5029
f 1698 4909 4916
f 4909 4911 4922
f 4911 4913 4925
f 4913 4972 5070
f 4909 4922 4916
f 4911 4925 4922
f 4913 5070 4925
f 3298 5162 5029
f 4971 5069 4974
f 4971 4977 5079
f 4972 4974 5072
f 4977 4978 5080
f 4978 4979 5083
f 4979 4982 5097
f 4982 4983 5098
f 4984 4988 5105
f 4983 4984 5099
f 4988 4989 5106
f 4989 4992 5109
f 4992 4993 5110
f 4971 5079 5069
f 4972 5072 5070
f 4974 5069 5072
f 4977 5080 5079
f 4978 5083 5080
f 4979 5097 5083
f 4982 5098 5097
f 4984 5105 5099
f 4983 5099 5098
f 4988 5106 5105
f 4989 5109 5106
f 4992 5110 5109
f 5029 5162 5030
f 5030 5163 5031
f 5031 5164 5033
f 5032 5034 5167
f 5033 5166 5034
f 5030 5162 5163
f 5031 5163 5164
f 5033 5164 5166
f 5032 5167 5165
f 5034 5166 5167
f 4993 5040 5264
f 5040 5041 5265
f 5042 5266 5043
f 5041 5043 5267
f 5046 5270 5049
f 5044 5268 5047
f 5045 5269 5046
f 5045 5047 5271
f 5042 5048 5272
f 5048 5049 5273
f 5044 5058 5288
f 5032 5165 5058
f 4993 5264 5110
f 5040 5265 5264
f 5041 5267 5265
f 5043 5266 5267
f 5047 5268 5271
f 5045 5271 5269
f 5046 5269 5270
f 5048 5273 5272
f 5042 5272 5266
f 5049 5270 5273
f 5058 5165 5288
f 5044 5288 5268
f 43 62 44
f 41 42 62
f 41 62 43
f 48 49 50
f 46 48 51
f 45 46 52
f 48 50 51
f 46 51 52
f 45 53 47
f 37 47 54
f 45 52 53
f 47 53 54
f 37 55 39
f 38 39 56
f 38 57 40
f 37 54 55
f 39 55 56
f 38 56 57
f 40 59 42
f 42 58 62
f 42 59 58
f 40 57 59
f 59 387 58
f 387 388 58
f 388 389 58
f 389 69 58
f 44 68 60
f 60 68 61
f 61 68 63
f 44 62 68
f 63 68 64
f 64 68 65
f 65 68 66
f 66 68 67
f 67 68 95
f 397 70 69
f 37 39 220
f 38 219 39
f 38 40 221
f 41 222 42
f 40 42 223
f 45 224 46
f 46 225 48
f 45 47 226
f 37 218 47
f 48 227 49
f 49 228 50
f 50 229 51
f 51 230 52
f 52 231 53
f 53 232 54
f 54 233 55
f 55 234 56
f 56 235 57
f 57 236 59
f 59 237 387
f 41 43 501
f 43 44 503
f 44 60 504
f 60 61 505
f 61 63 506
f 63 64 507
f 64 65 508
f 65 66 509
f 66 67 510
f 67 95 511
f 37 220 218
f 39 219 220
f 38 221 219
f 42 222 223
f 40 223 221
f 46 224 225
f 47 218 226
f 45 226 224
f 49 227 228
f 48 225 227
f 50 228 229
f 51 229 230
f 52 230 231
f 53 231 232
f 54 232 233
f 55 233 234
f 56 234 235
f 57 235 236
f 59 236 237
f 95 68 103
f 95 103 96
f 96 103 97
f 97 103 98
f 98 105 99
f 98 103 104
f 104 103 70
f 397 398 70
f 398 399 70
f 104 70 399
f 98 104 105
f 99 105 113
f 99 113 100
f 100 114 101
f 101 112 102
f 101 114 112
f 102 112 117
f 102 117 106
f 106 116 107
f 107 115 108
f 108 110 109
f 106 117 116
f 107 116 115
f 108 115 110
f 109 110 111
f 100 113 114
f 95 96 650
f 96 97 651
f 97 98 652
f 98 99 653
f 99 100 654
f 100 101 655
f 101 102 656
f 104 399 658
f 104 659 105
f 102 106 657
f 106 107 660
f 107 108 661
f 108 109 662
f 110 115 664
f 109 111 663
f 110 665 111
f 113 668 114
f 105 667 113
f 112 114 666
f 116 117 670
f 115 116 669
f 112 671 117
f 41 502 222
f 41 501 502
f 43 503 501
f 44 504 503
f 60 505 504
f 61 506 505
f 63 507 506
f 64 508 507
f 65 509 508
f 66 510 509
f 67 511 510
f 95 650 511
f 96 651 650
f 97 652 651
f 98 653 652
f 99 654 653
f 100 655 654
f 101 656 655
f 102 657 656
f 104 658 659
f 105 659 667
f 106 660 657
f 107 661 660
f 108 662 661
f 109 663 662
f 115 669 664
f 111 665 663
f 110 664 665
f 112 666 671
f 113 667 668
f 114 668 666
f 116 670 669
f 117 671 670
f 389 390 69
f 390 391 69
f 391 392 69
f 392 393 69
f 393 394 69
f 394 395 69
f 395 396 69
f 396 397 69
f 387 1014 388
f 388 1015 389
f 389 1016 390
f 390 1017 391
f 391 1018 392
f 392 1019 393
f 393 1020 394
f 394 1021 395
f 395 1022 396
f 396 1023 397
f 237 400 387
f 397 1024 398
f 398 1025 399
f 387 400 1012
f 387 1012 1014
f 388 1014 1015
f 389 1015 1016
f 390 1016 1017
f 391 1017 1018
f 392 1018 1019
f 393 1019 1020
f 394 1020 1021
f 395 1021 1022
f 396 1022 1023
f 400 1013 1012
f 397 1023 1024
f 398 1024 1025
f 399 1025 658
f 501 1013 502
f 501 503 1014
f 504 519 520
f 504 520 521
f 504 521 522
f 503 504 1015
f 504 522 523
f 504 523 1016
f 501 1012 1013
f 501 1014 1012
f 503 1015 1014
f 504 1016 1015
f 504 505 518
f 505 506 515
f 505 515 516
f 506 517 515
f 506 528 517
f 506 529 528
f 506 507 529
f 507 530 529
f 507 531 530
f 507 508 533
f 507 533 532
f 507 532 531
f 508 545 533
f 508 509 545
f 509 546 545
f 509 547 546
f 509 548 547
f 509 510 548
f 510 550 549
f 510 549 548
f 510 551 550
f 510 511 552
f 510 552 551
f 505 513 518
f 504 518 519
f 505 514 512
f 505 512 513
f 505 516 514
f 1016 523 524
f 1016 525 526
f 1016 524 525
f 1016 526 527
f 1016 527 534
f 1016 534 535
f 1016 535 536
f 1017 536 537
f 1017 537 538
f 1017 538 539
f 1017 539 540
f 1016 536 1017
f 1018 540 541
f 1018 541 542
f 1017 540 1018
f 1018 542 543
f 1019 543 544
f 1018 543 1019
f 511 553 552
f 511 555 554
f 511 554 553
f 511 557 555
f 511 558 557
f 511 559 558
f 511 560 559
f 511 650 1023
f 511 1023 560
f 1020 544 566
f 1020 566 567
f 1020 567 568
f 1020 568 569
f 1019 544 1020
f 1021 570 571
f 1021 569 570
f 1021 571 573
f 1020 569 1021
f 1022 573 572
f 1022 572 574
f 1022 575 556
f 1022 574 575
f 1023 561 560
f 1023 562 561
f 1023 565 564
f 1022 556 565
f 1023 564 563
f 1023 563 562
f 1021 573 1022
f 1022 565 1023
f 650 651 1024
f 651 652 1025
f 652 653 658
f 653 654 659
f 650 1024 1023
f 651 1025 1024
f 652 658 1025
f 653 659 658
f 654 667 659
f 654 655 667
f 655 656 668
f 656 657 666
f 656 666 668
f 657 671 666
f 657 660 671
f 660 661 670
f 661 662 669
f 662 663 664
f 660 670 671
f 661 669 670
f 662 664 669
f 663 665 664
f 655 668 667
f 1296 1343 1297
f 1297 1343 1298
f 1298 1343 1299
f 1299 1343 1300
f 1300 1343 1301
f 1301 1343 1302
f 1302 1343 1303
f 1303 1343 1304
f 1294 1307 1332
f 1294 1295 1719
f 1295 1296 1721
f 1296 1297 1722
f 1297 1298 1723
f 1298 1299 1724
f 1299 1300 1725
f 1300 1301 1726
f 1301 1302 1727
f 1302 1303 1728
f 1303 1304 1729
f 1304 1305 1730
f 1305 1306 1731
f 1306 1378 1732
f 1294 1719 1307
f 1295 1721 1719
f 1296 1722 1721
f 1297 1723 1722
f 1298 1724 1723
f 1299 1725 1724
f 1300 1726 1725
f 1301 1727 1726
f 1302 1728 1727
f 1303 1729 1728
f 1304 1730 1729
f 1307 1719 1720
f 1305 1731 1730
f 1306 1732 1731
f 1323 1336 1324
f 1324 1337 1325
f 1320 1326 1329
f 1319 1320 1330
f 1326 1327 1328
f 1326 1328 1329
f 1320 1329 1330
f 1319 1331 1321
f 1321 1334 1322
f 1319 1330 1331
f 1321 1331 1334
f 1322 1334 1335
f 1322 1335 1323
f 1323 1335 1336
f 1324 1336 1337
f 1325 1338 1332
f 1332 1333 1342
f 1294 1332 1342
f 1294 1342 1295
f 1295 1342 1296
f 1332 1338 1333
f 1325 1337 1338
f 1338 1339 1333
f 1339 1340 1333
f 1340 1341 1333
f 1341 1344 1333
f 1296 1342 1343
f 1341 1345 1344
f 1345 1346 1344
f 1346 1347 1344
f 1347 1348 1344
f 1348 1349 1344
f 1349 1350 1344
f 1393 1351 1344
f 1350 1352 1344
f 1352 1393 1344
f 1319 1441 1320
f 1319 1321 1443
f 1321 1322 1444
f 1322 1323 1445
f 1323 1324 1446
f 1324 1325 1447
f 1326 1448 1327
f 1320 1442 1326
f 1327 1449 1328
f 1328 1450 1329
f 1329 1451 1330
f 1330 1452 1331
f 1331 1453 1334
f 1325 1332 1454
f 1334 1455 1335
f 1335 1456 1336
f 1336 1457 1337
f 1337 1458 1338
f 1338 1459 1339
f 1339 1793 1340
f 1340 1794 1341
f 1341 1859 1345
f 1345 1860 1346
f 1346 1861 1347
f 1347 1862 1348
f 1348 1863 1349
f 1349 1864 1350
f 1350 1865 1352
f 1352 1962 1393
f 1322 1445 1444
f 1320 1441 1442
f 1321 1444 1443
f 1319 1443 1441
f 1323 1446 1445
f 1324 1447 1446
f 1327 1448 1449
f 1326 1442 1448
f 1328 1449 1450
f 1329 1450 1451
f 1330 1451 1452
f 1331 1452 1453
f 1334 1453 1455
f 1325 1454 1447
f 1307 1454 1332
f 1335 1455 1456
f 1336 1456 1457
f 1337 1457 1458
f 1338 1458 1459
f 1339 1459 1460
f 1304 1343 1380
f 1304 1380 1305
f 1305 1380 1306
f 1306 1380 1378
f 1378 1396 1379
f 1395 1380 1351
f 1378 1380 1395
f 1378 1395 1396
f 1379 1396 1398
f 1379 1398 1381
f 1381 1399 1382
f 1382 1400 1383
f 1383 1400 1392
f 1381 1398 1399
f 1382 1399 1400
f 1383 1392 1384
f 1384 1391 1385
f 1385 1390 1386
f 1386 1388 1387
f 1384 1392 1391
f 1385 1391 1390
f 1386 1390 1388
f 1387 1388 1389
f 1394 1397 1351
f 1395 1351 1397
f 1393 1394 1351
f 1378 1379 1948
f 1379 1381 1949
f 1381 1382 1950
f 1382 1383 1951
f 1383 1384 1952
f 1384 1385 1953
f 1385 1386 1954
f 1386 1387 1955
f 1388 1390 1957
f 1387 1389 1956
f 1388 1958 1389
f 1390 1391 1959
f 1391 1392 1960
f 1392 1400 1961
f 1393 1963 1394
f 1394 1966 1397
f 1395 1965 1396
f 1395 1397 1964
f 1398 1968 1399
f 1396 1967 1398
f 1399 1969 1400
f 1339 1460 1791
f 1339 1791 1793
f 1340 1793 1794
f 1341 1794 1859
f 1345 1859 1860
f 1346 1860 1861
f 1347 1861 1862
f 1348 1862 1863
f 1349 1863 1864
f 1350 1864 1865
f 1352 1865 1962
f 1460 1792 1791
f 1378 1948 1732
f 1379 1949 1948
f 1381 1950 1949
f 1382 1951 1950
f 1383 1952 1951
f 1384 1953 1952
f 1385 1954 1953
f 1386 1955 1954
f 1400 1969 1961
f 1387 1956 1955
f 1389 1958 1956
f 1388 1957 1958
f 1390 1959 1957
f 1391 1960 1959
f 1392 1961 1960
f 1393 1962 1963
f 1394 1963 1966
f 1395 1964 1965
f 1396 1965 1967
f 1397 1966 1964
f 1398 1967 1968
f 1399 1968 1969
f 1719 1792 1720
f 1719 1721 1793
f 1722 1807 1808
f 1722 1808 1809
f 1721 1722 1794
f 1722 1811 1812
f 1722 1809 1811
f 1719 1791 1792
f 1719 1793 1791
f 1722 1812 1859
f 1721 1794 1793
f 1722 1859 1794
f 1722 1723 1806
f 1723 1724 1797
f 1724 1799 1797
f 1724 1800 1799
f 1724 1801 1800
f 1723 1810 1806
f 1722 1806 1807
f 1723 1796 1795
f 1723 1795 1810
f 1723 1798 1796
f 1723 1797 1798
f 1724 1725 1801
f 1725 1802 1801
f 1725 1803 1802
f 1725 1726 1805
f 1725 1805 1804
f 1725 1804 1803
f 1726 1828 1805
f 1859 1813 1814
f 1859 1812 1813
f 1859 1815 1816
f 1859 1814 1815
f 1859 1816 1817
f 1859 1817 1818
f 1859 1818 1819
f 1726 1727 1828
f 1727 1829 1828
f 1727 1830 1829
f 1727 1831 1830
f 1727 1728 1831
f 1728 1833 1832
f 1728 1832 1831
f 1728 1834 1833
f 1728 1729 1835
f 1728 1835 1834
f 1729 1836 1835
f 1729 1837 1836
f 1729 1844 1837
f 1729 1845 1844
f 1729 1846 1845
f 1729 1847 1846
f 1729 1848 1847
f 1729 1730 1962
f 1729 1962 1848
f 1865 1854 1857
f 1865 1856 1858
f 1865 1857 1856
f 1962 1849 1848
f 1962 1853 1852
f 1865 1858 1853
f 1962 1851 1850
f 1962 1850 1849
f 1962 1852 1851
f 1860 1819 1820
f 1860 1820 1821
f 1860 1821 1822
f 1860 1822 1823
f 1859 1819 1860
f 1861 1823 1824
f 1861 1824 1825
f 1860 1823 1861
f 1861 1825 1826
f 1862 1826 1827
f 1861 1826 1862
f 1863 1839 1840
f 1863 1827 1839
f 1863 1840 1838
f 1863 1838 1841
f 1862 1827 1863
f 1864 1842 1843
f 1864 1841 1842
f 1864 1843 1855
f 1863 1841 1864
f 1865 1855 1854
f 1864 1855 1865
f 1865 1853 1962
f 1730 1731 1963
f 1731 1732 1966
f 1732 1948 1964
f 1948 1949 1965
f 1730 1963 1962
f 1731 1966 1963
f 1732 1964 1966
f 1948 1965 1964
f 1949 1967 1965
f 1949 1950 1967
f 1950 1951 1968
f 1951 1952 1969
f 1952 1961 1969
f 1950 1968 1967
f 1951 1969 1968
f 1952 1953 1961
f 1953 1954 1960
f 1954 1955 1959
f 1955 1956 1957
f 1953 1960 1961
f 1954 1959 1960
f 1955 1957 1959
f 1956 1958 1957
f 3031 3074 3032
f 3028 3030 3074
f 3028 3074 3031
f 3036 3038 3037
f 3035 3037 3039
f 3034 3035 3040
f 3033 3034 3041
f 3037 3038 3039
f 3035 3039 3040
f 3034 3040 3041
f 3033 3041 3042
f 3025 3043 3026
f 3026 3044 3027
f 3025 3033 3042
f 3025 3042 3043
f 3026 3043 3044
f 3027 3044 3046
f 3027 3046 3029
f 3029 3047 3030
f 3030 3047 3045
f 3030 3045 3074
f 3029 3046 3047
f 3047 3387 3045
f 3387 3388 3045
f 3388 3389 3045
f 3389 3082 3045
f 3025 3026 4236
f 3027 3029 4238
f 3026 3027 4237
f 3028 4241 3030
f 3029 3030 4240
f 3028 3031 4239
f 3031 3032 4242
f 3025 4244 3033
f 3033 4245 3034
f 3034 4246 3035
f 3036 3037 4247
f 3036 4249 3038
f 3035 4248 3037
f 3038 4250 3039
f 3039 4251 3040
f 3040 4252 3041
f 3041 4253 3042
f 3042 4254 3043
f 3043 4255 3044
f 3044 4256 3046
f 3046 4257 3047
f 3032 3081 3073
f 3073 3081 3075
f 3032 3074 3081
f 3075 3081 3076
f 3076 3081 3077
f 3077 3081 3078
f 3078 3081 3079
f 3079 3081 3080
f 3080 3081 3084
f 3397 3083 3082
f 3084 3081 3092
f 3084 3092 3085
f 3085 3092 3086
f 3086 3092 3087
f 3087 3100 3088
f 3087 3092 3093
f 3397 3398 3083
f 3398 3399 3083
f 3093 3083 3399
f 3093 3092 3083
f 3087 3093 3100
f 3088 3101 3089
f 3089 3102 3090
f 3090 3102 3103
f 3090 3103 3091
f 3091 3104 3094
f 3094 3106 3095
f 3091 3103 3104
f 3094 3104 3106
f 3095 3105 3096
f 3096 3099 3097
f 3097 3099 3098
f 3095 3106 3105
f 3096 3105 3099
f 3088 3100 3101
f 3089 3101 3102
f 3086 3087 3273
f 3087 3088 3274
f 3088 3089 3275
f 3089 3090 3276
f 3090 3091 3277
f 3093 3278 3100
f 3091 3094 3279
f 3094 3095 3280
f 3095 3096 3281
f 3096 3097 3282
f 3097 3098 3283
f 3099 3105 3290
f 3098 3099 3284
f 3100 3285 3101
f 3101 3286 3102
f 3102 3287 3103
f 3103 3288 3104
f 3104 3289 3106
f 3105 3106 3291
f 3032 3073 4243
f 3073 3075 4391
f 3075 3076 4392
f 3076 3077 4393
f 3077 3078 4394
f 3078 3079 4395
f 3079 3080 4396
f 3080 3084 4397
f 3084 3085 4462
f 3085 3086 4463
f 3086 3273 3272
f 3087 3274 3273
f 3088 3275 3274
f 3089 3276 3275
f 3090 3277 3276
f 3093 3400 3278
f 3100 3278 3285
f 3091 3279 3277
f 3094 3280 3279
f 3095 3281 3280
f 3096 3282 3281
f 3097 3283 3282
f 3099 3290 3284
f 3098 3284 3283
f 3101 3285 3286
f 3102 3286 3287
f 3106 3289 3291
f 3104 3288 3289
f 3105 3291 3290
f 3103 3287 3288
f 3026 4237 4236
f 3027 4238 4237
f 3028 4239 4241
f 3029 4240 4238
f 3030 4241 4240
f 3031 4242 4239
f 3032 4243 4242
f 3033 4244 4245
f 3034 4245 4246
f 3035 4246 4248
f 3037 4248 4247
f 3036 4247 4249
f 3038 4249 4250
f 3025 4236 4244
f 3039 4250 4251
f 3040 4251 4252
f 3041 4252 4253
f 3042 4253 4254
f 3043 4254 4255
f 3044 4255 4256
f 3046 4256 4257
f 3047 4257 4895
f 3086 3272 4464
f 3073 4391 4243
f 3075 4392 4391
f 3076 4393 4392
f 3077 4394 4393
f 3078 4395 4394
f 3079 4396 4395
f 3080 4397 4396
f 3084 4462 4397
f 3085 4463 4462
f 3086 4464 4463
f 3272 4465 4464
f 3047 4895 3387
f 3387 4896 3388
f 3388 4897 3389
f 3389 3390 3082
f 3390 3391 3082
f 3391 3392 3082
f 3392 3393 3082
f 3393 3394 3082
f 3394 3395 3082
f 3395 3396 3082
f 3396 3397 3082
f 3093 3399 3400
f 3389 4898 3390
f 3390 4899 3391
f 3391 4900 3392
f 3392 4901 3393
f 3393 4902 3394
f 3394 4903 3395
f 3395 4904 3396
f 3396 4905 3397
f 3397 4906 3398
f 3398 4907 3399
f 3387 4895 4896
f 3388 4896 4897
f 3399 4907 3400
f 3389 4897 4898
f 3390 4898 4899
f 3391 4899 4900
f 3392 4900 4901
f 3393 4901 4902
f 3394 4902 4903
f 3395 4903 4904
f 3396 4904 4905
f 3397 4905 4906
f 3398 4906 4907
f 3400 4907 4908
f 4247 4248 4249
f 4246 4250 4248
f 4245 4251 4246
f 4244 4252 4245
f 4248 4250 4249
f 4246 4251 4250
f 4245 4252 4251
f 4244 4253 4252
f 4236 4237 4254
f 4237 4238 4255
f 4236 4253 4244
f 4236 4254 4253
f 4237 4255 4254
f 4238 4256 4255
f 4238 4240 4256
f 4240 4241 4257
f 4239 4895 4241
f 4239 4242 4896
f 4242 4243 4897
f 4240 4257 4256
f 4241 4895 4257
f 4239 4896 4895
f 4242 4897 4896
f 4243 4391 4403
f 4391 4392 4401
f 4391 4401 4402
f 4392 4393 4415
f 4392 4413 4401
f 4392 4414 4413
f 4392 4415 4414
f 4393 4394 4429
f 4393 4418 4415
f 4393 4416 4418
f 4393 4429 4417
f 4393 4417 4416
f 4394 4395 4430
f 4394 4430 4429
f 4395 4431 4430
f 4395 4396 4433
f 4395 4432 4431
f 4395 4433 4432
f 4396 4397 4437
f 4396 4435 4434
f 4396 4434 4433
f 4396 4436 4435
f 4396 4437 4436
f 4243 4404 4405
f 4243 4405 4406
f 4243 4406 4407
f 4391 4398 4403
f 4243 4403 4404
f 4243 4407 4408
f 4391 4399 4400
f 4391 4400 4398
f 4391 4402 4399
f 4243 4408 4898
f 4243 4898 4897
f 4898 4408 4409
f 4898 4410 4411
f 4898 4409 4410
f 4898 4411 4412
f 4898 4412 4419
f 4898 4419 4420
f 4898 4420 4421
f 4899 4421 4422
f 4898 4421 4899
f 4899 4422 4423
f 4899 4423 4424
f 4899 4424 4425
f 4899 4425 4900
f 4900 4425 4426
f 4900 4426 4427
f 4900 4427 4428
f 4900 4428 4901
f 4397 4438 4437
f 4397 4440 4439
f 4397 4439 4438
f 4397 4441 4440
f 4397 4442 4441
f 4397 4443 4442
f 4397 4444 4443
f 4901 4428 4451
f 4902 4451 4452
f 4902 4452 4453
f 4901 4451 4902
f 4902 4453 4454
f 4902 4454 4455
f 4902 4455 4903
f 4904 4459 4458
f 4904 4458 4460
f 4904 4461 4446
f 4904 4460 4461
f 4905 4450 4449
f 4904 4446 4450
f 4903 4456 4457
f 4903 4455 4456
f 4903 4457 4459
f 4903 4459 4904
f 4904 4450 4905
f 4397 4462 4905
f 4462 4463 4906
f 4397 4905 4444
f 4463 4464 4907
f 4464 4465 4907
f 4905 4445 4444
f 4905 4447 4445
f 4462 4906 4905
f 4905 4449 4448
f 4905 4448 4447
f 4463 4907 4906
f 4465 4908 4907
f 4934 4935 5921
f 4935 4936 5922
f 4936 4996 4937
f 4937 4996 4938
f 4938 4996 4939
f 4939 4996 4940
f 4940 4996 4941
f 4941 4996 4942
f 4942 4996 4943
f 4943 4996 4944
f 4936 4937 5923
f 4937 4938 5924
f 4938 4939 5925
f 4939 4940 5926
f 4940 4941 5927
f 4941 4942 5928
f 4942 4943 5929
f 4943 4944 5930
f 4944 4945 5931
f 4945 4946 5932
f 4946 5135 4947
f 4934 5921 5996
f 4935 5922 5921
f 4936 5923 5922
f 4946 4947 5933
f 4937 5924 5923
f 4938 5925 5924
f 4939 5926 5925
f 4940 5927 5926
f 4941 5928 5927
f 4942 5929 5928
f 4943 5930 5929
f 4944 5931 5930
f 4945 5932 5931
f 4946 5933 5932
f 4947 5934 5933
f 4951 4965 4952
f 4954 4956 4955
f 4950 4955 4957
f 4949 4950 4958
f 4948 4949 4959
f 4955 4956 4957
f 4950 4957 4958
f 4949 4958 4959
f 4948 4959 4963
f 4948 4963 4953
f 4951 4953 4964
f 4953 4963 4964
f 4951 4964 4965
f 4952 4965 4966
f 4952 4966 4960
f 4960 4967 4961
f 4934 4961 4995
f 4934 4995 4935
f 4935 4995 4936
f 4961 4962 4995
f 4961 4967 4962
f 4960 4966 4967
f 4967 4968 4962
f 4968 4969 4962
f 4969 4970 4962
f 4970 4997 4962
f 4948 4953 5983
f 4949 5985 4950
f 4948 5984 4949
f 4951 5988 4953
f 4952 4960 5987
f 4951 4952 5986
f 4954 4955 5989
f 4954 5991 4956
f 4950 5990 4955
f 4956 5992 4957
f 4957 5993 4958
f 4958 5994 4959
f 4959 5997 4963
f 4960 4961 5995
f 4934 5996 4961
f 4963 5998 4964
f 4964 5999 4965
f 4965 6000 4966
f 4966 6001 4967
f 4967 6002 4968
f 4968 6003 4969
f 4969 6004 4970
f 4936 4995 4996
f 4970 4998 4997
f 4998 4999 4997
f 4999 5000 4997
f 5000 5001 4997
f 5001 5002 4997
f 5021 5003 4997
f 5002 5004 4997
f 5004 5005 4997
f 5005 5021 4997
f 4944 4996 5007
f 4944 5007 4945
f 4945 5007 4946
f 4946 5007 5006
f 5006 5025 5008
f 5006 5007 5023
f 5023 5007 5003
f 5006 5023 5025
f 5008 5027 5009
f 5009 5026 5010
f 5010 5028 5011
f 5008 5025 5027
f 5009 5027 5026
f 5010 5026 5028
f 5011 5018 5012
f 5012 5020 5013
f 5011 5028 5018
f 5012 5018 5020
f 5013 5019 5014
f 5014 5017 5015
f 5013 5020 5019
f 5014 5019 5017
f 5015 5017 5016
f 5022 5024 5003
f 5023 5003 5024
f 5021 5022 5003
f 4946 5006 5135
f 5006 5008 5136
f 5008 5009 5137
f 5009 5010 5138
f 5010 5011 5139
f 5011 5012 5140
f 5012 5013 5141
f 5013 5014 5142
f 5014 5015 5143
f 5015 5016 5144
f 5016 5017 5145
f 5018 5028 5154
f 5018 5146 5020
f 5017 5019 5147
f 5019 5020 5148
f 5023 5149 5025
f 5023 5024 5150
f 5025 5151 5027
f 5026 5027 5153
f 5026 5152 5028
f 4970 6126 4998
f 4998 6127 4999
f 4999 6128 5000
f 5000 6129 5001
f 5001 6130 5002
f 5002 6131 5004
f 5004 6132 5005
f 5005 6133 5021
f 5021 6134 5022
f 5022 6135 5024
f 5006 5136 5135
f 5008 5137 5136
f 5009 5138 5137
f 5010 5139 5138
f 5011 5140 5139
f 5012 5141 5140
f 5013 5142 5141
f 5014 5143 5142
f 5015 5144 5143
f 5017 5147 5145
f 5016 5145 5144
f 5020 5146 5148
f 5018 5154 5146
f 5019 5148 5147
f 5025 5149 5151
f 5023 5150 5149
f 5027 5151 5153
f 5026 5153 5152
f 5028 5152 5154
f 4948 5983 5984
f 4949 5984 5985
f 4951 5986 5988
f 4952 5987 5986
f 4953 5988 5983
f 4955 5990 5989
f 4954 5989 5991
f 4950 5985 5990
f 4956 5991 5992
f 4957 5992 5993
f 4958 5993 5994
f 4959 5994 5997
f 4960 5995 5987
f 4961 5996 5995
f 4963 5997 5998
f 4964 5998 5999
f 4965 5999 6000
f 4966 6000 6001
f 4967 6001 6002
f 4968 6002 6003
f 4969 6003 6004
f 5024 6136 5150
f 4970 6004 6126
f 4998 6126 6127
f 4999 6127 6128
f 5000 6128 6129
f 5001 6129 6130
f 5002 6130 6131
f 5004 6131 6132
f 5005 6132 6133
f 5021 6133 6134
f 5022 6134 6135
f 5024 6135 6136
f 5986 5987 5999
f 5989 5990 5991
f 5985 5992 5990
f 5984 5993 5985
f 5983 5994 5984
f 5990 5992 5991
f 5985 5993 5992
f 5984 5994 5993
f 5983 5997 5994
f 5983 5988 5997
f 5986 5998 5988
f 5988 5998 5997
f 5986 5999 5998
f 5987 6000 5999
f 5987 5995 6000
f 5995 5996 6001
f 5921 6002 5996
f 5921 5922 6003
f 5922 5923 6004
f 5995 6001 6000
f 5996 6002 6001
f 5921 6003 6002
f 5922 6004 6003
f 5923 5924 6072
f 5924 5925 6064
f 5923 6073 6074
f 5923 6074 6075
f 5924 6081 6072
f 5923 6072 6073
f 5923 6076 6077
f 5923 6075 6076
f 5924 6063 6062
f 5924 6062 6081
f 5924 6065 6063
f 5924 6064 6065
f 5925 5926 6068
f 5925 6066 6064
f 5925 6067 6066
f 5925 6068 6067
f 5926 5927 6093
f 5926 6069 6068
f 5926 6070 6069
f 5926 6071 6070
f 5926 6093 6071
f 5923 6077 6126
f 5923 6126 6004
f 6126 6078 6079
f 6126 6077 6078
f 6126 6080 6082
f 6126 6079 6080
f 6126 6082 6083
f 6126 6083 6084
f 6126 6084 6085
f 5927 5928 6094
f 5927 6094 6093
f 5928 6095 6094
f 5928 5929 6097
f 5928 6096 6095
f 5928 6097 6096
f 5929 5930 6101
f 5929 6099 6098
f 5929 6098 6097
f 5929 6100 6099
f 5929 6101 6100
f 5930 6102 6101
f 5930 6103 6102
f 5930 6110 6103
f 5930 6111 6110
f 5930 6112 6111
f 5930 6113 6112
f 5930 6114 6113
f 6132 6121 6123
f 6132 6124 6125
f 6132 6123 6124
f 6133 6119 6118
f 6132 6125 6119
f 6127 6085 6086
f 6126 6085 6127
f 6127 6086 6087
f 6127 6087 6088
f 6127 6088 6089
f 6127 6089 6128
f 6128 6089 6090
f 6128 6090 6091
f 6128 6091 6092
f 6128 6092 6129
f 6129 6092 6104
f 6130 6105 6106
f 6130 6104 6105
f 6129 6104 6130
f 6130 6106 6107
f 6130 6107 6108
f 6130 6108 6131
f 6131 6109 6120
f 6131 6108 6109
f 6131 6120 6122
f 6132 6122 6121
f 6131 6122 6132
f 6132 6119 6133
f 5930 5931 6133
f 5931 5932 6134
f 5932 5933 6135
f 5933 5934 6135
f 5930 6133 6114
f 6133 6115 6114
f 5931 6134 6133
f 6133 6117 6116
f 6133 6116 6115
f 6133 6118 6117
f 5932 6135 6134
f 5934 6136 6135
f 248 62 58
f 278 58 69
f 249 68 62
f 316 69 70
f 250 103 68
f 386 70 103
f 249 62 248
f 248 58 278
f 249 250 68
f 278 69 316
f 249 248 259
f 248 261 259
f 248 262 261
f 248 263 262
f 248 278 263
f 249 271 250
f 249 252 253
f 249 253 255
f 249 255 254
f 249 260 258
f 249 257 251
f 249 251 252
f 249 258 257
f 249 259 260
f 249 254 256
f 249 256 267
f 249 269 270
f 249 267 268
f 249 268 269
f 249 270 271
f 263 278 264
f 264 278 265
f 265 278 266
f 266 278 273
f 273 278 274
f 274 278 275
f 275 278 276
f 276 278 277
f 277 278 279
f 279 278 280
f 280 278 281
f 281 278 282
f 282 278 283
f 278 284 283
f 278 306 284
f 278 316 306
f 271 272 250
f 272 285 250
f 285 286 250
f 286 287 250
f 287 288 250
f 288 289 250
f 289 290 250
f 290 291 250
f 291 292 250
f 292 293 250
f 293 294 250
f 250 294 295
f 250 295 297
f 250 297 298
f 250 298 299
f 307 306 316
f 307 316 308
f 308 316 309
f 309 316 310
f 312 316 314
f 314 316 315
f 315 316 296
f 310 316 311
f 311 316 313
f 313 316 312
f 305 316 303
f 302 303 316
f 304 316 305
f 296 316 304
f 250 386 103
f 316 70 386
f 250 299 386
f 299 300 386
f 300 301 386
f 301 302 386
f 302 316 386
f 251 512 252
f 253 252 514
f 255 515 254
f 253 516 255
f 254 517 256
f 256 528 267
f 258 260 519
f 258 518 257
f 251 257 513
f 259 520 260
f 259 261 521
f 261 262 522
f 262 263 523
f 263 264 524
f 264 265 525
f 265 266 526
f 266 273 527
f 269 531 270
f 267 529 268
f 268 530 269
f 270 532 271
f 271 533 272
f 272 545 285
f 273 274 534
f 274 275 535
f 275 276 536
f 276 277 537
f 277 279 538
f 279 280 539
f 280 281 540
f 281 282 541
f 282 283 542
f 283 284 543
f 284 306 544
f 285 546 286
f 286 547 287
f 287 548 288
f 288 549 289
f 289 550 290
f 290 551 291
f 291 552 292
f 292 553 293
f 293 554 294
f 294 555 295
f 296 304 556
f 295 557 297
f 297 558 298
f 298 559 299
f 299 560 300
f 300 561 301
f 305 303 564
f 301 562 302
f 302 563 303
f 304 305 565
f 307 566 306
f 307 308 567
f 308 309 568
f 309 310 569
f 310 311 570
f 311 313 571
f 313 312 573
f 312 314 572
f 314 315 574
f 315 296 575
f 251 513 512
f 252 512 514
f 255 516 515
f 253 514 516
f 254 515 517
f 256 517 528
f 260 520 519
f 257 518 513
f 258 519 518
f 259 521 520
f 261 522 521
f 262 523 522
f 263 524 523
f 264 525 524
f 265 526 525
f 266 527 526
f 269 530 531
f 267 528 529
f 268 529 530
f 270 531 532
f 271 532 533
f 272 533 545
f 273 534 527
f 274 535 534
f 275 536 535
f 276 537 536
f 277 538 537
f 279 539 538
f 280 540 539
f 281 541 540
f 282 542 541
f 283 543 542
f 284 544 543
f 306 566 544
f 285 545 546
f 286 546 547
f 287 547 548
f 288 548 549
f 289 549 550
f 290 550 551
f 291 551 552
f 292 552 553
f 293 553 554
f 294 554 555
f 295 555 557
f 296 556 575
f 297 557 558
f 298 558 559
f 299 559 560
f 300 560 561
f 301 561 562
f 302 562 563
f 303 563 564
f 305 564 565
f 304 565 556
f 307 567 566
f 308 568 567
f 309 569 568
f 310 570 569
f 311 571 570
f 313 573 571
f 312 572 573
f 314 574 572
f 315 575 574
f 1478 1342 1333
f 1545 1333 1344
f 1479 1343 1342
f 1546 1344 1351
f 1519 1380 1343
f 1624 1351 1380
f 1479 1342 1478
f 1478 1333 1545
f 1479 1519 1343
f 1545 1344 1546
f 1479 1478 1494
f 1478 1496 1494
f 1478 1497 1496
f 1478 1498 1497
f 1478 1545 1498
f 1479 1483 1482
f 1479 1495 1480
f 1479 1492 1495
f 1479 1491 1492
f 1479 1493 1491
f 1479 1494 1493
f 1479 1480 1481
f 1479 1481 1483
f 1479 1482 1484
f 1479 1484 1485
f 1479 1485 1486
f 1479 1486 1487
f 1479 1487 1488
f 1479 1488 1489
f 1479 1489 1519
f 1498 1545 1499
f 1499 1545 1500
f 1500 1545 1501
f 1501 1545 1502
f 1502 1545 1503
f 1503 1545 1504
f 1504 1545 1505
f 1505 1545 1506
f 1545 1507 1506
f 1545 1508 1507
f 1545 1509 1508
f 1545 1510 1509
f 1545 1511 1510
f 1545 1512 1511
f 1545 1525 1512
f 1519 1489 1490
f 1519 1490 1513
f 1519 1513 1514
f 1519 1514 1515
f 1519 1515 1516
f 1519 1516 1517
f 1519 1517 1518
f 1519 1518 1520
f 1519 1520 1521
f 1519 1521 1522
f 1519 1522 1523
f 1519 1523 1530
f 1519 1530 1531
f 1519 1531 1532
f 1519 1532 1533
f 1526 1525 1546
f 1524 1546 1527
f 1527 1546 1528
f 1526 1546 1524
f 1542 1546 1544
f 1528 1546 1529
f 1529 1546 1541
f 1541 1546 1540
f 1540 1546 1543
f 1543 1546 1542
f 1536 1537 1546
f 1538 1539 1546
f 1544 1546 1539
f 1538 1546 1537
f 1545 1546 1525
f 1519 1624 1380
f 1546 1351 1624
f 1519 1533 1624
f 1534 1535 1624
f 1533 1534 1624
f 1535 1536 1624
f 1536 1546 1624
f 1495 1795 1480
f 1481 1480 1796
f 1481 1798 1483
f 1483 1797 1482
f 1482 1799 1484
f 1484 1800 1485
f 1485 1801 1486
f 1486 1802 1487
f 1487 1803 1488
f 1488 1804 1489
f 1489 1805 1490
f 1490 1828 1513
f 1495 1492 1810
f 1491 1806 1492
f 1491 1493 1807
f 1494 1808 1493
f 1494 1496 1809
f 1496 1497 1811
f 1497 1498 1812
f 1498 1499 1813
f 1499 1500 1814
f 1500 1501 1815
f 1501 1502 1816
f 1502 1503 1817
f 1503 1504 1818
f 1504 1505 1819
f 1505 1506 1820
f 1506 1507 1821
f 1507 1508 1822
f 1508 1509 1823
f 1509 1510 1824
f 1510 1511 1825
f 1511 1512 1826
f 1512 1525 1827
f 1513 1829 1514
f 1514 1830 1515
f 1515 1831 1516
f 1516 1832 1517
f 1517 1833 1518
f 1518 1834 1520
f 1520 1835 1521
f 1521 1836 1522
f 1522 1837 1523
f 1524 1527 1838
f 1526 1839 1525
f 1526 1524 1840
f 1527 1528 1841
f 1528 1529 1842
f 1529 1541 1843
f 1523 1844 1530
f 1544 1539 1858
f 1530 1845 1531
f 1531 1846 1532
f 1532 1847 1533
f 1533 1848 1534
f 1534 1849 1535
f 1535 1850 1536
f 1536 1851 1537
f 1538 1537 1852
f 1538 1853 1539
f 1540 1543 1854
f 1541 1540 1855
f 1543 1542 1857
f 1542 1544 1856
f 1480 1795 1796
f 1481 1796 1798
f 1483 1798 1797
f 1482 1797 1799
f 1484 1799 1800
f 1485 1800 1801
f 1486 1801 1802
f 1487 1802 1803
f 1488 1803 1804
f 1489 1804 1805
f 1490 1805 1828
f 1492 1806 1810
f 1491 1807 1806
f 1493 1808 1807
f 1494 1809 1808
f 1496 1811 1809
f 1495 1810 1795
f 1497 1812 1811
f 1498 1813 1812
f 1499 1814 1813
f 1500 1815 1814
f 1501 1816 1815
f 1502 1817 1816
f 1503 1818 1817
f 1504 1819 1818
f 1505 1820 1819
f 1506 1821 1820
f 1507 1822 1821
f 1508 1823 1822
f 1509 1824 1823
f 1510 1825 1824
f 1511 1826 1825
f 1512 1827 1826
f 1525 1839 1827
f 1513 1828 1829
f 1514 1829 1830
f 1515 1830 1831
f 1516 1831 1832
f 1517 1832 1833
f 1518 1833 1834
f 1520 1834 1835
f 1521 1835 1836
f 1522 1836 1837
f 1523 1837 1844
f 1526 1840 1839
f 1524 1838 1840
f 1527 1841 1838
f 1528 1842 1841
f 1529 1843 1842
f 1541 1855 1843
f 1530 1844 1845
f 1531 1845 1846
f 1532 1846 1847
f 1533 1847 1848
f 1534 1848 1849
f 1535 1849 1850
f 1536 1850 1851
f 1538 1852 1853
f 1539 1853 1858
f 1537 1851 1852
f 1543 1857 1854
f 1540 1854 1855
f 1542 1856 1857
f 1544 1858 1856
f 3187 3074 3045
f 3335 3045 3082
f 3308 3081 3074
f 3375 3082 3083
f 3309 3092 3081
f 3376 3083 3092
f 3187 3308 3074
f 3187 3045 3335
f 3187 3318 3308
f 3187 3319 3318
f 3187 3320 3319
f 3187 3321 3320
f 3187 3335 3321
f 3308 3309 3081
f 3335 3082 3375
f 3309 3376 3092
f 3375 3083 3376
f 3308 3329 3309
f 3308 3317 3316
f 3308 3315 3310
f 3308 3316 3315
f 3308 3318 3317
f 3308 3312 3311
f 3308 3311 3314
f 3308 3314 3313
f 3308 3313 3325
f 3308 3325 3326
f 3308 3310 3312
f 3308 3330 3328
f 3308 3326 3327
f 3308 3327 3330
f 3308 3328 3329
f 3321 3335 3322
f 3322 3335 3323
f 3323 3335 3324
f 3324 3335 3331
f 3331 3335 3332
f 3335 3333 3332
f 3335 3334 3333
f 3335 3336 3334
f 3335 3337 3336
f 3335 3338 3337
f 3335 3339 3338
f 3335 3340 3339
f 3335 3341 3340
f 3335 3364 3341
f 3335 3365 3364
f 3329 3342 3309
f 3342 3343 3309
f 3343 3344 3309
f 3344 3345 3309
f 3345 3346 3309
f 3346 3347 3309
f 3347 3348 3309
f 3348 3349 3309
f 3309 3349 3350
f 3309 3350 3351
f 3309 3351 3352
f 3309 3352 3353
f 3309 3353 3354
f 3309 3354 3355
f 3309 3355 3356
f 3335 3375 3365
f 3365 3375 3366
f 3366 3375 3367
f 3367 3375 3368
f 3368 3375 3369
f 3369 3375 3370
f 3370 3375 3372
f 3371 3375 3373
f 3373 3375 3374
f 3360 3361 3375
f 3361 3363 3375
f 3362 3375 3363
f 3362 3359 3375
f 3374 3375 3359
f 3372 3375 3371
f 3309 3356 3376
f 3356 3357 3376
f 3357 3358 3376
f 3358 3360 3376
f 3360 3375 3376
f 3310 4400 3312
f 3311 3312 4399
f 3314 4401 3313
f 3311 4402 3314
f 3315 3316 4403
f 3316 3317 4404
f 3317 3318 4405
f 3318 3319 4406
f 3319 3320 4407
f 3320 3321 4408
f 3321 3322 4409
f 3322 3323 4410
f 3323 3324 4411
f 3315 4398 3310
f 3324 3331 4412
f 3313 4413 3325
f 3325 4414 3326
f 3326 4415 3327
f 3330 4416 3328
f 3328 4417 3329
f 3327 4418 3330
f 3331 3332 4419
f 3332 3333 4420
f 3333 3334 4421
f 3334 3336 4422
f 3336 3337 4423
f 3337 3338 4424
f 3338 3339 4425
f 3339 3340 4426
f 3340 3341 4427
f 3329 4429 3342
f 3342 4430 3343
f 3343 4431 3344
f 3344 4432 3345
f 3345 4433 3346
f 3346 4434 3347
f 3347 4435 3348
f 3348 4436 3349
f 3349 4437 3350
f 3350 4438 3351
f 3351 4439 3352
f 3352 4440 3353
f 3353 4441 3354
f 3354 4442 3355
f 3355 4443 3356
f 3356 4444 3357
f 3357 4445 3358
f 3358 4447 3360
f 3360 4448 3361
f 3361 4449 3363
f 3362 3363 4450
f 3362 4446 3359
f 3341 3364 4428
f 3364 3365 4451
f 3365 3366 4452
f 3366 3367 4453
f 3367 3368 4454
f 3368 3369 4455
f 3369 3370 4456
f 3370 3372 4457
f 3372 3371 4459
f 3371 3373 4458
f 3373 3374 4460
f 3374 3359 4461
f 3310 4398 4400
f 3312 4400 4399
f 3314 4402 4401
f 3311 4399 4402
f 3317 4405 4404
f 3315 4403 4398
f 3316 4404 4403
f 3318 4406 4405
f 3319 4407 4406
f 3320 4408 4407
f 3321 4409 4408
f 3322 4410 4409
f 3323 4411 4410
f 3324 4412 4411
f 3313 4401 4413
f 3325 4413 4414
f 3326 4414 4415
f 3327 4415 4418
f 3330 4418 4416
f 3328 4416 4417
f 3331 4419 4412
f 3332 4420 4419
f 3333 4421 4420
f 3334 4422 4421
f 3336 4423 4422
f 3337 4424 4423
f 3338 4425 4424
f 3339 4426 4425
f 3340 4427 4426
f 3341 4428 4427
f 3329 4417 4429
f 3342 4429 4430
f 3343 4430 4431
f 3344 4431 4432
f 3345 4432 4433
f 3346 4433 4434
f 3347 4434 4435
f 3348 4435 4436
f 3349 4436 4437
f 3350 4437 4438
f 3351 4438 4439
f 3352 4439 4440
f 3353 4440 4441
f 3354 4441 4442
f 3355 4442 4443
f 3356 4443 4444
f 3357 4444 4445
f 3359 4446 4461
f 3358 4445 4447
f 3360 4447 4448
f 3361 4448 4449
f 3363 4449 4450
f 3362 4450 4446
f 3364 4451 4428
f 3365 4452 4451
f 3366 4453 4452
f 3367 4454 4453
f 3368 4455 4454
f 3369 4456 4455
f 3370 4457 4456
f 3372 4459 4457
f 3371 4458 4459
f 3373 4460 4458
f 3374 4461 4460
f 5065 4995 4962
f 5244 4962 4997
f 5178 4996 4995
f 5245 4997 5003
f 5216 5007 4996
f 5246 5003 5007
f 5065 5178 4995
f 5065 4962 5244
f 5065 5192 5178
f 5065 5193 5192
f 5065 5194 5193
f 5065 5195 5194
f 5065 5244 5195
f 5178 5216 4996
f 5244 4997 5245
f 5216 5246 5007
f 5245 5003 5246
f 5178 5189 5198
f 5178 5190 5189
f 5178 5192 5191
f 5178 5191 5190
f 5178 5182 5181
f 5178 5181 5183
f 5178 5183 5184
f 5178 5198 5179
f 5178 5179 5180
f 5178 5180 5182
f 5178 5184 5185
f 5178 5186 5187
f 5178 5185 5186
f 5178 5187 5188
f 5195 5244 5196
f 5196 5244 5197
f 5197 5244 5199
f 5199 5244 5200
f 5200 5244 5201
f 5244 5202 5201
f 5244 5203 5202
f 5244 5204 5203
f 5244 5205 5204
f 5244 5206 5205
f 5244 5207 5206
f 5244 5208 5207
f 5244 5209 5208
f 5244 5222 5209
f 5244 5223 5222
f 5178 5188 5216
f 5216 5188 5210
f 5216 5210 5211
f 5216 5211 5212
f 5216 5212 5213
f 5216 5213 5214
f 5216 5214 5215
f 5216 5215 5217
f 5216 5217 5218
f 5216 5218 5219
f 5216 5219 5220
f 5216 5220 5221
f 5216 5221 5228
f 5216 5228 5229
f 5216 5229 5230
f 5216 5230 5231
f 5223 5245 5224
f 5225 5245 5226
f 5226 5245 5227
f 5224 5245 5225
f 5227 5245 5238
f 5238 5245 5240
f 5234 5235 5245
f 5237 5245 5236
f 5242 5245 5243
f 5237 5243 5245
f 5235 5236 5245
f 5240 5245 5239
f 5239 5245 5241
f 5241 5245 5242
f 5244 5245 5223
f 5216 5231 5246
f 5232 5233 5246
f 5231 5232 5246
f 5233 5234 5246
f 5234 5245 5246
f 5198 6062 5179
f 5179 6063 5180
f 5180 6065 5182
f 5182 6064 5181
f 5181 6066 5183
f 5183 6067 5184
f 5184 6068 5185
f 5185 6069 5186
f 5186 6070 5187
f 5187 6071 5188
f 5189 5190 6072
f 5191 5192 6074
f 5192 5193 6075
f 5190 5191 6073
f 5193 5194 6076
f 5194 5195 6077
f 5195 5196 6078
f 5196 5197 6079
f 5197 5199 6080
f 5189 6081 5198
f 5199 5200 6082
f 5200 5201 6083
f 5201 5202 6084
f 5202 5203 6085
f 5203 5204 6086
f 5204 5205 6087
f 5205 5206 6088
f 5206 5207 6089
f 5207 5208 6090
f 5208 5209 6091
f 5188 6093 5210
f 5210 6094 5211
f 5211 6095 5212
f 5212 6096 5213
f 5213 6097 5214
f 5214 6098 5215
f 5215 6099 5217
f 5217 6100 5218
f 5218 6101 5219
f 5219 6102 5220
f 5220 6103 5221
f 5209 5222 6092
f 5222 5223 6104
f 5223 5224 6105
f 5225 5226 6107
f 5226 5227 6108
f 5224 5225 6106
f 5221 6110 5228
f 5228 6111 5229
f 5229 6112 5230
f 5230 6113 5231
f 5231 6114 5232
f 5232 6115 5233
f 5233 6116 5234
f 5234 6117 5235
f 5237 6125 5243
f 5237 5236 6119
f 5235 6118 5236
f 5227 5238 6109
f 5238 5240 6120
f 5239 5241 6121
f 5240 5239 6122
f 5241 5242 6123
f 5242 5243 6124
f 5179 6062 6063
f 5180 6063 6065
f 5182 6065 6064
f 5181 6064 6066
f 5183 6066 6067
f 5184 6067 6068
f 5185 6068 6069
f 5186 6069 6070
f 5187 6070 6071
f 5189 6072 6081
f 5190 6073 6072
f 5191 6074 6073
f 5192 6075 6074
f 5193 6076 6075
f 5194 6077 6076
f 5195 6078 6077
f 5196 6079 6078
f 5197 6080 6079
f 5198 6081 6062
f 5199 6082 6080
f 5200 6083 6082
f 5201 6084 6083
f 5202 6085 6084
f 5203 6086 6085
f 5204 6087 6086
f 5205 6088 6087
f 5206 6089 6088
f 5207 6090 6089
f 5208 6091 6090
f 5209 6092 6091
f 5188 6071 6093
f 5210 6093 6094
f 5211 6094 6095
f 5212 6095 6096
f 5213 6096 6097
f 5214 6097 6098
f 5215 6098 6099
f 5217 6099 6100
f 5218 6100 6101
f 5219 6101 6102
f 5220 6102 6103
f 5221 6103 6110
f 5222 6104 6092
f 5223 6105 6104
f 5224 6106 6105
f 5226 6108 6107
f 5227 6109 6108
f 5225 6107 6106
f 5228 6110 6111
f 5229 6111 6112
f 5230 6112 6113
f 5231 6113 6114
f 5232 6114 6115
f 5233 6115 6116
f 5234 6116 6117
f 5236 6118 6119
f 5237 6119 6125
f 5235 6117 6118
f 5238 6120 6109
f 5240 6122 6120
f 5241 6123 6121
f 5239 6121 6122
f 5242 6124 6123
f 5243 6125 6124
f 1261 1228 1229
f 1262 1229 1230
f 1263 1232 1228
f 1266 1235 1231
f 1265 1231 1233
f 1264 1233 1232
f 1268 1234 1235
f 1267 1236 1234
f 1269 1237 1236
f 1270 1238 1237
f 1272 1243 1239
f 1271 1239 1238
f 1273 1240 1242
f 1274 1241 1240
f 1275 1245 1241
f 1276 1244 1243
f 1277 1242 1244
f 1278 1246 1245
f 1279 1247 1246
f 1280 1248 1247
f 1283 1249 1250
f 1285 1251 1252
f 1284 1250 1251
f 1287 1256 1254
f 1286 1254 1253
f 1292 1253 1259
f 1288 1252 1255
f 1289 1255 1256
f 1290 1259 1257
f 1291 1257 1258
f 1282 1260 1249
f 1293 1230 1260
f 1281 4113 1248
f 1261 1263 1228
f 1261 1229 1262
f 1293 1262 1230
f 1268 1235 1266
f 1265 1266 1231
f 1263 1264 1232
f 1264 1265 1233
f 1267 1234 1268
f 1267 1269 1236
f 1269 1270 1237
f 1270 1271 1238
f 1271 1272 1239
f 1273 1242 1277
f 1273 1274 1240
f 1274 1275 1241
f 1272 1276 1243
f 1276 1277 1244
f 1275 1278 1245
f 1278 1279 1246
f 1279 1280 1247
f 1280 1281 1248
f 1282 1249 1283
f 1283 1250 1284
f 1284 1251 1285
f 1288 1285 1252
f 1286 1253 1292
f 1286 1287 1254
f 1288 1255 1289
f 1287 1289 1256
f 1292 1259 1290
f 1290 1257 1291
f 1282 1293 1260
f 1291 1258 2561
f 2561 1258 2399
f 2562 2399 2400
f 2563 2400 2401
f 2564 2401 2402
f 2565 2402 2403
f 2566 2403 2404
f 2567 2404 2405
f 2568 2405 2406
f 2573 2406 2407
f 2574 2407 2408
f 2575 2408 2409
f 2576 2409 2410
f 2577 2410 2411
f 2578 2411 2412
f 2579 2412 2413
f 2581 2414 2415
f 2580 2413 2414
f 2582 2415 2416
f 2583 2416 2417
f 2584 2417 2418
f 2585 2418 2419
f 2586 2419 2420
f 2588 2420 2422
f 2587 2422 2421
f 2589 2421 2423
f 2590 2423 2424
f 2591 2424 2425
f 2592 2425 2426
f 2593 2426 2427
f 2595 2428 2429
f 2594 2427 2428
f 2596 2429 2430
f 2597 2430 2431
f 2597 2431 5343
f 2561 2399 2562
f 2562 2400 2563
f 2563 2401 2564
f 2564 2402 2565
f 2565 2403 2566
f 2566 2404 2567
f 2567 2405 2568
f 2573 2568 2406
f 2573 2407 2574
f 2574 2408 2575
f 2575 2409 2576
f 2576 2410 2577
f 2577 2411 2578
f 2578 2412 2579
f 2579 2413 2580
f 2580 2414 2581
f 2581 2415 2582
f 2582 2416 2583
f 2583 2417 2584
f 2584 2418 2585
f 2585 2419 2586
f 2586 2420 2588
f 2587 2421 2589
f 2587 2588 2422
f 2589 2423 2590
f 2590 2424 2591
f 2591 2425 2592
f 2592 2426 2593
f 2593 2427 2594
f 2594 2428 2595
f 2595 2429 2596
f 2596 2430 2597
f 4146 4114 4113
f 4147 4115 4114
f 4148 4116 4115
f 4149 4117 4116
f 4150 4118 4117
f 4151 4119 4118
f 4152 4120 4119
f 4153 4121 4120
f 4154 4122 4121
f 4155 4123 4122
f 4156 4124 4123
f 4157 4125 4124
f 4158 4126 4125
f 4159 4127 4126
f 4160 4128 4127
f 4161 4129 4128
f 4162 4130 4129
f 4163 4131 4130
f 4164 4132 4131
f 4165 4133 4132
f 4166 4134 4133
f 4167 4135 4134
f 4168 4136 4135
f 4169 4137 4136
f 4170 4138 4137
f 4171 4139 4138
f 4172 4140 4139
f 4173 4141 4140
f 4174 4142 4141
f 4175 4143 4142
f 4176 4144 4143
f 4177 4145 4144
f 4178 5406 4145
f 1281 4146 4113
f 4146 4147 4114
f 4147 4148 4115
f 4148 4149 4116
f 4149 4150 4117
f 4150 4151 4118
f 4151 4152 4119
f 4152 4153 4120
f 4153 4154 4121
f 4154 4155 4122
f 4155 4156 4123
f 4156 4157 4124
f 4157 4158 4125
f 4158 4159 4126
f 4159 4160 4127
f 4160 4161 4128
f 4161 4162 4129
f 4162 4163 4130
f 4163 4164 4131
f 4164 4165 4132
f 4165 4166 4133
f 4166 4167 4134
f 4167 4168 4135
f 4168 4169 4136
f 4169 4170 4137
f 4170 4171 4138
f 4171 4172 4139
f 4172 4173 4140
f 4173 4174 4141
f 4174 4175 4142
f 4175 4176 4143
f 4176 4177 4144
f 4177 4178 4145
f 5499 5401 5400
f 5500 5405 5401
f 5501 5403 5402
f 5502 5404 5403
f 5503 5430 5404
f 5504 5402 5405
f 5505 5407 5406
f 5506 5400 5407
f 5510 5343 5408
f 5511 5408 5409
f 5513 5409 5411
f 5512 5411 5410
f 5515 5410 5413
f 5516 5412 5414
f 5514 5413 5412
f 5518 5415 5416
f 5517 5414 5415
f 5519 5422 5417
f 5521 5418 5419
f 5520 5416 5418
f 5522 5419 5420
f 5523 5420 5421
f 5524 5421 5422
f 5525 5417 5425
f 5526 5424 5423
f 5527 5425 5424
f 5529 5426 5427
f 5534 5427 5432
f 5528 5428 5426
f 5530 5423 5429
f 5531 5429 5428
f 5532 5431 5430
f 5533 5432 5431
f 2597 5343 5510
f 4178 5505 5406
f 5499 5500 5401
f 5501 5402 5504
f 5501 5502 5403
f 5502 5503 5404
f 5503 5532 5430
f 5500 5504 5405
f 5505 5506 5407
f 5506 5499 5400
f 5510 5408 5511
f 5511 5409 5513
f 5512 5410 5515
f 5512 5513 5411
f 5514 5412 5516
f 5514 5515 5413
f 5517 5415 5518
f 5517 5516 5414
f 5518 5416 5520
f 5519 5524 5422
f 5520 5418 5521
f 5521 5419 5522
f 5522 5420 5523
f 5523 5421 5524
f 5519 5417 5525
f 5530 5526 5423
f 5526 5527 5424
f 5525 5425 5527
f 5528 5426 5529
f 5529 5427 5534
f 5528 5531 5428
f 5530 5429 5531
f 5532 5533 5431
f 5533 5534 5432
f 2136 2836 2128
f 2131 2834 2130
f 2130 2835 2129
f 2128 2834 2131
f 2132 2838 2137
f 2132 2134 2838
f 2135 2839 2134
f 2135 2133 2840
f 2136 2137 2837
f 2140 2842 2139
f 2139 2843 2141
f 2141 2843 2142
f 2142 2843 2143
f 2138 2129 2841
f 2138 2841 2140
f 2143 2844 2144
f 2144 2845 2145
f 2145 2846 2146
f 2146 2846 2147
f 2147 2847 2148
f 2148 2848 2233
f 2151 2212 2123
f 2124 2123 2184
f 2124 2185 2125
f 2125 2186 2127
f 2126 2187 2823
f 2127 2188 2126
f 2123 2212 2184
f 2124 2184 2185
f 2125 2185 2186
f 2127 2186 2188
f 2126 2188 2187
f 2128 2131 2192
f 2131 2130 2191
f 2130 2129 2190
f 2132 2137 2198
f 2132 2193 2134
f 2133 2194 2149
f 2135 2134 2195
f 2135 2196 2133
f 2136 2197 2137
f 2136 2128 2189
f 2138 2199 2129
f 2138 2140 2201
f 2140 2139 2200
f 2139 2141 2202
f 2141 2142 2203
f 2142 2143 2204
f 2143 2144 2205
f 2144 2145 2206
f 2145 2146 2207
f 2146 2147 2208
f 2147 2148 2209
f 2148 2233 2329
f 2150 2149 2210
f 2150 2211 2151
f 2128 2192 2189
f 2129 2199 2190
f 2131 2191 2192
f 2130 2190 2191
f 2132 2198 2193
f 2134 2193 2195
f 2133 2196 2194
f 2135 2195 2196
f 2137 2197 2198
f 2136 2189 2197
f 2138 2201 2199
f 2140 2200 2201
f 2139 2202 2200
f 2141 2203 2202
f 2142 2204 2203
f 2143 2205 2204
f 2144 2206 2205
f 2145 2207 2206
f 2146 2208 2207
f 2147 2209 2208
f 2148 2329 2209
f 2150 2210 2211
f 2149 2194 2210
f 2151 2211 2212
f 2233 2848 2234
f 2234 2876 2235
f 2235 2877 2236
f 2236 2878 2237
f 2237 2879 2238
f 2233 2234 2330
f 2234 2235 2331
f 2235 2236 2333
f 2236 2237 2334
f 2237 2238 2335
f 2238 2239 2354
f 2239 2240 2355
f 2240 2241 2357
f 2241 2242 2358
f 2242 2243 2361
f 2243 2244 2362
f 2244 2245 2364
f 2245 2246 2366
f 2233 2330 2329
f 2234 2331 2330
f 2235 2333 2331
f 2236 2334 2333
f 2237 2335 2334
f 2238 2354 2335
f 2239 2355 2354
f 2240 2357 2355
f 2241 2358 2357
f 2242 2361 2358
f 2243 2362 2361
f 2244 2364 2362
f 2245 2366 2364
f 2246 2903 2366
f 2151 2123 2857
f 2124 2851 2123
f 2123 2849 2857
f 2123 2850 2849
f 2133 2149 2854
f 2150 2855 2149
f 2150 2151 2856
f 2129 2835 2841
f 2128 2836 2834
f 2136 2837 2836
f 2130 2834 2835
f 2134 2839 2838
f 2135 2840 2839
f 2137 2838 2837
f 2140 2841 2842
f 2139 2842 2843
f 2143 2843 2844
f 2144 2844 2845
f 2145 2845 2846
f 2147 2846 2847
f 2148 2847 2848
f 2133 2854 2840
f 2149 2855 2854
f 2150 2856 2855
f 2151 2857 2856
f 2123 2851 2850
f 2823 2858 2824
f 2824 2859 2825
f 2825 2860 2826
f 2826 2861 2827
f 2827 2862 2828
f 2828 2863 2829
f 2831 2830 2865
f 2831 2866 2832
f 2832 2867 2833
f 2829 2864 2830
f 2823 2187 2858
f 2824 2858 2859
f 2825 2859 2860
f 2826 2860 2861
f 2827 2861 2862
f 2828 2862 2863
f 2829 2863 2864
f 2830 2864 2865
f 2831 2865 2866
f 2832 2866 2867
f 2833 2867 2868
f 2238 2894 2239
f 2234 2848 2876
f 2239 2895 2240
f 2240 2896 2241
f 2235 2876 2877
f 2236 2877 2878
f 2237 2878 2879
f 2238 2879 2894
f 2239 2894 2895
f 2240 2895 2896
f 2241 2896 2897
f 2241 2897 2898
f 2241 2898 2899
f 2241 2899 2900
f 2881 2883 2882
f 2246 2869 2903
f 2869 2870 2904
f 2870 2871 2909
f 2871 2872 2911
f 2872 2873 2918
f 2873 2874 2921
f 2874 2875 2923
f 2875 2880 2929
f 2880 2881 2932
f 2881 2882 2933
f 2882 2883 2936
f 2869 2904 2903
f 2870 2905 2904
f 2870 2906 2905
f 2870 2909 2906
f 2871 2910 2909
f 2871 2911 2910
f 2872 2918 2911
f 2873 2919 2918
f 2873 2921 2919
f 2874 2922 2921
f 2874 2923 2922
f 2875 2929 2923
f 2917 2911 2918
f 2880 2930 2929
f 2880 2932 2930
f 2881 2933 2932
f 2882 2936 2933
f 2823 2824 6230
f 2125 2127 6233
f 2124 2125 6234
f 2127 2126 6232
f 2126 2823 6231
f 2831 2832 5769
f 2832 2833 5768
f 2824 2825 6229
f 2825 2826 5775
f 2826 2827 5774
f 2827 2828 5773
f 2828 2829 5772
f 2829 2830 5771
f 2831 5770 2830
f 2124 6235 2851
f 2952 5720 2953
f 2953 5709 2954
f 2954 5704 2955
f 2955 5707 2956
f 2956 5707 2957
f 2957 5707 2958
f 2958 5707 2959
f 2959 5707 2960
f 2960 5707 2961
f 2961 5707 2962
f 2975 2964 5707
f 2965 2967 5707
f 2965 5707 2964
f 2962 5707 2963
f 2963 5707 2966
f 2967 2966 5707
f 2975 5707 2974
f 2833 2868 5765
f 2241 6322 2242
f 2242 6320 2243
f 2243 6319 2244
f 2244 5859 2245
f 2245 5858 2246
f 2246 5864 2869
f 2869 5863 2870
f 2870 5862 2871
f 2871 5861 2872
f 2872 5860 2873
f 2873 5857 2874
f 2874 5856 2875
f 2875 5855 2880
f 2880 5854 2881
f 2881 5854 2883
f 2241 2900 6322
f 2973 2974 5740
f 2973 5756 2972
f 2900 2901 6322
f 2883 5875 2936
f 2851 6235 2852
f 2852 6235 2853
f 2853 6235 2949
f 2949 6236 2950
f 2950 6237 2951
f 2951 6237 2952
f 2952 5727 5726
f 2952 5728 5727
f 2952 5729 5728
f 2952 5730 5729
f 2952 5731 5730
f 2952 5764 5731
f 2952 5721 5720
f 2952 5722 5721
f 2952 5724 5722
f 2952 5723 5724
f 2953 5715 5714
f 2953 5714 5713
f 2952 5725 5723
f 2952 5726 5725
f 2953 5717 5719
f 2953 5719 5716
f 2953 5716 5715
f 2953 5718 5717
f 2953 5720 5718
f 2953 5713 5709
f 2954 5710 5711
f 2954 5701 5702
f 2954 5711 5712
f 2954 5712 5700
f 2954 5700 5701
f 2954 5709 5708
f 2954 5708 5710
f 2954 5703 5704
f 2954 5702 5703
f 2955 5704 5705
f 2955 5705 5706
f 2955 5706 5707
f 2974 5707 5732
f 2833 5765 5767
f 2833 5767 5768
f 2832 5768 5769
f 2831 5769 5770
f 2830 5770 5771
f 2829 5771 5772
f 2828 5772 5773
f 2827 5773 5774
f 2826 5774 5775
f 2825 5775 6229
f 2824 6229 6230
f 2823 6230 6231
f 2126 6231 6232
f 2127 6232 6233
f 2125 6233 6234
f 2124 6234 6235
f 2952 5776 5764
f 5765 2868 5809
f 2901 2902 6321
f 2902 2968 6321
f 2968 2969 6324
f 2970 2971 6326
f 2971 2972 6323
f 2969 2970 6325
f 2974 5735 5736
f 2974 5734 5735
f 2974 5733 5734
f 2974 5732 5733
f 2974 5737 5738
f 2974 5736 5737
f 2974 5739 5740
f 2974 5738 5739
f 2973 5741 5742
f 2973 5740 5741
f 2973 5743 5744
f 2973 5742 5743
f 2973 5744 5745
f 2973 5745 5746
f 2973 5747 5748
f 2973 5746 5747
f 2973 5748 5749
f 2973 5751 5752
f 2973 5750 5751
f 2973 5749 5750
f 2972 5756 5757
f 2972 5757 5758
f 2972 5758 5759
f 2972 5759 5760
f 2973 5754 5755
f 2973 5753 5754
f 2973 5752 5753
f 2973 5755 5756
f 2972 5760 5761
f 2972 5761 5762
f 2972 5762 5763
f 2972 5763 5820
f 2869 5864 5863
f 2246 5858 5864
f 2244 6319 5859
f 2243 6320 6319
f 2245 5859 5858
f 2242 6322 6320
f 2880 5855 5854
f 2875 5856 5855
f 2874 5857 5856
f 2873 5860 5857
f 2872 5861 5860
f 2871 5862 5861
f 2870 5863 5862
f 2972 5820 6327
f 2883 5854 5875
f 2952 6238 5776
f 2949 6235 6236
f 2950 6236 6237
f 2952 6237 6238
f 5765 5766 5767
f 5777 6238 5778
f 5776 6238 5777
f 5778 6238 5779
f 5781 6238 5782
f 5780 6238 5781
f 5779 6238 5780
f 5784 6238 5785
f 5783 6238 5784
f 5782 6238 5783
f 5785 6238 5786
f 5788 6238 5789
f 5787 6238 5788
f 5786 6238 5787
f 5789 6238 5790
f 5791 6238 5792
f 5790 6238 5791
f 5792 6238 5793
f 5793 6238 5794
f 5795 6238 5796
f 5794 6238 5795
f 5796 6239 5797
f 5797 6239 5798
f 5798 6239 5799
f 5799 6239 5800
f 5800 6239 5801
f 5801 6239 5802
f 5802 6239 5803
f 5803 6239 5804
f 5804 6239 5805
f 5805 6239 5806
f 5806 6239 5807
f 5807 6240 5808
f 5808 6240 5831
f 5765 5809 5766
f 5766 5810 5767
f 5767 5811 5768
f 5768 5812 5769
f 5769 5813 5770
f 5770 5814 5771
f 5771 5815 5772
f 5772 5816 5773
f 5773 5817 5774
f 5774 5818 5775
f 5775 5819 6229
f 5766 5809 5810
f 5767 5810 5811
f 5768 5811 5812
f 5769 5812 5813
f 5770 5813 5814
f 5771 5814 5815
f 5772 5815 5816
f 5773 5816 5817
f 5774 5817 5818
f 5775 5818 5819
f 2901 6321 6322
f 2968 6324 6321
f 2971 6323 6326
f 2972 6327 6323
f 2969 6325 6324
f 2970 6326 6325
f 5820 5821 6327
f 5821 5822 6327
f 5822 5823 6327
f 5823 5824 6327
f 5824 5825 6327
f 5825 5826 6327
f 5826 5827 6327
f 5838 6327 5829
f 5827 5830 6327
f 5830 5828 6327
f 5828 5829 6327
f 5838 5839 6327
f 5840 6327 5839
f 5840 5841 6327
f 5841 5842 6327
f 5843 5845 6327
f 5842 5843 6327
f 5833 5837 6329
f 5832 6329 5837
f 5831 6329 5832
f 5833 6329 5834
f 5846 5851 6328
f 5850 6328 5851
f 5844 5846 6328
f 5852 5835 6328
f 5835 5836 6328
f 5834 6328 5836
f 5847 6328 5850
f 5847 5848 6328
f 5852 6328 5853
f 5848 5849 6328
f 5849 5853 6328
f 5844 6328 5845
f 5854 5855 5876
f 5855 5856 5877
f 5856 5857 5878
f 5857 5860 5887
f 5864 5858 5883
f 5859 5886 5858
f 5860 5861 5889
f 5861 5862 5891
f 5862 5863 5893
f 5863 5864 5901
f 5854 5876 5875
f 5855 5877 5876
f 5856 5878 5877
f 5857 5887 5878
f 5879 5878 5887
f 5864 5883 5901
f 5858 5885 5884
f 5858 5884 5883
f 5858 5886 5885
f 5859 6372 5886
f 5900 5901 5883
f 5860 5888 5887
f 5860 5889 5888
f 5861 5891 5889
f 5862 5892 5891
f 5862 5893 5892
f 5863 5899 5893
f 5863 5901 5899
f 5796 6238 6239
f 5807 6239 6240
f 5831 6240 6241
f 5831 6241 6242
f 5831 6242 6243
f 5831 6243 6244
f 5831 6255 6257
f 5831 6244 6245
f 5831 6245 6246
f 5831 6246 6247
f 5831 6247 6248
f 5831 6248 6249
f 5831 6249 6250
f 5831 6250 6252
f 5831 6252 6251
f 5831 6251 6253
f 5831 6253 6254
f 5831 6256 6255
f 5831 6254 6256
f 6229 6258 6230
f 6230 6259 6231
f 6231 6260 6232
f 6232 6261 6233
f 6233 6262 6234
f 6229 5819 6258
f 6230 6258 6259
f 6231 6259 6260
f 6232 6260 6261
f 6233 6261 6262
f 6234 6262 6263
f 6234 6263 6235
f 6235 6264 6236
f 6236 6265 6237
f 6237 6266 6238
f 6238 6267 6239
f 6239 6268 6240
f 6240 6269 6241
f 6241 6270 6242
f 6242 6271 6243
f 6243 6272 6244
f 6244 6273 6245
f 6245 6274 6246
f 6246 6275 6247
f 6257 6286 6332
f 6247 6276 6248
f 6248 6277 6249
f 6249 6278 6250
f 6250 6279 6252
f 6252 6281 6251
f 6254 6283 6256
f 6251 6280 6253
f 6254 6253 6282
f 6257 6255 6284
f 6256 6285 6255
f 6235 6263 6264
f 6236 6264 6265
f 6237 6265 6266
f 6238 6266 6267
f 6239 6267 6268
f 6240 6268 6269
f 6241 6269 6270
f 6242 6270 6271
f 6243 6271 6272
f 6244 6272 6273
f 6245 6273 6274
f 6246 6274 6275
f 6332 6286 6405
f 6247 6275 6276
f 6248 6276 6277
f 6249 6277 6278
f 6250 6278 6279
f 6252 6279 6281
f 6251 6281 6280
f 6256 6283 6285
f 6253 6280 6282
f 6254 6282 6283
f 6255 6285 6284
f 6257 6284 6286
f 5845 6328 6327
f 5831 6330 6329
f 5831 6331 6330
f 5831 6332 6331
f 5831 6257 6332
f 5834 6329 6328
f 5859 6319 6372
f 6319 6320 6373
f 6320 6322 6376
f 6322 6321 6375
f 6321 6324 6379
f 6324 6325 6380
f 6325 6326 6383
f 6323 6378 6326
f 6328 6401 6327
f 6323 6327 6400
f 6328 6329 6402
f 6331 6404 6330
f 6329 6330 6403
f 6331 6332 6405
f 6319 6373 6372
f 6320 6376 6373
f 6322 6375 6376
f 6323 6400 6378
f 6321 6379 6375
f 6324 6380 6379
f 6325 6383 6380
f 6326 6378 6383
f 6327 6401 6400
f 6328 6402 6401
f 6329 6403 6402
f 6330 6404 6403
f 6331 6405 6404
f 2835 2743 2744
f 2836 2746 2745
f 2834 2745 2743
f 2838 2748 2747
f 2839 2749 2748
f 2837 2747 2746
f 2842 2750 2751
f 2841 2744 2750
f 2843 2751 2752
f 2844 2752 2753
f 2845 2753 2754
f 2846 2754 2755
f 2847 2755 2756
f 2848 2756 2757
f 2849 2759 2758
f 2850 2760 2759
f 2851 2761 2760
f 2852 2762 2761
f 2854 2764 2763
f 2840 2763 2749
f 2855 2765 2764
f 2856 2766 2765
f 2857 2758 2766
f 2876 2757 2773
f 2877 2773 2774
f 2878 2774 2775
f 2879 2775 2776
f 2894 2776 2787
f 2895 2787 2788
f 2896 2788 2789
f 2897 2789 2790
f 2898 2790 2791
f 2899 2791 2792
f 2900 2792 2793
f 2901 2793 2794
f 2902 2794 2795
f 2853 2796 2762
f 2949 2797 2796
f 2950 2798 2797
f 2951 2799 2798
f 2952 2800 2799
f 2953 2801 2800
f 2954 2802 2801
f 2955 2803 2802
f 2956 2804 2803
f 2957 2805 2804
f 2958 2806 2805
f 2959 2807 2806
f 2960 2808 2807
f 2961 2809 2808
f 2962 2810 2809
f 2963 2813 2810
f 2967 2812 2814
f 2964 2822 2811
f 2965 2811 2812
f 2966 2814 2813
f 2968 2795 2815
f 2969 2815 2816
f 2971 2817 2818
f 2972 2818 2819
f 2970 2816 2817
f 2973 2819 2820
f 2974 2820 2821
f 2975 2821 2822
f 2834 2743 2835
f 2835 2744 2841
f 2834 2836 2745
f 2836 2837 2746
f 2837 2838 2747
f 2838 2839 2748
f 2840 2749 2839
f 2841 2750 2842
f 2843 2842 2751
f 2843 2752 2844
f 2844 2753 2845
f 2845 2754 2846
f 2846 2755 2847
f 2847 2756 2848
f 2848 2757 2876
f 2849 2850 2759
f 2850 2851 2760
f 2851 2852 2761
f 2852 2853 2762
f 2840 2854 2763
f 2854 2855 2764
f 2855 2856 2765
f 2856 2857 2766
f 2857 2849 2758
f 2876 2773 2877
f 2877 2774 2878
f 2878 2775 2879
f 2879 2776 2894
f 2894 2787 2895
f 2895 2788 2896
f 2896 2789 2897
f 2897 2790 2898
f 2898 2791 2899
f 2899 2792 2900
f 2900 2793 2901
f 2901 2794 2902
f 2853 2949 2796
f 2949 2950 2797
f 2950 2951 2798
f 2951 2952 2799
f 2952 2953 2800
f 2953 2954 2801
f 2954 2955 2802
f 2955 2956 2803
f 2956 2957 2804
f 2957 2958 2805
f 2958 2959 2806
f 2959 2960 2807
f 2960 2961 2808
f 2961 2962 2809
f 2962 2963 2810
f 2965 2964 2811
f 2965 2812 2967
f 2963 2966 2813
f 2967 2814 2966
f 2902 2795 2968
f 2968 2815 2969
f 2969 2816 2970
f 2970 2817 2971
f 2971 2818 2972
f 2973 2820 2974
f 2973 2972 2819
f 2975 2974 2821
f 2975 2822 2964
f 5701 5552 5553
f 5702 5553 5554
f 5703 5554 5555
f 5704 5555 5556
f 5705 5556 5557
f 5706 5557 5558
f 5707 5558 5559
f 5708 5560 5561
f 5709 5567 5560
f 5710 5561 5562
f 5711 5562 5564
f 5700 5563 5552
f 5712 5564 5563
f 5713 5565 5567
f 5714 5566 5565
f 5715 5568 5566
f 5717 5570 5569
f 5719 5569 5571
f 5716 5571 5568
f 5718 5572 5570
f 5720 5573 5572
f 5721 5574 5573
f 5723 5577 5575
f 5722 5576 5574
f 5724 5575 5576
f 5725 5578 5577
f 5726 5579 5578
f 5727 5580 5579
f 5728 5581 5580
f 5729 5582 5581
f 5730 5583 5582
f 5731 5616 5583
f 5732 5559 5584
f 5733 5584 5585
f 5734 5585 5586
f 5735 5586 5587
f 5736 5587 5588
f 5737 5588 5589
f 5738 5589 5590
f 5739 5590 5591
f 5740 5591 5592
f 5741 5592 5593
f 5742 5593 5594
f 5743 5594 5595
f 5744 5595 5596
f 5745 5596 5597
f 5746 5597 5598
f 5747 5598 5599
f 5748 5599 5600
f 5749 5600 5601
f 5750 5601 5602
f 5751 5602 5603
f 5752 5603 5604
f 5753 5604 5605
f 5754 5605 5606
f 5755 5606 5607
f 5756 5607 5608
f 5757 5608 5609
f 5758 5609 5610
f 5759 5610 5611
f 5760 5611 5612
f 5761 5612 5613
f 5762 5613 5614
f 5763 5614 5615
f 5820 5615 5656
f 5764 5617 5616
f 5776 5618 5617
f 5777 5619 5618
f 5778 5620 5619
f 5779 5621 5620
f 5780 5622 5621
f 5781 5623 5622
f 5782 5624 5623
f 5783 5625 5624
f 5784 5626 5625
f 5785 5627 5626
f 5786 5628 5627
f 5787 5629 5628
f 5788 5630 5629
f 5789 5631 5630
f 5790 5632 5631
f 5791 5633 5632
f 5792 5634 5633
f 5793 5635 5634
f 5794 5636 5635
f 5795 5637 5636
f 5796 5638 5637
f 5797 5639 5638
f 5798 5640 5639
f 5799 5641 5640
f 5800 5642 5641
f 5801 5643 5642
f 5802 5644 5643
f 5803 5645 5644
f 5804 5646 5645
f 5805 5647 5646
f 5806 5648 5647
f 5807 5649 5648
f 5808 5667 5649
f 5821 5656 5657
f 5822 5657 5658
f 5823 5658 5659
f 5824 5659 5660
f 5825 5660 5661
f 5826 5661 5662
f 5827 5662 5663
f 5828 5666 5664
f 5829 5664 5665
f 5830 5663 5666
f 5831 5668 5667
f 5832 5673 5668
f 5837 5669 5673
f 5833 5670 5669
f 5836 5671 5672
f 5834 5672 5670
f 5838 5665 5674
f 5839 5674 5675
f 5840 5675 5676
f 5841 5676 5678
f 5843 5677 5679
f 5842 5678 5677
f 5845 5679 5681
f 5846 5680 5682
f 5844 5681 5680
f 5848 5683 5684
f 5849 5684 5685
f 5851 5682 5687
f 5847 5686 5683
f 5850 5687 5686
f 5835 5688 5671
f 5852 5689 5688
f 5853 5685 5689
f 5701 5700 5552
f 5701 5553 5702
f 5702 5554 5703
f 5703 5555 5704
f 5704 5556 5705
f 5705 5557 5706
f 5706 5558 5707
f 5708 5709 5560
f 5710 5708 5561
f 5710 5562 5711
f 5700 5712 5563
f 5711 5564 5712
f 5713 5714 5565
f 5714 5715 5566
f 5713 5567 5709
f 5715 5716 5568
f 5717 5718 5570
f 5717 5569 5719
f 5719 5571 5716
f 5718 5720 5572
f 5720 5721 5573
f 5721 5722 5574
f 5723 5725 5577
f 5722 5724 5576
f 5723 5575 5724
f 5725 5726 5578
f 5726 5727 5579
f 5727 5728 5580
f 5728 5729 5581
f 5729 5730 5582
f 5730 5731 5583
f 5731 5764 5616
f 5707 5559 5732
f 5732 5584 5733
f 5733 5585 5734
f 5734 5586 5735
f 5735 5587 5736
f 5736 5588 5737
f 5737 5589 5738
f 5738 5590 5739
f 5739 5591 5740
f 5740 5592 5741
f 5741 5593 5742
f 5742 5594 5743
f 5743 5595 5744
f 5744 5596 5745
f 5745 5597 5746
f 5746 5598 5747
f 5747 5599 5748
f 5748 5600 5749
f 5749 5601 5750
f 5750 5602 5751
f 5751 5603 5752
f 5752 5604 5753
f 5753 5605 5754
f 5754 5606 5755
f 5755 5607 5756
f 5756 5608 5757
f 5757 5609 5758
f 5758 5610 5759
f 5759 5611 5760
f 5760 5612 5761
f 5761 5613 5762
f 5762 5614 5763
f 5763 5615 5820
f 5764 5776 5617
f 5776 5777 5618
f 5777 5778 5619
f 5778 5779 5620
f 5779 5780 5621
f 5780 5781 5622
f 5781 5782 5623
f 5782 5783 5624
f 5783 5784 5625
f 5784 5785 5626
f 5785 5786 5627
f 5786 5787 5628
f 5787 5788 5629
f 5788 5789 5630
f 5789 5790 5631
f 5790 5791 5632
f 5791 5792 5633
f 5792 5793 5634
f 5793 5794 5635
f 5794 5795 5636
f 5795 5796 5637
f 5796 5797 5638
f 5797 5798 5639
f 5798 5799 5640
f 5799 5800 5641
f 5800 5801 5642
f 5801 5802 5643
f 5802 5803 5644
f 5803 5804 5645
f 5804 5805 5646
f 5805 5806 5647
f 5806 5807 5648
f 5807 5808 5649
f 5808 5831 5667
f 5820 5656 5821
f 5821 5657 5822
f 5822 5658 5823
f 5823 5659 5824
f 5824 5660 5825
f 5825 5661 5826
f 5826 5662 5827
f 5827 5663 5830
f 5828 5664 5829
f 5830 5666 5828
f 5831 5832 5668
f 5832 5837 5673
f 5833 5669 5837
f 5833 5834 5670
f 5835 5671 5836
f 5834 5836 5672
f 5838 5829 5665
f 5838 5674 5839
f 5840 5839 5675
f 5840 5676 5841
f 5842 5677 5843
f 5841 5678 5842
f 5844 5680 5846
f 5844 5845 5681
f 5846 5682 5851
f 5847 5683 5848
f 5848 5684 5849
f 5847 5850 5686
f 5850 5851 5687
f 5843 5679 5845
f 5852 5688 5835
f 5852 5853 5689
f 5849 5685 5853
f 809 913 810
f 810 914 811
f 811 933 812
f 812 934 813
f 1113 813 938
f 809 1011 913
f 810 913 914
f 811 914 933
f 812 933 934
f 813 934 938
f 1113 938 1152
f 949 959 940
f 939 940 1176
f 939 1177 941
f 943 941 1178
f 943 1180 942
f 942 1186 953
f 953 1188 950
f 944 946 1175
f 945 948 1169
f 945 1168 946
f 947 954 1171
f 948 947 1170
f 949 944 958
f 949 958 959
f 940 959 1176
f 939 1176 1177
f 941 1177 1178
f 943 1178 1179
f 954 955 1173
f 955 956 1181
f 945 1169 1168
f 946 1168 1175
f 948 1167 1169
f 948 1170 1167
f 809 1184 956
f 954 1172 1171
f 954 1173 1172
f 955 1174 1173
f 947 1171 1170
f 944 1175 957
f 944 957 958
f 943 1179 1180
f 942 1180 1186
f 950 1281 951
f 951 1263 952
f 953 1186 1187
f 953 1187 1188
f 950 1188 1189
f 950 1189 1190
f 950 1190 1281
f 949 940 980
f 939 978 940
f 939 941 981
f 943 983 941
f 943 942 982
f 944 989 946
f 945 946 995
f 947 1001 954
f 945 992 948
f 948 1002 947
f 949 1004 944
f 949 980 1004
f 939 979 978
f 940 978 980
f 941 983 981
f 943 982 983
f 939 981 979
f 944 988 989
f 945 995 992
f 946 996 995
f 946 993 996
f 946 989 993
f 947 1002 1001
f 954 1001 1009
f 948 992 1002
f 944 1004 1003
f 944 1003 988
f 953 950 1005
f 950 951 1006
f 951 952 1007
f 942 953 1008
f 953 1005 1008
f 950 1006 1005
f 951 1007 1006
f 942 1008 982
f 954 1009 955
f 955 1010 956
f 809 956 1011
f 955 1009 1010
f 956 1010 1011
f 951 1269 1267
f 952 1282 1283
f 952 1284 1285
f 952 1283 1284
f 952 1286 1292
f 952 1287 1286
f 952 1289 1287
f 952 1288 1289
f 952 1285 1288
f 951 1264 1263
f 951 1265 1264
f 951 1267 1268
f 951 1268 1266
f 951 1266 1265
f 952 1263 1261
f 952 1293 1282
f 952 1262 1293
f 952 1261 1262
f 952 1290 1291
f 952 1292 1290
f 951 1271 1270
f 951 1270 1269
f 951 1276 1272
f 951 1272 1271
f 951 1273 1277
f 951 1277 1276
f 951 1275 1274
f 951 1274 1273
f 951 1278 1275
f 951 1281 1280
f 951 1280 1279
f 951 1279 1278
f 952 1291 2561
f 952 1744 1007
f 952 2561 1733
f 952 1733 1744
f 1113 1152 1114
f 1114 1154 1115
f 1115 1155 1116
f 1116 1156 1117
f 1117 1161 1118
f 1118 1162 1119
f 1119 1163 1120
f 1114 1152 1154
f 1115 1154 1155
f 1116 1155 1156
f 1117 1156 1161
f 1118 1161 1162
f 1119 1162 1163
f 1120 1163 1164
f 1120 1164 1121
f 1121 1165 1122
f 1121 1164 1165
f 1122 1165 1166
f 955 1181 1174
f 956 1182 1181
f 956 1183 1182
f 956 1184 1183
f 809 1185 1184
f 809 1195 1185
f 809 1196 1195
f 1190 1191 1281
f 1191 1192 1281
f 1192 1193 1281
f 1193 1194 1281
f 1194 1207 1281
f 1207 1208 1281
f 1208 1209 1281
f 1209 1210 1281
f 1210 1211 1281
f 1212 1281 1211
f 809 810 4017
f 810 811 4719
f 812 813 4514
f 811 812 4515
f 1114 1115 4511
f 1115 1116 3752
f 1116 1117 3751
f 1113 4513 813
f 1113 1114 4512
f 1118 1119 3749
f 1119 1120 3748
f 1117 1118 3750
f 1120 1121 3747
f 1121 1122 3746
f 1122 1166 3733
f 809 3797 1196
f 1196 3797 1197
f 1197 3798 1198
f 1198 3815 1199
f 1199 3815 1200
f 1203 3831 1204
f 1204 3831 1205
f 1205 3829 1217
f 1217 3837 1218
f 1220 3847 1221
f 1221 3849 1222
f 1222 3870 1223
f 1206 1226 3886
f 1225 3865 1224
f 1224 3885 1226
f 1212 4146 1281
f 1733 2561 1734
f 1734 2561 1735
f 1735 2561 1736
f 1736 2561 1737
f 1737 2561 1738
f 1738 2561 1739
f 1739 2561 1740
f 1740 2561 1741
f 1741 2561 1742
f 1742 2561 1743
f 1743 2563 1756
f 1743 2562 2563
f 1743 2561 2562
f 1756 2563 2564
f 1756 2566 2567
f 1756 2565 2566
f 1756 2564 2565
f 1733 1734 1745
f 1734 1735 1746
f 1735 1736 1747
f 1736 1737 1748
f 1737 1738 1749
f 1738 1739 1750
f 1739 1740 1751
f 1740 1741 1753
f 1741 1742 1754
f 1742 1743 1755
f 1743 1756 1769
f 1733 1745 1744
f 1734 1746 1745
f 1735 1747 1746
f 1736 1748 1747
f 1737 1749 1748
f 1738 1750 1749
f 1739 1751 1750
f 1740 1753 1751
f 1741 1754 1753
f 1752 1751 1753
f 1742 1755 1754
f 1743 1769 1755
f 1756 2568 2573
f 1756 2567 2568
f 1756 2578 2579
f 1756 2577 2578
f 1756 2576 2577
f 1756 2575 2576
f 1756 2574 2575
f 1756 2573 2574
f 1756 1757 1770
f 1757 1758 1771
f 1758 1759 1772
f 1759 1760 1773
f 1756 1770 1769
f 1757 1771 1770
f 1758 1772 1771
f 1759 1773 1772
f 1768 1769 1770
f 1760 1761 1774
f 1761 1762 1775
f 1762 1763 1776
f 1763 1764 1777
f 1764 1765 1778
f 1765 1766 1779
f 1766 1767 1780
f 1767 2569 2604
f 1760 1774 1773
f 1761 1775 1774
f 1762 1776 1775
f 1763 1777 1776
f 1764 1778 1777
f 1765 1779 1778
f 1766 1780 1779
f 1767 2604 1780
f 1756 2582 2583
f 1756 2581 2582
f 1756 2580 2581
f 1756 2579 2580
f 1756 2583 2584
f 1756 2586 2588
f 1756 2585 2586
f 1756 2584 2585
f 1756 2588 2587
f 1756 2587 2589
f 1756 2589 2590
f 1756 2590 2591
f 1756 2591 2592
f 1756 2592 2593
f 1756 2593 2594
f 1756 2594 2595
f 1756 2595 2596
f 1757 2695 1758
f 1758 2686 1759
f 1759 2704 1760
f 1760 2718 1761
f 1758 2687 2686
f 1758 2689 2688
f 1758 2688 2687
f 1759 2722 2699
f 1759 2699 2700
f 1759 2700 2701
f 1759 2678 2721
f 1759 2721 2722
f 1759 2683 2680
f 1759 2680 2681
f 1759 2681 2679
f 1759 2679 2678
f 1758 2691 2694
f 1758 2694 2690
f 1758 2690 2689
f 1758 2693 2692
f 1758 2692 2691
f 1758 2695 2693
f 1759 2682 2683
f 1759 2686 2685
f 1759 2685 2684
f 1759 2684 2682
f 1759 2701 2702
f 1759 2702 2698
f 1759 2698 2696
f 1759 2696 2697
f 1759 2697 2703
f 1759 2703 2704
f 1760 2704 2705
f 1760 2705 2706
f 1760 2706 2707
f 1760 2708 2709
f 1760 2707 2708
f 1760 2710 2711
f 1760 2709 2710
f 1760 2712 2713
f 1760 2711 2712
f 1760 2715 2716
f 1760 2714 2715
f 1760 2713 2714
f 1760 2716 2717
f 1760 2717 2718
f 1761 2719 2720
f 1761 2718 2719
f 1761 2720 2723
f 1761 2724 2725
f 1761 2723 2724
f 1761 2725 2726
f 1761 2727 2728
f 1761 2726 2727
f 1761 2728 2729
f 1761 2730 2731
f 1761 2729 2730
f 1761 2731 2732
f 1761 2732 2733
f 1761 2733 2734
f 1761 2734 2735
f 1761 2735 2736
f 1761 2736 2737
f 1761 2737 2738
f 1761 2738 2739
f 1761 2739 2740
f 1761 2740 2741
f 2601 2603 2602
f 2569 2570 2605
f 2570 2571 2606
f 2571 2572 2607
f 2572 2598 2608
f 2598 2599 2609
f 2599 2600 2610
f 2600 2601 2675
f 2569 2605 2604
f 2570 2606 2605
f 2571 2607 2606
f 2572 2608 2607
f 2598 2609 2608
f 2599 2610 2609
f 2600 2675 2610
f 2601 2602 2676
f 2602 2603 2677
f 2601 2676 2675
f 2602 2677 2676
f 1756 5966 1757
f 1757 5433 2695
f 1761 5965 1762
f 1762 5960 1763
f 1763 5959 1764
f 1764 5958 1765
f 1765 5541 1766
f 1766 5540 1767
f 1756 2596 5966
f 1767 5539 2569
f 2569 5538 2570
f 2570 5537 2571
f 2571 5536 2572
f 2572 5535 2598
f 2598 5509 2599
f 2599 5508 2600
f 2600 5507 2601
f 1757 5434 5433
f 1761 2741 5965
f 2601 5507 2603
f 2596 2597 5966
f 2603 5498 2677
f 1122 3733 3735
f 1122 3735 3746
f 1121 3746 3747
f 1120 3747 3748
f 1119 3748 3749
f 1118 3749 3750
f 1117 3750 3751
f 1116 3751 3752
f 1115 3752 4511
f 1114 4511 4512
f 1113 4512 4513
f 813 4513 4514
f 812 4514 4515
f 811 4515 4719
f 3733 1166 3753
f 1200 4733 1201
f 1201 4733 1202
f 809 3799 3801
f 809 3801 3797
f 809 3806 3800
f 809 3800 3799
f 1202 4734 1203
f 809 3807 3806
f 809 3808 3807
f 809 3809 3808
f 809 3919 3809
f 1218 4737 1219
f 809 4017 3919
f 1197 3797 3798
f 1219 4738 1220
f 1223 4741 1227
f 1227 4742 1225
f 1212 1213 4746
f 1213 1214 4746
f 1214 1215 4745
f 1206 4744 1216
f 1215 1216 4745
f 1198 3798 3802
f 1198 3803 3804
f 1198 3802 3803
f 1198 3804 3805
f 1198 3805 3814
f 1198 3814 3815
f 810 4661 4018
f 810 4018 4017
f 1200 3815 3816
f 1200 3816 3817
f 1203 3832 3831
f 1203 3833 3832
f 1205 3827 3825
f 1205 3825 3826
f 1205 3826 3822
f 1205 3836 3827
f 1205 3831 3836
f 1205 3823 3824
f 1205 3822 3823
f 1205 3828 3829
f 1205 3824 3828
f 1217 3829 3830
f 810 4720 4661
f 1217 3830 3837
f 1218 3837 3838
f 1218 3838 3839
f 1218 3839 3840
f 1203 3933 3833
f 1226 3885 3886
f 1220 3856 3855
f 1220 3857 3856
f 1220 3858 3857
f 1221 3852 3849
f 1220 3855 3848
f 1220 3848 3847
f 1221 3847 3852
f 1222 3849 3850
f 1222 3851 3853
f 1222 3850 3851
f 1222 3854 3863
f 1222 3853 3854
f 1222 3863 3867
f 1222 3867 3868
f 1222 3868 3869
f 1222 3869 3870
f 1225 3864 3865
f 1225 3866 3864
f 1225 3875 3876
f 1225 3876 3866
f 1225 3877 3875
f 1224 3865 3883
f 1224 3883 3884
f 1224 3884 3885
f 1225 3878 3877
f 810 4719 4720
f 1200 3817 4732
f 1203 4027 3933
f 1203 4678 4027
f 1225 3983 3878
f 1225 4712 3983
f 1206 3886 3887
f 1206 3887 3888
f 1206 3888 3889
f 1206 3889 3890
f 1206 3890 3891
f 1206 3891 3892
f 3733 3734 3735
f 3733 3753 3734
f 3734 3754 3735
f 3734 3753 3754
f 3735 3754 3755
f 3735 3755 3746
f 3746 3772 3747
f 3747 3773 3748
f 3748 3774 3749
f 3749 3791 3750
f 3750 3792 3751
f 3751 3794 3752
f 3746 3755 3772
f 3747 3772 3773
f 3748 3773 3774
f 3749 3774 3791
f 3750 3791 3792
f 3751 3792 3794
f 3752 3794 3796
f 1218 3840 4737
f 1203 4734 4678
f 1220 4738 3858
f 1223 3870 4741
f 1200 4732 4733
f 1202 4733 4734
f 1225 4742 4712
f 1206 3892 4744
f 1212 4746 4146
f 3810 3917 3811
f 3809 3918 3810
f 3811 3916 3812
f 3813 3912 3897
f 3812 3913 3813
f 3897 3914 3898
f 3898 3911 3899
f 3899 3921 3900
f 3901 3903 3923
f 3821 3901 3924
f 3900 3921 3902
f 3902 3922 3903
f 3820 3821 3925
f 3819 3820 3926
f 3834 3931 3835
f 3833 3932 3834
f 3835 3937 3841
f 3843 3844 3946
f 3840 3843 3947
f 3841 3937 3842
f 3842 3936 3904
f 3904 3936 3905
f 3905 3938 3906
f 3906 3930 3907
f 3907 3939 3908
f 3908 3941 3910
f 3846 3909 3943
f 3845 3846 3945
f 3845 3945 3844
f 3909 3910 3943
f 3813 3913 3912
f 3811 3917 3916
f 3810 3918 3917
f 3812 3916 3913
f 3898 3914 3915
f 3897 3912 3914
f 3898 3915 3911
f 3899 3911 3921
f 3809 3919 3918
f 3902 3921 3922
f 3903 3922 3923
f 3901 3923 3924
f 3821 3924 3925
f 3820 3925 3926
f 3819 3926 3927
f 3819 3927 3928
f 3835 3931 3940
f 3834 3932 3931
f 3833 3933 3932
f 3842 3937 3935
f 3835 3940 3937
f 3842 3935 3936
f 3905 3936 3938
f 3906 3938 3930
f 3907 3930 3939
f 3908 3939 3941
f 3910 3941 3942
f 3910 3942 3943
f 3846 3943 3944
f 3846 3944 3945
f 3844 3945 3946
f 3843 3946 3947
f 1219 4737 4738
f 3859 3962 3860
f 3860 3959 3861
f 3861 3959 3862
f 3862 3959 3949
f 3949 3963 3950
f 3950 3964 3951
f 3951 3958 3952
f 3955 3967 3953
f 3952 3965 3954
f 3954 3966 3955
f 3879 3980 3880
f 3878 3982 3879
f 3880 3981 3881
f 3873 3874 3972
f 3872 3873 3973
f 3874 3953 3972
f 1227 4741 4742
f 3882 3978 3956
f 3881 3979 3882
f 3956 3977 3957
f 3860 3960 3959
f 3860 3961 3960
f 3860 3962 3961
f 3859 3968 3962
f 3859 3969 3968
f 3949 3959 3963
f 3950 3963 3964
f 3951 3964 3958
f 3952 3958 3965
f 3954 3965 3966
f 3955 3966 3967
f 3953 3967 3971
f 3953 3971 3972
f 3873 3972 3973
f 3872 3973 3974
f 3872 3974 3975
f 3880 3980 3981
f 3879 3982 3980
f 3882 3979 3978
f 3956 3978 3977
f 3957 3977 4086
f 3881 3981 3979
f 3878 3983 3982
f 3919 4017 3920
f 3920 4017 3985
f 3985 4016 3986
f 3987 4011 3988
f 3986 4012 3987
f 3988 4013 3989
f 3989 4015 3990
f 3990 4019 3991
f 3928 3929 4670
f 3817 3818 4732
f 3997 3994 4022
f 3991 4020 3995
f 3995 4020 3996
f 3996 4021 3994
f 3929 3992 4025
f 3997 4023 3993
f 3992 3993 4024
f 3818 3819 4732
f 3933 4027 3934
f 3934 4026 3998
f 3998 4037 3999
f 3999 4029 4000
f 4000 4028 4001
f 4001 4032 4002
f 4002 4032 4003
f 4003 4031 4004
f 4004 4033 4005
f 4005 4034 4010
f 4006 4007 4039
f 4007 4009 4039
f 4008 4010 4035
f 4009 4008 4039
f 3987 4012 4011
f 3985 4017 4016
f 3986 4016 4012
f 3989 4013 4015
f 3988 4011 4013
f 3990 4015 4014
f 3990 4014 4019
f 3991 4019 4020
f 3996 4020 4021
f 3994 4021 4022
f 3997 4022 4023
f 3993 4023 4024
f 3992 4024 4025
f 3929 4025 4670
f 3819 3928 4732
f 3998 4026 4037
f 3934 4027 4026
f 4000 4029 4030
f 4000 4030 4028
f 4001 4028 4032
f 3999 4037 4029
f 4003 4032 4031
f 4004 4031 4033
f 4005 4033 4034
f 4010 4034 4035
f 4008 4035 4036
f 4008 4036 4038
f 4008 4038 4039
f 4006 4039 4040
f 4006 4040 4682
f 3969 4069 3970
f 3970 4068 4041
f 4041 4067 4042
f 4042 4060 4043
f 4043 4061 4044
f 4044 4061 4045
f 4045 4063 4046
f 4046 4062 4047
f 4047 4064 4049
f 4050 4049 4065
f 4050 4066 4048
f 4053 4048 4070
f 4052 4053 4071
f 3983 4079 3984
f 3984 4077 4054
f 4054 4078 4055
f 4056 4076 4057
f 4055 4075 4056
f 4057 4074 4058
f 4043 4060 4059
f 3858 4738 3859
f 4041 4068 4067
f 3970 4069 4068
f 4042 4067 4060
f 4043 4059 4061
f 4045 4061 4063
f 4046 4063 4062
f 4047 4062 4064
f 4049 4064 4065
f 4050 4065 4066
f 4048 4066 4070
f 3969 4695 4069
f 3840 3947 4737
f 3859 4738 3969
f 4053 4070 4071
f 4052 4071 4072
f 4052 4072 4073
f 4052 4073 4707
f 3871 3872 4740
f 3870 3871 4741
f 4054 4077 4078
f 3984 4079 4077
f 4056 4075 4076
f 4057 4076 4074
f 4058 4074 4105
f 4055 4078 4075
f 3983 4712 4079
f 3892 3896 4094
f 3896 3893 4093
f 1214 4745 4746
f 3957 4085 4080
f 4080 4085 4081
f 4081 4087 4082
f 4082 4088 4084
f 4083 4084 4089
f 3894 3895 4091
f 3893 3894 4092
f 4083 4090 3895
f 1216 4744 4745
f 3957 4086 4085
f 4081 4085 4087
f 4082 4087 4088
f 4084 4088 4089
f 4083 4089 4090
f 3895 4090 4091
f 3894 4091 4092
f 3893 4092 4093
f 3896 4093 4094
f 4058 4105 4098
f 4098 4106 4099
f 4099 4106 4100
f 4103 4100 4107
f 4101 4109 4102
f 4097 4102 4110
f 4096 4097 4111
f 4103 4108 4101
f 4094 4095 4724
f 4095 4096 4112
f 4098 4105 4104
f 4098 4104 4106
f 4100 4106 4107
f 4103 4107 4108
f 4101 4108 4109
f 4102 4109 4110
f 4097 4110 4111
f 4096 4111 4112
f 4095 4112 4724
f 3752 3796 4511
f 4511 4570 4512
f 4512 4574 4513
f 4513 4575 4514
f 4514 4594 4515
f 4515 4596 4719
f 4511 3796 4570
f 4512 4570 4574
f 4513 4574 4575
f 4514 4575 4594
f 4515 4594 4596
f 3928 4670 4732
f 4661 4720 4662
f 4662 4720 4663
f 4663 4720 4664
f 4664 4720 4665
f 4665 4720 4666
f 4666 4720 4667
f 4668 4720 4669
f 4667 4720 4668
f 4670 4671 4732
f 4669 4721 4675
f 4676 4675 4721
f 4674 4676 4721
f 4672 4673 4732
f 4671 4672 4732
f 4673 4677 4732
f 4677 4674 4732
f 4006 4682 4736
f 4678 4734 4679
f 4679 4734 4680
f 4680 4734 4681
f 4681 4734 4686
f 4686 4734 4687
f 4685 4693 4735
f 4692 4735 4693
f 4682 4683 4736
f 4683 4684 4736
f 4684 4685 4736
f 3948 4006 4737
f 3947 3948 4737
f 3872 3975 4740
f 3976 4740 3975
f 3976 4051 4740
f 4051 4052 4740
f 3969 4738 4695
f 4052 4707 4740
f 4669 4720 4721
f 4674 4721 4732
f 4687 4735 4688
f 4688 4735 4689
f 4689 4735 4690
f 4690 4735 4691
f 4692 4694 4735
f 4694 4691 4735
f 4687 4734 4735
f 4685 4735 4736
f 4695 4738 4696
f 4696 4738 4697
f 4697 4738 4698
f 4699 4738 4700
f 4698 4738 4699
f 4700 4739 4701
f 4701 4739 4702
f 4706 4705 4739
f 4702 4739 4703
f 4703 4739 4705
f 4707 4708 4740
f 4708 4709 4740
f 4709 4710 4740
f 4710 4711 4740
f 4706 4740 4704
f 4704 4740 4711
f 4712 4742 4713
f 4713 4742 4714
f 4714 4742 4715
f 4715 4742 4716
f 4716 4742 4717
f 4717 4742 4718
f 4718 4742 4726
f 4726 4742 4727
f 4006 4736 4737
f 3871 4740 4741
f 3892 4094 4744
f 4094 4724 4744
f 4724 4725 4744
f 4725 4722 4744
f 4722 4723 4744
f 4727 4743 4728
f 4723 4730 4744
f 4729 4744 4730
f 4731 4728 4744
f 4729 4731 4744
f 4700 4738 4739
f 4706 4739 4740
f 4727 4742 4743
f 4728 4743 4744
f 4719 4747 4720
f 4720 4748 4721
f 4719 4596 4747
f 4720 4747 4748
f 4721 4748 4749
f 4721 4749 4732
f 4732 4751 4733
f 4733 4755 4734
f 4734 4761 4735
f 4735 4766 4736
f 4736 4768 4737
f 4737 4770 4738
f 4738 4788 4739
f 4739 4790 4740
f 4740 4791 4741
f 4741 4793 4742
f 4732 4749 4751
f 4733 4751 4755
f 4734 4755 4761
f 4735 4761 4764
f 4735 4765 4766
f 4735 4764 4765
f 4736 4766 4768
f 4767 4768 4766
f 4737 4768 4770
f 4769 4770 4768
f 4738 4770 4788
f 4739 4788 4790
f 4741 4791 4793
f 4740 4790 4791
f 4742 4793 4792
f 4789 4790 4788
f 4742 4792 4743
f 4743 4795 4744
f 4744 4796 4745
f 4745 4797 4746
f 4743 4792 4795
f 4744 4795 4796
f 4745 4796 4797
f 4746 4797 4798
f 4146 4746 4147
f 4147 4746 4148
f 4148 4746 4149
f 4149 4746 4150
f 4150 4746 4151
f 4151 4746 4152
f 4152 4746 4153
f 4153 4746 4154
f 4154 4746 4155
f 4155 4746 4156
f 4156 4746 4157
f 4157 4746 4158
f 4158 4746 4159
f 4159 4746 4160
f 4160 4746 4161
f 4161 4746 4162
f 4162 4746 4163
f 4163 4746 4164
f 4164 4746 4165
f 4165 4746 4166
f 4166 4746 4167
f 4167 4746 4168
f 4168 4746 4169
f 4169 4746 4170
f 4170 4746 4171
f 4171 4746 4172
f 4172 4746 4173
f 4173 4746 4174
f 4174 4746 4175
f 4175 4746 4176
f 4176 4746 4177
f 4177 4746 4178
f 4178 4746 5939
f 4746 4798 5939
f 4178 5939 5940
f 4178 5940 5941
f 4178 5941 5937
f 4178 5944 5942
f 4178 5938 5943
f 4178 5937 5938
f 4178 5943 5944
f 5939 4798 5950
f 1757 5964 5434
f 2741 2742 5965
f 2600 5508 5507
f 2599 5509 5508
f 2598 5535 5509
f 2572 5536 5535
f 2571 5537 5536
f 1762 5965 5960
f 2569 5539 5538
f 1767 5540 5539
f 1766 5541 5540
f 1765 5958 5541
f 2570 5538 5537
f 1764 5959 5958
f 1763 5960 5959
f 1757 5966 5964
f 2597 5510 5966
f 2742 5451 5965
f 2603 5507 5542
f 2603 5542 5498
f 5451 5452 5961
f 5452 5453 5961
f 5453 5454 5961
f 5454 5455 5961
f 5456 5961 5455
f 5456 5457 5961
f 5459 5961 5457
f 5459 5458 5961
f 5458 5493 5961
f 5493 5494 5961
f 5496 5497 5961
f 5462 5961 5497
f 5464 5466 5961
f 5462 5463 5961
f 5464 5961 5463
f 5492 5961 5494
f 5492 5495 5961
f 5495 5496 5961
f 5435 5964 5436
f 5434 5964 5435
f 5437 5964 5438
f 5436 5964 5437
f 5439 5964 5440
f 5438 5964 5439
f 5440 5964 5441
f 5441 5964 5442
f 5442 5964 5443
f 5443 5964 5444
f 5444 5964 5445
f 5446 5962 5447
f 5488 5963 5465
f 5485 5963 5487
f 5484 5963 5485
f 5483 5963 5484
f 5482 5963 5483
f 5488 5491 5963
f 5490 5963 5491
f 5489 5963 5490
f 5486 5963 5489
f 5486 5487 5963
f 5447 5962 5448
f 5448 5962 5449
f 5449 5962 5450
f 5450 5962 5460
f 5445 5964 5446
f 5460 5962 5461
f 5461 5962 5467
f 5467 5962 5468
f 5468 5962 5469
f 5469 5962 5470
f 5470 5962 5471
f 5471 5962 5472
f 5472 5962 5473
f 5473 5962 5474
f 5474 5962 5475
f 5475 5962 5476
f 5476 5962 5477
f 5477 5963 5478
f 5478 5963 5479
f 5479 5963 5480
f 5480 5963 5481
f 5481 5963 5482
f 5465 5961 5466
f 5451 5961 5965
f 5465 5963 5961
f 5446 5964 5962
f 5477 5962 5963
f 5510 5511 5968
f 5511 5513 5968
f 5512 5968 5513
f 5512 5515 5968
f 5514 5968 5515
f 5514 5516 5968
f 5517 5968 5516
f 5517 5518 5968
f 5518 5520 5968
f 5520 5521 5968
f 5521 5522 5968
f 5522 5523 5968
f 5519 5525 5968
f 5525 5527 5968
f 5526 5968 5527
f 5523 5524 5968
f 5519 5968 5524
f 5532 5968 5533
f 5533 5968 5534
f 5499 5968 5500
f 5503 5968 5532
f 5500 5968 5504
f 5502 5968 5503
f 5501 5968 5502
f 5501 5504 5968
f 5530 5968 5526
f 5530 5531 5968
f 5528 5968 5531
f 5528 5529 5968
f 5529 5534 5968
f 5507 5508 5543
f 5508 5509 5544
f 5507 5543 5542
f 5508 5544 5543
f 5509 5535 5545
f 5535 5536 5546
f 5536 5537 5547
f 5537 5538 5548
f 5538 5539 5549
f 5539 5540 5550
f 5540 5541 5551
f 5509 5545 5544
f 5535 5546 5545
f 5536 5547 5546
f 5537 5548 5547
f 5538 5549 5548
f 5539 5550 5549
f 5540 5551 5550
f 4178 5969 5505
f 4178 5936 5969
f 4178 5945 5935
f 4178 5935 5936
f 4178 5942 5945
f 5505 5969 5506
f 5506 5969 5499
f 5969 5936 5947
f 5936 5935 5946
f 5937 5948 5938
f 5938 5949 5943
f 5939 5950 5940
f 5941 5940 5951
f 5941 5952 5937
f 5945 5942 5954
f 5944 5943 5955
f 5944 5956 5942
f 5945 5957 5935
f 5969 5947 5982
f 5936 5946 5947
f 5938 5948 5949
f 5940 5950 5951
f 5941 5951 5952
f 5937 5952 5948
f 5942 5956 5953
f 5942 5953 5954
f 5944 5955 5956
f 5943 5949 5955
f 5945 5954 5957
f 5935 5957 5946
f 5510 5967 5966
f 5510 5968 5967
f 5499 5969 5968
f 5541 5958 5970
f 5958 5959 5971
f 5959 5960 5972
f 5965 5977 5960
f 5965 5961 5973
f 5961 5963 5975
f 5963 5962 5974
f 5964 5976 5962
f 5541 5970 5551
f 5958 5971 5970
f 5959 5972 5971
f 5960 5977 5972
f 5965 5973 5977
f 5961 5975 5973
f 5963 5974 5975
f 5962 5976 5974
f 5964 5966 5978
f 5968 5980 5967
f 5966 5967 5979
f 5968 5969 5981
f 5966 5979 5978
f 5967 5980 5979
f 5964 5978 5976
f 5968 5981 5980
f 5969 5982 5981
f 957 1050 672
f 958 672 673
f 959 673 674
f 1176 674 1051
f 1175 1050 957
f 957 672 958
f 958 673 959
f 959 674 1176
f 1168 1044 1043
f 1169 1042 1044
f 1170 1046 1045
f 1167 1045 1042
f 1171 1047 1046
f 1172 1048 1047
f 1173 1049 1048
f 1174 1056 1049
f 1175 1043 1050
f 1177 1051 1052
f 1178 1052 1053
f 1179 1053 1054
f 1180 1054 1055
f 1181 1057 1056
f 1182 1058 1057
f 1183 1059 1058
f 1184 1060 1059
f 1185 1070 1060
f 1186 1055 1061
f 1187 1061 1062
f 1188 1062 1063
f 1189 1063 1064
f 1190 1064 1065
f 1191 1065 1066
f 1192 1066 1067
f 1193 1067 1068
f 1194 1068 1069
f 1195 1071 1070
f 1196 1072 1071
f 1197 1073 1072
f 1198 1074 1073
f 1199 1075 1074
f 1200 1076 1075
f 1201 1077 1076
f 1202 1078 1077
f 1203 1079 1078
f 1204 1080 1079
f 1205 1092 1080
f 1206 1091 1081
f 1207 1069 1082
f 1208 1082 1083
f 1209 1083 1084
f 1210 1084 1085
f 1211 1085 1086
f 1212 1086 1087
f 1214 1088 1089
f 1213 1087 1088
f 1215 1089 1090
f 1216 1090 1091
f 1217 1093 1092
f 1218 1094 1093
f 1219 1095 1094
f 1220 1096 1095
f 1221 1097 1096
f 1222 1098 1097
f 1223 1102 1098
f 1227 1100 1102
f 1225 1099 1100
f 1224 1101 1099
f 1226 1081 1101
f 1167 1042 1169
f 1169 1044 1168
f 1175 1168 1043
f 1167 1170 1045
f 1170 1171 1046
f 1171 1172 1047
f 1173 1048 1172
f 1173 1174 1049
f 1176 1051 1177
f 1177 1052 1178
f 1178 1053 1179
f 1179 1054 1180
f 1180 1055 1186
f 1174 1181 1056
f 1181 1182 1057
f 1182 1183 1058
f 1183 1184 1059
f 1184 1185 1060
f 1186 1061 1187
f 1187 1062 1188
f 1188 1063 1189
f 1189 1064 1190
f 1190 1065 1191
f 1191 1066 1192
f 1192 1067 1193
f 1193 1068 1194
f 1194 1069 1207
f 1185 1195 1070
f 1195 1196 1071
f 1196 1197 1072
f 1197 1198 1073
f 1198 1199 1074
f 1199 1200 1075
f 1200 1201 1076
f 1201 1202 1077
f 1202 1203 1078
f 1203 1204 1079
f 1204 1205 1080
f 1206 1081 1226
f 1207 1082 1208
f 1208 1083 1209
f 1209 1084 1210
f 1210 1085 1211
f 1212 1211 1086
f 1212 1087 1213
f 1213 1088 1214
f 1214 1089 1215
f 1215 1090 1216
f 1206 1216 1091
f 1205 1217 1092
f 1217 1218 1093
f 1218 1219 1094
f 1219 1220 1095
f 1220 1221 1096
f 1221 1222 1097
f 1222 1223 1098
f 1223 1227 1102
f 1227 1225 1100
f 1225 1224 1099
f 1224 1226 1101
f 2432 2435 2614
f 2435 2434 2613
f 2434 2433 2612
f 2436 2440 2619
f 2437 2432 2611
f 2438 2439 2618
f 2439 2437 2616
f 2440 2438 2617
f 2433 2441 2620
f 2441 2442 2621
f 2442 2443 2622
f 2443 2444 2623
f 2444 2445 2624
f 2445 2446 2625
f 2446 2447 2626
f 2447 2448 2627
f 2448 2449 2628
f 2449 2450 2629
f 2450 2451 2630
f 2451 2452 2631
f 2454 2453 2632
f 2453 2436 2615
f 2455 2454 2633
f 2456 2455 2634
f 2457 2456 2635
f 2458 2457 2636
f 2459 2458 2637
f 2467 2459 2638
f 2452 2460 2639
f 2460 2461 2640
f 2461 2462 2641
f 2462 2463 2642
f 2463 2464 2643
f 2464 2465 2644
f 2465 2466 2645
f 2468 2467 2646
f 2469 2468 2647
f 2470 2469 2648
f 2471 2470 2649
f 2472 2471 2650
f 2473 2472 2651
f 2474 2473 2652
f 2483 2474 2653
f 2466 2475 2654
f 2475 2476 2655
f 2476 2477 2656
f 2477 2478 2657
f 2478 2480 2659
f 2480 2479 2658
f 2482 2481 2660
f 2479 2482 2661
f 2484 2483 2662
f 2485 2484 2663
f 2486 2485 2664
f 2487 2486 2665
f 2489 2488 2667
f 2495 2489 2668
f 2490 2487 2666
f 2491 2490 2669
f 2492 2491 2670
f 2493 2492 2671
f 2488 2493 2672
f 2481 2494 2673
f 2494 2495 2674
f 2432 2614 2611
f 2434 2612 2613
f 2435 2613 2614
f 2619 2615 2436
f 2437 2611 2616
f 2438 2618 2617
f 2439 2616 2618
f 2440 2617 2619
f 2433 2620 2612
f 2621 2620 2441
f 2442 2622 2621
f 2443 2623 2622
f 2444 2624 2623
f 2445 2625 2624
f 2446 2626 2625
f 2447 2627 2626
f 2628 2627 2448
f 2449 2629 2628
f 2450 2630 2629
f 2451 2631 2630
f 2453 2615 2632
f 2454 2632 2633
f 2455 2633 2634
f 2456 2634 2635
f 2457 2635 2636
f 2636 2637 2458
f 2459 2637 2638
f 2639 2631 2452
f 2460 2640 2639
f 2461 2641 2640
f 2462 2642 2641
f 2463 2643 2642
f 2644 2643 2464
f 2465 2645 2644
f 2466 2654 2645
f 2467 2638 2646
f 2468 2646 2647
f 2469 2647 2648
f 2648 2649 2470
f 2471 2649 2650
f 2472 2650 2651
f 2473 2651 2652
f 2652 2653 2474
f 2475 2655 2654
f 2476 2656 2655
f 2477 2657 2656
f 2659 2657 2478
f 2480 2658 2659
f 2481 2673 2660
f 2482 2660 2661
f 2479 2661 2658
f 2483 2653 2662
f 2484 2662 2663
f 2485 2663 2664
f 2486 2664 2665
f 2487 2665 2666
f 2488 2672 2667
f 2489 2667 2668
f 2666 2669 2490
f 2491 2669 2670
f 2492 2670 2671
f 2493 2671 2672
f 2494 2674 2673
f 2495 2668 2674
f 2678 2497 2496
f 2721 2496 2539
f 2679 2499 2497
f 2681 2498 2499
f 2682 2502 2500
f 2680 2501 2498
f 2683 2500 2501
f 2685 2503 2504
f 2684 2504 2502
f 2687 2506 2505
f 2686 2505 2503
f 2688 2507 2506
f 2689 2508 2507
f 2691 2510 2509
f 2692 2511 2510
f 2690 2512 2508
f 2694 2509 2512
f 2693 2513 2511
f 2696 2516 2514
f 2697 2514 2515
f 2698 2520 2516
f 2699 2540 2519
f 2700 2519 2517
f 2701 2517 2518
f 2702 2518 2520
f 2703 2515 2521
f 2704 2521 2522
f 2705 2522 2523
f 2706 2523 2524
f 2707 2524 2525
f 2708 2525 2526
f 2709 2526 2527
f 2710 2527 2528
f 2711 2528 2529
f 2712 2529 2530
f 2713 2530 2531
f 2714 2531 2532
f 2715 2532 2533
f 2716 2533 2534
f 2717 2534 2535
f 2718 2535 2536
f 2719 2536 2537
f 2720 2537 2538
f 2722 2539 2540
f 2723 2538 2541
f 2724 2541 2542
f 2725 2542 2543
f 2726 2543 2544
f 2727 2544 2545
f 2728 2545 2546
f 2729 2546 2547
f 2730 2547 2548
f 2731 2548 2549
f 2732 2549 2550
f 2733 2550 2551
f 2734 2551 2552
f 2735 2552 2553
f 2736 2553 2554
f 2737 2554 2555
f 2738 2555 2556
f 2739 2556 2557
f 2740 2557 2558
f 2741 2558 2559
f 2742 2559 2560
f 2695 5334 2513
f 2721 2678 2496
f 2679 2497 2678
f 2680 2498 2681
f 2679 2681 2499
f 2682 2684 2502
f 2682 2500 2683
f 2680 2683 2501
f 2685 2686 2503
f 2684 2685 2504
f 2686 2687 2505
f 2687 2688 2506
f 2689 2507 2688
f 2689 2690 2508
f 2691 2692 2510
f 2692 2693 2511
f 2694 2512 2690
f 2694 2691 2509
f 2693 2695 2513
f 2696 2514 2697
f 2696 2698 2516
f 2700 2517 2701
f 2699 2519 2700
f 2701 2518 2702
f 2702 2520 2698
f 2697 2515 2703
f 2703 2521 2704
f 2704 2522 2705
f 2705 2523 2706
f 2706 2524 2707
f 2707 2525 2708
f 2708 2526 2709
f 2709 2527 2710
f 2710 2528 2711
f 2711 2529 2712
f 2712 2530 2713
f 2713 2531 2714
f 2714 2532 2715
f 2715 2533 2716
f 2716 2534 2717
f 2717 2535 2718
f 2718 2536 2719
f 2719 2537 2720
f 2720 2538 2723
f 2721 2539 2722
f 2722 2540 2699
f 2723 2541 2724
f 2724 2542 2725
f 2725 2543 2726
f 2726 2544 2727
f 2727 2545 2728
f 2728 2546 2729
f 2729 2547 2730
f 2730 2548 2731
f 2731 2549 2732
f 2732 2550 2733
f 2733 2551 2734
f 2734 2552 2735
f 2735 2553 2736
f 2736 2554 2737
f 2737 2555 2738
f 2738 2556 2739
f 2739 2557 2740
f 2740 2558 2741
f 2741 2559 2742
f 2742 2560 5451
f 5451 2560 5353
f 5433 5335 5334
f 5434 5336 5335
f 5435 5337 5336
f 5436 5338 5337
f 5437 5339 5338
f 5438 5340 5339
f 5439 5341 5340
f 5440 5342 5341
f 5441 5344 5342
f 5442 5345 5344
f 5443 5346 5345
f 5444 5347 5346
f 5445 5348 5347
f 5446 5349 5348
f 5447 5350 5349
f 5448 5351 5350
f 5449 5352 5351
f 5450 5362 5352
f 5452 5353 5354
f 5453 5354 5355
f 5454 5355 5356
f 5455 5356 5357
f 5456 5357 5358
f 5457 5358 5359
f 5459 5359 5361
f 5493 5360 5395
f 5458 5361 5360
f 5460 5363 5362
f 5461 5369 5363
f 5462 5399 5364
f 5463 5364 5365
f 5466 5367 5368
f 5464 5365 5367
f 5465 5368 5366
f 5467 5370 5369
f 5468 5371 5370
f 5469 5372 5371
f 5470 5373 5372
f 5471 5374 5373
f 5472 5375 5374
f 5473 5376 5375
f 5474 5377 5376
f 5475 5378 5377
f 5476 5379 5378
f 5477 5380 5379
f 5478 5381 5380
f 5479 5382 5381
f 5480 5383 5382
f 5481 5384 5383
f 5482 5385 5384
f 5483 5386 5385
f 5484 5387 5386
f 5485 5389 5387
f 5486 5391 5388
f 5487 5388 5389
f 5488 5366 5390
f 5489 5392 5391
f 5490 5393 5392
f 5491 5390 5393
f 5492 5394 5396
f 5494 5395 5394
f 5495 5396 5397
f 5496 5397 5398
f 5497 5398 5399
f 2695 5433 5334
f 5433 5434 5335
f 5434 5435 5336
f 5435 5436 5337
f 5436 5437 5338
f 5437 5438 5339
f 5438 5439 5340
f 5439 5440 5341
f 5440 5441 5342
f 5441 5442 5344
f 5442 5443 5345
f 5443 5444 5346
f 5444 5445 5347
f 5445 5446 5348
f 5446 5447 5349
f 5447 5448 5350
f 5448 5449 5351
f 5449 5450 5352
f 5450 5460 5362
f 5451 5353 5452
f 5452 5354 5453
f 5453 5355 5454
f 5454 5356 5455
f 5456 5455 5357
f 5456 5358 5457
f 5459 5457 5359
f 5459 5361 5458
f 5458 5360 5493
f 5460 5461 5363
f 5462 5364 5463
f 5464 5463 5365
f 5488 5465 5366
f 5464 5367 5466
f 5465 5466 5368
f 5461 5467 5369
f 5467 5468 5370
f 5468 5469 5371
f 5469 5470 5372
f 5470 5471 5373
f 5471 5472 5374
f 5472 5473 5375
f 5473 5474 5376
f 5474 5475 5377
f 5475 5476 5378
f 5476 5477 5379
f 5477 5478 5380
f 5478 5479 5381
f 5479 5480 5382
f 5480 5481 5383
f 5481 5482 5384
f 5482 5483 5385
f 5483 5484 5386
f 5484 5485 5387
f 5486 5388 5487
f 5485 5487 5389
f 5488 5390 5491
f 5486 5489 5391
f 5489 5490 5392
f 5490 5491 5393
f 5492 5494 5394
f 5493 5395 5494
f 5495 5397 5496
f 5492 5396 5495
f 5496 5398 5497
f 5462 5497 5399
f 3797 3421 3417
f 3798 3417 3418
f 3799 3420 3419
f 3800 3426 3420
f 3801 3419 3421
f 3802 3418 3422
f 3803 3422 3423
f 3804 3423 3424
f 3805 3424 3425
f 3806 3427 3426
f 3807 3428 3427
f 3808 3429 3428
f 3809 3430 3429
f 3810 3431 3430
f 3811 3432 3431
f 3812 3433 3432
f 3814 3425 3434
f 3815 3434 3435
f 3816 3435 3436
f 3817 3436 3437
f 3818 3437 3438
f 3819 3438 3439
f 3820 3439 3441
f 3821 3441 3440
f 3813 3517 3433
f 3897 3518 3517
f 3898 3519 3518
f 3899 3520 3519
f 3900 3522 3520
f 3901 3440 3521
f 3902 3523 3522
f 3903 3521 3523
f 3797 3417 3798
f 3798 3418 3802
f 3799 3800 3420
f 3799 3419 3801
f 3801 3421 3797
f 3802 3422 3803
f 3803 3423 3804
f 3804 3424 3805
f 3805 3425 3814
f 3806 3426 3800
f 3806 3807 3427
f 3807 3808 3428
f 3808 3809 3429
f 3809 3810 3430
f 3810 3811 3431
f 3811 3812 3432
f 3812 3813 3433
f 3814 3434 3815
f 3815 3435 3816
f 3816 3436 3817
f 3817 3437 3818
f 3818 3438 3819
f 3819 3439 3820
f 3820 3441 3821
f 3813 3897 3517
f 3897 3898 3518
f 3898 3899 3519
f 3899 3900 3520
f 3901 3521 3903
f 3821 3440 3901
f 3900 3902 3522
f 3902 3903 3523
f 3822 3446 3442
f 3823 3442 3443
f 3824 3443 3444
f 3826 3445 3446
f 3827 3456 3447
f 3825 3447 3445
f 3828 3444 3448
f 3829 3448 3449
f 3830 3449 3450
f 3836 3451 3456
f 3831 3452 3451
f 3832 3453 3452
f 3833 3454 3453
f 3834 3455 3454
f 3835 3461 3455
f 3837 3450 3457
f 3838 3457 3458
f 3839 3458 3459
f 3840 3459 3460
f 3841 3462 3461
f 3844 3463 3464
f 3843 3460 3463
f 3845 3464 3465
f 3846 3465 3466
f 3842 3524 3462
f 3904 3525 3524
f 3905 3526 3525
f 3906 3527 3526
f 3907 3528 3527
f 3908 3530 3528
f 3909 3466 3529
f 3910 3529 3530
f 3822 3442 3823
f 3823 3443 3824
f 3824 3444 3828
f 3826 3825 3445
f 3822 3826 3446
f 3827 3447 3825
f 3828 3448 3829
f 3829 3449 3830
f 3830 3450 3837
f 3836 3831 3451
f 3831 3832 3452
f 3832 3833 3453
f 3833 3834 3454
f 3834 3835 3455
f 3835 3841 3461
f 3827 3836 3456
f 3837 3457 3838
f 3838 3458 3839
f 3839 3459 3840
f 3841 3842 3462
f 3843 3463 3844
f 3840 3460 3843
f 3845 3844 3464
f 3845 3465 3846
f 3842 3904 3524
f 3904 3905 3525
f 3905 3906 3526
f 3906 3907 3527
f 3907 3908 3528
f 3908 3910 3530
f 3909 3529 3910
f 3846 3466 3909
f 3847 3468 3467
f 3848 3475 3468
f 3849 3472 3469
f 3850 3469 3470
f 3851 3470 3471
f 3852 3467 3472
f 3853 3471 3473
f 3854 3473 3474
f 3855 3476 3475
f 3856 3477 3476
f 3857 3478 3477
f 3858 3479 3478
f 3859 3480 3479
f 3860 3481 3480
f 3861 3482 3481
f 3863 3474 3483
f 3867 3483 3487
f 3868 3487 3488
f 3869 3488 3489
f 3870 3489 3490
f 3871 3490 3491
f 3872 3491 3492
f 3873 3492 3493
f 3874 3493 3494
f 3862 3569 3482
f 3949 3570 3569
f 3950 3571 3570
f 3951 3572 3571
f 3953 3494 3573
f 3952 3574 3572
f 3954 3575 3574
f 3955 3573 3575
f 3847 3848 3468
f 3849 3469 3850
f 3850 3470 3851
f 3851 3471 3853
f 3847 3467 3852
f 3849 3852 3472
f 3853 3473 3854
f 3854 3474 3863
f 3848 3855 3475
f 3855 3856 3476
f 3856 3857 3477
f 3857 3858 3478
f 3858 3859 3479
f 3859 3860 3480
f 3860 3861 3481
f 3861 3862 3482
f 3863 3483 3867
f 3867 3487 3868
f 3868 3488 3869
f 3869 3489 3870
f 3870 3490 3871
f 3871 3491 3872
f 3872 3492 3873
f 3873 3493 3874
f 3862 3949 3569
f 3949 3950 3570
f 3950 3951 3571
f 3951 3952 3572
f 3955 3953 3573
f 3952 3954 3574
f 3954 3955 3575
f 3874 3494 3953
f 3865 3484 3485
f 3864 3486 3484
f 3866 3496 3486
f 3875 3497 3495
f 3876 3495 3496
f 3877 3498 3497
f 3878 3499 3498
f 3879 3500 3499
f 3880 3501 3500
f 3881 3502 3501
f 3883 3485 3503
f 3884 3503 3504
f 3885 3504 3505
f 3886 3505 3506
f 3887 3506 3507
f 3888 3507 3508
f 3889 3508 3509
f 3890 3509 3510
f 3891 3510 3511
f 3892 3511 3512
f 3894 3513 3514
f 3895 3514 3515
f 3896 3512 3516
f 3893 3516 3513
f 3882 3576 3502
f 3956 3577 3576
f 3957 3700 3577
f 4080 3701 3700
f 4081 3702 3701
f 4082 3704 3702
f 4083 3515 3703
f 4084 3703 3704
f 3864 3484 3865
f 3865 3485 3883
f 3864 3866 3486
f 3876 3875 3495
f 3866 3876 3496
f 3875 3877 3497
f 3877 3878 3498
f 3878 3879 3499
f 3879 3880 3500
f 3880 3881 3501
f 3881 3882 3502
f 3883 3503 3884
f 3884 3504 3885
f 3885 3505 3886
f 3886 3506 3887
f 3887 3507 3888
f 3888 3508 3889
f 3889 3509 3890
f 3890 3510 3891
f 3891 3511 3892
f 3893 3513 3894
f 3894 3514 3895
f 3892 3512 3896
f 3896 3516 3893
f 3882 3956 3576
f 3956 3957 3577
f 3957 4080 3700
f 4080 4081 3701
f 4081 4082 3702
f 4082 4084 3704
f 4083 3703 4084
f 4083 3895 3515
f 3911 3535 3531
f 3921 3531 3541
f 3912 3533 3532
f 3913 3536 3533
f 3915 3534 3535
f 3914 3532 3534
f 3916 3537 3536
f 3917 3538 3537
f 3918 3539 3538
f 3919 3540 3539
f 3920 3605 3540
f 3922 3541 3542
f 3923 3542 3543
f 3924 3543 3544
f 3925 3544 3545
f 3926 3545 3546
f 3927 3546 3547
f 3928 3547 3548
f 3929 3548 3549
f 3992 3549 3612
f 3985 3606 3605
f 3986 3607 3606
f 3987 3608 3607
f 3988 3609 3608
f 3989 3610 3609
f 3990 3611 3610
f 3991 3615 3611
f 3993 3612 3613
f 3997 3613 3617
f 3994 3617 3614
f 3995 3616 3615
f 3996 3614 3616
f 3915 3535 3911
f 3911 3531 3921
f 3912 3913 3533
f 3914 3534 3915
f 3914 3912 3532
f 3916 3536 3913
f 3916 3917 3537
f 3917 3918 3538
f 3918 3919 3539
f 3919 3920 3540
f 3920 3985 3605
f 3921 3541 3922
f 3922 3542 3923
f 3923 3543 3924
f 3924 3544 3925
f 3925 3545 3926
f 3926 3546 3927
f 3927 3547 3928
f 3928 3548 3929
f 3929 3549 3992
f 3985 3986 3606
f 3986 3987 3607
f 3987 3988 3608
f 3988 3989 3609
f 3989 3990 3610
f 3990 3991 3611
f 3992 3612 3993
f 3997 3993 3613
f 3997 3617 3994
f 3991 3995 3615
f 3995 3996 3616
f 3996 3994 3614
f 3930 3558 3550
f 3939 3550 3559
f 3940 3551 3560
f 3931 3552 3551
f 3932 3553 3552
f 3933 3554 3553
f 3934 3618 3554
f 3938 3556 3558
f 3936 3555 3556
f 3937 3560 3557
f 3935 3557 3555
f 3941 3559 3561
f 3942 3561 3562
f 3943 3562 3563
f 3944 3563 3564
f 3945 3564 3565
f 3946 3565 3566
f 3947 3566 3567
f 4006 3568 3626
f 3948 3567 3568
f 3998 3619 3618
f 3999 3620 3619
f 4000 3621 3620
f 4001 3622 3621
f 4002 3623 3622
f 4003 3624 3623
f 4004 3625 3624
f 4005 3630 3625
f 4007 3626 3627
f 4009 3627 3629
f 4008 3629 3628
f 4010 3628 3630
f 3938 3558 3930
f 3930 3550 3939
f 3940 3931 3551
f 3931 3932 3552
f 3932 3933 3553
f 3933 3934 3554
f 3934 3998 3618
f 3936 3556 3938
f 3936 3935 3555
f 3937 3557 3935
f 3939 3559 3941
f 3937 3940 3560
f 3941 3561 3942
f 3942 3562 3943
f 3943 3563 3944
f 3944 3564 3945
f 3945 3565 3946
f 3946 3566 3947
f 3948 3568 4006
f 3947 3567 3948
f 3998 3999 3619
f 3999 4000 3620
f 4000 4001 3621
f 4001 4002 3622
f 4002 4003 3623
f 4003 4004 3624
f 4004 4005 3625
f 4005 4010 3630
f 4006 3626 4007
f 4007 3627 4009
f 4009 3629 4008
f 4008 3628 4010
f 3958 3584 3578
f 3965 3578 3585
f 3959 3580 3579
f 3960 3581 3580
f 3961 3582 3581
f 3962 3588 3582
f 3964 3583 3584
f 3963 3579 3583
f 3966 3585 3586
f 3967 3586 3587
f 3968 3589 3588
f 3969 3590 3589
f 3970 3661 3590
f 3971 3587 3591
f 3972 3591 3592
f 3973 3592 3593
f 3974 3593 3594
f 3975 3594 3595
f 3976 3595 3596
f 4051 3596 3671
f 4041 3662 3661
f 4042 3663 3662
f 4043 3664 3663
f 4044 3665 3664
f 4045 3666 3665
f 4046 3667 3666
f 4048 3673 3668
f 4047 3669 3667
f 4049 3670 3669
f 4050 3668 3670
f 4052 3671 3672
f 4053 3672 3673
f 3964 3584 3958
f 3958 3578 3965
f 3959 3960 3580
f 3960 3961 3581
f 3961 3962 3582
f 3959 3579 3963
f 3963 3583 3964
f 3965 3585 3966
f 3966 3586 3967
f 3967 3587 3971
f 3962 3968 3588
f 3968 3969 3589
f 3969 3970 3590
f 3970 4041 3661
f 3971 3591 3972
f 3972 3592 3973
f 3973 3593 3974
f 3974 3594 3975
f 3976 3975 3595
f 3976 3596 4051
f 4041 4042 3662
f 4042 4043 3663
f 4043 4044 3664
f 4044 4045 3665
f 4045 4046 3666
f 4046 4047 3667
f 4047 4049 3669
f 4050 3670 4049
f 4050 4048 3668
f 4051 3671 4052
f 4052 3672 4053
f 4053 3673 4048
f 3977 3597 3598
f 3978 3599 3597
f 3979 3601 3599
f 3980 3602 3600
f 3981 3600 3601
f 3982 3603 3602
f 3983 3604 3603
f 3984 3674 3604
f 4054 3675 3674
f 4055 3676 3675
f 4056 3677 3676
f 4057 3678 3677
f 4058 3718 3678
f 4085 3706 3705
f 4087 3705 3707
f 4086 3598 3706
f 4088 3707 3708
f 4089 3708 3709
f 4090 3709 3710
f 4091 3710 3711
f 4092 3711 3712
f 4093 3712 3713
f 4094 3713 3714
f 4095 3714 3715
f 4096 3715 3716
f 4097 3716 3717
f 4102 3717 3722
f 4098 3719 3718
f 4099 3720 3719
f 4100 3723 3720
f 4101 3722 3721
f 4103 3721 3723
f 3977 3978 3597
f 3977 3598 4086
f 3978 3979 3599
f 3980 3600 3981
f 3979 3981 3601
f 3980 3982 3602
f 3982 3983 3603
f 3983 3984 3604
f 3984 4054 3674
f 4054 4055 3675
f 4055 4056 3676
f 4056 4057 3677
f 4057 4058 3678
f 4086 3706 4085
f 4085 3705 4087
f 4087 3707 4088
f 4088 3708 4089
f 4089 3709 4090
f 4090 3710 4091
f 4091 3711 4092
f 4092 3712 4093
f 4093 3713 4094
f 4094 3714 4095
f 4095 3715 4096
f 4096 3716 4097
f 4097 3717 4102
f 4058 4098 3718
f 4098 4099 3719
f 4099 4100 3720
f 4103 3723 4100
f 4101 4102 3722
f 4103 4101 3721
f 4011 3632 3631
f 4013 3631 3633
f 4015 3633 3635
f 4014 3635 3634
f 4012 3636 3632
f 4016 3637 3636
f 4017 3638 3637
f 4018 4258 3638
f 4019 3634 3639
f 4020 3639 3640
f 4021 3640 3641
f 4022 3641 3642
f 4023 3642 3643
f 4024 3643 3644
f 4025 3644 3645
f 4670 3645 4267
f 4011 4012 3632
f 4013 4011 3631
f 4013 3633 4015
f 4014 3634 4019
f 4014 4015 3635
f 4016 3636 4012
f 4016 4017 3637
f 4017 4018 3638
f 4018 4661 4258
f 4019 3639 4020
f 4020 3640 4021
f 4021 3641 4022
f 4022 3642 4023
f 4023 3643 4024
f 4024 3644 4025
f 4025 3645 4670
f 4661 4259 4258
f 4662 4260 4259
f 4663 4261 4260
f 4664 4262 4261
f 4665 4263 4262
f 4666 4264 4263
f 4667 4265 4264
f 4668 4266 4265
f 4669 4272 4266
f 4671 4267 4268
f 4672 4268 4269
f 4673 4269 4270
f 4677 4270 4274
f 4674 4274 4271
f 4675 4273 4272
f 4676 4271 4273
f 4661 4662 4259
f 4662 4663 4260
f 4663 4664 4261
f 4664 4665 4262
f 4665 4666 4263
f 4666 4667 4264
f 4667 4668 4265
f 4668 4669 4266
f 4670 4267 4671
f 4671 4268 4672
f 4672 4269 4673
f 4673 4270 4677
f 4677 4274 4674
f 4676 4273 4675
f 4669 4675 4272
f 4674 4271 4676
f 4037 3646 3657
f 4026 3647 3646
f 4027 4275 3647
f 4028 3650 3648
f 4032 3648 3652
f 4030 3649 3650
f 4031 3652 3651
f 4033 3651 3653
f 4034 3653 3654
f 4035 3654 3655
f 4036 3655 3656
f 4029 3657 3649
f 4038 3656 3658
f 4039 3658 3659
f 4040 3659 3660
f 4682 3660 4279
f 4037 4026 3646
f 4026 4027 3647
f 4027 4678 4275
f 4028 4030 3650
f 4028 3648 4032
f 4029 3649 4030
f 4031 4032 3652
f 4031 3651 4033
f 4033 3653 4034
f 4034 3654 4035
f 4035 3655 4036
f 4029 4037 3657
f 4036 3656 4038
f 4038 3658 4039
f 4039 3659 4040
f 4040 3660 4682
f 4678 4276 4275
f 4679 4277 4276
f 4680 4278 4277
f 4681 4283 4278
f 4684 4280 4281
f 4683 4279 4280
f 4685 4281 4282
f 4693 4282 4290
f 4686 4284 4283
f 4687 4285 4284
f 4688 4286 4285
f 4689 4287 4286
f 4691 4291 4288
f 4690 4288 4287
f 4692 4290 4289
f 4694 4289 4291
f 4678 4679 4276
f 4679 4680 4277
f 4680 4681 4278
f 4681 4686 4283
f 4683 4280 4684
f 4682 4279 4683
f 4684 4281 4685
f 4685 4282 4693
f 4686 4687 4284
f 4687 4688 4285
f 4688 4689 4286
f 4689 4690 4287
f 4694 4291 4691
f 4690 4691 4288
f 4692 4693 4290
f 4692 4289 4694
f 4059 3680 3679
f 4061 3679 3681
f 4063 3681 3683
f 4062 3683 3682
f 4064 3682 3684
f 4065 3684 3685
f 4066 3685 3686
f 4060 3687 3680
f 4067 3688 3687
f 4068 3689 3688
f 4069 4292 3689
f 4070 3686 3690
f 4071 3690 3691
f 4072 3691 3692
f 4073 3692 3693
f 4707 3693 4304
f 4059 4060 3680
f 4059 3679 4061
f 4061 3681 4063
f 4062 4063 3683
f 4062 3682 4064
f 4064 3684 4065
f 4065 3685 4066
f 4066 3686 4070
f 4060 4067 3687
f 4067 4068 3688
f 4069 3689 4068
f 4069 4695 4292
f 4070 3690 4071
f 4071 3691 4072
f 4072 3692 4073
f 4073 3693 4707
f 4695 4293 4292
f 4696 4294 4293
f 4697 4295 4294
f 4698 4296 4295
f 4699 4297 4296
f 4700 4298 4297
f 4701 4299 4298
f 4702 4300 4299
f 4704 4308 4301
f 4705 4303 4302
f 4703 4302 4300
f 4706 4301 4303
f 4708 4304 4305
f 4709 4305 4306
f 4710 4306 4307
f 4711 4307 4308
f 4695 4696 4293
f 4696 4697 4294
f 4697 4698 4295
f 4698 4699 4296
f 4699 4700 4297
f 4700 4701 4298
f 4701 4702 4299
f 4702 4703 4300
f 4706 4303 4705
f 4703 4705 4302
f 4706 4704 4301
f 4707 4304 4708
f 4708 4305 4709
f 4709 4306 4710
f 4710 4307 4711
f 4704 4711 4308
f 4074 3696 3694
f 4076 3695 3696
f 4075 3698 3695
f 4078 3697 3698
f 4077 3699 3697
f 4079 4309 3699
f 4104 3725 3724
f 4105 3694 3725
f 4106 3724 3726
f 4107 3726 3727
f 4108 3727 3728
f 4109 3728 3729
f 4110 3729 3730
f 4111 3730 3731
f 4112 3731 3732
f 4724 3732 4318
f 4074 4076 3696
f 4074 3694 4105
f 4076 4075 3695
f 4078 4077 3697
f 4075 4078 3698
f 4077 4079 3699
f 4079 4712 4309
f 4104 4105 3725
f 4104 3724 4106
f 4106 3726 4107
f 4107 3727 4108
f 4108 3728 4109
f 4109 3729 4110
f 4110 3730 4111
f 4111 3731 4112
f 4112 3732 4724
f 4712 4310 4309
f 4713 4311 4310
f 4714 4312 4311
f 4715 4313 4312
f 4716 4314 4313
f 4717 4315 4314
f 4718 4320 4315
f 4723 4316 4317
f 4730 4317 4324
f 4725 4318 4319
f 4722 4319 4316
f 4726 4321 4320
f 4728 4325 4322
f 4727 4322 4321
f 4729 4324 4323
f 4731 4323 4325
f 4712 4713 4310
f 4713 4714 4311
f 4714 4715 4312
f 4715 4716 4313
f 4716 4717 4314
f 4717 4718 4315
f 4722 4316 4723
f 4723 4317 4730
f 4724 4318 4725
f 4725 4319 4722
f 4718 4726 4320
f 4726 4727 4321
f 4731 4325 4728
f 4727 4728 4322
f 4729 4730 4324
f 4729 4323 4731
