# DataCat thin soft-front enclosure Rev H; coordinates in millimetres
mtllib rounded_enclosure.mtl
o 02_main_body
usemtl 02_main_body
v -56.735634 -88.036873 4.000000
v -58.535973 -83.369682 4.000000
v -58.981064 -81.761330 4.000000
v -57.411903 -86.511238 4.000000
v -58.012501 -84.954254 4.000000
v -55.162769 -90.979492 4.000000
v -55.985325 -89.527489 4.000000
v -54.269966 -92.389389 4.000000
v -53.309055 -93.753777 4.000000
v -52.589588 -89.437187 4.000000
v -53.339558 -88.113297 4.000000
v -54.640270 -85.363190 4.000000
v -55.665154 -82.498825 4.000000
v -56.070969 -81.032387 4.000000
v -55.187866 -83.943588 4.000000
v -54.023666 -86.754211 4.000000
v -52.282356 -95.069374 4.000000
v -51.192337 -96.333008 4.000000
v -50.041630 -97.541634 4.000000
v -48.833004 -98.692337 4.000000
v -48.969486 -94.318329 4.000000
v -46.253777 -100.809059 4.000000
v -47.569370 -99.782356 4.000000
v -47.920311 -95.420311 4.000000
v -45.666191 -97.463326 4.000000
v -46.818329 -96.469482 4.000000
v -51.775558 -90.722679 4.000000
v -50.899433 -91.966675 4.000000
v -49.963326 -93.166191 4.000000
v -59.346703 -80.133072 4.000000
v -59.632000 -78.488838 4.000000
v -59.836281 -76.832581 4.000000
v -59.959045 -75.168304 4.000000
v -56.404346 -79.547798 4.000000
v -56.664474 -78.048645 4.000000
v -56.850727 -76.538528 4.000000
v -56.962654 -75.021095 4.000000
v -60.000000 -73.500000 4.000000
v -57.000000 -73.500000 4.000000
v -57.265305 -60.500000 4.000000
v -57.000000 -60.500000 4.000000
v -57.367348 -55.500000 4.000000
v -57.000000 -55.500000 4.000000
v -50.991055 -60.666740 4.000000
v -51.090992 -60.500000 4.000000
v -50.991055 -60.500000 4.000000
v -50.710449 -61.045090 4.000000
v -50.394112 -61.394112 4.000000
v -50.045086 -61.710453 4.000000
v -49.262703 -62.233223 4.000000
v -48.836880 -62.434616 4.000000
v -49.666737 -61.991055 4.000000
v -51.090992 -55.500000 4.000000
v -50.999245 -55.500000 4.000000
v -50.991055 -55.333260 4.000000
v -50.710449 -54.954910 4.000000
v -50.394112 -54.605888 4.000000
v -50.045086 -54.289547 4.000000
v -49.666737 -54.008945 4.000000
v -49.262703 -53.766777 4.000000
v -48.393368 -62.593311 4.000000
v -47.936432 -62.707771 4.000000
v -48.290527 -60.500000 4.000000
v -47.470482 -62.776882 4.000000
v -47.000000 -62.799999 4.000000
v -46.529518 -62.776882 4.000000
v -46.063568 -62.707771 4.000000
v -45.606632 -62.593311 4.000000
v -45.163120 -62.434616 4.000000
v -48.413498 -58.944466 4.000000
v -48.499268 -58.801376 4.000000
v -48.314117 -59.078472 4.000000
v -48.078468 -59.314117 4.000000
v -48.225498 -59.176250 4.000000
v -48.202080 -59.202080 4.000000
v -47.944469 -59.413498 4.000000
v -48.570595 -58.650558 4.000000
v -48.626797 -58.493484 4.000000
v -48.691814 -58.166630 4.000000
v -48.667336 -58.331654 4.000000
v -48.700001 -58.000000 4.000000
v -48.691814 -57.833370 4.000000
v -48.667336 -57.668346 4.000000
v -48.626797 -57.506516 4.000000
v -48.570595 -57.349442 4.000000
v -48.499268 -57.198624 4.000000
v -47.801376 -59.499271 4.000000
v -47.650562 -59.570591 4.000000
v -47.493484 -59.626797 4.000000
v -47.331654 -59.667336 4.000000
v -47.166630 -59.691814 4.000000
v -47.000000 -59.700001 4.000000
v -48.413498 -57.055534 4.000000
v -48.314117 -56.921528 4.000000
v -48.202080 -56.797920 4.000000
v -48.104301 -56.709301 4.000000
v -48.078468 -56.685883 4.000000
v -47.944469 -56.586502 4.000000
v -48.044895 -55.500000 4.000000
v -47.801376 -56.500729 4.000000
v -47.650562 -56.429409 4.000000
v -47.493484 -56.373203 4.000000
v -47.331654 -56.332664 4.000000
v -47.166630 -56.308186 4.000000
v -47.000000 -56.299999 4.000000
v -46.833370 -59.691814 4.000000
v -46.668346 -59.667336 4.000000
v -46.506516 -59.626797 4.000000
v -46.349438 -59.570591 4.000000
v -46.198624 -59.499271 4.000000
v -46.055531 -59.413498 4.000000
v -45.921532 -59.314117 4.000000
v -45.797920 -59.202080 4.000000
v -45.685883 -59.078472 4.000000
v -45.586502 -58.944466 4.000000
v -45.500732 -58.801376 4.000000
v -45.500732 -57.198624 4.000000
v -45.429405 -58.650558 4.000000
v -45.373203 -58.493484 4.000000
v -45.332664 -58.331654 4.000000
v -45.308186 -58.166630 4.000000
v -45.299999 -58.000000 4.000000
v -45.308186 -57.833370 4.000000
v -45.332664 -57.668346 4.000000
v -45.429405 -57.349442 4.000000
v -45.373203 -57.506516 4.000000
v -46.833370 -56.308186 4.000000
v -46.668346 -56.332664 4.000000
v -46.506516 -56.373203 4.000000
v -46.349438 -56.429409 4.000000
v -46.198624 -56.500729 4.000000
v -46.055531 -56.586502 4.000000
v -45.797920 -56.797920 4.000000
v -45.921532 -56.685883 4.000000
v -45.586502 -57.055534 4.000000
v -45.685883 -56.921528 4.000000
v -44.889389 -101.769966 4.000000
v -43.479492 -102.662773 4.000000
v -42.027489 -103.485321 4.000000
v -44.466679 -98.399437 4.000000
v -43.222675 -99.275558 4.000000
v -41.937183 -100.089584 4.000000
v -40.536873 -104.235634 4.000000
v -40.613300 -100.839561 4.000000
v -39.011238 -104.911903 4.000000
v -39.254208 -101.523666 4.000000
v -37.863186 -102.140266 4.000000
v -37.454254 -105.512497 4.000000
v -35.869678 -106.035973 4.000000
v -36.443584 -102.687866 4.000000
v -34.261326 -106.481064 4.000000
v -34.998825 -103.165154 4.000000
v -32.633072 -106.846703 4.000000
v -33.532387 -103.570969 4.000000
v -32.047798 -103.904343 4.000000
v -30.988834 -107.132004 4.000000
v -30.548647 -104.164474 4.000000
v -44.737297 -62.233223 4.000000
v -44.333263 -61.991055 4.000000
v -43.954914 -61.710453 4.000000
v -43.605888 -61.394112 4.000000
v -43.289551 -61.045090 4.000000
v -43.008945 -60.666740 4.000000
v -44.737297 -53.766777 4.000000
v -44.333263 -54.008945 4.000000
v -43.605888 -54.605888 4.000000
v -43.954914 -54.289547 4.000000
v -43.289551 -54.954910 4.000000
v -42.766777 -60.262699 4.000000
v -42.565380 -59.836876 4.000000
v -42.406685 -59.393368 4.000000
v -42.292233 -58.936428 4.000000
v -42.223114 -58.470482 4.000000
v -42.200001 -58.000000 4.000000
v -42.223114 -57.529518 4.000000
v -42.766777 -55.737301 4.000000
v -42.292233 -57.063572 4.000000
v -42.406685 -56.606632 4.000000
v -42.565380 -56.163124 4.000000
v -43.008945 -55.333260 4.000000
v -48.836880 -53.565380 4.000000
v -48.393368 -53.406685 4.000000
v -47.936432 -53.292233 4.000000
v -47.470482 -53.223114 4.000000
v -47.000000 -53.200001 4.000000
v -46.529518 -53.223114 4.000000
v -46.063568 -53.292233 4.000000
v -45.606632 -53.406685 4.000000
v -45.163120 -53.565380 4.000000
v -60.000000 -26.000000 20.500000
v -57.000000 -26.000000 20.500000
v -60.000000 -14.000000 20.500000
v -57.000000 -14.000000 20.500000
v -60.000000 -26.000000 23.500000
v -57.000000 -26.000000 23.500000
v -60.000000 -14.000000 23.500000
v -57.000000 -14.000000 23.500000
v -60.000000 -6.000000 20.500000
v -57.000000 -6.000000 20.500000
v -60.000000 -6.000000 23.500000
v -57.000000 -6.000000 23.500000
v -29.332582 -107.336281 4.000000
v -29.038530 -104.350723 4.000000
v -27.668301 -107.459045 4.000000
v -27.521097 -104.462662 4.000000
v -26.000000 -107.500008 4.000000
v -26.000000 -104.500000 4.000000
v -5.500000 -107.500008 4.000000
v -5.500000 -104.500000 4.000000
v -5.500000 -107.500008 8.000000
v -5.500000 -104.500000 8.000000
v -56.735634 -88.036873 44.000000
v -58.535973 -83.369682 44.000000
v -58.981064 -81.761330 44.000000
v -57.411903 -86.511238 44.000000
v -58.012501 -84.954254 44.000000
v -55.162769 -90.979492 44.000000
v -55.985325 -89.527489 44.000000
v -54.269966 -92.389389 44.000000
v -53.309055 -93.753777 44.000000
v -52.589588 -89.437187 44.000000
v -53.339558 -88.113297 44.000000
v -54.640270 -85.363190 44.000000
v -55.665154 -82.498825 44.000000
v -56.070969 -81.032387 44.000000
v -55.187866 -83.943588 44.000000
v -54.023666 -86.754211 44.000000
v -52.282356 -95.069374 44.000000
v -51.192337 -96.333008 44.000000
v -50.041630 -97.541634 44.000000
v -48.833004 -98.692337 44.000000
v -48.969486 -94.318329 44.000000
v -46.253777 -100.809059 44.000000
v -47.569370 -99.782356 44.000000
v -47.920311 -95.420311 44.000000
v -45.666191 -97.463326 44.000000
v -46.818329 -96.469482 44.000000
v -51.775558 -90.722679 44.000000
v -50.899433 -91.966675 44.000000
v -49.963326 -93.166191 44.000000
v -59.346703 -80.133072 44.000000
v -59.632000 -78.488838 44.000000
v -59.836281 -76.832581 44.000000
v -59.959045 -75.168304 44.000000
v -56.404346 -79.547798 44.000000
v -56.664474 -78.048645 44.000000
v -56.850727 -76.538528 44.000000
v -56.962654 -75.021095 44.000000
v -60.000000 -73.500000 44.000000
v -57.000000 -73.500000 44.000000
v -57.000000 -60.500000 41.000000
v -57.000000 -55.500000 41.000000
v -50.991055 -60.666740 41.000000
v -51.090992 -60.500000 41.000000
v -50.710449 -61.045090 41.000000
v -50.394112 -61.394112 41.000000
v -50.045086 -61.710453 41.000000
v -49.262703 -62.233223 41.000000
v -48.836880 -62.434616 41.000000
v -49.666737 -61.991055 41.000000
v -51.233223 -58.883385 41.000000
v -51.167084 -58.916462 41.000000
v -51.090992 -55.500000 41.000000
v -50.991055 -55.333260 41.000000
v -50.710449 -54.954910 41.000000
v -50.394112 -54.605888 41.000000
v -50.045086 -54.289547 41.000000
v -49.666737 -54.008945 41.000000
v -49.262703 -53.766777 41.000000
v -48.393368 -62.593311 41.000000
v -47.936432 -62.707771 41.000000
v -47.470482 -62.776882 41.000000
v -47.000000 -62.799999 41.000000
v -46.529518 -62.776882 41.000000
v -46.063568 -62.707771 41.000000
v -45.606632 -62.593311 41.000000
v -45.163120 -62.434616 41.000000
v -48.413498 -58.944466 41.000000
v -48.499268 -58.801376 41.000000
v -48.314117 -59.078472 41.000000
v -48.078468 -59.314117 41.000000
v -48.202080 -59.202080 41.000000
v -47.944469 -59.413498 41.000000
v -48.570595 -58.650558 41.000000
v -48.626797 -58.493484 41.000000
v -48.691814 -58.166630 41.000000
v -48.667336 -58.331654 41.000000
v -48.700001 -58.000000 41.000000
v -48.691814 -57.833370 41.000000
v -48.667336 -57.668346 41.000000
v -48.626797 -57.506516 41.000000
v -48.570595 -57.349442 41.000000
v -48.499268 -57.198624 41.000000
v -47.801376 -59.499271 41.000000
v -47.650562 -59.570591 41.000000
v -47.493484 -59.626797 41.000000
v -47.331654 -59.667336 41.000000
v -47.166630 -59.691814 41.000000
v -47.000000 -59.700001 41.000000
v -48.413498 -57.055534 41.000000
v -48.314117 -56.921528 41.000000
v -48.202080 -56.797920 41.000000
v -48.078468 -56.685883 41.000000
v -47.944469 -56.586502 41.000000
v -47.801376 -56.500729 41.000000
v -47.650562 -56.429409 41.000000
v -47.493484 -56.373203 41.000000
v -47.331654 -56.332664 41.000000
v -47.166630 -56.308186 41.000000
v -47.000000 -56.299999 41.000000
v -46.833370 -59.691814 41.000000
v -46.668346 -59.667336 41.000000
v -46.506516 -59.626797 41.000000
v -46.349438 -59.570591 41.000000
v -46.198624 -59.499271 41.000000
v -46.055531 -59.413498 41.000000
v -45.921532 -59.314117 41.000000
v -45.797920 -59.202080 41.000000
v -45.685883 -59.078472 41.000000
v -45.586502 -58.944466 41.000000
v -45.500732 -58.801376 41.000000
v -45.500732 -57.198624 41.000000
v -45.429405 -58.650558 41.000000
v -45.373203 -58.493484 41.000000
v -45.332664 -58.331654 41.000000
v -45.308186 -58.166630 41.000000
v -45.299999 -58.000000 41.000000
v -45.308186 -57.833370 41.000000
v -45.332664 -57.668346 41.000000
v -45.429405 -57.349442 41.000000
v -45.373203 -57.506516 41.000000
v -46.833370 -56.308186 41.000000
v -46.668346 -56.332664 41.000000
v -46.506516 -56.373203 41.000000
v -46.349438 -56.429409 41.000000
v -46.198624 -56.500729 41.000000
v -46.055531 -56.586502 41.000000
v -45.797920 -56.797920 41.000000
v -45.921532 -56.685883 41.000000
v -45.586502 -57.055534 41.000000
v -45.685883 -56.921528 41.000000
v -44.889389 -101.769966 44.000000
v -43.479492 -102.662773 44.000000
v -42.027489 -103.485321 44.000000
v -44.466679 -98.399437 44.000000
v -43.222675 -99.275558 44.000000
v -41.937183 -100.089584 44.000000
v -40.536873 -104.235634 44.000000
v -40.613300 -100.839561 44.000000
v -39.011238 -104.911903 44.000000
v -39.254208 -101.523666 44.000000
v -37.863186 -102.140266 44.000000
v -37.454254 -105.512497 44.000000
v -35.869678 -106.035973 44.000000
v -36.443584 -102.687866 44.000000
v -34.261326 -106.481064 44.000000
v -34.998825 -103.165154 44.000000
v -32.633072 -106.846703 44.000000
v -33.532387 -103.570969 44.000000
v -32.047798 -103.904343 44.000000
v -30.988834 -107.132004 44.000000
v -30.548647 -104.164474 44.000000
v -44.737297 -62.233223 41.000000
v -44.333263 -61.991055 41.000000
v -43.954914 -61.710453 41.000000
v -43.605888 -61.394112 41.000000
v -43.289551 -61.045090 41.000000
v -43.008945 -60.666740 41.000000
v -44.737297 -53.766777 41.000000
v -44.333263 -54.008945 41.000000
v -43.605888 -54.605888 41.000000
v -43.954914 -54.289547 41.000000
v -43.289551 -54.954910 41.000000
v -42.766777 -60.262699 41.000000
v -42.565380 -59.836876 41.000000
v -42.406685 -59.393368 41.000000
v -42.292233 -58.936428 41.000000
v -42.223114 -58.470482 41.000000
v -42.200001 -58.000000 41.000000
v -42.223114 -57.529518 41.000000
v -42.766777 -55.737301 41.000000
v -42.292233 -57.063572 41.000000
v -42.406685 -56.606632 41.000000
v -42.565380 -56.163124 41.000000
v -43.008945 -55.333260 41.000000
v -48.836880 -53.565380 41.000000
v -48.393368 -53.406685 41.000000
v -47.936432 -53.292233 41.000000
v -47.470482 -53.223114 41.000000
v -47.000000 -53.200001 41.000000
v -46.529518 -53.223114 41.000000
v -46.063568 -53.292233 41.000000
v -45.606632 -53.406685 41.000000
v -45.163120 -53.565380 41.000000
v -60.000000 -26.000000 35.500000
v -57.000000 -26.000000 35.500000
v -60.000000 -14.000000 35.500000
v -57.000000 -14.000000 35.500000
v -60.000000 -26.000000 38.500000
v -57.000000 -26.000000 38.500000
v -60.000000 -14.000000 38.500000
v -57.000000 -14.000000 38.500000
v -60.000000 -6.000000 35.500000
v -57.000000 -6.000000 35.500000
v -60.000000 -6.000000 38.500000
v -57.000000 -6.000000 38.500000
v -29.332582 -107.336281 44.000000
v -29.038530 -104.350723 44.000000
v -27.668301 -107.459045 44.000000
v -27.521097 -104.462662 44.000000
v -26.000000 -107.500008 44.000000
v -26.000000 -104.500000 44.000000
v -48.836880 53.565380 4.000000
v -48.393368 53.406685 4.000000
v -47.936432 53.292233 4.000000
v -47.470482 53.223114 4.000000
v -47.000000 53.200001 4.000000
v -46.529518 53.223114 4.000000
v -46.063568 53.292233 4.000000
v -45.606632 53.406685 4.000000
v -45.163120 53.565380 4.000000
v -60.000000 6.000000 20.500000
v -57.000000 6.000000 20.500000
v -60.000000 6.000000 23.500000
v -57.000000 6.000000 23.500000
v -60.000000 14.000000 20.500000
v -57.000000 14.000000 20.500000
v -60.000000 26.000000 20.500000
v -57.000000 26.000000 20.500000
v -60.000000 14.000000 23.500000
v -57.000000 14.000000 23.500000
v -60.000000 26.000000 23.500000
v -57.000000 26.000000 23.500000
v -57.000000 55.500000 4.000000
v -57.000000 60.500000 4.000000
v -60.000000 73.500000 4.000000
v -57.000000 73.500000 4.000000
v -59.959045 75.168304 4.000000
v -59.836281 76.832581 4.000000
v -59.632000 78.488838 4.000000
v -59.346703 80.133072 4.000000
v -56.962654 75.021095 4.000000
v -56.850727 76.538528 4.000000
v -56.664474 78.048645 4.000000
v -56.404346 79.547798 4.000000
v -50.991055 55.333260 4.000000
v -50.710449 54.954910 4.000000
v -51.090992 55.500000 4.000000
v -50.991055 55.500000 4.000000
v -50.394112 54.605888 4.000000
v -50.045086 54.289547 4.000000
v -49.666737 54.008945 4.000000
v -49.262703 53.766777 4.000000
v -50.991055 60.666740 4.000000
v -51.090992 60.500000 4.000000
v -50.999245 60.500000 4.000000
v -50.710449 61.045090 4.000000
v -50.394112 61.394112 4.000000
v -50.045086 61.710453 4.000000
v -49.666737 61.991055 4.000000
v -49.262703 62.233223 4.000000
v -48.836880 62.434616 4.000000
v -48.290527 55.500000 4.000000
v -48.413498 57.055534 4.000000
v -48.314117 56.921528 4.000000
v -48.078468 56.685883 4.000000
v -48.225498 56.823750 4.000000
v -48.202080 56.797920 4.000000
v -47.944469 56.586502 4.000000
v -47.801376 56.500729 4.000000
v -47.650562 56.429409 4.000000
v -47.493484 56.373203 4.000000
v -47.331654 56.332664 4.000000
v -47.166630 56.308186 4.000000
v -47.000000 56.299999 4.000000
v -48.570595 57.349442 4.000000
v -48.626797 57.506516 4.000000
v -48.667336 57.668346 4.000000
v -48.691814 57.833370 4.000000
v -48.499268 57.198624 4.000000
v -48.700001 58.000000 4.000000
v -48.691814 58.166630 4.000000
v -48.667336 58.331654 4.000000
v -48.626797 58.493484 4.000000
v -48.570595 58.650558 4.000000
v -48.499268 58.801376 4.000000
v -48.413498 58.944466 4.000000
v -48.314117 59.078472 4.000000
v -48.202080 59.202080 4.000000
v -48.104301 59.290699 4.000000
v -48.078468 59.314117 4.000000
v -47.944469 59.413498 4.000000
v -47.801376 59.499271 4.000000
v -47.650562 59.570591 4.000000
v -47.493484 59.626797 4.000000
v -47.331654 59.667336 4.000000
v -47.166630 59.691814 4.000000
v -47.000000 59.700001 4.000000
v -46.833370 56.308186 4.000000
v -46.668346 56.332664 4.000000
v -46.506516 56.373203 4.000000
v -46.349438 56.429409 4.000000
v -46.198624 56.500729 4.000000
v -46.055531 56.586502 4.000000
v -45.921532 56.685883 4.000000
v -45.797920 56.797920 4.000000
v -45.685883 56.921528 4.000000
v -45.586502 57.055534 4.000000
v -46.506516 59.626797 4.000000
v -46.833370 59.691814 4.000000
v -46.668346 59.667336 4.000000
v -46.349438 59.570591 4.000000
v -46.198624 59.499271 4.000000
v -46.055531 59.413498 4.000000
v -45.500732 57.198624 4.000000
v -45.429405 57.349442 4.000000
v -45.373203 57.506516 4.000000
v -45.332664 57.668346 4.000000
v -45.308186 57.833370 4.000000
v -45.299999 58.000000 4.000000
v -45.308186 58.166630 4.000000
v -45.332664 58.331654 4.000000
v -45.373203 58.493484 4.000000
v -45.429405 58.650558 4.000000
v -45.797920 59.202080 4.000000
v -45.921532 59.314117 4.000000
v -45.586502 58.944466 4.000000
v -45.685883 59.078472 4.000000
v -45.500732 58.801376 4.000000
v -48.044895 60.500000 4.000000
v -48.393368 62.593311 4.000000
v -47.936432 62.707771 4.000000
v -47.470482 62.776882 4.000000
v -47.000000 62.799999 4.000000
v -46.529518 62.776882 4.000000
v -46.063568 62.707771 4.000000
v -45.606632 62.593311 4.000000
v -45.163120 62.434616 4.000000
v -58.981064 81.761330 4.000000
v -58.535973 83.369682 4.000000
v -58.012501 84.954254 4.000000
v -57.411903 86.511238 4.000000
v -56.735634 88.036873 4.000000
v -56.070969 81.032387 4.000000
v -55.665154 82.498825 4.000000
v -55.187866 83.943588 4.000000
v -54.640270 85.363190 4.000000
v -54.023666 86.754211 4.000000
v -55.985325 89.527489 4.000000
v -55.162769 90.979492 4.000000
v -53.339558 88.113297 4.000000
v -52.589588 89.437187 4.000000
v -54.269966 92.389389 4.000000
v -53.309055 93.753777 4.000000
v -51.775558 90.722679 4.000000
v -50.899433 91.966675 4.000000
v -49.963326 93.166191 4.000000
v -52.282356 95.069374 4.000000
v -51.192337 96.333008 4.000000
v -48.969486 94.318329 4.000000
v -50.041630 97.541634 4.000000
v -48.833004 98.692337 4.000000
v -47.920311 95.420311 4.000000
v -47.569370 99.782356 4.000000
v -46.818329 96.469482 4.000000
v -45.666191 97.463326 4.000000
v -46.253777 100.809059 4.000000
v -44.737297 53.766777 4.000000
v -44.333263 54.008945 4.000000
v -43.954914 54.289547 4.000000
v -43.605888 54.605888 4.000000
v -43.289551 54.954910 4.000000
v -43.008945 55.333260 4.000000
v -42.766777 55.737301 4.000000
v -42.565380 56.163124 4.000000
v -42.406685 56.606632 4.000000
v -42.292233 57.063572 4.000000
v -42.223114 57.529518 4.000000
v -42.200001 58.000000 4.000000
v -42.223114 58.470482 4.000000
v -42.766777 60.262699 4.000000
v -42.292233 58.936428 4.000000
v -42.406685 59.393368 4.000000
v -42.565380 59.836876 4.000000
v -44.333263 61.991055 4.000000
v -44.737297 62.233223 4.000000
v -43.954914 61.710453 4.000000
v -43.605888 61.394112 4.000000
v -43.289551 61.045090 4.000000
v -43.008945 60.666740 4.000000
v -44.466679 98.399437 4.000000
v -43.222675 99.275558 4.000000
v -41.937183 100.089584 4.000000
v -44.889389 101.769966 4.000000
v -43.479492 102.662773 4.000000
v -42.027489 103.485321 4.000000
v -40.613300 100.839561 4.000000
v -40.536873 104.235634 4.000000
v -39.254208 101.523666 4.000000
v -37.863186 102.140266 4.000000
v -39.011238 104.911903 4.000000
v -36.443584 102.687866 4.000000
v -37.454254 105.512497 4.000000
v -35.869678 106.035973 4.000000
v -34.998825 103.165154 4.000000
v -34.261326 106.481064 4.000000
v -33.532387 103.570969 4.000000
v -32.047798 103.904343 4.000000
v -32.633072 106.846703 4.000000
v -30.988834 107.132004 4.000000
v -30.548647 104.164474 4.000000
v -29.332582 107.336281 4.000000
v -29.038530 104.350723 4.000000
v -27.521097 104.462662 4.000000
v -27.668301 107.459045 4.000000
v -26.000000 104.500000 4.000000
v -26.000000 107.500008 4.000000
v -60.000000 6.000000 35.500000
v -57.000000 6.000000 35.500000
v -60.000000 6.000000 38.500000
v -57.000000 6.000000 38.500000
v -60.000000 14.000000 35.500000
v -57.000000 14.000000 35.500000
v -60.000000 26.000000 35.500000
v -57.000000 26.000000 35.500000
v -60.000000 14.000000 38.500000
v -57.000000 14.000000 38.500000
v -60.000000 26.000000 38.500000
v -57.000000 26.000000 38.500000
v -48.836880 53.565380 41.000000
v -48.393368 53.406685 41.000000
v -47.936432 53.292233 41.000000
v -47.470482 53.223114 41.000000
v -47.000000 53.200001 41.000000
v -46.529518 53.223114 41.000000
v -46.063568 53.292233 41.000000
v -45.606632 53.406685 41.000000
v -45.163120 53.565380 41.000000
v -57.000000 55.500000 41.000000
v -57.000000 60.500000 41.000000
v -60.000000 73.500000 44.000000
v -57.000000 73.500000 44.000000
v -59.959045 75.168304 44.000000
v -59.836281 76.832581 44.000000
v -59.632000 78.488838 44.000000
v -59.346703 80.133072 44.000000
v -56.962654 75.021095 44.000000
v -56.850727 76.538528 44.000000
v -56.664474 78.048645 44.000000
v -56.404346 79.547798 44.000000
v -50.991055 55.333260 41.000000
v -50.710449 54.954910 41.000000
v -51.167084 57.083538 41.000000
v -51.090992 55.500000 41.000000
v -51.233223 57.116615 41.000000
v -50.394112 54.605888 41.000000
v -50.045086 54.289547 41.000000
v -49.666737 54.008945 41.000000
v -49.262703 53.766777 41.000000
v -50.991055 60.666740 41.000000
v -51.090992 60.500000 41.000000
v -50.710449 61.045090 41.000000
v -50.394112 61.394112 41.000000
v -50.045086 61.710453 41.000000
v -49.666737 61.991055 41.000000
v -49.262703 62.233223 41.000000
v -48.836880 62.434616 41.000000
v -48.413498 57.055534 41.000000
v -48.314117 56.921528 41.000000
v -48.078468 56.685883 41.000000
v -48.202080 56.797920 41.000000
v -47.944469 56.586502 41.000000
v -47.801376 56.500729 41.000000
v -47.650562 56.429409 41.000000
v -47.493484 56.373203 41.000000
v -47.331654 56.332664 41.000000
v -47.166630 56.308186 41.000000
v -47.000000 56.299999 41.000000
v -48.570595 57.349442 41.000000
v -48.626797 57.506516 41.000000
v -48.667336 57.668346 41.000000
v -48.691814 57.833370 41.000000
v -48.499268 57.198624 41.000000
v -48.700001 58.000000 41.000000
v -48.691814 58.166630 41.000000
v -48.667336 58.331654 41.000000
v -48.626797 58.493484 41.000000
v -48.570595 58.650558 41.000000
v -48.499268 58.801376 41.000000
v -48.413498 58.944466 41.000000
v -48.314117 59.078472 41.000000
v -48.202080 59.202080 41.000000
v -48.078468 59.314117 41.000000
v -47.944469 59.413498 41.000000
v -47.801376 59.499271 41.000000
v -47.650562 59.570591 41.000000
v -47.493484 59.626797 41.000000
v -47.331654 59.667336 41.000000
v -47.166630 59.691814 41.000000
v -47.000000 59.700001 41.000000
v -46.833370 56.308186 41.000000
v -46.668346 56.332664 41.000000
v -46.506516 56.373203 41.000000
v -46.349438 56.429409 41.000000
v -46.198624 56.500729 41.000000
v -46.055531 56.586502 41.000000
v -45.921532 56.685883 41.000000
v -45.797920 56.797920 41.000000
v -45.685883 56.921528 41.000000
v -45.586502 57.055534 41.000000
v -46.506516 59.626797 41.000000
v -46.833370 59.691814 41.000000
v -46.668346 59.667336 41.000000
v -46.349438 59.570591 41.000000
v -46.198624 59.499271 41.000000
v -46.055531 59.413498 41.000000
v -45.500732 57.198624 41.000000
v -45.429405 57.349442 41.000000
v -45.373203 57.506516 41.000000
v -45.332664 57.668346 41.000000
v -45.308186 57.833370 41.000000
v -45.299999 58.000000 41.000000
v -45.308186 58.166630 41.000000
v -45.332664 58.331654 41.000000
v -45.373203 58.493484 41.000000
v -45.429405 58.650558 41.000000
v -45.797920 59.202080 41.000000
v -45.921532 59.314117 41.000000
v -45.586502 58.944466 41.000000
v -45.685883 59.078472 41.000000
v -45.500732 58.801376 41.000000
v -48.393368 62.593311 41.000000
v -47.936432 62.707771 41.000000
v -47.470482 62.776882 41.000000
v -47.000000 62.799999 41.000000
v -46.529518 62.776882 41.000000
v -46.063568 62.707771 41.000000
v -45.606632 62.593311 41.000000
v -45.163120 62.434616 41.000000
v -58.981064 81.761330 44.000000
v -58.535973 83.369682 44.000000
v -58.012501 84.954254 44.000000
v -57.411903 86.511238 44.000000
v -56.735634 88.036873 44.000000
v -56.070969 81.032387 44.000000
v -55.665154 82.498825 44.000000
v -55.187866 83.943588 44.000000
v -54.640270 85.363190 44.000000
v -54.023666 86.754211 44.000000
v -55.985325 89.527489 44.000000
v -55.162769 90.979492 44.000000
v -53.339558 88.113297 44.000000
v -52.589588 89.437187 44.000000
v -54.269966 92.389389 44.000000
v -53.309055 93.753777 44.000000
v -51.775558 90.722679 44.000000
v -50.899433 91.966675 44.000000
v -49.963326 93.166191 44.000000
v -52.282356 95.069374 44.000000
v -51.192337 96.333008 44.000000
v -48.969486 94.318329 44.000000
v -50.041630 97.541634 44.000000
v -48.833004 98.692337 44.000000
v -47.920311 95.420311 44.000000
v -47.569370 99.782356 44.000000
v -46.818329 96.469482 44.000000
v -45.666191 97.463326 44.000000
v -46.253777 100.809059 44.000000
v -44.737297 53.766777 41.000000
v -44.333263 54.008945 41.000000
v -43.954914 54.289547 41.000000
v -43.605888 54.605888 41.000000
v -43.289551 54.954910 41.000000
v -43.008945 55.333260 41.000000
v -42.766777 55.737301 41.000000
v -42.565380 56.163124 41.000000
v -42.406685 56.606632 41.000000
v -42.292233 57.063572 41.000000
v -42.223114 57.529518 41.000000
v -42.200001 58.000000 41.000000
v -42.223114 58.470482 41.000000
v -42.766777 60.262699 41.000000
v -42.292233 58.936428 41.000000
v -42.406685 59.393368 41.000000
v -42.565380 59.836876 41.000000
v -44.333263 61.991055 41.000000
v -44.737297 62.233223 41.000000
v -43.954914 61.710453 41.000000
v -43.605888 61.394112 41.000000
v -43.289551 61.045090 41.000000
v -43.008945 60.666740 41.000000
v -44.466679 98.399437 44.000000
v -43.222675 99.275558 44.000000
v -41.937183 100.089584 44.000000
v -44.889389 101.769966 44.000000
v -43.479492 102.662773 44.000000
v -42.027489 103.485321 44.000000
v -40.613300 100.839561 44.000000
v -40.536873 104.235634 44.000000
v -39.254208 101.523666 44.000000
v -37.863186 102.140266 44.000000
v -39.011238 104.911903 44.000000
v -36.443584 102.687866 44.000000
v -37.454254 105.512497 44.000000
v -35.869678 106.035973 44.000000
v -34.998825 103.165154 44.000000
v -34.261326 106.481064 44.000000
v -33.532387 103.570969 44.000000
v -32.047798 103.904343 44.000000
v -32.633072 106.846703 44.000000
v -30.988834 107.132004 44.000000
v -30.548647 104.164474 44.000000
v -29.332582 107.336281 44.000000
v -29.038530 104.350723 44.000000
v -27.521097 104.462662 44.000000
v -27.668301 107.459045 44.000000
v -26.000000 104.500000 44.000000
v -26.000000 107.500008 44.000000
v 5.500000 -107.500008 4.000000
v 5.500000 -104.500000 4.000000
v 5.500000 -107.500008 8.000000
v 5.500000 -104.500000 8.000000
v 26.000000 -107.500008 4.000000
v 26.000000 -104.500000 4.000000
v 27.668301 -107.459045 4.000000
v 27.521097 -104.462662 4.000000
v 29.038530 -104.350723 4.000000
v 29.332582 -107.336281 4.000000
v 30.548647 -104.164474 4.000000
v 30.988834 -107.132004 4.000000
v 32.633072 -106.846703 4.000000
v 32.047798 -103.904343 4.000000
v 33.532387 -103.570969 4.000000
v 34.261326 -106.481064 4.000000
v 34.998825 -103.165154 4.000000
v 35.869678 -106.035973 4.000000
v 37.454254 -105.512497 4.000000
v 36.443584 -102.687866 4.000000
v 39.011238 -104.911903 4.000000
v 37.863186 -102.140266 4.000000
v 39.254208 -101.523666 4.000000
v 40.536873 -104.235634 4.000000
v 40.613300 -100.839561 4.000000
v 42.027489 -103.485321 4.000000
v 43.479492 -102.662773 4.000000
v 44.889389 -101.769966 4.000000
v 41.937183 -100.089584 4.000000
v 43.222675 -99.275558 4.000000
v 44.466679 -98.399437 4.000000
v 43.008945 -60.666740 4.000000
v 43.289551 -61.045090 4.000000
v 43.605888 -61.394112 4.000000
v 43.954914 -61.710453 4.000000
v 44.737297 -62.233223 4.000000
v 44.333263 -61.991055 4.000000
v 42.565380 -59.836876 4.000000
v 42.406685 -59.393368 4.000000
v 42.292233 -58.936428 4.000000
v 42.766777 -60.262699 4.000000
v 42.223114 -58.470482 4.000000
v 42.200001 -58.000000 4.000000
v 42.223114 -57.529518 4.000000
v 42.292233 -57.063572 4.000000
v 42.406685 -56.606632 4.000000
v 42.565380 -56.163124 4.000000
v 42.766777 -55.737301 4.000000
v 43.008945 -55.333260 4.000000
v 43.289551 -54.954910 4.000000
v 43.605888 -54.605888 4.000000
v 43.954914 -54.289547 4.000000
v 44.333263 -54.008945 4.000000
v 44.737297 -53.766777 4.000000
v 46.253777 -100.809059 4.000000
v 45.666191 -97.463326 4.000000
v 46.818329 -96.469482 4.000000
v 47.569370 -99.782356 4.000000
v 47.920311 -95.420311 4.000000
v 48.833004 -98.692337 4.000000
v 50.041630 -97.541634 4.000000
v 48.969486 -94.318329 4.000000
v 51.192337 -96.333008 4.000000
v 52.282356 -95.069374 4.000000
v 49.963326 -93.166191 4.000000
v 50.899433 -91.966675 4.000000
v 51.775558 -90.722679 4.000000
v 53.309055 -93.753777 4.000000
v 54.269966 -92.389389 4.000000
v 52.589588 -89.437187 4.000000
v 53.339558 -88.113297 4.000000
v 55.162769 -90.979492 4.000000
v 55.985325 -89.527489 4.000000
v 54.023666 -86.754211 4.000000
v 54.640270 -85.363190 4.000000
v 55.187866 -83.943588 4.000000
v 55.665154 -82.498825 4.000000
v 56.070969 -81.032387 4.000000
v 56.735634 -88.036873 4.000000
v 57.411903 -86.511238 4.000000
v 58.012501 -84.954254 4.000000
v 58.535973 -83.369682 4.000000
v 58.981064 -81.761330 4.000000
v 45.163120 -62.434616 4.000000
v 45.606632 -62.593311 4.000000
v 46.063568 -62.707771 4.000000
v 46.529518 -62.776882 4.000000
v 47.000000 -62.799999 4.000000
v 47.470482 -62.776882 4.000000
v 47.936432 -62.707771 4.000000
v 48.393368 -62.593311 4.000000
v 48.044895 -60.500000 4.000000
v 45.500732 -58.801376 4.000000
v 45.685883 -59.078472 4.000000
v 45.586502 -58.944466 4.000000
v 45.921532 -59.314117 4.000000
v 45.797920 -59.202080 4.000000
v 45.429405 -58.650558 4.000000
v 45.373203 -58.493484 4.000000
v 45.332664 -58.331654 4.000000
v 45.308186 -58.166630 4.000000
v 45.299999 -58.000000 4.000000
v 45.308186 -57.833370 4.000000
v 45.332664 -57.668346 4.000000
v 45.373203 -57.506516 4.000000
v 45.429405 -57.349442 4.000000
v 45.500732 -57.198624 4.000000
v 46.055531 -59.413498 4.000000
v 46.198624 -59.499271 4.000000
v 46.349438 -59.570591 4.000000
v 46.668346 -59.667336 4.000000
v 46.833370 -59.691814 4.000000
v 46.506516 -59.626797 4.000000
v 45.586502 -57.055534 4.000000
v 45.685883 -56.921528 4.000000
v 45.797920 -56.797920 4.000000
v 45.921532 -56.685883 4.000000
v 46.055531 -56.586502 4.000000
v 46.198624 -56.500729 4.000000
v 46.349438 -56.429409 4.000000
v 46.506516 -56.373203 4.000000
v 46.668346 -56.332664 4.000000
v 46.833370 -56.308186 4.000000
v 47.000000 -59.700001 4.000000
v 47.166630 -59.691814 4.000000
v 47.331654 -59.667336 4.000000
v 47.493484 -59.626797 4.000000
v 47.650562 -59.570591 4.000000
v 47.801376 -59.499271 4.000000
v 47.944469 -59.413498 4.000000
v 48.104301 -59.290699 4.000000
v 48.078468 -59.314117 4.000000
v 48.202080 -59.202080 4.000000
v 48.314117 -59.078472 4.000000
v 48.413498 -58.944466 4.000000
v 48.499268 -58.801376 4.000000
v 48.570595 -58.650558 4.000000
v 48.626797 -58.493484 4.000000
v 48.667336 -58.331654 4.000000
v 48.691814 -58.166630 4.000000
v 48.700001 -58.000000 4.000000
v 48.499268 -57.198624 4.000000
v 48.691814 -57.833370 4.000000
v 48.667336 -57.668346 4.000000
v 48.626797 -57.506516 4.000000
v 48.570595 -57.349442 4.000000
v 47.000000 -56.299999 4.000000
v 47.166630 -56.308186 4.000000
v 47.331654 -56.332664 4.000000
v 47.493484 -56.373203 4.000000
v 47.650562 -56.429409 4.000000
v 47.801376 -56.500729 4.000000
v 47.944469 -56.586502 4.000000
v 48.225498 -56.823750 4.000000
v 48.202080 -56.797920 4.000000
v 48.078468 -56.685883 4.000000
v 48.314117 -56.921528 4.000000
v 48.413498 -57.055534 4.000000
v 48.290527 -55.500000 4.000000
v 48.836880 -62.434616 4.000000
v 49.262703 -62.233223 4.000000
v 49.666737 -61.991055 4.000000
v 50.045086 -61.710453 4.000000
v 50.394112 -61.394112 4.000000
v 50.710449 -61.045090 4.000000
v 50.991055 -60.666740 4.000000
v 51.090992 -60.500000 4.000000
v 49.262703 -53.766777 4.000000
v 49.666737 -54.008945 4.000000
v 50.045086 -54.289547 4.000000
v 50.394112 -54.605888 4.000000
v 51.090992 -55.500000 4.000000
v 50.710449 -54.954910 4.000000
v 50.991055 -55.333260 4.000000
v 56.404346 -79.547798 4.000000
v 56.664474 -78.048645 4.000000
v 56.850727 -76.538528 4.000000
v 56.962654 -75.021095 4.000000
v 59.346703 -80.133072 4.000000
v 59.632000 -78.488838 4.000000
v 59.836281 -76.832581 4.000000
v 59.959045 -75.168304 4.000000
v 57.000000 -73.500000 4.000000
v 60.000000 -73.500000 4.000000
v 57.000000 -60.500000 4.000000
v 57.000000 -55.500000 4.000000
v 45.163120 -53.565380 4.000000
v 45.606632 -53.406685 4.000000
v 46.063568 -53.292233 4.000000
v 46.529518 -53.223114 4.000000
v 47.000000 -53.200001 4.000000
v 47.470482 -53.223114 4.000000
v 47.936432 -53.292233 4.000000
v 48.393368 -53.406685 4.000000
v 48.836880 -53.565380 4.000000
v 57.000000 -26.000000 20.500000
v 60.000000 -26.000000 20.500000
v 57.000000 -14.000000 20.500000
v 60.000000 -14.000000 20.500000
v 57.000000 -26.000000 23.500000
v 60.000000 -26.000000 23.500000
v 57.000000 -14.000000 23.500000
v 60.000000 -14.000000 23.500000
v 57.000000 -6.000000 20.500000
v 60.000000 -6.000000 20.500000
v 57.000000 -6.000000 23.500000
v 60.000000 -6.000000 23.500000
v 26.000000 -107.500008 44.000000
v 26.000000 -104.500000 44.000000
v 27.668301 -107.459045 44.000000
v 27.521097 -104.462662 44.000000
v 29.038530 -104.350723 44.000000
v 29.332582 -107.336281 44.000000
v 30.548647 -104.164474 44.000000
v 30.988834 -107.132004 44.000000
v 32.633072 -106.846703 44.000000
v 32.047798 -103.904343 44.000000
v 33.532387 -103.570969 44.000000
v 34.261326 -106.481064 44.000000
v 34.998825 -103.165154 44.000000
v 35.869678 -106.035973 44.000000
v 37.454254 -105.512497 44.000000
v 36.443584 -102.687866 44.000000
v 39.011238 -104.911903 44.000000
v 37.863186 -102.140266 44.000000
v 39.254208 -101.523666 44.000000
v 40.536873 -104.235634 44.000000
v 40.613300 -100.839561 44.000000
v 42.027489 -103.485321 44.000000
v 43.479492 -102.662773 44.000000
v 44.889389 -101.769966 44.000000
v 41.937183 -100.089584 44.000000
v 43.222675 -99.275558 44.000000
v 44.466679 -98.399437 44.000000
v 43.008945 -60.666740 41.000000
v 43.289551 -61.045090 41.000000
v 43.605888 -61.394112 41.000000
v 43.954914 -61.710453 41.000000
v 44.737297 -62.233223 41.000000
v 44.333263 -61.991055 41.000000
v 42.565380 -59.836876 41.000000
v 42.406685 -59.393368 41.000000
v 42.292233 -58.936428 41.000000
v 42.766777 -60.262699 41.000000
v 42.223114 -58.470482 41.000000
v 42.200001 -58.000000 41.000000
v 42.223114 -57.529518 41.000000
v 42.292233 -57.063572 41.000000
v 42.406685 -56.606632 41.000000
v 42.565380 -56.163124 41.000000
v 42.766777 -55.737301 41.000000
v 43.008945 -55.333260 41.000000
v 43.289551 -54.954910 41.000000
v 43.605888 -54.605888 41.000000
v 43.954914 -54.289547 41.000000
v 44.333263 -54.008945 41.000000
v 44.737297 -53.766777 41.000000
v 46.253777 -100.809059 44.000000
v 45.666191 -97.463326 44.000000
v 46.818329 -96.469482 44.000000
v 47.569370 -99.782356 44.000000
v 47.920311 -95.420311 44.000000
v 48.833004 -98.692337 44.000000
v 50.041630 -97.541634 44.000000
v 48.969486 -94.318329 44.000000
v 51.192337 -96.333008 44.000000
v 52.282356 -95.069374 44.000000
v 49.963326 -93.166191 44.000000
v 50.899433 -91.966675 44.000000
v 51.775558 -90.722679 44.000000
v 53.309055 -93.753777 44.000000
v 54.269966 -92.389389 44.000000
v 52.589588 -89.437187 44.000000
v 53.339558 -88.113297 44.000000
v 55.162769 -90.979492 44.000000
v 55.985325 -89.527489 44.000000
v 54.023666 -86.754211 44.000000
v 54.640270 -85.363190 44.000000
v 55.187866 -83.943588 44.000000
v 55.665154 -82.498825 44.000000
v 56.070969 -81.032387 44.000000
v 56.735634 -88.036873 44.000000
v 57.411903 -86.511238 44.000000
v 58.012501 -84.954254 44.000000
v 58.535973 -83.369682 44.000000
v 58.981064 -81.761330 44.000000
v 45.163120 -62.434616 41.000000
v 45.606632 -62.593311 41.000000
v 46.063568 -62.707771 41.000000
v 46.529518 -62.776882 41.000000
v 47.000000 -62.799999 41.000000
v 47.470482 -62.776882 41.000000
v 47.936432 -62.707771 41.000000
v 48.393368 -62.593311 41.000000
v 45.500732 -58.801376 41.000000
v 45.685883 -59.078472 41.000000
v 45.586502 -58.944466 41.000000
v 45.921532 -59.314117 41.000000
v 45.797920 -59.202080 41.000000
v 45.429405 -58.650558 41.000000
v 45.373203 -58.493484 41.000000
v 45.332664 -58.331654 41.000000
v 45.308186 -58.166630 41.000000
v 45.299999 -58.000000 41.000000
v 45.308186 -57.833370 41.000000
v 45.332664 -57.668346 41.000000
v 45.373203 -57.506516 41.000000
v 45.429405 -57.349442 41.000000
v 45.500732 -57.198624 41.000000
v 46.055531 -59.413498 41.000000
v 46.198624 -59.499271 41.000000
v 46.349438 -59.570591 41.000000
v 46.668346 -59.667336 41.000000
v 46.833370 -59.691814 41.000000
v 46.506516 -59.626797 41.000000
v 45.586502 -57.055534 41.000000
v 45.685883 -56.921528 41.000000
v 45.797920 -56.797920 41.000000
v 45.921532 -56.685883 41.000000
v 46.055531 -56.586502 41.000000
v 46.198624 -56.500729 41.000000
v 46.349438 -56.429409 41.000000
v 46.506516 -56.373203 41.000000
v 46.668346 -56.332664 41.000000
v 46.833370 -56.308186 41.000000
v 47.000000 -59.700001 41.000000
v 47.166630 -59.691814 41.000000
v 47.331654 -59.667336 41.000000
v 47.493484 -59.626797 41.000000
v 47.650562 -59.570591 41.000000
v 47.801376 -59.499271 41.000000
v 47.944469 -59.413498 41.000000
v 48.078468 -59.314117 41.000000
v 48.202080 -59.202080 41.000000
v 48.314117 -59.078472 41.000000
v 48.413498 -58.944466 41.000000
v 48.499268 -58.801376 41.000000
v 48.570595 -58.650558 41.000000
v 48.626797 -58.493484 41.000000
v 48.667336 -58.331654 41.000000
v 48.691814 -58.166630 41.000000
v 48.700001 -58.000000 41.000000
v 48.499268 -57.198624 41.000000
v 48.691814 -57.833370 41.000000
v 48.667336 -57.668346 41.000000
v 48.626797 -57.506516 41.000000
v 48.570595 -57.349442 41.000000
v 47.000000 -56.299999 41.000000
v 47.166630 -56.308186 41.000000
v 47.331654 -56.332664 41.000000
v 47.493484 -56.373203 41.000000
v 47.650562 -56.429409 41.000000
v 47.801376 -56.500729 41.000000
v 47.944469 -56.586502 41.000000
v 48.202080 -56.797920 41.000000
v 48.078468 -56.685883 41.000000
v 48.314117 -56.921528 41.000000
v 48.413498 -57.055534 41.000000
v 48.836880 -62.434616 41.000000
v 49.262703 -62.233223 41.000000
v 49.666737 -61.991055 41.000000
v 50.045086 -61.710453 41.000000
v 50.394112 -61.394112 41.000000
v 50.710449 -61.045090 41.000000
v 50.991055 -60.666740 41.000000
v 51.090992 -60.500000 41.000000
v 49.262703 -53.766777 41.000000
v 49.666737 -54.008945 41.000000
v 50.045086 -54.289547 41.000000
v 50.394112 -54.605888 41.000000
v 51.233223 -57.116615 41.000000
v 51.090992 -55.500000 41.000000
v 51.167084 -57.083538 41.000000
v 50.710449 -54.954910 41.000000
v 50.991055 -55.333260 41.000000
v 56.404346 -79.547798 44.000000
v 56.664474 -78.048645 44.000000
v 56.850727 -76.538528 44.000000
v 56.962654 -75.021095 44.000000
v 59.346703 -80.133072 44.000000
v 59.632000 -78.488838 44.000000
v 59.836281 -76.832581 44.000000
v 59.959045 -75.168304 44.000000
v 57.000000 -73.500000 44.000000
v 60.000000 -73.500000 44.000000
v 57.000000 -60.500000 41.000000
v 57.000000 -55.500000 41.000000
v 45.163120 -53.565380 41.000000
v 45.606632 -53.406685 41.000000
v 46.063568 -53.292233 41.000000
v 46.529518 -53.223114 41.000000
v 47.000000 -53.200001 41.000000
v 47.470482 -53.223114 41.000000
v 47.936432 -53.292233 41.000000
v 48.393368 -53.406685 41.000000
v 48.836880 -53.565380 41.000000
v 57.000000 -26.000000 35.500000
v 60.000000 -26.000000 35.500000
v 57.000000 -14.000000 35.500000
v 60.000000 -14.000000 35.500000
v 57.000000 -26.000000 38.500000
v 60.000000 -26.000000 38.500000
v 57.000000 -14.000000 38.500000
v 60.000000 -14.000000 38.500000
v 57.000000 -6.000000 35.500000
v 60.000000 -6.000000 35.500000
v 57.000000 -6.000000 38.500000
v 60.000000 -6.000000 38.500000
v 26.000000 104.500000 4.000000
v 26.000000 107.500008 4.000000
v 27.521097 104.462662 4.000000
v 27.668301 107.459045 4.000000
v 29.038530 104.350723 4.000000
v 29.332582 107.336281 4.000000
v 45.163120 53.565380 4.000000
v 45.606632 53.406685 4.000000
v 46.063568 53.292233 4.000000
v 46.529518 53.223114 4.000000
v 47.000000 53.200001 4.000000
v 47.470482 53.223114 4.000000
v 47.936432 53.292233 4.000000
v 48.393368 53.406685 4.000000
v 48.836880 53.565380 4.000000
v 57.000000 6.000000 20.500000
v 60.000000 6.000000 20.500000
v 57.000000 6.000000 23.500000
v 60.000000 6.000000 23.500000
v 57.000000 14.000000 20.500000
v 60.000000 14.000000 20.500000
v 57.000000 26.000000 20.500000
v 60.000000 26.000000 20.500000
v 57.000000 14.000000 23.500000
v 60.000000 14.000000 23.500000
v 57.000000 26.000000 23.500000
v 60.000000 26.000000 23.500000
v 43.008945 55.333260 4.000000
v 42.565380 56.163124 4.000000
v 42.406685 56.606632 4.000000
v 42.292233 57.063572 4.000000
v 42.766777 55.737301 4.000000
v 42.223114 57.529518 4.000000
v 42.200001 58.000000 4.000000
v 42.223114 58.470482 4.000000
v 42.292233 58.936428 4.000000
v 42.406685 59.393368 4.000000
v 42.565380 59.836876 4.000000
v 42.766777 60.262699 4.000000
v 43.289551 54.954910 4.000000
v 43.954914 54.289547 4.000000
v 43.605888 54.605888 4.000000
v 44.333263 54.008945 4.000000
v 44.737297 53.766777 4.000000
v 43.008945 60.666740 4.000000
v 43.289551 61.045090 4.000000
v 43.605888 61.394112 4.000000
v 43.954914 61.710453 4.000000
v 44.333263 61.991055 4.000000
v 44.737297 62.233223 4.000000
v 30.548647 104.164474 4.000000
v 30.988834 107.132004 4.000000
v 32.047798 103.904343 4.000000
v 33.532387 103.570969 4.000000
v 32.633072 106.846703 4.000000
v 34.998825 103.165154 4.000000
v 34.261326 106.481064 4.000000
v 36.443584 102.687866 4.000000
v 35.869678 106.035973 4.000000
v 37.454254 105.512497 4.000000
v 37.863186 102.140266 4.000000
v 39.254208 101.523666 4.000000
v 39.011238 104.911903 4.000000
v 40.613300 100.839561 4.000000
v 40.536873 104.235634 4.000000
v 41.937183 100.089584 4.000000
v 43.222675 99.275558 4.000000
v 44.466679 98.399437 4.000000
v 42.027489 103.485321 4.000000
v 43.479492 102.662773 4.000000
v 44.889389 101.769966 4.000000
v 45.685883 56.921528 4.000000
v 45.586502 57.055534 4.000000
v 45.921532 56.685883 4.000000
v 45.797920 56.797920 4.000000
v 46.055531 56.586502 4.000000
v 46.198624 56.500729 4.000000
v 46.349438 56.429409 4.000000
v 46.506516 56.373203 4.000000
v 46.668346 56.332664 4.000000
v 46.833370 56.308186 4.000000
v 45.373203 57.506516 4.000000
v 45.429405 57.349442 4.000000
v 45.332664 57.668346 4.000000
v 45.308186 57.833370 4.000000
v 45.299999 58.000000 4.000000
v 45.308186 58.166630 4.000000
v 45.332664 58.331654 4.000000
v 45.373203 58.493484 4.000000
v 45.429405 58.650558 4.000000
v 45.500732 57.198624 4.000000
v 45.500732 58.801376 4.000000
v 45.586502 58.944466 4.000000
v 45.685883 59.078472 4.000000
v 45.797920 59.202080 4.000000
v 45.921532 59.314117 4.000000
v 46.055531 59.413498 4.000000
v 46.198624 59.499271 4.000000
v 46.349438 59.570591 4.000000
v 46.506516 59.626797 4.000000
v 46.668346 59.667336 4.000000
v 46.833370 59.691814 4.000000
v 47.000000 56.299999 4.000000
v 47.166630 56.308186 4.000000
v 47.331654 56.332664 4.000000
v 47.493484 56.373203 4.000000
v 47.650562 56.429409 4.000000
v 47.801376 56.500729 4.000000
v 48.044895 55.500000 4.000000
v 47.944469 56.586502 4.000000
v 48.078468 56.685883 4.000000
v 48.104301 56.709301 4.000000
v 48.202080 56.797920 4.000000
v 48.314117 56.921528 4.000000
v 48.413498 57.055534 4.000000
v 47.000000 59.700001 4.000000
v 47.166630 59.691814 4.000000
v 47.331654 59.667336 4.000000
v 47.493484 59.626797 4.000000
v 47.650562 59.570591 4.000000
v 47.801376 59.499271 4.000000
v 48.499268 57.198624 4.000000
v 48.570595 57.349442 4.000000
v 48.626797 57.506516 4.000000
v 48.667336 57.668346 4.000000
v 48.691814 57.833370 4.000000
v 48.700001 58.000000 4.000000
v 48.667336 58.331654 4.000000
v 48.691814 58.166630 4.000000
v 48.626797 58.493484 4.000000
v 48.570595 58.650558 4.000000
v 47.944469 59.413498 4.000000
v 48.225498 59.176250 4.000000
v 48.202080 59.202080 4.000000
v 48.078468 59.314117 4.000000
v 48.314117 59.078472 4.000000
v 48.499268 58.801376 4.000000
v 48.413498 58.944466 4.000000
v 45.163120 62.434616 4.000000
v 45.606632 62.593311 4.000000
v 46.063568 62.707771 4.000000
v 46.529518 62.776882 4.000000
v 47.000000 62.799999 4.000000
v 47.470482 62.776882 4.000000
v 48.290527 60.500000 4.000000
v 47.936432 62.707771 4.000000
v 48.393368 62.593311 4.000000
v 49.262703 53.766777 4.000000
v 49.666737 54.008945 4.000000
v 50.045086 54.289547 4.000000
v 50.394112 54.605888 4.000000
v 50.710449 54.954910 4.000000
v 50.991055 55.333260 4.000000
v 51.090992 55.500000 4.000000
v 49.666737 61.991055 4.000000
v 48.836880 62.434616 4.000000
v 49.262703 62.233223 4.000000
v 50.045086 61.710453 4.000000
v 50.394112 61.394112 4.000000
v 50.710449 61.045090 4.000000
v 50.991055 60.666740 4.000000
v 51.090992 60.500000 4.000000
v 57.000000 55.500000 4.000000
v 57.367348 55.500000 4.000000
v 57.000000 60.500000 4.000000
v 57.265305 60.500000 4.000000
v 57.000000 73.500000 4.000000
v 60.000000 73.500000 4.000000
v 56.962654 75.021095 4.000000
v 56.850727 76.538528 4.000000
v 56.664474 78.048645 4.000000
v 56.404346 79.547798 4.000000
v 59.959045 75.168304 4.000000
v 59.836281 76.832581 4.000000
v 59.632000 78.488838 4.000000
v 59.346703 80.133072 4.000000
v 49.963326 93.166191 4.000000
v 50.899433 91.966675 4.000000
v 51.775558 90.722679 4.000000
v 46.818329 96.469482 4.000000
v 45.666191 97.463326 4.000000
v 47.920311 95.420311 4.000000
v 47.569370 99.782356 4.000000
v 46.253777 100.809059 4.000000
v 48.969486 94.318329 4.000000
v 48.833004 98.692337 4.000000
v 50.041630 97.541634 4.000000
v 51.192337 96.333008 4.000000
v 52.282356 95.069374 4.000000
v 54.023666 86.754211 4.000000
v 55.187866 83.943588 4.000000
v 56.070969 81.032387 4.000000
v 55.665154 82.498825 4.000000
v 54.640270 85.363190 4.000000
v 53.339558 88.113297 4.000000
v 52.589588 89.437187 4.000000
v 53.309055 93.753777 4.000000
v 54.269966 92.389389 4.000000
v 55.985325 89.527489 4.000000
v 55.162769 90.979492 4.000000
v 58.012501 84.954254 4.000000
v 57.411903 86.511238 4.000000
v 58.981064 81.761330 4.000000
v 58.535973 83.369682 4.000000
v 56.735634 88.036873 4.000000
v 26.000000 104.500000 44.000000
v 26.000000 107.500008 44.000000
v 27.521097 104.462662 44.000000
v 27.668301 107.459045 44.000000
v 29.038530 104.350723 44.000000
v 29.332582 107.336281 44.000000
v 57.000000 6.000000 35.500000
v 60.000000 6.000000 35.500000
v 57.000000 6.000000 38.500000
v 60.000000 6.000000 38.500000
v 57.000000 14.000000 35.500000
v 60.000000 14.000000 35.500000
v 57.000000 26.000000 35.500000
v 60.000000 26.000000 35.500000
v 57.000000 14.000000 38.500000
v 60.000000 14.000000 38.500000
v 57.000000 26.000000 38.500000
v 60.000000 26.000000 38.500000
v 45.163120 53.565380 41.000000
v 45.606632 53.406685 41.000000
v 46.063568 53.292233 41.000000
v 46.529518 53.223114 41.000000
v 47.000000 53.200001 41.000000
v 47.470482 53.223114 41.000000
v 47.936432 53.292233 41.000000
v 48.393368 53.406685 41.000000
v 48.836880 53.565380 41.000000
v 43.008945 55.333260 41.000000
v 42.565380 56.163124 41.000000
v 42.406685 56.606632 41.000000
v 42.292233 57.063572 41.000000
v 42.766777 55.737301 41.000000
v 42.223114 57.529518 41.000000
v 42.200001 58.000000 41.000000
v 42.223114 58.470482 41.000000
v 42.292233 58.936428 41.000000
v 42.406685 59.393368 41.000000
v 42.565380 59.836876 41.000000
v 42.766777 60.262699 41.000000
v 43.289551 54.954910 41.000000
v 43.954914 54.289547 41.000000
v 43.605888 54.605888 41.000000
v 44.333263 54.008945 41.000000
v 44.737297 53.766777 41.000000
v 43.008945 60.666740 41.000000
v 43.289551 61.045090 41.000000
v 43.605888 61.394112 41.000000
v 43.954914 61.710453 41.000000
v 44.333263 61.991055 41.000000
v 44.737297 62.233223 41.000000
v 30.548647 104.164474 44.000000
v 30.988834 107.132004 44.000000
v 32.047798 103.904343 44.000000
v 33.532387 103.570969 44.000000
v 32.633072 106.846703 44.000000
v 34.998825 103.165154 44.000000
v 34.261326 106.481064 44.000000
v 36.443584 102.687866 44.000000
v 35.869678 106.035973 44.000000
v 37.454254 105.512497 44.000000
v 37.863186 102.140266 44.000000
v 39.254208 101.523666 44.000000
v 39.011238 104.911903 44.000000
v 40.613300 100.839561 44.000000
v 40.536873 104.235634 44.000000
v 41.937183 100.089584 44.000000
v 43.222675 99.275558 44.000000
v 44.466679 98.399437 44.000000
v 42.027489 103.485321 44.000000
v 43.479492 102.662773 44.000000
v 44.889389 101.769966 44.000000
v 45.685883 56.921528 41.000000
v 45.586502 57.055534 41.000000
v 45.921532 56.685883 41.000000
v 45.797920 56.797920 41.000000
v 46.055531 56.586502 41.000000
v 46.198624 56.500729 41.000000
v 46.349438 56.429409 41.000000
v 46.506516 56.373203 41.000000
v 46.668346 56.332664 41.000000
v 46.833370 56.308186 41.000000
v 45.373203 57.506516 41.000000
v 45.429405 57.349442 41.000000
v 45.332664 57.668346 41.000000
v 45.308186 57.833370 41.000000
v 45.299999 58.000000 41.000000
v 45.308186 58.166630 41.000000
v 45.332664 58.331654 41.000000
v 45.373203 58.493484 41.000000
v 45.429405 58.650558 41.000000
v 45.500732 57.198624 41.000000
v 45.500732 58.801376 41.000000
v 45.586502 58.944466 41.000000
v 45.685883 59.078472 41.000000
v 45.797920 59.202080 41.000000
v 45.921532 59.314117 41.000000
v 46.055531 59.413498 41.000000
v 46.198624 59.499271 41.000000
v 46.349438 59.570591 41.000000
v 46.506516 59.626797 41.000000
v 46.668346 59.667336 41.000000
v 46.833370 59.691814 41.000000
v 47.000000 56.299999 41.000000
v 47.166630 56.308186 41.000000
v 47.331654 56.332664 41.000000
v 47.493484 56.373203 41.000000
v 47.650562 56.429409 41.000000
v 47.801376 56.500729 41.000000
v 47.944469 56.586502 41.000000
v 48.078468 56.685883 41.000000
v 48.202080 56.797920 41.000000
v 48.314117 56.921528 41.000000
v 48.413498 57.055534 41.000000
v 47.000000 59.700001 41.000000
v 47.166630 59.691814 41.000000
v 47.331654 59.667336 41.000000
v 47.493484 59.626797 41.000000
v 47.650562 59.570591 41.000000
v 47.801376 59.499271 41.000000
v 48.499268 57.198624 41.000000
v 48.570595 57.349442 41.000000
v 48.626797 57.506516 41.000000
v 48.667336 57.668346 41.000000
v 48.691814 57.833370 41.000000
v 48.700001 58.000000 41.000000
v 48.667336 58.331654 41.000000
v 48.691814 58.166630 41.000000
v 48.626797 58.493484 41.000000
v 48.570595 58.650558 41.000000
v 47.944469 59.413498 41.000000
v 48.202080 59.202080 41.000000
v 48.078468 59.314117 41.000000
v 48.314117 59.078472 41.000000
v 48.499268 58.801376 41.000000
v 48.413498 58.944466 41.000000
v 45.163120 62.434616 41.000000
v 45.606632 62.593311 41.000000
v 46.063568 62.707771 41.000000
v 46.529518 62.776882 41.000000
v 47.000000 62.799999 41.000000
v 47.470482 62.776882 41.000000
v 47.936432 62.707771 41.000000
v 48.393368 62.593311 41.000000
v 49.262703 53.766777 41.000000
v 49.666737 54.008945 41.000000
v 50.045086 54.289547 41.000000
v 50.394112 54.605888 41.000000
v 50.710449 54.954910 41.000000
v 50.991055 55.333260 41.000000
v 51.090992 55.500000 41.000000
v 51.167084 58.916462 41.000000
v 51.233223 58.883385 41.000000
v 49.666737 61.991055 41.000000
v 48.836880 62.434616 41.000000
v 49.262703 62.233223 41.000000
v 50.045086 61.710453 41.000000
v 50.394112 61.394112 41.000000
v 50.710449 61.045090 41.000000
v 50.991055 60.666740 41.000000
v 51.090992 60.500000 41.000000
v 57.000000 55.500000 41.000000
v 57.000000 60.500000 41.000000
v 57.000000 73.500000 44.000000
v 60.000000 73.500000 44.000000
v 56.962654 75.021095 44.000000
v 56.850727 76.538528 44.000000
v 56.664474 78.048645 44.000000
v 56.404346 79.547798 44.000000
v 59.959045 75.168304 44.000000
v 59.836281 76.832581 44.000000
v 59.632000 78.488838 44.000000
v 59.346703 80.133072 44.000000
v 49.963326 93.166191 44.000000
v 50.899433 91.966675 44.000000
v 51.775558 90.722679 44.000000
v 46.818329 96.469482 44.000000
v 45.666191 97.463326 44.000000
v 47.920311 95.420311 44.000000
v 47.569370 99.782356 44.000000
v 46.253777 100.809059 44.000000
v 48.969486 94.318329 44.000000
v 48.833004 98.692337 44.000000
v 50.041630 97.541634 44.000000
v 51.192337 96.333008 44.000000
v 52.282356 95.069374 44.000000
v 54.023666 86.754211 44.000000
v 55.187866 83.943588 44.000000
v 56.070969 81.032387 44.000000
v 55.665154 82.498825 44.000000
v 54.640270 85.363190 44.000000
v 53.339558 88.113297 44.000000
v 52.589588 89.437187 44.000000
v 53.309055 93.753777 44.000000
v 54.269966 92.389389 44.000000
v 55.985325 89.527489 44.000000
v 55.162769 90.979492 44.000000
v 58.012501 84.954254 44.000000
v 57.411903 86.511238 44.000000
v 58.981064 81.761330 44.000000
v 58.535973 83.369682 44.000000
v 56.735634 88.036873 44.000000
f 3 30 14
f 2 15 5
f 4 5 12
f 2 3 13
f 2 13 15
f 3 14 13
f 1 11 7
f 6 7 10
f 1 16 11
f 6 28 8
f 8 29 9
f 6 27 28
f 7 11 10
f 6 10 27
f 1 4 16
f 4 12 16
f 5 15 12
f 9 21 17
f 17 24 18
f 17 21 24
f 18 26 19
f 19 25 20
f 18 24 26
f 19 26 25
f 20 141 23
f 20 25 140
f 22 23 142
f 20 140 141
f 8 28 29
f 9 29 21
f 30 31 34
f 31 32 35
f 32 33 39
f 33 38 39
f 14 30 34
f 31 35 34
f 32 36 35
f 32 37 36
f 32 39 37
f 38 40 39
f 38 42 40
f 39 40 41
f 22 144 137
f 137 147 138
f 137 144 146
f 23 141 142
f 22 142 144
f 138 150 139
f 137 146 147
f 138 147 150
f 139 154 143
f 139 150 152
f 143 157 145
f 139 152 154
f 143 154 155
f 143 155 157
f 145 157 203
f 145 203 205
f 145 205 207
f 9 17 220
f 1 7 212
f 3 241 30
f 2 5 213
f 2 214 3
f 4 216 5
f 1 215 4
f 6 8 217
f 6 218 7
f 8 9 219
f 17 18 228
f 18 19 229
f 19 20 230
f 22 137 233
f 20 23 231
f 22 234 23
f 30 242 31
f 31 243 32
f 32 244 33
f 33 249 38
f 38 249 194
f 137 138 342
f 138 139 343
f 139 143 344
f 143 145 348
f 145 148 350
f 148 149 353
f 149 151 354
f 151 153 356
f 153 156 358
f 156 202 361
f 38 436 42
f 42 434 43
f 38 194 190
f 38 190 192
f 38 192 198
f 38 198 422
f 38 422 426
f 38 426 428
f 192 200 198
f 145 208 148
f 148 208 149
f 149 208 151
f 151 208 153
f 145 207 208
f 153 208 156
f 156 208 202
f 202 208 204
f 204 208 206
f 207 209 208
f 206 208 210
f 202 204 407
f 204 206 409
f 206 210 411
f 411 210 821
f 17 228 220
f 1 212 215
f 5 216 213
f 3 214 241
f 2 213 214
f 4 215 216
f 8 219 217
f 7 218 212
f 6 217 218
f 9 220 219
f 18 229 228
f 20 231 230
f 19 230 229
f 137 342 233
f 23 234 231
f 22 233 234
f 30 241 242
f 31 242 243
f 32 243 244
f 33 244 249
f 138 343 342
f 139 344 343
f 145 350 348
f 143 348 344
f 148 353 350
f 149 354 353
f 151 356 354
f 153 358 356
f 156 361 358
f 212 223 215
f 215 226 216
f 213 216 224
f 213 225 214
f 216 226 224
f 213 224 225
f 214 225 245
f 212 218 227
f 217 222 218
f 218 222 227
f 217 219 238
f 219 220 239
f 217 221 222
f 217 238 221
f 215 223 226
f 212 227 223
f 228 229 232
f 229 230 235
f 228 232 240
f 229 235 232
f 230 231 237
f 231 234 345
f 231 236 237
f 230 237 235
f 231 345 236
f 233 346 234
f 234 346 345
f 220 228 240
f 219 239 238
f 220 240 239
f 214 245 241
f 242 247 243
f 241 246 242
f 241 245 246
f 242 246 247
f 243 247 248
f 243 248 250
f 233 342 347
f 342 343 351
f 342 349 347
f 342 351 349
f 233 347 346
f 343 344 352
f 343 352 351
f 344 348 357
f 344 355 352
f 344 357 355
f 348 350 360
f 348 359 357
f 350 353 412
f 350 362 360
f 348 360 359
f 353 354 412
f 350 408 362
f 350 410 408
f 350 412 410
f 194 397 196
f 192 196 618
f 192 622 200
f 194 395 397
f 196 397 403
f 196 403 618
f 249 395 194
f 249 399 395
f 249 401 399
f 249 405 401
f 397 401 403
f 401 405 403
f 249 620 405
f 249 626 620
f 243 642 244
f 244 642 249
f 243 250 642
f 202 407 361
f 204 409 407
f 206 411 409
f 354 1027 412
f 354 356 1042
f 356 358 1040
f 358 361 1039
f 361 407 1037
f 407 409 1034
f 409 411 1033
f 42 435 434
f 42 436 435
f 38 428 436
f 422 424 426
f 426 424 430
f 436 428 432
f 435 436 437
f 436 438 437
f 438 439 442
f 439 440 443
f 440 441 444
f 441 539 445
f 437 438 442
f 439 443 442
f 440 444 443
f 441 445 444
f 539 540 544
f 540 541 545
f 445 539 544
f 540 545 544
f 541 546 545
f 541 542 546
f 542 543 547
f 542 547 546
f 543 548 547
f 543 549 551
f 543 551 548
f 549 550 552
f 549 552 551
f 550 555 552
f 550 553 555
f 553 554 556
f 553 556 555
f 554 558 557
f 554 557 556
f 558 559 560
f 557 558 560
f 559 563 560
f 559 561 565
f 559 565 563
f 561 566 565
f 561 562 566
f 562 564 591
f 562 591 566
f 564 567 592
f 564 592 591
f 567 593 592
f 567 597 593
f 567 594 597
f 594 595 599
f 594 599 597
f 595 596 602
f 595 600 599
f 595 602 600
f 596 598 607
f 596 605 602
f 596 607 605
f 598 608 607
f 598 611 608
f 598 613 611
f 598 614 613
f 436 643 438
f 438 644 439
f 439 645 440
f 440 646 441
f 436 432 641
f 441 740 539
f 539 741 540
f 540 742 541
f 541 743 542
f 542 744 543
f 543 750 549
f 549 751 550
f 550 754 553
f 553 755 554
f 554 759 558
f 558 760 559
f 559 762 561
f 561 763 562
f 562 765 564
f 564 768 567
f 567 795 594
f 594 796 595
f 595 797 596
f 596 799 598
f 598 802 601
f 601 804 603
f 603 805 604
f 604 807 606
f 606 810 609
f 609 811 610
f 612 615 617
f 598 601 1285
f 601 603 1283
f 603 604 1281
f 604 606 1278
f 606 609 1232
f 609 610 1230
f 610 612 1228
f 598 1285 614
f 612 617 1228
f 614 1285 616
f 610 813 612
f 612 816 615
f 615 818 617
f 192 618 622
f 622 624 200
f 641 424 200
f 641 430 424
f 641 432 430
f 618 620 622
f 620 626 622
f 249 641 626
f 249 642 641
f 641 200 624
f 641 628 626
f 641 624 628
f 436 641 643
f 438 643 644
f 439 644 645
f 440 645 646
f 441 646 740
f 539 740 741
f 540 741 742
f 541 742 743
f 542 743 744
f 543 744 750
f 549 750 751
f 550 751 754
f 553 754 755
f 554 755 759
f 558 759 760
f 559 760 762
f 561 762 763
f 562 763 765
f 564 765 768
f 567 768 795
f 594 795 796
f 595 796 797
f 596 797 799
f 598 799 802
f 601 802 804
f 603 804 805
f 604 805 807
f 606 807 810
f 609 810 811
f 610 811 813
f 641 647 643
f 643 648 644
f 644 649 645
f 645 650 646
f 641 642 647
f 643 647 648
f 644 648 649
f 645 649 650
f 646 650 745
f 646 745 740
f 740 746 741
f 740 745 746
f 741 746 747
f 741 747 742
f 742 748 743
f 742 747 748
f 743 749 744
f 743 748 749
f 744 753 750
f 744 749 752
f 744 752 753
f 750 756 751
f 750 753 756
f 751 757 754
f 751 756 757
f 754 758 755
f 754 757 758
f 755 758 761
f 755 761 759
f 759 764 760
f 759 761 764
f 760 767 762
f 760 764 766
f 760 766 767
f 762 792 763
f 762 767 792
f 763 793 765
f 763 792 793
f 765 794 768
f 765 793 794
f 768 794 798
f 768 800 795
f 768 798 800
f 795 801 796
f 795 800 801
f 796 806 797
f 796 801 803
f 796 803 806
f 797 809 799
f 797 806 808
f 797 808 809
f 799 809 812
f 799 812 814
f 799 814 815
f 612 813 816
f 615 816 818
f 617 818 1433
f 813 818 816
f 799 1490 802
f 802 1488 804
f 804 1486 805
f 805 1483 807
f 807 1437 810
f 810 1435 811
f 811 1433 813
f 799 815 1490
f 813 1433 818
f 815 817 1490
f 824 819 820
f 823 821 819
f 824 826 819
f 823 819 828
f 828 819 830
f 830 819 831
f 831 819 834
f 834 819 836
f 826 842 819
f 836 819 837
f 837 819 839
f 823 828 825
f 839 819 842
f 411 821 823
f 823 825 1026
f 825 828 1028
f 828 830 1031
f 826 827 842
f 827 829 842
f 829 832 842
f 832 833 842
f 833 835 844
f 835 838 844
f 833 844 842
f 838 840 845
f 840 841 845
f 838 845 844
f 841 843 846
f 841 846 845
f 843 873 846
f 843 847 873
f 847 848 873
f 848 849 876
f 848 876 873
f 849 874 878
f 849 878 876
f 874 879 878
f 874 875 879
f 875 877 881
f 875 881 879
f 877 880 881
f 880 883 882
f 880 882 881
f 883 884 886
f 882 883 886
f 884 885 887
f 884 887 886
f 885 890 887
f 885 888 890
f 888 889 891
f 888 891 890
f 889 892 897
f 889 897 891
f 892 893 897
f 893 894 898
f 893 898 897
f 894 899 898
f 894 895 899
f 895 896 900
f 896 993 901
f 895 900 899
f 896 901 900
f 993 994 997
f 994 995 998
f 995 996 999
f 996 1001 1000
f 901 993 997
f 994 998 997
f 995 999 998
f 996 1000 999
f 1000 1001 1002
f 1001 1003 1002
f 830 831 1033
f 831 834 1034
f 834 836 1037
f 836 837 1039
f 837 839 1040
f 839 842 1042
f 842 844 1045
f 844 845 1047
f 845 846 1048
f 846 873 1049
f 873 876 1076
f 876 878 1079
f 878 879 1081
f 879 881 1082
f 881 882 1084
f 882 886 1085
f 886 887 1089
f 887 890 1090
f 890 891 1093
f 891 897 1094
f 897 898 1100
f 898 899 1101
f 899 900 1102
f 900 901 1103
f 901 997 1104
f 997 998 1198
f 998 999 1199
f 999 1000 1200
f 1000 1002 1201
f 1002 1019 1203
f 1002 1003 1390
f 1003 1004 1390
f 1002 1394 1015
f 1002 1015 1019
f 1017 1025 1021
f 1017 1023 1025
f 411 823 1026
f 825 1028 1026
f 828 1031 1028
f 354 1029 1027
f 411 1026 1031
f 354 1045 1029
f 411 1031 1033
f 409 1033 1034
f 407 1034 1037
f 361 1037 1039
f 358 1039 1040
f 356 1040 1042
f 354 1042 1045
f 1026 1028 1031
f 830 1033 1031
f 831 1034 1033
f 834 1037 1034
f 836 1039 1037
f 837 1040 1039
f 839 1042 1040
f 842 1045 1042
f 844 1047 1045
f 845 1048 1047
f 846 1049 1048
f 873 1076 1049
f 876 1079 1076
f 878 1081 1079
f 879 1082 1081
f 881 1084 1082
f 882 1085 1084
f 886 1089 1085
f 887 1090 1089
f 890 1093 1090
f 891 1094 1093
f 897 1100 1094
f 898 1101 1100
f 899 1102 1101
f 900 1103 1102
f 901 1104 1103
f 997 1198 1104
f 998 1199 1198
f 999 1200 1199
f 1000 1201 1200
f 1002 1203 1201
f 1029 1045 1030
f 1030 1045 1032
f 1032 1045 1035
f 1035 1047 1036
f 1036 1047 1038
f 1035 1045 1047
f 1038 1048 1041
f 1041 1048 1043
f 1038 1047 1048
f 1043 1049 1044
f 1043 1048 1049
f 1044 1076 1046
f 1044 1049 1076
f 1046 1076 1050
f 1050 1079 1051
f 1050 1076 1079
f 1051 1081 1052
f 1051 1079 1081
f 1052 1082 1077
f 1052 1081 1082
f 1077 1084 1078
f 1078 1084 1080
f 1077 1082 1084
f 1080 1085 1083
f 1080 1084 1085
f 1083 1085 1089
f 1083 1089 1086
f 1086 1090 1087
f 1086 1089 1090
f 1087 1093 1088
f 1087 1090 1093
f 1088 1094 1091
f 1088 1093 1094
f 1091 1100 1092
f 1092 1100 1095
f 1091 1094 1100
f 1095 1101 1096
f 1095 1100 1101
f 1096 1102 1097
f 1096 1101 1102
f 1097 1102 1103
f 1097 1103 1098
f 1098 1104 1099
f 1098 1103 1104
f 1099 1104 1198
f 1099 1198 1194
f 1194 1199 1195
f 1195 1200 1196
f 1196 1201 1197
f 1197 1203 1202
f 1194 1198 1199
f 1195 1199 1200
f 1196 1200 1201
f 1197 1201 1203
f 1203 1019 1021
f 1203 1021 1025
f 1203 1025 1245
f 1247 1224 1218
f 1218 1216 1245
f 1203 1245 1216
f 1203 1216 1220
f 1203 1220 1222
f 1218 1226 1222
f 1218 1224 1226
f 1202 1203 1595
f 1203 1222 1595
f 610 1228 1230
f 609 1230 1232
f 606 1232 1278
f 604 1278 1281
f 603 1281 1283
f 601 1283 1285
f 616 1289 1227
f 616 1285 1286
f 616 1286 1289
f 617 1433 1228
f 1228 1435 1230
f 1230 1437 1232
f 1004 1389 1390
f 1002 1390 1394
f 1394 1017 1015
f 1394 1023 1017
f 1394 1243 1023
f 1247 1245 1243
f 1394 1247 1243
f 1394 1249 1247
f 1394 1253 1249
f 1227 1289 1229
f 1229 1289 1231
f 1231 1289 1277
f 1277 1291 1279
f 1279 1291 1280
f 1280 1295 1282
f 1277 1289 1291
f 1282 1295 1284
f 1280 1291 1295
f 1284 1296 1287
f 1287 1297 1288
f 1284 1295 1296
f 1290 1410 1292
f 1292 1409 1293
f 1288 1297 1290
f 1287 1296 1297
f 1290 1297 1410
f 1391 1393 1392
f 1390 1392 1394
f 1392 1393 1394
f 1393 1395 1400
f 1395 1396 1400
f 1396 1397 1400
f 1397 1398 1401
f 1398 1418 1402
f 1393 1399 1394
f 1393 1400 1399
f 1397 1401 1400
f 1398 1402 1401
f 1403 1411 1423
f 1403 1424 1404
f 1293 1412 1294
f 1292 1410 1409
f 1294 1412 1407
f 1293 1409 1412
f 1406 1407 1413
f 1406 1414 1408
f 1407 1412 1413
f 1406 1413 1414
f 1408 1415 1411
f 1408 1414 1415
f 1411 1415 1423
f 1417 1420 1427
f 1416 1428 1420
f 1416 1431 1428
f 1405 1426 1422
f 1421 1422 1425
f 1404 1426 1405
f 1403 1423 1424
f 1404 1424 1426
f 1416 1421 1431
f 1422 1426 1425
f 1421 1425 1431
f 1418 1419 1429
f 1417 1430 1419
f 1419 1430 1429
f 1420 1428 1427
f 1417 1427 1430
f 1402 1418 1429
f 1232 1483 1278
f 1278 1486 1281
f 1281 1488 1283
f 1283 1490 1285
f 1285 1491 1286
f 1286 1494 1289
f 1289 1496 1291
f 1291 1500 1295
f 1295 1501 1296
f 1296 1502 1297
f 1394 1399 1595
f 1399 1400 1600
f 1400 1401 1601
f 1401 1402 1602
f 1394 1595 1253
f 1409 1410 1610
f 1409 1613 1412
f 1297 1611 1410
f 1412 1614 1413
f 1413 1615 1414
f 1414 1616 1415
f 1423 1625 1424
f 1425 1426 1626
f 1424 1627 1426
f 1428 1431 1629
f 1427 1428 1628
f 1429 1430 1630
f 1427 1631 1430
f 1402 1429 1603
f 1425 1632 1431
f 1415 1624 1423
f 1228 1433 1435
f 1230 1435 1437
f 1232 1437 1483
f 811 1435 1433
f 810 1437 1435
f 807 1483 1437
f 805 1486 1483
f 804 1488 1486
f 802 1490 1488
f 817 1432 1490
f 1247 1218 1245
f 1247 1251 1224
f 1251 1253 1443
f 1224 1251 1439
f 1439 1251 1443
f 1253 1445 1443
f 1439 1447 1441
f 1439 1443 1447
f 1595 1222 1226
f 1595 1226 1441
f 1202 1601 1594
f 1202 1595 1600
f 1202 1600 1601
f 1595 1445 1253
f 1595 1441 1447
f 1595 1447 1449
f 1595 1449 1445
f 1278 1483 1486
f 1281 1486 1488
f 1283 1488 1490
f 1285 1490 1491
f 1286 1491 1494
f 1291 1496 1500
f 1289 1494 1496
f 1295 1500 1501
f 1296 1501 1502
f 1399 1600 1595
f 1400 1601 1600
f 1401 1602 1601
f 1402 1603 1602
f 1410 1611 1610
f 1409 1610 1613
f 1297 1502 1611
f 1413 1614 1615
f 1412 1613 1614
f 1414 1615 1616
f 1423 1624 1625
f 1426 1627 1626
f 1425 1626 1632
f 1424 1625 1627
f 1428 1629 1628
f 1430 1631 1630
f 1429 1630 1603
f 1427 1628 1631
f 1431 1632 1629
f 1415 1616 1624
f 1432 1434 1494
f 1434 1436 1494
f 1436 1482 1494
f 1432 1491 1490
f 1484 1485 1496
f 1482 1484 1494
f 1432 1494 1491
f 1485 1487 1496
f 1484 1496 1494
f 1487 1489 1500
f 1489 1492 1500
f 1487 1500 1496
f 1492 1493 1501
f 1492 1501 1500
f 1497 1498 1611
f 1493 1495 1502
f 1495 1497 1502
f 1493 1502 1501
f 1497 1611 1502
f 1594 1601 1596
f 1596 1601 1597
f 1597 1602 1598
f 1598 1603 1599
f 1598 1602 1603
f 1597 1601 1602
f 1599 1603 1630
f 1604 1605 1624
f 1605 1606 1625
f 1604 1624 1616
f 1498 1499 1610
f 1498 1610 1611
f 1499 1608 1613
f 1607 1609 1614
f 1607 1613 1608
f 1499 1613 1610
f 1607 1614 1613
f 1609 1612 1615
f 1604 1616 1612
f 1609 1615 1614
f 1612 1616 1615
f 1617 1621 1632
f 1618 1629 1621
f 1606 1623 1627
f 1622 1627 1623
f 1605 1625 1624
f 1606 1627 1625
f 1617 1626 1622
f 1622 1626 1627
f 1617 1632 1626
f 1599 1630 1619
f 1619 1631 1620
f 1618 1620 1628
f 1619 1630 1631
f 1620 1631 1628
f 1618 1628 1629
f 1621 1629 1632
f 10 11 222
f 12 223 16
f 12 15 226
f 13 224 15
f 13 14 225
f 11 16 227
f 21 232 24
f 24 235 26
f 25 236 140
f 25 26 237
f 27 238 28
f 10 221 27
f 28 239 29
f 21 29 240
f 14 34 245
f 34 35 246
f 35 36 247
f 36 37 248
f 37 39 250
f 39 41 251
f 140 345 141
f 141 346 142
f 142 347 144
f 144 349 146
f 146 351 147
f 147 352 150
f 150 355 152
f 152 357 154
f 154 359 155
f 157 362 203
f 155 360 157
f 43 193 191
f 43 191 252
f 43 199 193
f 43 423 199
f 43 427 423
f 193 201 197
f 199 201 193
f 207 211 209
f 203 408 205
f 205 410 207
f 207 412 211
f 412 822 211
f 11 227 222
f 10 222 221
f 12 226 223
f 15 224 226
f 13 225 224
f 16 223 227
f 24 232 235
f 26 235 237
f 25 237 236
f 28 238 239
f 27 221 238
f 29 239 240
f 21 240 232
f 34 246 245
f 35 247 246
f 36 248 247
f 37 250 248
f 39 251 250
f 14 245 225
f 140 236 345
f 141 345 346
f 142 346 347
f 146 349 351
f 147 351 352
f 144 347 349
f 150 352 355
f 152 355 357
f 154 357 359
f 155 359 360
f 157 360 362
f 250 251 252
f 252 191 195
f 252 195 396
f 195 197 396
f 197 201 404
f 201 425 404
f 197 398 396
f 197 404 398
f 252 396 400
f 252 400 402
f 398 406 402
f 398 404 406
f 252 402 406
f 252 406 621
f 250 252 639
f 252 621 627
f 252 627 629
f 203 362 408
f 205 408 410
f 207 410 412
f 43 434 427
f 423 427 431
f 434 429 427
f 434 433 429
f 434 639 433
f 435 437 642
f 437 442 647
f 442 443 648
f 443 444 649
f 444 445 650
f 445 544 745
f 544 545 746
f 545 546 747
f 546 547 748
f 547 548 749
f 548 551 752
f 551 552 753
f 552 555 756
f 555 556 757
f 556 557 758
f 557 560 761
f 560 563 764
f 563 565 766
f 565 566 767
f 566 591 792
f 591 592 793
f 592 593 794
f 593 597 798
f 597 599 800
f 599 600 801
f 600 602 803
f 602 605 806
f 605 607 808
f 607 608 809
f 608 611 812
f 611 613 814
f 613 614 815
f 614 616 817
f 639 425 423
f 639 423 431
f 425 619 404
f 425 623 619
f 425 625 623
f 639 431 433
f 639 625 425
f 619 627 621
f 619 623 627
f 252 629 639
f 250 639 640
f 250 640 642
f 639 629 625
f 435 642 640
f 437 647 642
f 442 648 647
f 443 649 648
f 444 650 649
f 445 745 650
f 544 746 745
f 545 747 746
f 546 748 747
f 547 749 748
f 548 752 749
f 551 753 752
f 552 756 753
f 555 757 756
f 556 758 757
f 557 761 758
f 560 764 761
f 563 766 764
f 565 767 766
f 566 792 767
f 591 793 792
f 592 794 793
f 593 798 794
f 597 800 798
f 599 801 800
f 600 803 801
f 602 806 803
f 605 808 806
f 607 809 808
f 608 812 809
f 611 814 812
f 613 815 814
f 614 817 815
f 616 1432 817
f 824 820 822
f 412 824 822
f 824 1027 826
f 826 1029 827
f 827 1030 829
f 829 1032 832
f 832 1035 833
f 833 1036 835
f 835 1038 838
f 838 1041 840
f 840 1043 841
f 841 1044 843
f 843 1046 847
f 847 1050 848
f 848 1051 849
f 849 1052 874
f 874 1077 875
f 875 1078 877
f 877 1080 880
f 880 1083 883
f 883 1086 884
f 884 1087 885
f 885 1088 888
f 888 1091 889
f 889 1092 892
f 892 1095 893
f 893 1096 894
f 894 1097 895
f 895 1098 896
f 896 1099 993
f 993 1194 994
f 994 1195 995
f 995 1196 996
f 996 1197 1001
f 1001 1202 1003
f 1004 1016 1389
f 1004 1018 1014
f 1004 1014 1016
f 1004 1205 1018
f 1022 1016 1020
f 412 1027 824
f 826 1027 1029
f 827 1029 1030
f 829 1030 1032
f 832 1032 1035
f 833 1035 1036
f 835 1036 1038
f 838 1038 1041
f 840 1041 1043
f 841 1043 1044
f 843 1044 1046
f 847 1046 1050
f 848 1050 1051
f 849 1051 1052
f 874 1052 1077
f 875 1077 1078
f 877 1078 1080
f 880 1080 1083
f 883 1083 1086
f 884 1086 1087
f 885 1087 1088
f 888 1088 1091
f 889 1091 1092
f 892 1092 1095
f 893 1095 1096
f 894 1096 1097
f 895 1097 1098
f 896 1098 1099
f 993 1099 1194
f 994 1194 1195
f 995 1195 1196
f 996 1196 1197
f 1001 1197 1202
f 1003 1202 1204
f 1205 1020 1018
f 1205 1215 1024
f 1205 1022 1020
f 1205 1024 1022
f 1024 1215 1217
f 1024 1217 1223
f 1024 1223 1438
f 1205 1219 1215
f 1217 1221 1223
f 1221 1225 1223
f 1202 1594 1204
f 1204 1594 1205
f 1205 1592 1219
f 616 1227 1432
f 1227 1229 1434
f 1229 1231 1436
f 1389 1016 1022
f 1389 1022 1242
f 1389 1242 1246
f 1242 1244 1246
f 1246 1244 1250
f 1389 1246 1248
f 1389 1248 1592
f 1277 1279 1484
f 1231 1277 1482
f 1279 1280 1485
f 1280 1282 1487
f 1282 1284 1489
f 1284 1287 1492
f 1287 1288 1493
f 1288 1290 1495
f 1290 1292 1497
f 1292 1293 1498
f 1293 1294 1499
f 1391 1593 1393
f 1393 1594 1395
f 1395 1596 1396
f 1396 1597 1397
f 1397 1598 1398
f 1398 1599 1418
f 1403 1604 1411
f 1403 1404 1605
f 1405 1422 1623
f 1404 1405 1606
f 1406 1607 1407
f 1294 1407 1608
f 1406 1408 1609
f 1408 1411 1612
f 1416 1617 1421
f 1418 1619 1419
f 1417 1419 1620
f 1417 1618 1420
f 1416 1420 1621
f 1421 1622 1422
f 1227 1434 1432
f 1229 1436 1434
f 1231 1482 1436
f 1024 1438 1244
f 1244 1438 1250
f 1250 1444 1252
f 1438 1442 1250
f 1442 1444 1250
f 1592 1248 1252
f 1592 1252 1444
f 1438 1440 1442
f 1440 1446 1442
f 1592 1221 1219
f 1592 1225 1221
f 1592 1440 1225
f 1592 1446 1440
f 1205 1594 1592
f 1592 1444 1448
f 1592 1448 1446
f 1277 1484 1482
f 1279 1485 1484
f 1280 1487 1485
f 1282 1489 1487
f 1284 1492 1489
f 1290 1497 1495
f 1287 1493 1492
f 1288 1495 1493
f 1292 1498 1497
f 1293 1499 1498
f 1294 1608 1499
f 1418 1599 1619
f 1393 1593 1594
f 1395 1594 1596
f 1396 1596 1597
f 1397 1597 1598
f 1398 1598 1599
f 1411 1604 1612
f 1403 1605 1604
f 1405 1623 1606
f 1404 1606 1605
f 1407 1607 1608
f 1406 1609 1607
f 1408 1612 1609
f 1416 1621 1617
f 1419 1619 1620
f 1417 1620 1618
f 1420 1618 1621
f 1422 1622 1623
f 1421 1617 1622
f 1592 1594 1593
f 44 45 46
f 44 46 63
f 44 63 47
f 47 63 48
f 49 63 52
f 48 63 49
f 50 52 63
f 50 63 51
f 53 55 54
f 54 55 56
f 54 56 57
f 54 57 58
f 54 58 59
f 54 59 60
f 54 60 181
f 54 181 182
f 54 182 99
f 51 63 61
f 61 63 62
f 62 63 76
f 62 76 87
f 62 90 64
f 62 87 88
f 62 88 89
f 62 89 90
f 64 92 65
f 64 90 91
f 64 91 92
f 65 92 106
f 65 106 66
f 66 106 107
f 66 107 108
f 66 108 109
f 66 109 67
f 67 109 110
f 67 110 111
f 67 111 112
f 67 113 68
f 68 119 69
f 63 75 73
f 63 73 76
f 63 74 75
f 99 97 96
f 99 98 97
f 183 100 98
f 99 183 98
f 99 182 183
f 183 101 100
f 184 102 101
f 184 103 102
f 183 184 101
f 184 104 103
f 185 105 104
f 184 185 104
f 67 112 113
f 68 113 114
f 68 114 115
f 68 115 116
f 68 118 119
f 68 116 118
f 69 119 120
f 69 120 121
f 69 121 122
f 69 122 189
f 188 132 131
f 186 127 105
f 186 128 127
f 187 129 128
f 185 186 105
f 186 187 128
f 187 130 129
f 187 131 130
f 187 188 131
f 188 134 132
f 188 133 134
f 188 136 133
f 189 135 136
f 189 123 124
f 189 122 123
f 69 189 164
f 189 125 117
f 189 117 135
f 189 124 126
f 189 126 125
f 188 189 136
f 69 164 158
f 158 165 159
f 159 167 160
f 160 166 161
f 161 168 162
f 162 168 180
f 158 164 165
f 159 165 167
f 160 167 166
f 161 166 168
f 162 180 163
f 163 176 169
f 163 180 176
f 169 176 179
f 169 179 170
f 170 178 171
f 171 177 172
f 172 175 173
f 173 175 174
f 170 179 178
f 171 178 177
f 172 177 175
f 44 253 45
f 44 47 253
f 48 49 256
f 47 48 255
f 49 52 257
f 50 51 258
f 50 260 52
f 53 263 55
f 55 265 56
f 56 266 57
f 57 267 58
f 58 268 59
f 59 269 60
f 51 61 259
f 61 62 270
f 62 64 271
f 64 65 272
f 65 66 273
f 66 67 274
f 67 68 275
f 68 69 276
f 69 158 277
f 158 159 363
f 159 160 364
f 160 161 365
f 161 162 366
f 162 163 367
f 163 169 368
f 164 370 165
f 165 372 167
f 166 167 371
f 166 373 168
f 169 170 374
f 170 171 375
f 171 172 376
f 172 173 377
f 173 174 378
f 174 175 379
f 175 177 380
f 176 180 381
f 178 179 383
f 177 178 382
f 176 384 179
f 168 385 180
f 60 386 181
f 181 387 182
f 182 388 183
f 183 389 184
f 184 390 185
f 185 391 186
f 186 392 187
f 187 393 188
f 188 394 189
f 164 189 369
f 45 253 254
f 47 255 253
f 49 257 256
f 48 256 255
f 52 260 257
f 50 258 260
f 51 259 258
f 55 263 264
f 55 264 265
f 56 265 266
f 57 266 267
f 58 267 268
f 59 268 269
f 61 270 259
f 62 271 270
f 64 272 271
f 65 273 272
f 66 274 273
f 67 275 274
f 68 276 275
f 69 277 276
f 158 363 277
f 159 364 363
f 160 365 364
f 161 366 365
f 162 367 366
f 163 368 367
f 164 369 370
f 165 370 372
f 167 372 371
f 166 371 373
f 168 373 385
f 169 374 368
f 170 375 374
f 171 376 375
f 172 377 376
f 173 378 377
f 174 379 378
f 175 380 379
f 177 382 380
f 180 385 381
f 176 381 384
f 179 384 383
f 178 383 382
f 253 262 254
f 253 255 265
f 261 262 263
f 253 264 262
f 253 265 264
f 262 264 263
f 255 256 266
f 256 257 267
f 257 260 268
f 258 269 260
f 258 259 386
f 259 288 386
f 255 266 265
f 256 267 266
f 257 268 267
f 260 269 268
f 258 386 269
f 259 270 278
f 270 271 283
f 271 294 283
f 271 272 296
f 271 295 294
f 271 296 295
f 272 297 296
f 272 273 298
f 272 298 297
f 273 299 298
f 273 274 299
f 274 311 299
f 274 312 311
f 274 313 312
f 274 275 313
f 275 314 313
f 275 315 314
f 275 316 315
f 275 317 316
f 275 276 317
f 276 277 323
f 259 278 279
f 259 284 285
f 259 279 284
f 259 285 287
f 259 287 286
f 270 282 280
f 270 280 278
f 259 286 288
f 270 281 282
f 270 283 281
f 386 289 290
f 386 288 289
f 386 291 292
f 386 290 291
f 387 292 293
f 387 293 300
f 387 300 301
f 387 301 302
f 387 302 303
f 388 303 304
f 388 304 305
f 386 292 387
f 387 303 388
f 388 305 306
f 388 306 307
f 389 307 308
f 388 307 389
f 389 308 309
f 389 309 310
f 390 310 332
f 389 310 390
f 276 318 317
f 276 319 318
f 276 320 319
f 276 321 320
f 276 323 321
f 277 324 323
f 277 325 324
f 277 326 325
f 277 327 326
f 277 394 327
f 392 336 337
f 391 332 333
f 391 333 334
f 390 332 391
f 392 334 335
f 392 335 336
f 391 334 392
f 393 337 339
f 393 339 338
f 393 341 340
f 393 338 341
f 394 329 328
f 394 328 327
f 277 369 394
f 394 322 330
f 394 340 322
f 394 331 329
f 394 330 331
f 392 337 393
f 393 340 394
f 277 363 369
f 363 364 370
f 364 365 372
f 365 366 371
f 366 367 373
f 367 385 373
f 363 370 369
f 364 372 370
f 365 371 372
f 366 373 371
f 367 368 385
f 368 374 381
f 368 381 385
f 374 384 381
f 374 375 384
f 375 376 383
f 376 377 382
f 377 378 380
f 378 379 380
f 375 383 384
f 376 382 383
f 377 380 382
f 60 269 386
f 181 386 387
f 182 387 388
f 183 388 389
f 184 389 390
f 185 390 391
f 186 391 392
f 187 392 393
f 188 393 394
f 189 394 369
f 40 42 43
f 40 43 53
f 40 99 41
f 40 53 54
f 41 99 45
f 40 54 99
f 45 99 46
f 46 81 79
f 46 77 71
f 46 78 77
f 46 70 72
f 46 71 70
f 46 80 78
f 46 79 80
f 46 74 63
f 46 72 74
f 46 82 81
f 46 83 82
f 46 85 84
f 46 84 83
f 46 86 85
f 46 93 86
f 46 94 93
f 46 99 94
f 99 95 94
f 99 96 95
f 41 45 251
f 43 263 53
f 45 254 251
f 43 252 263
f 251 263 252
f 251 254 262
f 251 262 261
f 251 261 263
f 413 659 453
f 413 414 630
f 414 415 631
f 415 416 632
f 416 417 633
f 417 418 634
f 418 419 635
f 419 420 636
f 420 421 637
f 421 568 638
f 446 448 449
f 446 463 447
f 447 463 450
f 446 449 463
f 450 463 451
f 451 463 452
f 452 463 453
f 413 453 463
f 454 456 455
f 454 457 456
f 456 457 458
f 456 458 459
f 456 459 460
f 456 460 461
f 456 461 462
f 456 462 531
f 456 531 530
f 413 463 414
f 414 463 415
f 415 463 469
f 463 466 469
f 415 469 470
f 463 467 468
f 463 468 466
f 415 473 416
f 415 470 471
f 415 471 472
f 415 472 473
f 416 475 417
f 416 473 474
f 416 474 475
f 417 475 499
f 530 491 490
f 530 492 491
f 417 499 418
f 418 499 500
f 418 500 501
f 418 501 502
f 418 502 419
f 419 502 503
f 419 503 504
f 419 504 505
f 419 506 420
f 420 517 421
f 419 505 506
f 420 507 508
f 420 506 507
f 420 515 516
f 420 508 515
f 420 516 517
f 421 517 518
f 421 518 519
f 421 519 520
f 421 520 538
f 537 526 514
f 537 525 526
f 537 528 525
f 538 527 528
f 538 520 521
f 421 538 586
f 538 524 529
f 538 522 523
f 538 521 522
f 538 523 524
f 538 529 527
f 530 532 492
f 532 493 492
f 530 531 532
f 532 494 493
f 533 495 494
f 533 496 495
f 532 533 494
f 533 497 496
f 534 498 497
f 533 534 497
f 535 510 498
f 535 511 510
f 536 509 511
f 534 535 498
f 535 536 511
f 536 512 509
f 536 513 512
f 537 514 513
f 536 537 513
f 537 538 528
f 421 586 568
f 568 585 569
f 569 587 570
f 570 588 571
f 571 589 572
f 568 586 585
f 569 585 587
f 570 587 588
f 571 588 589
f 572 589 590
f 572 590 573
f 573 581 574
f 573 590 581
f 574 581 584
f 574 584 575
f 575 583 576
f 576 582 577
f 577 580 578
f 575 584 583
f 576 583 582
f 578 580 579
f 577 582 580
f 446 651 448
f 446 447 651
f 450 451 656
f 447 450 652
f 451 452 657
f 452 453 658
f 454 455 661
f 454 662 457
f 457 663 458
f 458 664 459
f 459 665 460
f 460 666 461
f 461 667 462
f 462 732 531
f 531 733 532
f 532 734 533
f 533 735 534
f 534 736 535
f 535 737 536
f 536 738 537
f 537 739 538
f 568 569 769
f 569 570 770
f 570 571 771
f 571 572 772
f 572 573 773
f 573 574 774
f 574 575 775
f 575 576 776
f 576 577 777
f 577 578 778
f 578 579 779
f 579 580 780
f 580 582 781
f 581 590 782
f 583 584 784
f 582 583 783
f 581 785 584
f 585 586 786
f 585 788 587
f 538 787 586
f 587 789 588
f 588 790 589
f 589 791 590
f 413 630 659
f 414 631 630
f 415 632 631
f 416 633 632
f 417 634 633
f 418 635 634
f 419 636 635
f 420 637 636
f 421 638 637
f 568 769 638
f 447 652 651
f 448 651 654
f 451 657 656
f 450 656 652
f 452 658 657
f 453 659 658
f 454 661 660
f 454 660 662
f 457 662 663
f 458 663 664
f 459 664 665
f 460 665 666
f 461 666 667
f 462 667 732
f 531 732 733
f 532 733 734
f 533 734 735
f 534 735 736
f 535 736 737
f 536 737 738
f 537 738 739
f 538 739 787
f 569 770 769
f 570 771 770
f 571 772 771
f 572 773 772
f 573 774 773
f 574 775 774
f 575 776 775
f 576 777 776
f 577 778 777
f 578 779 778
f 579 780 779
f 580 781 780
f 582 783 781
f 581 782 785
f 583 784 783
f 584 785 784
f 585 786 788
f 586 787 786
f 587 788 789
f 588 789 790
f 589 790 791
f 590 791 782
f 651 653 654
f 653 661 655
f 651 660 653
f 651 652 662
f 651 662 660
f 653 660 661
f 652 656 663
f 656 657 664
f 657 658 665
f 658 659 666
f 630 667 659
f 652 663 662
f 656 664 663
f 657 665 664
f 630 684 667
f 658 666 665
f 659 667 666
f 630 631 668
f 631 632 672
f 630 683 679
f 630 680 681
f 630 679 680
f 630 668 683
f 631 671 669
f 631 669 668
f 630 681 682
f 630 682 684
f 631 670 671
f 631 672 670
f 632 673 672
f 632 633 675
f 632 674 673
f 632 675 674
f 633 676 675
f 633 634 677
f 633 677 676
f 634 678 677
f 667 684 685
f 667 686 687
f 667 685 686
f 667 687 688
f 732 688 689
f 732 689 690
f 732 690 691
f 732 691 692
f 732 692 693
f 634 635 678
f 635 701 678
f 635 702 701
f 635 703 702
f 635 636 703
f 636 704 703
f 636 705 704
f 636 706 705
f 636 707 706
f 636 637 707
f 637 638 718
f 637 708 707
f 637 709 708
f 637 710 709
f 637 718 717
f 637 717 710
f 638 719 718
f 638 720 719
f 638 721 720
f 638 722 721
f 638 739 722
f 738 716 728
f 738 728 727
f 738 730 729
f 738 727 730
f 739 723 722
f 638 787 739
f 739 731 726
f 739 724 723
f 739 725 724
f 739 726 725
f 739 729 731
f 667 688 732
f 733 693 694
f 733 694 695
f 732 693 733
f 733 695 696
f 733 696 697
f 734 697 698
f 733 697 734
f 734 698 699
f 734 699 700
f 735 700 712
f 734 700 735
f 736 712 713
f 736 713 711
f 735 712 736
f 737 711 714
f 737 714 715
f 737 715 716
f 736 711 737
f 737 716 738
f 738 729 739
f 638 769 787
f 769 770 786
f 770 771 788
f 771 772 789
f 772 773 790
f 769 786 787
f 770 788 786
f 771 789 788
f 772 790 789
f 773 791 790
f 773 774 791
f 774 775 782
f 774 782 791
f 775 785 782
f 775 776 785
f 776 777 784
f 777 778 783
f 778 779 781
f 776 784 785
f 777 783 784
f 779 780 781
f 778 781 783
f 434 435 455
f 434 455 456
f 434 530 448
f 434 456 530
f 449 476 480
f 449 464 465
f 449 480 464
f 449 477 476
f 449 478 477
f 449 479 478
f 449 467 463
f 449 465 467
f 448 530 449
f 449 481 479
f 449 482 481
f 449 483 482
f 449 484 483
f 449 486 485
f 449 485 484
f 449 488 487
f 449 487 486
f 449 530 488
f 530 489 488
f 530 490 489
f 434 448 639
f 435 661 455
f 448 654 639
f 435 640 661
f 639 661 640
f 639 654 653
f 639 653 655
f 639 655 661
f 858 860 863
f 860 861 862
f 857 858 864
f 856 857 865
f 860 862 863
f 858 863 864
f 857 864 865
f 856 865 866
f 856 866 859
f 850 859 867
f 859 866 867
f 850 867 868
f 850 868 851
f 851 869 852
f 852 870 853
f 853 871 855
f 854 855 872
f 851 868 869
f 852 869 870
f 853 870 871
f 855 871 872
f 854 872 1005
f 902 912 903
f 903 927 904
f 903 926 927
f 904 927 928
f 904 928 931
f 904 929 905
f 905 942 906
f 904 931 929
f 905 929 930
f 905 930 942
f 906 943 907
f 906 942 943
f 907 943 944
f 907 946 908
f 907 944 945
f 907 945 946
f 908 946 947
f 908 910 909
f 908 947 948
f 908 948 910
f 902 911 913
f 902 917 916
f 902 918 917
f 902 919 918
f 902 916 911
f 854 1005 902
f 902 920 919
f 902 913 912
f 903 912 915
f 903 915 914
f 903 914 926
f 902 1005 920
f 1005 922 921
f 1005 921 920
f 1005 923 922
f 1006 924 923
f 1006 925 924
f 1006 932 925
f 1006 933 932
f 1006 934 933
f 1007 935 934
f 1005 1006 923
f 1006 1007 934
f 1007 936 935
f 1007 937 936
f 1007 938 937
f 1007 1008 938
f 1008 939 938
f 1008 940 939
f 1008 941 940
f 1008 1009 941
f 910 948 950
f 910 950 949
f 1009 965 941
f 1010 966 965
f 1010 967 966
f 1009 1010 965
f 1011 969 968
f 1011 968 967
f 1011 970 969
f 1010 1011 967
f 977 972 973
f 977 973 974
f 1011 971 970
f 977 974 971
f 977 971 1011
f 977 1011 1012
f 977 1012 1013
f 909 910 985
f 909 985 978
f 978 985 979
f 979 985 980
f 980 985 981
f 981 985 982
f 982 985 983
f 983 985 984
f 977 1013 986
f 977 986 987
f 977 987 988
f 977 988 989
f 977 992 990
f 977 989 991
f 977 991 992
f 850 851 1053
f 851 852 1054
f 852 853 1055
f 854 902 1057
f 853 855 1056
f 854 1058 855
f 856 859 1059
f 857 1061 858
f 856 1060 857
f 850 1062 859
f 858 1063 860
f 860 1064 861
f 861 1065 862
f 862 1066 863
f 863 1067 864
f 864 1068 865
f 865 1069 866
f 866 1070 867
f 867 1071 868
f 868 1072 869
f 869 1073 870
f 870 1074 871
f 871 1075 872
f 902 903 1105
f 903 904 1106
f 904 905 1107
f 905 906 1108
f 906 907 1109
f 907 908 1110
f 908 909 1111
f 909 978 1112
f 978 979 1177
f 979 980 1178
f 980 981 1179
f 981 982 1180
f 982 983 1181
f 983 984 1182
f 984 985 1184
f 986 1186 987
f 987 1187 988
f 989 1192 991
f 988 1188 989
f 991 1193 992
f 990 992 1193
f 872 1206 1005
f 1005 1207 1006
f 1006 1208 1007
f 1007 1209 1008
f 1008 1210 1009
f 1009 1211 1010
f 1010 1212 1011
f 1011 1213 1012
f 1012 1214 1013
f 986 1013 1185
f 850 1053 1062
f 851 1054 1053
f 852 1055 1054
f 853 1056 1055
f 854 1057 1058
f 855 1058 1056
f 856 1059 1060
f 857 1060 1061
f 859 1062 1059
f 858 1061 1063
f 860 1063 1064
f 861 1064 1065
f 862 1065 1066
f 863 1066 1067
f 864 1067 1068
f 865 1068 1069
f 866 1069 1070
f 867 1070 1071
f 868 1071 1072
f 869 1072 1073
f 870 1073 1074
f 871 1074 1075
f 902 1105 1057
f 903 1106 1105
f 904 1107 1106
f 905 1108 1107
f 906 1109 1108
f 907 1110 1109
f 908 1111 1110
f 909 1112 1111
f 978 1177 1112
f 979 1178 1177
f 980 1179 1178
f 981 1180 1179
f 982 1181 1180
f 983 1182 1181
f 984 1183 1182
f 984 1184 1183
f 986 1185 1186
f 987 1186 1187
f 989 1188 1192
f 988 1187 1188
f 990 1193 1190
f 991 1192 1193
f 1061 1066 1063
f 1063 1065 1064
f 1060 1067 1061
f 1059 1068 1060
f 1063 1066 1065
f 1061 1067 1066
f 1060 1068 1067
f 1059 1069 1068
f 1059 1062 1069
f 1053 1070 1062
f 1062 1070 1069
f 1053 1071 1070
f 1053 1054 1071
f 1054 1055 1072
f 1055 1056 1073
f 1056 1058 1074
f 1057 1075 1058
f 1054 1072 1071
f 1055 1073 1072
f 1056 1074 1073
f 1058 1075 1074
f 1057 1206 1075
f 1105 1106 1115
f 1106 1107 1128
f 1107 1108 1133
f 1107 1129 1128
f 1107 1130 1129
f 1107 1133 1130
f 1108 1109 1132
f 1108 1131 1133
f 1108 1132 1131
f 1109 1110 1144
f 1109 1144 1132
f 1110 1145 1144
f 1110 1146 1145
f 1110 1111 1147
f 1110 1147 1146
f 1111 1148 1147
f 1111 1149 1148
f 1111 1112 1151
f 1111 1150 1149
f 1111 1151 1150
f 1112 1177 1156
f 1105 1115 1113
f 1105 1118 1119
f 1105 1119 1120
f 1105 1120 1121
f 1105 1113 1118
f 1057 1105 1206
f 1105 1121 1122
f 1106 1117 1114
f 1106 1114 1115
f 1106 1116 1117
f 1106 1128 1116
f 1105 1122 1206
f 1206 1123 1124
f 1206 1122 1123
f 1206 1125 1126
f 1206 1124 1125
f 1207 1126 1127
f 1207 1127 1134
f 1207 1134 1135
f 1207 1135 1136
f 1207 1136 1137
f 1206 1126 1207
f 1207 1137 1208
f 1208 1137 1138
f 1208 1138 1139
f 1208 1139 1140
f 1208 1140 1141
f 1208 1141 1209
f 1209 1141 1142
f 1209 1142 1143
f 1209 1143 1166
f 1209 1166 1210
f 1112 1152 1151
f 1112 1153 1152
f 1112 1154 1153
f 1112 1155 1154
f 1112 1156 1155
f 1177 1157 1156
f 1177 1158 1157
f 1177 1159 1158
f 1177 1160 1159
f 1210 1166 1167
f 1211 1167 1168
f 1210 1167 1211
f 1211 1168 1169
f 1212 1169 1170
f 1212 1170 1171
f 1211 1169 1212
f 1212 1171 1172
f 1213 1172 1174
f 1213 1174 1173
f 1214 1163 1162
f 1214 1162 1160
f 1213 1175 1176
f 1213 1173 1175
f 1214 1176 1161
f 1214 1164 1163
f 1214 1165 1164
f 1214 1161 1165
f 1212 1172 1213
f 1213 1176 1214
f 1177 1178 1185
f 1178 1179 1186
f 1177 1214 1160
f 1179 1180 1187
f 1180 1181 1188
f 1181 1182 1192
f 1177 1185 1214
f 1178 1186 1185
f 1179 1187 1186
f 1180 1188 1187
f 1181 1192 1188
f 1183 1184 1191
f 1182 1183 1193
f 1182 1193 1192
f 1183 1191 1193
f 1184 1189 1191
f 1190 1193 1191
f 872 1075 1206
f 1005 1206 1207
f 1006 1207 1208
f 1007 1208 1209
f 1008 1209 1210
f 1009 1210 1211
f 1010 1211 1212
f 1011 1212 1213
f 1012 1213 1214
f 1013 1214 1185
f 910 949 951
f 910 951 952
f 910 952 990
f 990 952 953
f 990 953 954
f 990 954 955
f 990 955 956
f 990 957 958
f 990 956 957
f 990 959 961
f 990 958 959
f 990 975 972
f 977 990 972
f 990 963 964
f 990 976 975
f 990 960 976
f 990 964 960
f 990 961 962
f 990 962 963
f 910 1004 985
f 910 990 1004
f 985 1004 1003
f 985 1003 1184
f 990 1205 1004
f 1003 1204 1184
f 990 1190 1205
f 1184 1205 1189
f 1189 1205 1191
f 1190 1191 1205
f 1184 1204 1205
f 1233 1475 1270
f 1233 1234 1450
f 1234 1235 1451
f 1235 1236 1452
f 1236 1237 1453
f 1237 1238 1454
f 1238 1239 1455
f 1239 1240 1456
f 1240 1241 1457
f 1241 1374 1458
f 1257 1259 1262
f 1256 1257 1263
f 1255 1256 1264
f 1259 1260 1261
f 1259 1261 1262
f 1257 1262 1263
f 1256 1263 1264
f 1255 1264 1265
f 1255 1265 1258
f 1254 1258 1271
f 1258 1265 1271
f 1254 1271 1272
f 1266 1273 1268
f 1267 1268 1274
f 1267 1275 1269
f 1269 1276 1270
f 1254 1272 1266
f 1266 1272 1273
f 1268 1273 1274
f 1267 1274 1275
f 1269 1275 1276
f 1270 1276 1365
f 1233 1298 1234
f 1233 1308 1309
f 1233 1310 1308
f 1233 1309 1317
f 1233 1317 1299
f 1233 1270 1365
f 1233 1311 1310
f 1233 1312 1311
f 1233 1299 1298
f 1234 1298 1301
f 1234 1301 1300
f 1234 1300 1302
f 1234 1303 1235
f 1235 1303 1304
f 1235 1304 1305
f 1235 1306 1236
f 1236 1329 1237
f 1235 1305 1306
f 1236 1306 1307
f 1236 1307 1329
f 1234 1302 1303
f 1233 1365 1312
f 1365 1313 1312
f 1365 1315 1314
f 1365 1314 1313
f 1366 1316 1315
f 1366 1318 1316
f 1366 1319 1318
f 1366 1320 1319
f 1366 1321 1320
f 1367 1322 1321
f 1237 1330 1238
f 1237 1329 1330
f 1238 1330 1331
f 1238 1333 1239
f 1238 1331 1332
f 1238 1332 1333
f 1239 1333 1334
f 1239 1335 1240
f 1239 1336 1335
f 1239 1334 1336
f 1335 1336 1337
f 1335 1337 1338
f 1371 1359 1360
f 1371 1361 1358
f 1371 1360 1361
f 1365 1366 1315
f 1366 1367 1321
f 1367 1323 1322
f 1367 1324 1323
f 1367 1325 1324
f 1367 1368 1325
f 1368 1326 1325
f 1368 1327 1326
f 1368 1328 1327
f 1368 1369 1328
f 1369 1342 1328
f 1370 1343 1342
f 1370 1344 1343
f 1369 1370 1342
f 1372 1346 1345
f 1372 1345 1344
f 1372 1347 1346
f 1370 1372 1344
f 1372 1358 1347
f 1371 1358 1372
f 1371 1372 1373
f 1371 1373 1382
f 1240 1335 1380
f 1240 1380 1241
f 1241 1380 1374
f 1374 1380 1375
f 1375 1380 1376
f 1376 1380 1377
f 1377 1380 1378
f 1378 1380 1379
f 1371 1382 1383
f 1371 1383 1381
f 1371 1384 1385
f 1371 1381 1384
f 1371 1385 1386
f 1371 1386 1387
f 1371 1387 1388
f 1254 1266 1459
f 1255 1258 1460
f 1256 1462 1257
f 1255 1461 1256
f 1254 1463 1258
f 1257 1464 1259
f 1259 1465 1260
f 1260 1466 1261
f 1261 1467 1262
f 1262 1468 1263
f 1263 1469 1264
f 1264 1470 1265
f 1266 1268 1471
f 1267 1473 1268
f 1267 1269 1472
f 1269 1270 1474
f 1265 1476 1271
f 1271 1477 1272
f 1272 1478 1273
f 1273 1479 1274
f 1274 1480 1275
f 1275 1481 1276
f 1276 1567 1365
f 1365 1568 1366
f 1366 1569 1367
f 1367 1570 1368
f 1368 1571 1369
f 1369 1572 1370
f 1370 1573 1372
f 1372 1574 1373
f 1373 1585 1382
f 1374 1375 1575
f 1375 1376 1576
f 1376 1377 1577
f 1377 1378 1578
f 1378 1379 1579
f 1379 1380 1581
f 1381 1383 1584
f 1382 1586 1383
f 1381 1587 1384
f 1385 1589 1386
f 1384 1588 1385
f 1386 1590 1387
f 1387 1590 1388
f 1233 1450 1475
f 1234 1451 1450
f 1235 1452 1451
f 1236 1453 1452
f 1237 1454 1453
f 1238 1455 1454
f 1239 1456 1455
f 1240 1457 1456
f 1241 1458 1457
f 1374 1575 1458
f 1256 1461 1462
f 1255 1460 1461
f 1258 1463 1460
f 1254 1459 1463
f 1257 1462 1464
f 1259 1464 1465
f 1260 1465 1466
f 1261 1466 1467
f 1262 1467 1468
f 1263 1468 1469
f 1264 1469 1470
f 1265 1470 1476
f 1266 1471 1459
f 1268 1473 1471
f 1267 1472 1473
f 1269 1474 1472
f 1270 1475 1474
f 1271 1476 1477
f 1272 1477 1478
f 1273 1478 1479
f 1274 1479 1480
f 1275 1480 1481
f 1276 1481 1567
f 1365 1567 1568
f 1366 1568 1569
f 1367 1569 1570
f 1368 1570 1571
f 1369 1571 1572
f 1370 1572 1573
f 1372 1573 1574
f 1373 1574 1585
f 1375 1576 1575
f 1376 1577 1576
f 1377 1578 1577
f 1378 1579 1578
f 1379 1580 1579
f 1379 1581 1580
f 1382 1585 1586
f 1383 1586 1584
f 1381 1584 1587
f 1385 1588 1589
f 1384 1587 1588
f 1386 1589 1590
f 1388 1590 1591
f 1462 1467 1464
f 1461 1468 1462
f 1460 1469 1461
f 1464 1466 1465
f 1464 1467 1466
f 1462 1468 1467
f 1461 1469 1468
f 1460 1470 1469
f 1460 1463 1470
f 1459 1476 1463
f 1463 1476 1470
f 1459 1477 1476
f 1471 1473 1478
f 1472 1479 1473
f 1472 1474 1480
f 1474 1475 1481
f 1459 1471 1477
f 1471 1478 1477
f 1473 1479 1478
f 1472 1480 1479
f 1474 1481 1480
f 1475 1567 1481
f 1450 1451 1504
f 1451 1452 1507
f 1450 1513 1515
f 1450 1514 1513
f 1450 1522 1514
f 1450 1504 1522
f 1450 1567 1475
f 1450 1515 1516
f 1450 1516 1517
f 1451 1506 1503
f 1451 1503 1504
f 1451 1505 1506
f 1451 1507 1505
f 1452 1453 1510
f 1452 1509 1508
f 1452 1510 1509
f 1453 1454 1512
f 1453 1511 1510
f 1453 1512 1511
f 1452 1508 1507
f 1450 1517 1567
f 1567 1517 1518
f 1567 1519 1520
f 1567 1518 1519
f 1567 1520 1521
f 1568 1521 1523
f 1568 1523 1524
f 1568 1524 1525
f 1568 1525 1526
f 1568 1526 1527
f 1454 1455 1534
f 1454 1534 1512
f 1455 1535 1534
f 1455 1536 1535
f 1455 1456 1537
f 1455 1537 1536
f 1456 1538 1537
f 1456 1539 1538
f 1456 1457 1541
f 1457 1458 1552
f 1456 1540 1539
f 1456 1541 1540
f 1457 1542 1541
f 1457 1543 1542
f 1457 1544 1543
f 1457 1552 1551
f 1457 1551 1544
f 1458 1553 1552
f 1458 1554 1553
f 1458 1555 1554
f 1458 1556 1555
f 1574 1561 1563
f 1574 1563 1562
f 1585 1558 1556
f 1574 1564 1566
f 1574 1562 1564
f 1585 1557 1558
f 1585 1559 1557
f 1585 1560 1559
f 1585 1565 1560
f 1585 1566 1565
f 1567 1521 1568
f 1568 1527 1569
f 1569 1527 1528
f 1569 1528 1529
f 1569 1529 1530
f 1569 1530 1531
f 1569 1531 1570
f 1570 1531 1532
f 1570 1532 1533
f 1570 1533 1545
f 1570 1545 1571
f 1571 1545 1546
f 1572 1546 1547
f 1571 1546 1572
f 1572 1547 1548
f 1573 1548 1549
f 1573 1549 1550
f 1572 1548 1573
f 1573 1550 1561
f 1573 1561 1574
f 1574 1566 1585
f 1458 1575 1586
f 1575 1576 1584
f 1576 1577 1587
f 1577 1578 1588
f 1578 1579 1589
f 1458 1585 1556
f 1458 1586 1585
f 1575 1584 1586
f 1576 1587 1584
f 1577 1588 1587
f 1578 1589 1588
f 1580 1581 1582
f 1579 1580 1590
f 1580 1582 1590
f 1581 1583 1582
f 1579 1590 1589
f 1582 1591 1590
f 1335 1338 1339
f 1335 1339 1340
f 1335 1340 1388
f 1388 1340 1341
f 1388 1341 1348
f 1388 1348 1349
f 1388 1349 1350
f 1388 1350 1351
f 1388 1352 1353
f 1388 1351 1352
f 1388 1362 1359
f 1371 1388 1359
f 1388 1363 1364
f 1388 1364 1362
f 1388 1357 1363
f 1388 1356 1357
f 1388 1353 1355
f 1388 1354 1356
f 1388 1355 1354
f 1335 1392 1380
f 1335 1388 1391
f 1335 1391 1392
f 1380 1392 1389
f 1389 1392 1390
f 1380 1389 1581
f 1388 1593 1391
f 1389 1592 1581
f 1388 1591 1593
f 1581 1593 1583
f 1582 1583 1593
f 1582 1593 1591
f 1581 1592 1593
f 70 71 279
f 74 72 280
f 72 70 278
f 73 75 282
f 74 280 75
f 76 73 281
f 87 76 283
f 78 80 287
f 71 77 284
f 77 78 285
f 80 79 286
f 79 81 288
f 81 82 289
f 82 83 290
f 83 84 291
f 84 85 292
f 85 86 293
f 90 89 296
f 88 87 294
f 89 88 295
f 91 90 297
f 92 91 298
f 106 92 299
f 86 93 300
f 93 94 301
f 94 95 302
f 96 303 95
f 96 97 303
f 97 98 304
f 98 100 305
f 100 101 306
f 101 102 307
f 102 103 308
f 103 104 309
f 104 105 310
f 105 127 332
f 107 106 311
f 108 107 312
f 109 108 313
f 110 109 314
f 111 110 315
f 112 111 316
f 113 112 317
f 114 113 318
f 115 114 319
f 116 115 320
f 118 116 321
f 135 117 322
f 119 118 323
f 120 119 324
f 121 120 325
f 122 121 326
f 123 122 327
f 124 123 328
f 126 124 329
f 125 126 331
f 117 125 330
f 127 128 333
f 128 129 334
f 129 130 335
f 130 131 336
f 131 132 337
f 132 134 339
f 134 133 338
f 133 136 341
f 136 135 340
f 70 279 278
f 278 280 72
f 73 282 281
f 280 282 75
f 76 281 283
f 87 283 294
f 287 285 78
f 71 284 279
f 77 285 284
f 80 286 287
f 79 288 286
f 81 289 288
f 82 290 289
f 83 291 290
f 292 291 84
f 85 293 292
f 86 300 293
f 296 297 90
f 294 295 88
f 89 295 296
f 91 297 298
f 92 298 299
f 299 311 106
f 301 300 93
f 94 302 301
f 303 302 95
f 97 304 303
f 305 304 98
f 100 306 305
f 307 306 101
f 308 307 102
f 103 309 308
f 310 309 104
f 105 332 310
f 107 311 312
f 312 313 108
f 313 314 109
f 110 314 315
f 315 316 111
f 112 316 317
f 317 318 113
f 114 318 319
f 319 320 115
f 116 320 321
f 117 330 322
f 118 321 323
f 323 324 119
f 120 324 325
f 121 325 326
f 122 326 327
f 329 331 126
f 123 327 328
f 124 328 329
f 125 331 330
f 127 333 332
f 334 333 128
f 129 335 334
f 336 335 130
f 131 337 336
f 132 339 337
f 134 338 339
f 341 338 133
f 340 341 136
f 135 322 340
f 467 465 669
f 465 464 668
f 467 669 468
f 466 468 671
f 469 466 670
f 470 469 672
f 471 470 673
f 472 471 674
f 473 472 675
f 474 473 676
f 475 474 677
f 499 475 678
f 480 476 679
f 476 477 680
f 477 478 681
f 478 479 682
f 479 481 684
f 464 480 683
f 481 482 685
f 482 483 686
f 483 484 687
f 484 485 688
f 485 486 689
f 486 487 690
f 487 488 691
f 488 489 692
f 490 693 489
f 490 491 693
f 491 492 694
f 492 493 695
f 493 494 696
f 494 495 697
f 495 496 698
f 496 497 699
f 497 498 700
f 498 510 712
f 500 499 701
f 501 500 702
f 502 501 703
f 503 502 704
f 504 503 705
f 505 504 706
f 506 505 707
f 507 506 708
f 508 507 709
f 515 508 710
f 510 511 713
f 511 509 711
f 509 512 714
f 512 513 715
f 513 514 716
f 514 526 728
f 516 515 717
f 517 516 718
f 518 517 719
f 519 518 720
f 520 519 721
f 521 520 722
f 522 521 723
f 524 523 725
f 529 524 726
f 523 522 724
f 525 528 730
f 526 525 727
f 528 527 729
f 527 529 731
f 464 683 668
f 668 669 465
f 669 671 468
f 466 671 670
f 469 670 672
f 470 672 673
f 673 674 471
f 472 674 675
f 675 676 473
f 474 676 677
f 475 677 678
f 678 701 499
f 480 679 683
f 476 680 679
f 681 680 477
f 478 682 681
f 479 684 682
f 481 685 684
f 482 686 685
f 483 687 686
f 688 687 484
f 485 689 688
f 486 690 689
f 691 690 487
f 488 692 691
f 693 692 489
f 491 694 693
f 695 694 492
f 493 696 695
f 697 696 494
f 698 697 495
f 496 699 698
f 700 699 497
f 498 712 700
f 500 701 702
f 702 703 501
f 703 704 502
f 503 704 705
f 705 706 504
f 505 706 707
f 707 708 506
f 507 708 709
f 709 710 508
f 509 714 711
f 510 713 712
f 711 713 511
f 715 714 512
f 513 716 715
f 514 728 716
f 515 710 717
f 529 726 731
f 516 717 718
f 718 719 517
f 518 719 720
f 519 720 721
f 520 721 722
f 521 722 723
f 522 723 724
f 724 725 523
f 524 725 726
f 730 727 525
f 526 727 728
f 729 730 528
f 527 731 729
f 913 911 1113
f 912 913 1115
f 914 915 1117
f 915 912 1114
f 917 918 1120
f 911 916 1118
f 916 917 1119
f 918 919 1121
f 919 920 1122
f 920 921 1123
f 921 922 1124
f 922 923 1125
f 923 924 1126
f 924 925 1127
f 926 914 1116
f 927 926 1128
f 928 927 1129
f 931 928 1130
f 929 931 1133
f 930 929 1131
f 925 932 1134
f 932 933 1135
f 933 934 1136
f 934 935 1137
f 935 936 1138
f 936 937 1139
f 937 938 1140
f 938 939 1141
f 939 940 1142
f 940 941 1143
f 942 930 1132
f 943 942 1144
f 944 943 1145
f 945 944 1146
f 946 945 1147
f 947 946 1148
f 948 947 1149
f 950 948 1150
f 949 1151 951
f 949 950 1151
f 952 951 1152
f 953 952 1153
f 954 953 1154
f 955 954 1155
f 956 955 1156
f 957 956 1157
f 958 957 1158
f 959 958 1159
f 976 960 1161
f 961 959 1160
f 962 961 1162
f 963 962 1163
f 964 963 1164
f 960 964 1165
f 941 965 1166
f 965 966 1167
f 966 967 1168
f 967 968 1169
f 968 969 1170
f 969 970 1171
f 970 971 1172
f 971 974 1174
f 974 973 1173
f 972 1175 973
f 975 976 1176
f 972 975 1175
f 913 1113 1115
f 1115 1114 912
f 914 1117 1116
f 1114 1117 915
f 916 1119 1118
f 1120 1119 917
f 918 1121 1120
f 919 1122 1121
f 920 1123 1122
f 921 1124 1123
f 922 1125 1124
f 1126 1125 923
f 924 1127 1126
f 911 1118 1113
f 925 1134 1127
f 926 1116 1128
f 927 1128 1129
f 1129 1130 928
f 1133 1131 929
f 930 1131 1132
f 931 1130 1133
f 1135 1134 932
f 933 1136 1135
f 1137 1136 934
f 935 1138 1137
f 1139 1138 936
f 937 1140 1139
f 1141 1140 938
f 1142 1141 939
f 940 1143 1142
f 942 1132 1144
f 1144 1145 943
f 944 1145 1146
f 1146 1147 945
f 1147 1148 946
f 947 1148 1149
f 1149 1150 948
f 950 1150 1151
f 1151 1152 951
f 952 1152 1153
f 1153 1154 953
f 954 1154 1155
f 955 1155 1156
f 1156 1157 956
f 957 1157 1158
f 958 1158 1159
f 959 1159 1160
f 961 1160 1162
f 962 1162 1163
f 1163 1164 963
f 964 1164 1165
f 960 1165 1161
f 1166 1143 941
f 965 1167 1166
f 966 1168 1167
f 1169 1168 967
f 968 1170 1169
f 1171 1170 969
f 970 1172 1171
f 971 1174 1172
f 974 1173 1174
f 1175 1173 973
f 1176 1175 975
f 976 1161 1176
f 1298 1299 1504
f 1301 1298 1503
f 1300 1301 1506
f 1302 1300 1505
f 1303 1302 1507
f 1304 1303 1508
f 1305 1304 1509
f 1306 1305 1510
f 1307 1306 1511
f 1317 1309 1514
f 1309 1308 1513
f 1308 1310 1515
f 1310 1311 1516
f 1311 1312 1517
f 1312 1313 1518
f 1313 1314 1519
f 1314 1315 1520
f 1315 1316 1521
f 1299 1317 1522
f 1316 1318 1523
f 1318 1319 1524
f 1319 1320 1525
f 1320 1321 1526
f 1321 1322 1527
f 1322 1323 1528
f 1323 1324 1529
f 1324 1325 1530
f 1325 1326 1531
f 1326 1327 1532
f 1327 1328 1533
f 1329 1307 1512
f 1330 1329 1534
f 1331 1330 1535
f 1332 1331 1536
f 1333 1332 1537
f 1334 1333 1538
f 1336 1334 1539
f 1337 1336 1540
f 1338 1541 1339
f 1338 1337 1541
f 1340 1339 1542
f 1341 1340 1543
f 1348 1341 1544
f 1328 1342 1545
f 1342 1343 1546
f 1343 1344 1547
f 1345 1346 1549
f 1346 1347 1550
f 1344 1345 1548
f 1349 1348 1551
f 1350 1349 1552
f 1351 1350 1553
f 1352 1351 1554
f 1353 1352 1555
f 1355 1353 1556
f 1354 1355 1558
f 1357 1356 1559
f 1363 1357 1560
f 1356 1354 1557
f 1347 1358 1561
f 1358 1361 1563
f 1359 1564 1360
f 1361 1360 1562
f 1362 1364 1566
f 1359 1362 1564
f 1364 1363 1565
f 1299 1522 1504
f 1504 1503 1298
f 1503 1506 1301
f 1300 1506 1505
f 1302 1505 1507
f 1303 1507 1508
f 1508 1509 1304
f 1305 1509 1510
f 1510 1511 1306
f 1307 1511 1512
f 1309 1513 1514
f 1310 1516 1515
f 1311 1517 1516
f 1515 1513 1308
f 1312 1518 1517
f 1313 1519 1518
f 1314 1520 1519
f 1521 1520 1315
f 1316 1523 1521
f 1317 1514 1522
f 1318 1524 1523
f 1525 1524 1319
f 1320 1526 1525
f 1527 1526 1321
f 1322 1528 1527
f 1529 1528 1323
f 1324 1530 1529
f 1531 1530 1325
f 1532 1531 1326
f 1327 1533 1532
f 1329 1512 1534
f 1534 1535 1330
f 1331 1535 1536
f 1536 1537 1332
f 1537 1538 1333
f 1334 1538 1539
f 1539 1540 1336
f 1337 1540 1541
f 1541 1542 1339
f 1340 1542 1543
f 1543 1544 1341
f 1545 1533 1328
f 1342 1546 1545
f 1343 1547 1546
f 1345 1549 1548
f 1550 1549 1346
f 1548 1547 1344
f 1348 1544 1551
f 1349 1551 1552
f 1552 1553 1350
f 1351 1553 1554
f 1352 1554 1555
f 1353 1555 1556
f 1355 1556 1558
f 1354 1558 1557
f 1357 1559 1560
f 1363 1560 1565
f 1557 1559 1356
f 1347 1561 1550
f 1358 1563 1561
f 1564 1562 1360
f 1361 1562 1563
f 1566 1564 1362
f 1364 1565 1566
f 191 192 190
f 191 193 192
f 190 194 195
f 191 190 195
f 195 194 197
f 193 196 192
f 193 197 196
f 194 196 197
f 395 396 397
f 396 398 397
f 400 395 399
f 396 395 400
f 400 399 402
f 398 401 397
f 398 402 401
f 399 401 402
f 198 199 422
f 198 200 201
f 199 198 201
f 200 425 201
f 199 423 422
f 423 424 422
f 423 425 424
f 200 424 425
f 403 404 618
f 403 405 406
f 404 403 406
f 406 405 621
f 404 619 618
f 619 620 618
f 619 621 620
f 405 620 621
f 426 427 428
f 427 429 428
f 426 430 431
f 427 426 431
f 431 430 433
f 429 432 428
f 429 433 432
f 430 432 433
f 622 623 624
f 623 625 624
f 622 626 627
f 623 622 627
f 627 626 629
f 625 628 624
f 625 629 628
f 626 628 629
f 1016 1014 1015
f 1016 1015 1017
f 1014 1018 1019
f 1014 1019 1015
f 1018 1021 1019
f 1016 1017 1020
f 1017 1021 1020
f 1018 1020 1021
f 1215 1216 1217
f 1217 1216 1218
f 1219 1220 1215
f 1215 1220 1216
f 1219 1222 1220
f 1217 1218 1221
f 1218 1222 1221
f 1219 1221 1222
f 1022 1023 1242
f 1022 1024 1025
f 1022 1025 1023
f 1024 1245 1025
f 1242 1023 1243
f 1242 1243 1244
f 1243 1245 1244
f 1245 1024 1244
f 1223 1224 1438
f 1223 1225 1226
f 1223 1226 1224
f 1225 1441 1226
f 1438 1224 1439
f 1438 1439 1440
f 1439 1441 1440
f 1225 1440 1441
f 1246 1247 1248
f 1248 1247 1249
f 1246 1250 1251
f 1246 1251 1247
f 1250 1253 1251
f 1248 1249 1252
f 1249 1253 1252
f 1250 1252 1253
f 1442 1443 1444
f 1444 1443 1445
f 1442 1446 1447
f 1442 1447 1443
f 1446 1449 1447
f 1444 1445 1448
f 1445 1449 1448
f 1446 1448 1449
f 209 210 208
f 209 211 210
f 210 211 821
f 820 819 822
f 821 211 822
f 819 821 822
