# DataCat thin soft-front enclosure Rev H; coordinates in millimetres
mtllib rounded_enclosure.mtl
o 03_rear_plate
usemtl 03_rear_plate
v -56.735634 -88.036873 0.000000
v -58.535973 -83.369682 0.000000
v -58.981064 -81.761330 0.000000
v -57.411903 -86.511238 0.000000
v -58.012501 -84.954254 0.000000
v -55.162769 -90.979492 0.000000
v -55.985325 -89.527489 0.000000
v -54.269966 -92.389389 0.000000
v -53.309055 -93.753777 0.000000
v -52.282356 -95.069374 0.000000
v -51.192337 -96.333008 0.000000
v -50.041630 -97.541634 0.000000
v -48.833004 -98.692337 0.000000
v -46.253777 -100.809059 0.000000
v -47.569370 -99.782356 0.000000
v -59.346703 -80.133072 0.000000
v -59.632000 -78.488838 0.000000
v -59.836281 -76.832581 0.000000
v -59.959045 -75.168304 0.000000
v -60.000000 -73.500000 0.000000
v -49.061779 -60.512283 0.000000
v -48.805603 -60.702278 0.000000
v -49.702278 -59.805599 0.000000
v -50.002609 -59.243717 0.000000
v -50.110058 -58.943424 0.000000
v -49.866245 -59.532040 0.000000
v -50.187553 -58.634041 0.000000
v -50.234352 -58.318554 0.000000
v -50.250000 -58.000000 0.000000
v -50.234352 -57.681446 0.000000
v -50.187553 -57.365959 0.000000
v -49.512283 -60.061779 0.000000
v -49.298096 -60.298092 0.000000
v -50.110058 -57.056576 0.000000
v -50.002609 -56.756283 0.000000
v -49.866245 -56.467960 0.000000
v -49.702278 -56.194401 0.000000
v -49.512283 -55.938221 0.000000
v -49.298096 -55.701908 0.000000
v -49.061779 -55.487717 0.000000
v -48.805603 -55.297722 0.000000
v -48.532040 -60.866245 0.000000
v -48.243721 -61.002613 0.000000
v -47.943424 -61.110062 0.000000
v -47.634045 -61.187553 0.000000
v -47.318554 -61.234356 0.000000
v -47.000000 -61.249996 0.000000
v -46.681446 -61.234356 0.000000
v -46.365955 -61.187553 0.000000
v -46.056576 -61.110062 0.000000
v -45.756279 -61.002613 0.000000
v -45.467960 -60.866245 0.000000
v -45.194397 -60.702278 0.000000
v -48.532040 -55.133755 0.000000
v -48.243721 -54.997387 0.000000
v -47.943424 -54.889938 0.000000
v -47.634045 -54.812447 0.000000
v -47.318554 -54.765644 0.000000
v -47.000000 -54.750004 0.000000
v -46.681446 -54.765644 0.000000
v -46.365955 -54.812447 0.000000
v -46.056576 -54.889938 0.000000
v -45.756279 -54.997387 0.000000
v -45.467960 -55.133755 0.000000
v -45.194397 -55.297722 0.000000
v -44.889389 -101.769966 0.000000
v -43.479492 -102.662773 0.000000
v -42.027489 -103.485321 0.000000
v -40.536873 -104.235634 0.000000
v -39.011238 -104.911903 0.000000
v -37.454254 -105.512497 0.000000
v -35.869678 -106.035973 0.000000
v -34.261326 -106.481064 0.000000
v -32.633072 -106.846703 0.000000
v -30.988834 -107.132004 0.000000
v -44.938221 -60.512283 0.000000
v -44.701904 -60.298092 0.000000
v -44.487717 -60.061779 0.000000
v -44.297722 -59.805599 0.000000
v -44.133755 -59.532040 0.000000
v -43.997391 -59.243717 0.000000
v -43.889942 -58.943424 0.000000
v -43.812447 -58.634041 0.000000
v -43.765648 -58.318554 0.000000
v -43.750000 -58.000000 0.000000
v -43.765648 -57.681446 0.000000
v -43.812447 -57.365959 0.000000
v -44.938221 -55.487717 0.000000
v -44.701904 -55.701908 0.000000
v -44.133755 -56.467960 0.000000
v -44.487717 -55.938221 0.000000
v -44.297722 -56.194401 0.000000
v -43.997391 -56.756283 0.000000
v -43.889942 -57.056576 0.000000
v -49.061779 -60.512283 2.000000
v -48.805603 -60.702278 2.000000
v -49.702278 -59.805599 2.000000
v -50.002609 -59.243717 2.000000
v -50.110058 -58.943424 2.000000
v -49.866245 -59.532040 2.000000
v -50.187553 -58.634041 2.000000
v -50.234352 -58.318554 2.000000
v -50.250000 -58.000000 2.000000
v -50.234352 -57.681446 2.000000
v -50.187553 -57.365959 2.000000
v -49.512283 -60.061779 2.000000
v -49.298096 -60.298092 2.000000
v -50.110058 -57.056576 2.000000
v -50.002609 -56.756283 2.000000
v -49.866245 -56.467960 2.000000
v -49.702278 -56.194401 2.000000
v -49.512283 -55.938221 2.000000
v -49.298096 -55.701908 2.000000
v -49.061779 -55.487717 2.000000
v -48.805603 -55.297722 2.000000
v -48.532040 -60.866245 2.000000
v -48.243721 -61.002613 2.000000
v -47.943424 -61.110062 2.000000
v -47.634045 -61.187553 2.000000
v -47.318554 -61.234356 2.000000
v -47.000000 -61.249996 2.000000
v -46.681446 -61.234356 2.000000
v -46.365955 -61.187553 2.000000
v -46.056576 -61.110062 2.000000
v -45.756279 -61.002613 2.000000
v -45.467960 -60.866245 2.000000
v -45.194397 -60.702278 2.000000
v -48.413498 -58.944466 2.000000
v -48.499268 -58.801376 2.000000
v -48.314117 -59.078472 2.000000
v -48.078468 -59.314117 2.000000
v -48.202080 -59.202080 2.000000
v -47.944469 -59.413498 2.000000
v -48.570595 -58.650558 2.000000
v -48.626797 -58.493484 2.000000
v -48.691814 -58.166630 2.000000
v -48.667336 -58.331654 2.000000
v -48.700001 -58.000000 2.000000
v -48.691814 -57.833370 2.000000
v -48.667336 -57.668346 2.000000
v -48.626797 -57.506516 2.000000
v -48.570595 -57.349442 2.000000
v -48.499268 -57.198624 2.000000
v -47.801376 -59.499271 2.000000
v -47.650562 -59.570591 2.000000
v -47.493484 -59.626797 2.000000
v -47.331654 -59.667336 2.000000
v -47.166630 -59.691814 2.000000
v -47.000000 -59.700001 2.000000
v -48.413498 -57.055534 2.000000
v -48.314117 -56.921528 2.000000
v -48.202080 -56.797920 2.000000
v -48.078468 -56.685883 2.000000
v -47.944469 -56.586502 2.000000
v -48.532040 -55.133755 2.000000
v -48.243721 -54.997387 2.000000
v -47.943424 -54.889938 2.000000
v -47.801376 -56.500729 2.000000
v -47.650562 -56.429409 2.000000
v -47.493484 -56.373203 2.000000
v -47.331654 -56.332664 2.000000
v -47.166630 -56.308186 2.000000
v -47.000000 -56.299999 2.000000
v -47.634045 -54.812447 2.000000
v -47.318554 -54.765644 2.000000
v -47.000000 -54.750004 2.000000
v -46.833370 -59.691814 2.000000
v -46.668346 -59.667336 2.000000
v -46.506516 -59.626797 2.000000
v -46.349438 -59.570591 2.000000
v -46.198624 -59.499271 2.000000
v -46.055531 -59.413498 2.000000
v -45.921532 -59.314117 2.000000
v -45.797920 -59.202080 2.000000
v -45.685883 -59.078472 2.000000
v -45.586502 -58.944466 2.000000
v -45.500732 -58.801376 2.000000
v -45.500732 -57.198624 2.000000
v -45.429405 -58.650558 2.000000
v -45.373203 -58.493484 2.000000
v -45.332664 -58.331654 2.000000
v -45.308186 -58.166630 2.000000
v -45.299999 -58.000000 2.000000
v -45.308186 -57.833370 2.000000
v -45.332664 -57.668346 2.000000
v -45.373203 -57.506516 2.000000
v -45.429405 -57.349442 2.000000
v -46.833370 -56.308186 2.000000
v -46.668346 -56.332664 2.000000
v -46.506516 -56.373203 2.000000
v -46.349438 -56.429409 2.000000
v -46.198624 -56.500729 2.000000
v -46.055531 -56.586502 2.000000
v -46.681446 -54.765644 2.000000
v -46.365955 -54.812447 2.000000
v -46.056576 -54.889938 2.000000
v -45.797920 -56.797920 2.000000
v -45.921532 -56.685883 2.000000
v -45.685883 -56.921528 2.000000
v -45.586502 -57.055534 2.000000
v -45.756279 -54.997387 2.000000
v -45.467960 -55.133755 2.000000
v -45.194397 -55.297722 2.000000
v -44.938221 -60.512283 2.000000
v -44.701904 -60.298092 2.000000
v -44.487717 -60.061779 2.000000
v -44.297722 -59.805599 2.000000
v -44.133755 -59.532040 2.000000
v -43.997391 -59.243717 2.000000
v -43.889942 -58.943424 2.000000
v -43.812447 -58.634041 2.000000
v -43.765648 -58.318554 2.000000
v -43.750000 -58.000000 2.000000
v -43.765648 -57.681446 2.000000
v -43.812447 -57.365959 2.000000
v -44.938221 -55.487717 2.000000
v -44.701904 -55.701908 2.000000
v -44.133755 -56.467960 2.000000
v -44.487717 -55.938221 2.000000
v -44.297722 -56.194401 2.000000
v -43.997391 -56.756283 2.000000
v -43.889942 -57.056576 2.000000
v -29.332582 -107.336281 0.000000
v -27.668301 -107.459045 0.000000
v -26.000000 -107.500008 0.000000
v -5.500000 -107.500008 0.000000
v -5.500000 -101.500000 0.000000
v -1.870807 -94.250031 0.000000
v -1.739274 -94.427383 0.000000
v -1.590990 -94.590988 0.000000
v -1.427385 -94.739273 0.000000
v -1.060643 -94.984322 0.000000
v -1.250033 -94.870804 0.000000
v -0.861038 -95.078728 0.000000
v -0.653141 -95.153114 0.000000
v -0.438953 -95.206764 0.000000
v -0.220539 -95.239166 0.000000
v -2.153116 -93.653137 0.000000
v -2.206767 -93.438950 0.000000
v -2.078729 -93.861038 0.000000
v -1.984323 -94.060646 0.000000
v -2.239166 -93.220535 0.000000
v -2.250000 -93.000000 0.000000
v -2.239166 -92.779465 0.000000
v -2.206767 -92.561050 0.000000
v -2.153116 -92.346863 0.000000
v -2.078729 -92.138962 0.000000
v -1.984323 -91.939354 0.000000
v -1.870807 -91.749969 0.000000
v -1.739274 -91.572617 0.000000
v -1.590990 -91.409012 0.000000
v -1.427385 -91.260727 0.000000
v -1.250033 -91.129196 0.000000
v -1.060643 -91.015678 0.000000
v -0.861038 -90.921272 0.000000
v -0.653141 -90.846886 0.000000
v -0.438953 -90.793236 0.000000
v -0.220539 -90.760834 0.000000
v -56.735634 -88.036873 4.000000
v -58.535973 -83.369682 4.000000
v -58.981064 -81.761330 4.000000
v -57.411903 -86.511238 4.000000
v -58.012501 -84.954254 4.000000
v -55.162769 -90.979492 4.000000
v -55.985325 -89.527489 4.000000
v -54.269966 -92.389389 4.000000
v -53.309055 -93.753777 4.000000
v -53.030888 -87.948311 4.000000
v -55.330219 -82.397224 4.000000
v -55.731457 -80.947342 4.000000
v -54.858322 -83.825676 4.000000
v -53.707272 -86.604561 4.000000
v -54.316910 -85.229248 4.000000
v -52.794331 -81.627968 4.000000
v -52.282356 -95.069374 4.000000
v -51.192337 -96.333008 4.000000
v -50.041630 -97.541634 4.000000
v -48.833004 -98.692337 4.000000
v -46.253777 -100.809059 4.000000
v -47.569370 -99.782356 4.000000
v -48.710152 -94.083282 4.000000
v -47.672821 -95.172821 4.000000
v -46.583282 -96.210152 4.000000
v -45.444153 -97.192772 4.000000
v -52.289383 -89.257248 4.000000
v -51.484543 -90.528229 4.000000
v -49.692772 -92.944153 4.000000
v -50.618309 -91.758186 4.000000
v -50.016399 -87.894875 4.000000
v -49.281151 -89.055969 4.000000
v -51.868626 -84.215134 4.000000
v -50.693794 -86.699112 4.000000
v -51.311699 -85.471542 4.000000
v -52.363235 -82.932915 4.000000
v -47.644291 -91.263016 4.000000
v -48.489811 -90.179581 4.000000
v -46.746632 -92.303650 4.000000
v -45.798988 -93.298988 4.000000
v -59.346703 -80.133072 4.000000
v -59.632000 -78.488838 4.000000
v -59.836281 -76.832581 4.000000
v -59.959045 -75.168304 4.000000
v -56.318260 -77.997292 4.000000
v -56.502415 -76.504227 4.000000
v -56.613083 -75.003922 4.000000
v -60.000000 -73.500000 4.000000
v -56.650002 -73.500000 4.000000
v -56.061069 -79.479515 4.000000
v -53.461987 -78.962532 4.000000
v -53.696941 -77.608452 4.000000
v -53.160873 -80.303444 4.000000
v -53.865170 -76.244476 4.000000
v -53.966270 -74.873894 4.000000
v -54.000000 -73.500000 4.000000
v -56.650002 -65.000000 4.000000
v -54.000000 -65.000000 4.000000
v -48.413498 -58.944466 4.000000
v -48.499268 -58.801376 4.000000
v -48.314117 -59.078472 4.000000
v -48.078468 -59.314117 4.000000
v -48.202080 -59.202080 4.000000
v -47.944469 -59.413498 4.000000
v -48.570595 -58.650558 4.000000
v -48.626797 -58.493484 4.000000
v -48.691814 -58.166630 4.000000
v -48.667336 -58.331654 4.000000
v -48.700001 -58.000000 4.000000
v -48.691814 -57.833370 4.000000
v -48.667336 -57.668346 4.000000
v -48.626797 -57.506516 4.000000
v -48.570595 -57.349442 4.000000
v -48.499268 -57.198624 4.000000
v -47.801376 -59.499271 4.000000
v -47.650562 -59.570591 4.000000
v -47.493484 -59.626797 4.000000
v -47.331654 -59.667336 4.000000
v -47.166630 -59.691814 4.000000
v -47.000000 -59.700001 4.000000
v -48.413498 -57.055534 4.000000
v -48.314117 -56.921528 4.000000
v -48.202080 -56.797920 4.000000
v -48.078468 -56.685883 4.000000
v -47.944469 -56.586502 4.000000
v -47.801376 -56.500729 4.000000
v -47.650562 -56.429409 4.000000
v -47.493484 -56.373203 4.000000
v -47.331654 -56.332664 4.000000
v -47.166630 -56.308186 4.000000
v -47.000000 -56.299999 4.000000
v -46.833370 -59.691814 4.000000
v -46.668346 -59.667336 4.000000
v -46.506516 -59.626797 4.000000
v -46.349438 -59.570591 4.000000
v -46.198624 -59.499271 4.000000
v -46.055531 -59.413498 4.000000
v -45.921532 -59.314117 4.000000
v -45.797920 -59.202080 4.000000
v -45.685883 -59.078472 4.000000
v -45.586502 -58.944466 4.000000
v -45.500732 -58.801376 4.000000
v -45.500732 -57.198624 4.000000
v -45.429405 -58.650558 4.000000
v -45.373203 -58.493484 4.000000
v -45.332664 -58.331654 4.000000
v -45.308186 -58.166630 4.000000
v -45.299999 -58.000000 4.000000
v -45.308186 -57.833370 4.000000
v -45.332664 -57.668346 4.000000
v -45.373203 -57.506516 4.000000
v -45.429405 -57.349442 4.000000
v -46.833370 -56.308186 4.000000
v -46.668346 -56.332664 4.000000
v -46.506516 -56.373203 4.000000
v -46.349438 -56.429409 4.000000
v -46.198624 -56.500729 4.000000
v -46.055531 -56.586502 4.000000
v -45.797920 -56.797920 4.000000
v -45.921532 -56.685883 4.000000
v -45.685883 -56.921528 4.000000
v -45.586502 -57.055534 4.000000
v -44.889389 -101.769966 4.000000
v -43.479492 -102.662773 4.000000
v -42.027489 -103.485321 4.000000
v -44.258183 -98.118309 4.000000
v -44.803650 -94.246628 4.000000
v -43.763012 -95.144295 4.000000
v -43.028229 -98.984543 4.000000
v -41.757248 -99.789383 4.000000
v -42.679581 -95.989807 4.000000
v -41.555965 -96.781151 4.000000
v -40.536873 -104.235634 4.000000
v -39.011238 -104.911903 4.000000
v -39.104565 -101.207275 4.000000
v -37.729248 -101.816910 4.000000
v -40.448311 -100.530884 4.000000
v -40.394878 -97.516403 4.000000
v -39.199108 -98.193794 4.000000
v -37.971542 -98.811699 4.000000
v -37.454254 -105.512497 4.000000
v -35.869678 -106.035973 4.000000
v -36.325672 -102.358322 4.000000
v -34.261326 -106.481064 4.000000
v -34.897224 -102.830223 4.000000
v -36.715137 -99.368629 4.000000
v -35.432915 -99.863235 4.000000
v -34.127972 -100.294327 4.000000
v -32.633072 -106.846703 4.000000
v -33.447342 -103.231461 4.000000
v -31.979521 -103.561066 4.000000
v -30.988834 -107.132004 4.000000
v -31.462528 -100.961990 4.000000
v -30.497290 -103.818260 4.000000
v -30.108454 -101.196945 4.000000
v -32.803444 -100.660873 4.000000
v -53.030888 -87.948311 7.000000
v -55.330219 -82.397224 7.000000
v -55.731457 -80.947342 7.000000
v -54.858322 -83.825676 7.000000
v -53.707272 -86.604561 7.000000
v -54.316910 -85.229248 7.000000
v -52.794331 -81.627968 7.000000
v -48.710152 -94.083282 7.000000
v -47.672821 -95.172821 7.000000
v -46.583282 -96.210152 7.000000
v -45.444153 -97.192772 7.000000
v -52.289383 -89.257248 7.000000
v -51.484543 -90.528229 7.000000
v -49.692772 -92.944153 7.000000
v -50.618309 -91.758186 7.000000
v -50.016399 -87.894875 7.000000
v -49.281151 -89.055969 7.000000
v -51.868626 -84.215134 7.000000
v -50.693794 -86.699112 7.000000
v -51.311699 -85.471542 7.000000
v -52.363235 -82.932915 7.000000
v -47.644291 -91.263016 7.000000
v -48.489811 -90.179581 7.000000
v -46.746632 -92.303650 7.000000
v -45.798988 -93.298988 7.000000
v -56.318260 -77.997292 7.000000
v -56.502415 -76.504227 7.000000
v -56.613083 -75.003922 7.000000
v -56.650002 -73.500000 7.000000
v -56.061069 -79.479515 7.000000
v -53.461987 -78.962532 7.000000
v -53.696941 -77.608452 7.000000
v -53.160873 -80.303444 7.000000
v -53.865170 -76.244476 7.000000
v -53.966270 -74.873894 7.000000
v -54.000000 -73.500000 7.000000
v -56.650002 -65.000000 7.000000
v -54.000000 -65.000000 7.000000
v -44.258183 -98.118309 7.000000
v -44.803650 -94.246628 7.000000
v -43.763012 -95.144295 7.000000
v -43.028229 -98.984543 7.000000
v -41.757248 -99.789383 7.000000
v -42.679581 -95.989807 7.000000
v -41.555965 -96.781151 7.000000
v -39.104565 -101.207275 7.000000
v -37.729248 -101.816910 7.000000
v -40.448311 -100.530884 7.000000
v -40.394878 -97.516403 7.000000
v -39.199108 -98.193794 7.000000
v -37.971542 -98.811699 7.000000
v -36.325672 -102.358322 7.000000
v -34.897224 -102.830223 7.000000
v -36.715137 -99.368629 7.000000
v -35.432915 -99.863235 7.000000
v -34.127972 -100.294327 7.000000
v -33.447342 -103.231461 7.000000
v -31.979521 -103.561066 7.000000
v -31.462528 -100.961990 7.000000
v -30.497290 -103.818260 7.000000
v -30.108454 -101.196945 7.000000
v -32.803444 -100.660873 7.000000
v -56.650002 -51.000000 4.000000
v -54.000000 -51.000000 4.000000
v -56.650002 -51.000000 7.000000
v -54.000000 -51.000000 7.000000
v -29.332582 -107.336281 4.000000
v -29.004225 -104.002411 4.000000
v -28.744480 -101.365173 4.000000
v -27.668301 -107.459045 4.000000
v -27.503923 -104.113083 4.000000
v -27.373894 -101.466270 4.000000
v -26.000000 -107.500008 4.000000
v -26.000000 -104.150002 4.000000
v -26.000000 -101.500000 4.000000
v -5.500000 -107.500008 4.000000
v -5.500000 -104.150002 4.000000
v -5.500000 -101.500000 4.000000
v -1.870807 -94.250031 4.000000
v -1.739274 -94.427383 4.000000
v -1.590990 -94.590988 4.000000
v -1.427385 -94.739273 4.000000
v -1.060643 -94.984322 4.000000
v -1.250033 -94.870804 4.000000
v -0.861038 -95.078728 4.000000
v -0.653141 -95.153114 4.000000
v -0.438953 -95.206764 4.000000
v -0.220539 -95.239166 4.000000
v -2.153116 -93.653137 4.000000
v -2.206767 -93.438950 4.000000
v -2.078729 -93.861038 4.000000
v -1.984323 -94.060646 4.000000
v -2.239166 -93.220535 4.000000
v -2.250000 -93.000000 4.000000
v -2.239166 -92.779465 4.000000
v -2.206767 -92.561050 4.000000
v -2.153116 -92.346863 4.000000
v -2.078729 -92.138962 4.000000
v -1.984323 -91.939354 4.000000
v -1.870807 -91.749969 4.000000
v -1.739274 -91.572617 4.000000
v -1.590990 -91.409012 4.000000
v -1.427385 -91.260727 4.000000
v -1.250033 -91.129196 4.000000
v -1.060643 -91.015678 4.000000
v -0.861038 -90.921272 4.000000
v -0.653141 -90.846886 4.000000
v -0.438953 -90.793236 4.000000
v -0.220539 -90.760834 4.000000
v -29.004225 -104.002411 7.000000
v -28.744480 -101.365173 7.000000
v -27.503923 -104.113083 7.000000
v -27.373894 -101.466270 7.000000
v -26.000000 -104.150002 7.000000
v -26.000000 -101.500000 7.000000
v -5.500000 -104.150002 7.000000
v -5.500000 -101.500000 7.000000
v -60.000000 73.500000 0.000000
v -59.959045 75.168304 0.000000
v -59.836281 76.832581 0.000000
v -59.632000 78.488838 0.000000
v -59.346703 80.133072 0.000000
v -49.702278 56.194401 0.000000
v -50.110058 57.056576 0.000000
v -50.002609 56.756283 0.000000
v -49.866245 56.467960 0.000000
v -48.805603 55.297722 0.000000
v -49.512283 55.938221 0.000000
v -49.298096 55.701908 0.000000
v -49.061779 55.487717 0.000000
v -50.187553 57.365959 0.000000
v -50.234352 57.681446 0.000000
v -50.250000 58.000000 0.000000
v -50.234352 58.318554 0.000000
v -50.187553 58.634041 0.000000
v -50.110058 58.943424 0.000000
v -50.002609 59.243717 0.000000
v -49.866245 59.532040 0.000000
v -49.702278 59.805599 0.000000
v -49.512283 60.061779 0.000000
v -49.298096 60.298092 0.000000
v -49.061779 60.512283 0.000000
v -48.805603 60.702278 0.000000
v -48.532040 55.133755 0.000000
v -48.243721 54.997387 0.000000
v -47.943424 54.889938 0.000000
v -47.634045 54.812447 0.000000
v -47.318554 54.765644 0.000000
v -47.000000 54.750004 0.000000
v -46.681446 54.765644 0.000000
v -46.365955 54.812447 0.000000
v -46.056576 54.889938 0.000000
v -45.756279 54.997387 0.000000
v -45.467960 55.133755 0.000000
v -45.194397 55.297722 0.000000
v -48.532040 60.866245 0.000000
v -48.243721 61.002613 0.000000
v -47.943424 61.110062 0.000000
v -47.634045 61.187553 0.000000
v -47.318554 61.234356 0.000000
v -47.000000 61.249996 0.000000
v -46.681446 61.234356 0.000000
v -46.365955 61.187553 0.000000
v -46.056576 61.110062 0.000000
v -45.756279 61.002613 0.000000
v -45.467960 60.866245 0.000000
v -45.194397 60.702278 0.000000
v -58.981064 81.761330 0.000000
v -58.535973 83.369682 0.000000
v -58.012501 84.954254 0.000000
v -57.411903 86.511238 0.000000
v -56.735634 88.036873 0.000000
v -55.985325 89.527489 0.000000
v -55.162769 90.979492 0.000000
v -54.269966 92.389389 0.000000
v -53.309055 93.753777 0.000000
v -52.282356 95.069374 0.000000
v -51.192337 96.333008 0.000000
v -50.041630 97.541634 0.000000
v -48.833004 98.692337 0.000000
v -47.569370 99.782356 0.000000
v -46.253777 100.809059 0.000000
v -44.938221 55.487717 0.000000
v -44.701904 55.701908 0.000000
v -44.487717 55.938221 0.000000
v -44.297722 56.194401 0.000000
v -44.133755 56.467960 0.000000
v -43.997391 56.756283 0.000000
v -43.889942 57.056576 0.000000
v -44.701904 60.298092 0.000000
v -44.133755 59.532040 0.000000
v -44.297722 59.805599 0.000000
v -44.487717 60.061779 0.000000
v -43.812447 57.365959 0.000000
v -43.765648 57.681446 0.000000
v -43.750000 58.000000 0.000000
v -43.765648 58.318554 0.000000
v -43.812447 58.634041 0.000000
v -43.889942 58.943424 0.000000
v -43.997391 59.243717 0.000000
v -44.938221 60.512283 0.000000
v -44.889389 101.769966 0.000000
v -43.479492 102.662773 0.000000
v -42.027489 103.485321 0.000000
v -40.536873 104.235634 0.000000
v -39.011238 104.911903 0.000000
v -37.454254 105.512497 0.000000
v -35.869678 106.035973 0.000000
v -34.261326 106.481064 0.000000
v -32.633072 106.846703 0.000000
v -30.988834 107.132004 0.000000
v -49.702278 56.194401 2.000000
v -50.110058 57.056576 2.000000
v -50.002609 56.756283 2.000000
v -49.866245 56.467960 2.000000
v -48.805603 55.297722 2.000000
v -49.512283 55.938221 2.000000
v -49.298096 55.701908 2.000000
v -49.061779 55.487717 2.000000
v -50.187553 57.365959 2.000000
v -50.234352 57.681446 2.000000
v -50.250000 58.000000 2.000000
v -50.234352 58.318554 2.000000
v -50.187553 58.634041 2.000000
v -50.110058 58.943424 2.000000
v -50.002609 59.243717 2.000000
v -49.866245 59.532040 2.000000
v -49.702278 59.805599 2.000000
v -49.512283 60.061779 2.000000
v -49.298096 60.298092 2.000000
v -49.061779 60.512283 2.000000
v -48.805603 60.702278 2.000000
v -48.532040 55.133755 2.000000
v -48.243721 54.997387 2.000000
v -47.943424 54.889938 2.000000
v -48.413498 57.055534 2.000000
v -48.314117 56.921528 2.000000
v -48.078468 56.685883 2.000000
v -48.202080 56.797920 2.000000
v -47.944469 56.586502 2.000000
v -47.634045 54.812447 2.000000
v -47.318554 54.765644 2.000000
v -47.000000 54.750004 2.000000
v -47.801376 56.500729 2.000000
v -47.650562 56.429409 2.000000
v -47.493484 56.373203 2.000000
v -47.331654 56.332664 2.000000
v -47.166630 56.308186 2.000000
v -47.000000 56.299999 2.000000
v -48.626797 57.506516 2.000000
v -48.570595 57.349442 2.000000
v -48.667336 57.668346 2.000000
v -48.691814 57.833370 2.000000
v -48.499268 57.198624 2.000000
v -48.700001 58.000000 2.000000
v -48.691814 58.166630 2.000000
v -48.667336 58.331654 2.000000
v -48.626797 58.493484 2.000000
v -48.570595 58.650558 2.000000
v -48.499268 58.801376 2.000000
v -48.413498 58.944466 2.000000
v -48.314117 59.078472 2.000000
v -48.202080 59.202080 2.000000
v -48.078468 59.314117 2.000000
v -47.944469 59.413498 2.000000
v -47.801376 59.499271 2.000000
v -47.650562 59.570591 2.000000
v -47.493484 59.626797 2.000000
v -47.331654 59.667336 2.000000
v -47.166630 59.691814 2.000000
v -47.000000 59.700001 2.000000
v -46.681446 54.765644 2.000000
v -46.365955 54.812447 2.000000
v -46.056576 54.889938 2.000000
v -46.833370 56.308186 2.000000
v -46.668346 56.332664 2.000000
v -46.506516 56.373203 2.000000
v -46.349438 56.429409 2.000000
v -46.198624 56.500729 2.000000
v -46.055531 56.586502 2.000000
v -45.756279 54.997387 2.000000
v -45.467960 55.133755 2.000000
v -45.194397 55.297722 2.000000
v -45.921532 56.685883 2.000000
v -45.797920 56.797920 2.000000
v -45.685883 56.921528 2.000000
v -45.586502 57.055534 2.000000
v -46.506516 59.626797 2.000000
v -46.833370 59.691814 2.000000
v -46.668346 59.667336 2.000000
v -46.349438 59.570591 2.000000
v -46.198624 59.499271 2.000000
v -46.055531 59.413498 2.000000
v -45.500732 57.198624 2.000000
v -45.429405 57.349442 2.000000
v -45.373203 57.506516 2.000000
v -45.332664 57.668346 2.000000
v -45.308186 57.833370 2.000000
v -45.299999 58.000000 2.000000
v -45.308186 58.166630 2.000000
v -45.332664 58.331654 2.000000
v -45.373203 58.493484 2.000000
v -45.429405 58.650558 2.000000
v -45.797920 59.202080 2.000000
v -45.921532 59.314117 2.000000
v -45.586502 58.944466 2.000000
v -45.685883 59.078472 2.000000
v -45.500732 58.801376 2.000000
v -48.532040 60.866245 2.000000
v -48.243721 61.002613 2.000000
v -47.943424 61.110062 2.000000
v -47.634045 61.187553 2.000000
v -47.318554 61.234356 2.000000
v -47.000000 61.249996 2.000000
v -46.681446 61.234356 2.000000
v -46.365955 61.187553 2.000000
v -46.056576 61.110062 2.000000
v -45.756279 61.002613 2.000000
v -45.467960 60.866245 2.000000
v -45.194397 60.702278 2.000000
v -44.938221 55.487717 2.000000
v -44.701904 55.701908 2.000000
v -44.487717 55.938221 2.000000
v -44.297722 56.194401 2.000000
v -44.133755 56.467960 2.000000
v -43.997391 56.756283 2.000000
v -43.889942 57.056576 2.000000
v -44.701904 60.298092 2.000000
v -44.133755 59.532040 2.000000
v -44.297722 59.805599 2.000000
v -44.487717 60.061779 2.000000
v -43.812447 57.365959 2.000000
v -43.765648 57.681446 2.000000
v -43.750000 58.000000 2.000000
v -43.765648 58.318554 2.000000
v -43.812447 58.634041 2.000000
v -43.889942 58.943424 2.000000
v -43.997391 59.243717 2.000000
v -44.938221 60.512283 2.000000
v -29.332582 107.336281 0.000000
v -27.668301 107.459045 0.000000
v -26.000000 107.500008 0.000000
v -2.153116 92.346863 0.000000
v -1.984323 91.939354 0.000000
v -2.078729 92.138962 0.000000
v -2.239166 92.779465 0.000000
v -2.206767 92.561050 0.000000
v -2.250000 93.000000 0.000000
v -2.239166 93.220535 0.000000
v -2.206767 93.438950 0.000000
v -2.153116 93.653137 0.000000
v -2.078729 93.861038 0.000000
v -1.984323 94.060646 0.000000
v -1.590990 91.409012 0.000000
v -1.427385 91.260727 0.000000
v -1.870807 91.749969 0.000000
v -1.739274 91.572617 0.000000
v -1.250033 91.129196 0.000000
v -1.060643 91.015678 0.000000
v -0.861038 90.921272 0.000000
v -0.653141 90.846886 0.000000
v -0.438953 90.793236 0.000000
v -0.220539 90.760834 0.000000
v -1.870807 94.250031 0.000000
v -1.739274 94.427383 0.000000
v -1.590990 94.590988 0.000000
v -1.427385 94.739273 0.000000
v -1.250033 94.870804 0.000000
v -1.060643 94.984322 0.000000
v -0.861038 95.078728 0.000000
v -0.653141 95.153114 0.000000
v -0.438953 95.206764 0.000000
v -0.220539 95.239166 0.000000
v -56.650002 51.000000 4.000000
v -54.000000 51.000000 4.000000
v -56.650002 51.000000 7.000000
v -54.000000 51.000000 7.000000
v -56.650002 65.000000 4.000000
v -54.000000 65.000000 4.000000
v -60.000000 73.500000 4.000000
v -56.650002 73.500000 4.000000
v -59.959045 75.168304 4.000000
v -59.836281 76.832581 4.000000
v -59.632000 78.488838 4.000000
v -59.346703 80.133072 4.000000
v -56.613083 75.003922 4.000000
v -56.502415 76.504227 4.000000
v -56.318260 77.997292 4.000000
v -54.000000 73.500000 4.000000
v -56.061069 79.479515 4.000000
v -53.966270 74.873894 4.000000
v -53.865170 76.244476 4.000000
v -53.696941 77.608452 4.000000
v -53.461987 78.962532 4.000000
v -53.160873 80.303444 4.000000
v -48.413498 57.055534 4.000000
v -48.314117 56.921528 4.000000
v -48.078468 56.685883 4.000000
v -48.202080 56.797920 4.000000
v -47.944469 56.586502 4.000000
v -47.801376 56.500729 4.000000
v -47.650562 56.429409 4.000000
v -47.493484 56.373203 4.000000
v -47.331654 56.332664 4.000000
v -47.166630 56.308186 4.000000
v -47.000000 56.299999 4.000000
v -48.570595 57.349442 4.000000
v -48.626797 57.506516 4.000000
v -48.667336 57.668346 4.000000
v -48.691814 57.833370 4.000000
v -48.499268 57.198624 4.000000
v -48.700001 58.000000 4.000000
v -48.691814 58.166630 4.000000
v -48.667336 58.331654 4.000000
v -48.626797 58.493484 4.000000
v -48.570595 58.650558 4.000000
v -48.499268 58.801376 4.000000
v -48.413498 58.944466 4.000000
v -48.314117 59.078472 4.000000
v -48.202080 59.202080 4.000000
v -48.078468 59.314117 4.000000
v -47.944469 59.413498 4.000000
v -47.801376 59.499271 4.000000
v -47.650562 59.570591 4.000000
v -47.493484 59.626797 4.000000
v -47.331654 59.667336 4.000000
v -47.166630 59.691814 4.000000
v -47.000000 59.700001 4.000000
v -46.833370 56.308186 4.000000
v -46.668346 56.332664 4.000000
v -46.506516 56.373203 4.000000
v -46.349438 56.429409 4.000000
v -46.198624 56.500729 4.000000
v -46.055531 56.586502 4.000000
v -45.921532 56.685883 4.000000
v -45.797920 56.797920 4.000000
v -45.685883 56.921528 4.000000
v -45.586502 57.055534 4.000000
v -46.506516 59.626797 4.000000
v -46.833370 59.691814 4.000000
v -46.668346 59.667336 4.000000
v -46.349438 59.570591 4.000000
v -46.198624 59.499271 4.000000
v -46.055531 59.413498 4.000000
v -45.500732 57.198624 4.000000
v -45.429405 57.349442 4.000000
v -45.373203 57.506516 4.000000
v -45.332664 57.668346 4.000000
v -45.308186 57.833370 4.000000
v -45.299999 58.000000 4.000000
v -45.308186 58.166630 4.000000
v -45.332664 58.331654 4.000000
v -45.373203 58.493484 4.000000
v -45.429405 58.650558 4.000000
v -45.797920 59.202080 4.000000
v -45.921532 59.314117 4.000000
v -45.586502 58.944466 4.000000
v -45.685883 59.078472 4.000000
v -45.500732 58.801376 4.000000
v -58.981064 81.761330 4.000000
v -58.535973 83.369682 4.000000
v -58.012501 84.954254 4.000000
v -57.411903 86.511238 4.000000
v -56.735634 88.036873 4.000000
v -55.731457 80.947342 4.000000
v -55.330219 82.397224 4.000000
v -54.858322 83.825676 4.000000
v -52.794331 81.627968 4.000000
v -54.316910 85.229248 4.000000
v -53.707272 86.604561 4.000000
v -55.985325 89.527489 4.000000
v -55.162769 90.979492 4.000000
v -53.030888 87.948311 4.000000
v -54.269966 92.389389 4.000000
v -53.309055 93.753777 4.000000
v -52.363235 82.932915 4.000000
v -51.868626 84.215134 4.000000
v -51.311699 85.471542 4.000000
v -50.693794 86.699112 4.000000
v -52.289383 89.257248 4.000000
v -51.484543 90.528229 4.000000
v -50.016399 87.894875 4.000000
v -49.281151 89.055969 4.000000
v -50.618309 91.758186 4.000000
v -49.692772 92.944153 4.000000
v -48.489811 90.179581 4.000000
v -47.644291 91.263016 4.000000
v -46.746632 92.303650 4.000000
v -45.798988 93.298988 4.000000
v -52.282356 95.069374 4.000000
v -51.192337 96.333008 4.000000
v -50.041630 97.541634 4.000000
v -48.833004 98.692337 4.000000
v -48.710152 94.083282 4.000000
v -47.672821 95.172821 4.000000
v -47.569370 99.782356 4.000000
v -46.583282 96.210152 4.000000
v -45.444153 97.192772 4.000000
v -46.253777 100.809059 4.000000
v -44.803650 94.246628 4.000000
v -43.763012 95.144295 4.000000
v -44.258183 98.118309 4.000000
v -42.679581 95.989807 4.000000
v -41.555965 96.781151 4.000000
v -43.028229 98.984543 4.000000
v -41.757248 99.789383 4.000000
v -44.889389 101.769966 4.000000
v -43.479492 102.662773 4.000000
v -42.027489 103.485321 4.000000
v -40.394878 97.516403 4.000000
v -40.448311 100.530884 4.000000
v -39.199108 98.193794 4.000000
v -37.971542 98.811699 4.000000
v -40.536873 104.235634 4.000000
v -39.104565 101.207275 4.000000
v -37.729248 101.816910 4.000000
v -39.011238 104.911903 4.000000
v -36.715137 99.368629 4.000000
v -35.432915 99.863235 4.000000
v -34.127972 100.294327 4.000000
v -36.325672 102.358322 4.000000
v -37.454254 105.512497 4.000000
v -35.869678 106.035973 4.000000
v -34.897224 102.830223 4.000000
v -34.261326 106.481064 4.000000
v -32.803444 100.660873 4.000000
v -33.447342 103.231461 4.000000
v -31.979521 103.561066 4.000000
v -32.633072 106.846703 4.000000
v -31.462528 100.961990 4.000000
v -30.108454 101.196945 4.000000
v -30.497290 103.818260 4.000000
v -30.988834 107.132004 4.000000
v -56.650002 65.000000 7.000000
v -54.000000 65.000000 7.000000
v -56.650002 73.500000 7.000000
v -56.613083 75.003922 7.000000
v -56.502415 76.504227 7.000000
v -56.318260 77.997292 7.000000
v -54.000000 73.500000 7.000000
v -56.061069 79.479515 7.000000
v -53.966270 74.873894 7.000000
v -53.865170 76.244476 7.000000
v -53.696941 77.608452 7.000000
v -53.461987 78.962532 7.000000
v -53.160873 80.303444 7.000000
v -55.731457 80.947342 7.000000
v -55.330219 82.397224 7.000000
v -54.858322 83.825676 7.000000
v -52.794331 81.627968 7.000000
v -54.316910 85.229248 7.000000
v -53.707272 86.604561 7.000000
v -53.030888 87.948311 7.000000
v -52.363235 82.932915 7.000000
v -51.868626 84.215134 7.000000
v -51.311699 85.471542 7.000000
v -50.693794 86.699112 7.000000
v -52.289383 89.257248 7.000000
v -51.484543 90.528229 7.000000
v -50.016399 87.894875 7.000000
v -49.281151 89.055969 7.000000
v -50.618309 91.758186 7.000000
v -49.692772 92.944153 7.000000
v -48.489811 90.179581 7.000000
v -47.644291 91.263016 7.000000
v -46.746632 92.303650 7.000000
v -45.798988 93.298988 7.000000
v -48.710152 94.083282 7.000000
v -47.672821 95.172821 7.000000
v -46.583282 96.210152 7.000000
v -45.444153 97.192772 7.000000
v -44.803650 94.246628 7.000000
v -43.763012 95.144295 7.000000
v -44.258183 98.118309 7.000000
v -42.679581 95.989807 7.000000
v -41.555965 96.781151 7.000000
v -43.028229 98.984543 7.000000
v -41.757248 99.789383 7.000000
v -40.394878 97.516403 7.000000
v -40.448311 100.530884 7.000000
v -39.199108 98.193794 7.000000
v -37.971542 98.811699 7.000000
v -39.104565 101.207275 7.000000
v -37.729248 101.816910 7.000000
v -36.715137 99.368629 7.000000
v -35.432915 99.863235 7.000000
v -34.127972 100.294327 7.000000
v -36.325672 102.358322 7.000000
v -34.897224 102.830223 7.000000
v -32.803444 100.660873 7.000000
v -33.447342 103.231461 7.000000
v -31.979521 103.561066 7.000000
v -31.462528 100.961990 7.000000
v -30.108454 101.196945 7.000000
v -30.497290 103.818260 7.000000
v -28.744480 101.365173 4.000000
v -29.004225 104.002411 4.000000
v -29.332582 107.336281 4.000000
v -27.373894 101.466270 4.000000
v -27.503923 104.113083 4.000000
v -27.668301 107.459045 4.000000
v -26.000000 101.500000 4.000000
v -26.000000 104.150002 4.000000
v -26.000000 107.500008 4.000000
v -2.153116 92.346863 4.000000
v -1.984323 91.939354 4.000000
v -2.078729 92.138962 4.000000
v -2.239166 92.779465 4.000000
v -2.206767 92.561050 4.000000
v -2.250000 93.000000 4.000000
v -2.239166 93.220535 4.000000
v -2.206767 93.438950 4.000000
v -2.153116 93.653137 4.000000
v -2.078729 93.861038 4.000000
v -1.984323 94.060646 4.000000
v -1.590990 91.409012 4.000000
v -1.427385 91.260727 4.000000
v -1.870807 91.749969 4.000000
v -1.739274 91.572617 4.000000
v -1.250033 91.129196 4.000000
v -1.060643 91.015678 4.000000
v -0.861038 90.921272 4.000000
v -0.653141 90.846886 4.000000
v -0.438953 90.793236 4.000000
v -0.220539 90.760834 4.000000
v -1.870807 94.250031 4.000000
v -1.739274 94.427383 4.000000
v -1.590990 94.590988 4.000000
v -1.427385 94.739273 4.000000
v -1.250033 94.870804 4.000000
v -1.060643 94.984322 4.000000
v -0.861038 95.078728 4.000000
v -0.653141 95.153114 4.000000
v -0.438953 95.206764 4.000000
v -0.220539 95.239166 4.000000
v -28.744480 101.365173 7.000000
v -29.004225 104.002411 7.000000
v -27.373894 101.466270 7.000000
v -27.503923 104.113083 7.000000
v -26.000000 101.500000 7.000000
v -26.000000 104.150002 7.000000
v 0.000000 -95.250000 0.000000
v 0.220539 -95.239166 0.000000
v 0.438953 -95.206764 0.000000
v 0.653141 -95.153114 0.000000
v 0.861038 -95.078728 0.000000
v 1.060643 -94.984322 0.000000
v 1.250033 -94.870804 0.000000
v 1.427385 -94.739273 0.000000
v 1.590990 -94.590988 0.000000
v 1.739274 -94.427383 0.000000
v 1.870807 -94.250031 0.000000
v 5.500000 -107.500008 0.000000
v 5.500000 -101.500000 0.000000
v 0.000000 -90.750000 0.000000
v 0.220539 -90.760834 0.000000
v 0.438953 -90.793236 0.000000
v 0.653141 -90.846886 0.000000
v 0.861038 -90.921272 0.000000
v 1.060643 -91.015678 0.000000
v 1.250033 -91.129196 0.000000
v 1.739274 -91.572617 0.000000
v 1.870807 -91.749969 0.000000
v 1.427385 -91.260727 0.000000
v 1.590990 -91.409012 0.000000
v 1.984323 -94.060646 0.000000
v 2.078729 -93.861038 0.000000
v 2.153116 -93.653137 0.000000
v 2.206767 -93.438950 0.000000
v 2.239166 -93.220535 0.000000
v 2.250000 -93.000000 0.000000
v 2.206767 -92.561050 0.000000
v 2.239166 -92.779465 0.000000
v 2.078729 -92.138962 0.000000
v 1.984323 -91.939354 0.000000
v 2.153116 -92.346863 0.000000
v 26.000000 -107.500008 0.000000
v 27.668301 -107.459045 0.000000
v 29.332582 -107.336281 0.000000
v 30.988834 -107.132004 0.000000
v 32.633072 -106.846703 0.000000
v 34.261326 -106.481064 0.000000
v 35.869678 -106.035973 0.000000
v 37.454254 -105.512497 0.000000
v 39.011238 -104.911903 0.000000
v 40.536873 -104.235634 0.000000
v 42.027489 -103.485321 0.000000
v 43.479492 -102.662773 0.000000
v 44.889389 -101.769966 0.000000
v 44.938221 -60.512283 0.000000
v 43.997391 -59.243717 0.000000
v 43.889942 -58.943424 0.000000
v 43.812447 -58.634041 0.000000
v 43.765648 -58.318554 0.000000
v 43.750000 -58.000000 0.000000
v 43.765648 -57.681446 0.000000
v 43.812447 -57.365959 0.000000
v 44.487717 -60.061779 0.000000
v 44.297722 -59.805599 0.000000
v 44.133755 -59.532040 0.000000
v 44.701904 -60.298092 0.000000
v 43.889942 -57.056576 0.000000
v 43.997391 -56.756283 0.000000
v 44.133755 -56.467960 0.000000
v 44.297722 -56.194401 0.000000
v 44.487717 -55.938221 0.000000
v 44.701904 -55.701908 0.000000
v 44.938221 -55.487717 0.000000
v 46.253777 -100.809059 0.000000
v 47.569370 -99.782356 0.000000
v 48.833004 -98.692337 0.000000
v 50.041630 -97.541634 0.000000
v 51.192337 -96.333008 0.000000
v 52.282356 -95.069374 0.000000
v 53.309055 -93.753777 0.000000
v 54.269966 -92.389389 0.000000
v 55.162769 -90.979492 0.000000
v 55.985325 -89.527489 0.000000
v 56.735634 -88.036873 0.000000
v 57.411903 -86.511238 0.000000
v 58.012501 -84.954254 0.000000
v 58.535973 -83.369682 0.000000
v 58.981064 -81.761330 0.000000
v 45.194397 -60.702278 0.000000
v 45.467960 -60.866245 0.000000
v 45.756279 -61.002613 0.000000
v 46.056576 -61.110062 0.000000
v 46.365955 -61.187553 0.000000
v 46.681446 -61.234356 0.000000
v 47.000000 -61.249996 0.000000
v 47.318554 -61.234356 0.000000
v 47.634045 -61.187553 0.000000
v 47.943424 -61.110062 0.000000
v 48.243721 -61.002613 0.000000
v 48.532040 -60.866245 0.000000
v 45.194397 -55.297722 0.000000
v 45.467960 -55.133755 0.000000
v 45.756279 -54.997387 0.000000
v 46.056576 -54.889938 0.000000
v 46.365955 -54.812447 0.000000
v 46.681446 -54.765644 0.000000
v 47.000000 -54.750004 0.000000
v 47.318554 -54.765644 0.000000
v 47.634045 -54.812447 0.000000
v 47.943424 -54.889938 0.000000
v 48.243721 -54.997387 0.000000
v 48.532040 -55.133755 0.000000
v 48.805603 -60.702278 0.000000
v 49.061779 -60.512283 0.000000
v 49.298096 -60.298092 0.000000
v 49.512283 -60.061779 0.000000
v 49.702278 -59.805599 0.000000
v 49.866245 -59.532040 0.000000
v 50.002609 -59.243717 0.000000
v 50.110058 -58.943424 0.000000
v 50.187553 -58.634041 0.000000
v 50.234352 -58.318554 0.000000
v 50.250000 -58.000000 0.000000
v 50.234352 -57.681446 0.000000
v 50.187553 -57.365959 0.000000
v 49.061779 -55.487717 0.000000
v 49.298096 -55.701908 0.000000
v 49.512283 -55.938221 0.000000
v 48.805603 -55.297722 0.000000
v 49.866245 -56.467960 0.000000
v 50.002609 -56.756283 0.000000
v 50.110058 -57.056576 0.000000
v 49.702278 -56.194401 0.000000
v 59.346703 -80.133072 0.000000
v 59.632000 -78.488838 0.000000
v 59.836281 -76.832581 0.000000
v 59.959045 -75.168304 0.000000
v 60.000000 -73.500000 0.000000
v 44.938221 -60.512283 2.000000
v 43.997391 -59.243717 2.000000
v 43.889942 -58.943424 2.000000
v 43.812447 -58.634041 2.000000
v 43.765648 -58.318554 2.000000
v 43.750000 -58.000000 2.000000
v 43.765648 -57.681446 2.000000
v 43.812447 -57.365959 2.000000
v 44.487717 -60.061779 2.000000
v 44.297722 -59.805599 2.000000
v 44.133755 -59.532040 2.000000
v 44.701904 -60.298092 2.000000
v 43.889942 -57.056576 2.000000
v 43.997391 -56.756283 2.000000
v 44.133755 -56.467960 2.000000
v 44.297722 -56.194401 2.000000
v 44.487717 -55.938221 2.000000
v 44.701904 -55.701908 2.000000
v 44.938221 -55.487717 2.000000
v 45.194397 -60.702278 2.000000
v 45.467960 -60.866245 2.000000
v 45.756279 -61.002613 2.000000
v 46.056576 -61.110062 2.000000
v 46.365955 -61.187553 2.000000
v 46.681446 -61.234356 2.000000
v 47.000000 -61.249996 2.000000
v 47.318554 -61.234356 2.000000
v 47.634045 -61.187553 2.000000
v 47.943424 -61.110062 2.000000
v 48.243721 -61.002613 2.000000
v 48.532040 -60.866245 2.000000
v 45.500732 -58.801376 2.000000
v 45.685883 -59.078472 2.000000
v 45.586502 -58.944466 2.000000
v 45.921532 -59.314117 2.000000
v 45.797920 -59.202080 2.000000
v 45.429405 -58.650558 2.000000
v 45.373203 -58.493484 2.000000
v 45.332664 -58.331654 2.000000
v 45.308186 -58.166630 2.000000
v 45.299999 -58.000000 2.000000
v 45.308186 -57.833370 2.000000
v 45.332664 -57.668346 2.000000
v 45.373203 -57.506516 2.000000
v 45.429405 -57.349442 2.000000
v 45.500732 -57.198624 2.000000
v 46.055531 -59.413498 2.000000
v 46.198624 -59.499271 2.000000
v 46.349438 -59.570591 2.000000
v 46.668346 -59.667336 2.000000
v 46.833370 -59.691814 2.000000
v 46.506516 -59.626797 2.000000
v 45.586502 -57.055534 2.000000
v 45.685883 -56.921528 2.000000
v 45.797920 -56.797920 2.000000
v 45.921532 -56.685883 2.000000
v 45.194397 -55.297722 2.000000
v 45.467960 -55.133755 2.000000
v 45.756279 -54.997387 2.000000
v 46.055531 -56.586502 2.000000
v 46.198624 -56.500729 2.000000
v 46.349438 -56.429409 2.000000
v 46.506516 -56.373203 2.000000
v 46.668346 -56.332664 2.000000
v 46.833370 -56.308186 2.000000
v 46.056576 -54.889938 2.000000
v 46.365955 -54.812447 2.000000
v 46.681446 -54.765644 2.000000
v 47.000000 -59.700001 2.000000
v 47.166630 -59.691814 2.000000
v 47.331654 -59.667336 2.000000
v 47.493484 -59.626797 2.000000
v 47.650562 -59.570591 2.000000
v 47.801376 -59.499271 2.000000
v 47.944469 -59.413498 2.000000
v 48.078468 -59.314117 2.000000
v 48.202080 -59.202080 2.000000
v 48.314117 -59.078472 2.000000
v 48.413498 -58.944466 2.000000
v 48.499268 -58.801376 2.000000
v 48.570595 -58.650558 2.000000
v 48.626797 -58.493484 2.000000
v 48.667336 -58.331654 2.000000
v 48.691814 -58.166630 2.000000
v 48.700001 -58.000000 2.000000
v 48.499268 -57.198624 2.000000
v 48.691814 -57.833370 2.000000
v 48.667336 -57.668346 2.000000
v 48.570595 -57.349442 2.000000
v 48.626797 -57.506516 2.000000
v 47.000000 -56.299999 2.000000
v 47.166630 -56.308186 2.000000
v 47.331654 -56.332664 2.000000
v 47.493484 -56.373203 2.000000
v 47.650562 -56.429409 2.000000
v 47.801376 -56.500729 2.000000
v 47.000000 -54.750004 2.000000
v 47.318554 -54.765644 2.000000
v 47.634045 -54.812447 2.000000
v 47.944469 -56.586502 2.000000
v 48.202080 -56.797920 2.000000
v 48.078468 -56.685883 2.000000
v 48.314117 -56.921528 2.000000
v 48.413498 -57.055534 2.000000
v 47.943424 -54.889938 2.000000
v 48.243721 -54.997387 2.000000
v 48.532040 -55.133755 2.000000
v 48.805603 -60.702278 2.000000
v 49.061779 -60.512283 2.000000
v 49.298096 -60.298092 2.000000
v 49.512283 -60.061779 2.000000
v 49.702278 -59.805599 2.000000
v 49.866245 -59.532040 2.000000
v 50.002609 -59.243717 2.000000
v 50.110058 -58.943424 2.000000
v 50.187553 -58.634041 2.000000
v 50.234352 -58.318554 2.000000
v 50.250000 -58.000000 2.000000
v 50.234352 -57.681446 2.000000
v 50.187553 -57.365959 2.000000
v 49.061779 -55.487717 2.000000
v 49.298096 -55.701908 2.000000
v 49.512283 -55.938221 2.000000
v 48.805603 -55.297722 2.000000
v 49.866245 -56.467960 2.000000
v 50.002609 -56.756283 2.000000
v 50.110058 -57.056576 2.000000
v 49.702278 -56.194401 2.000000
v 0.000000 -95.250000 4.000000
v 0.220539 -95.239166 4.000000
v 0.438953 -95.206764 4.000000
v 0.653141 -95.153114 4.000000
v 0.861038 -95.078728 4.000000
v 1.060643 -94.984322 4.000000
v 1.250033 -94.870804 4.000000
v 1.427385 -94.739273 4.000000
v 1.590990 -94.590988 4.000000
v 1.739274 -94.427383 4.000000
v 1.870807 -94.250031 4.000000
v 5.500000 -107.500008 4.000000
v 5.500000 -104.150002 4.000000
v 5.500000 -101.500000 4.000000
v 0.000000 -90.750000 4.000000
v 0.220539 -90.760834 4.000000
v 0.438953 -90.793236 4.000000
v 0.653141 -90.846886 4.000000
v 0.861038 -90.921272 4.000000
v 1.060643 -91.015678 4.000000
v 1.250033 -91.129196 4.000000
v 1.739274 -91.572617 4.000000
v 1.870807 -91.749969 4.000000
v 1.427385 -91.260727 4.000000
v 1.590990 -91.409012 4.000000
v 1.984323 -94.060646 4.000000
v 2.078729 -93.861038 4.000000
v 2.153116 -93.653137 4.000000
v 2.206767 -93.438950 4.000000
v 2.239166 -93.220535 4.000000
v 2.250000 -93.000000 4.000000
v 2.206767 -92.561050 4.000000
v 2.239166 -92.779465 4.000000
v 2.078729 -92.138962 4.000000
v 1.984323 -91.939354 4.000000
v 2.153116 -92.346863 4.000000
v 26.000000 -107.500008 4.000000
v 26.000000 -104.150002 4.000000
v 26.000000 -101.500000 4.000000
v 27.668301 -107.459045 4.000000
v 27.503923 -104.113083 4.000000
v 27.373894 -101.466270 4.000000
v 29.332582 -107.336281 4.000000
v 29.004225 -104.002411 4.000000
v 28.744480 -101.365173 4.000000
v 5.500000 -104.150002 7.000000
v 5.500000 -101.500000 7.000000
v 26.000000 -104.150002 7.000000
v 26.000000 -101.500000 7.000000
v 27.503923 -104.113083 7.000000
v 27.373894 -101.466270 7.000000
v 29.004225 -104.002411 7.000000
v 28.744480 -101.365173 7.000000
v 30.988834 -107.132004 4.000000
v 30.497290 -103.818260 4.000000
v 30.108454 -101.196945 4.000000
v 31.462528 -100.961990 4.000000
v 32.633072 -106.846703 4.000000
v 31.979521 -103.561066 4.000000
v 33.447342 -103.231461 4.000000
v 32.803444 -100.660873 4.000000
v 34.261326 -106.481064 4.000000
v 34.897224 -102.830223 4.000000
v 35.869678 -106.035973 4.000000
v 37.454254 -105.512497 4.000000
v 36.325672 -102.358322 4.000000
v 34.127972 -100.294327 4.000000
v 35.432915 -99.863235 4.000000
v 36.715137 -99.368629 4.000000
v 39.011238 -104.911903 4.000000
v 37.729248 -101.816910 4.000000
v 39.104565 -101.207275 4.000000
v 40.536873 -104.235634 4.000000
v 37.971542 -98.811699 4.000000
v 39.199108 -98.193794 4.000000
v 40.448311 -100.530884 4.000000
v 40.394878 -97.516403 4.000000
v 42.027489 -103.485321 4.000000
v 43.479492 -102.662773 4.000000
v 44.889389 -101.769966 4.000000
v 41.757248 -99.789383 4.000000
v 43.028229 -98.984543 4.000000
v 41.555965 -96.781151 4.000000
v 42.679581 -95.989807 4.000000
v 44.258183 -98.118309 4.000000
v 43.763012 -95.144295 4.000000
v 44.803650 -94.246628 4.000000
v 46.253777 -100.809059 4.000000
v 45.444153 -97.192772 4.000000
v 46.583282 -96.210152 4.000000
v 47.569370 -99.782356 4.000000
v 47.672821 -95.172821 4.000000
v 48.710152 -94.083282 4.000000
v 48.833004 -98.692337 4.000000
v 50.041630 -97.541634 4.000000
v 51.192337 -96.333008 4.000000
v 52.282356 -95.069374 4.000000
v 45.798988 -93.298988 4.000000
v 46.746632 -92.303650 4.000000
v 47.644291 -91.263016 4.000000
v 48.489811 -90.179581 4.000000
v 49.692772 -92.944153 4.000000
v 50.618309 -91.758186 4.000000
v 49.281151 -89.055969 4.000000
v 50.016399 -87.894875 4.000000
v 51.484543 -90.528229 4.000000
v 52.289383 -89.257248 4.000000
v 50.693794 -86.699112 4.000000
v 51.311699 -85.471542 4.000000
v 51.868626 -84.215134 4.000000
v 52.363235 -82.932915 4.000000
v 53.309055 -93.753777 4.000000
v 54.269966 -92.389389 4.000000
v 53.030888 -87.948311 4.000000
v 55.162769 -90.979492 4.000000
v 55.985325 -89.527489 4.000000
v 53.707272 -86.604561 4.000000
v 54.316910 -85.229248 4.000000
v 52.794331 -81.627968 4.000000
v 54.858322 -83.825676 4.000000
v 55.330219 -82.397224 4.000000
v 55.731457 -80.947342 4.000000
v 56.735634 -88.036873 4.000000
v 57.411903 -86.511238 4.000000
v 58.012501 -84.954254 4.000000
v 58.535973 -83.369682 4.000000
v 58.981064 -81.761330 4.000000
v 45.500732 -58.801376 4.000000
v 45.685883 -59.078472 4.000000
v 45.586502 -58.944466 4.000000
v 45.921532 -59.314117 4.000000
v 45.797920 -59.202080 4.000000
v 45.429405 -58.650558 4.000000
v 45.373203 -58.493484 4.000000
v 45.332664 -58.331654 4.000000
v 45.308186 -58.166630 4.000000
v 45.299999 -58.000000 4.000000
v 45.308186 -57.833370 4.000000
v 45.332664 -57.668346 4.000000
v 45.373203 -57.506516 4.000000
v 45.429405 -57.349442 4.000000
v 45.500732 -57.198624 4.000000
v 46.055531 -59.413498 4.000000
v 46.198624 -59.499271 4.000000
v 46.349438 -59.570591 4.000000
v 46.668346 -59.667336 4.000000
v 46.833370 -59.691814 4.000000
v 46.506516 -59.626797 4.000000
v 45.586502 -57.055534 4.000000
v 45.685883 -56.921528 4.000000
v 45.797920 -56.797920 4.000000
v 45.921532 -56.685883 4.000000
v 46.055531 -56.586502 4.000000
v 46.198624 -56.500729 4.000000
v 46.349438 -56.429409 4.000000
v 46.506516 -56.373203 4.000000
v 46.668346 -56.332664 4.000000
v 46.833370 -56.308186 4.000000
v 47.000000 -59.700001 4.000000
v 47.166630 -59.691814 4.000000
v 47.331654 -59.667336 4.000000
v 47.493484 -59.626797 4.000000
v 47.650562 -59.570591 4.000000
v 47.801376 -59.499271 4.000000
v 47.944469 -59.413498 4.000000
v 48.078468 -59.314117 4.000000
v 48.202080 -59.202080 4.000000
v 48.314117 -59.078472 4.000000
v 48.413498 -58.944466 4.000000
v 48.499268 -58.801376 4.000000
v 48.570595 -58.650558 4.000000
v 48.626797 -58.493484 4.000000
v 48.667336 -58.331654 4.000000
v 48.691814 -58.166630 4.000000
v 48.700001 -58.000000 4.000000
v 48.499268 -57.198624 4.000000
v 48.691814 -57.833370 4.000000
v 48.667336 -57.668346 4.000000
v 48.626797 -57.506516 4.000000
v 48.570595 -57.349442 4.000000
v 47.000000 -56.299999 4.000000
v 47.166630 -56.308186 4.000000
v 47.331654 -56.332664 4.000000
v 47.493484 -56.373203 4.000000
v 47.650562 -56.429409 4.000000
v 47.801376 -56.500729 4.000000
v 47.944469 -56.586502 4.000000
v 48.202080 -56.797920 4.000000
v 48.078468 -56.685883 4.000000
v 48.314117 -56.921528 4.000000
v 48.413498 -57.055534 4.000000
v 53.160873 -80.303444 4.000000
v 53.461987 -78.962532 4.000000
v 53.696941 -77.608452 4.000000
v 53.865170 -76.244476 4.000000
v 53.966270 -74.873894 4.000000
v 56.061069 -79.479515 4.000000
v 54.000000 -73.500000 4.000000
v 56.318260 -77.997292 4.000000
v 56.502415 -76.504227 4.000000
v 56.613083 -75.003922 4.000000
v 59.346703 -80.133072 4.000000
v 59.632000 -78.488838 4.000000
v 59.836281 -76.832581 4.000000
v 59.959045 -75.168304 4.000000
v 56.650002 -73.500000 4.000000
v 60.000000 -73.500000 4.000000
v 54.000000 -65.000000 4.000000
v 56.650002 -65.000000 4.000000
v 30.497290 -103.818260 7.000000
v 30.108454 -101.196945 7.000000
v 31.462528 -100.961990 7.000000
v 31.979521 -103.561066 7.000000
v 33.447342 -103.231461 7.000000
v 32.803444 -100.660873 7.000000
v 34.897224 -102.830223 7.000000
v 36.325672 -102.358322 7.000000
v 34.127972 -100.294327 7.000000
v 35.432915 -99.863235 7.000000
v 36.715137 -99.368629 7.000000
v 37.729248 -101.816910 7.000000
v 39.104565 -101.207275 7.000000
v 37.971542 -98.811699 7.000000
v 39.199108 -98.193794 7.000000
v 40.448311 -100.530884 7.000000
v 40.394878 -97.516403 7.000000
v 41.757248 -99.789383 7.000000
v 43.028229 -98.984543 7.000000
v 41.555965 -96.781151 7.000000
v 42.679581 -95.989807 7.000000
v 44.258183 -98.118309 7.000000
v 43.763012 -95.144295 7.000000
v 44.803650 -94.246628 7.000000
v 45.444153 -97.192772 7.000000
v 46.583282 -96.210152 7.000000
v 47.672821 -95.172821 7.000000
v 48.710152 -94.083282 7.000000
v 45.798988 -93.298988 7.000000
v 46.746632 -92.303650 7.000000
v 47.644291 -91.263016 7.000000
v 48.489811 -90.179581 7.000000
v 49.692772 -92.944153 7.000000
v 50.618309 -91.758186 7.000000
v 49.281151 -89.055969 7.000000
v 50.016399 -87.894875 7.000000
v 51.484543 -90.528229 7.000000
v 52.289383 -89.257248 7.000000
v 50.693794 -86.699112 7.000000
v 51.311699 -85.471542 7.000000
v 51.868626 -84.215134 7.000000
v 52.363235 -82.932915 7.000000
v 53.030888 -87.948311 7.000000
v 53.707272 -86.604561 7.000000
v 54.316910 -85.229248 7.000000
v 52.794331 -81.627968 7.000000
v 54.858322 -83.825676 7.000000
v 55.330219 -82.397224 7.000000
v 55.731457 -80.947342 7.000000
v 53.160873 -80.303444 7.000000
v 53.461987 -78.962532 7.000000
v 53.696941 -77.608452 7.000000
v 53.865170 -76.244476 7.000000
v 53.966270 -74.873894 7.000000
v 56.061069 -79.479515 7.000000
v 54.000000 -73.500000 7.000000
v 56.318260 -77.997292 7.000000
v 56.502415 -76.504227 7.000000
v 56.613083 -75.003922 7.000000
v 56.650002 -73.500000 7.000000
v 54.000000 -65.000000 7.000000
v 56.650002 -65.000000 7.000000
v 54.000000 -51.000000 4.000000
v 56.650002 -51.000000 4.000000
v 54.000000 -51.000000 7.000000
v 56.650002 -51.000000 7.000000
v 0.000000 90.750000 0.000000
v 0.220539 90.760834 0.000000
v 0.438953 90.793236 0.000000
v 0.653141 90.846886 0.000000
v 0.861038 90.921272 0.000000
v 1.060643 91.015678 0.000000
v 1.250033 91.129196 0.000000
v 1.427385 91.260727 0.000000
v 1.590990 91.409012 0.000000
v 1.739274 91.572617 0.000000
v 1.870807 91.749969 0.000000
v 1.984323 91.939354 0.000000
v 2.078729 92.138962 0.000000
v 2.153116 92.346863 0.000000
v 2.206767 92.561050 0.000000
v 2.239166 92.779465 0.000000
v 2.250000 93.000000 0.000000
v 2.239166 93.220535 0.000000
v 1.984323 94.060646 0.000000
v 2.078729 93.861038 0.000000
v 2.206767 93.438950 0.000000
v 2.153116 93.653137 0.000000
v 0.000000 95.250000 0.000000
v 0.220539 95.239166 0.000000
v 0.438953 95.206764 0.000000
v 0.653141 95.153114 0.000000
v 0.861038 95.078728 0.000000
v 1.250033 94.870804 0.000000
v 1.060643 94.984322 0.000000
v 1.427385 94.739273 0.000000
v 1.590990 94.590988 0.000000
v 1.739274 94.427383 0.000000
v 1.870807 94.250031 0.000000
v 26.000000 107.500008 0.000000
v 27.668301 107.459045 0.000000
v 29.332582 107.336281 0.000000
v 43.889942 57.056576 0.000000
v 43.997391 56.756283 0.000000
v 44.297722 56.194401 0.000000
v 44.487717 55.938221 0.000000
v 44.133755 56.467960 0.000000
v 44.701904 55.701908 0.000000
v 44.938221 55.487717 0.000000
v 43.812447 57.365959 0.000000
v 43.765648 57.681446 0.000000
v 43.750000 58.000000 0.000000
v 43.765648 58.318554 0.000000
v 43.812447 58.634041 0.000000
v 43.889942 58.943424 0.000000
v 43.997391 59.243717 0.000000
v 44.133755 59.532040 0.000000
v 44.297722 59.805599 0.000000
v 44.487717 60.061779 0.000000
v 44.701904 60.298092 0.000000
v 44.938221 60.512283 0.000000
v 30.988834 107.132004 0.000000
v 32.633072 106.846703 0.000000
v 34.261326 106.481064 0.000000
v 35.869678 106.035973 0.000000
v 37.454254 105.512497 0.000000
v 39.011238 104.911903 0.000000
v 40.536873 104.235634 0.000000
v 42.027489 103.485321 0.000000
v 43.479492 102.662773 0.000000
v 44.889389 101.769966 0.000000
v 45.194397 55.297722 0.000000
v 45.467960 55.133755 0.000000
v 45.756279 54.997387 0.000000
v 46.056576 54.889938 0.000000
v 46.365955 54.812447 0.000000
v 46.681446 54.765644 0.000000
v 47.000000 54.750004 0.000000
v 47.318554 54.765644 0.000000
v 47.634045 54.812447 0.000000
v 47.943424 54.889938 0.000000
v 48.243721 54.997387 0.000000
v 48.532040 55.133755 0.000000
v 45.194397 60.702278 0.000000
v 45.467960 60.866245 0.000000
v 45.756279 61.002613 0.000000
v 46.056576 61.110062 0.000000
v 46.365955 61.187553 0.000000
v 46.681446 61.234356 0.000000
v 47.000000 61.249996 0.000000
v 47.318554 61.234356 0.000000
v 47.634045 61.187553 0.000000
v 47.943424 61.110062 0.000000
v 48.243721 61.002613 0.000000
v 48.532040 60.866245 0.000000
v 48.805603 55.297722 0.000000
v 49.061779 55.487717 0.000000
v 49.298096 55.701908 0.000000
v 49.512283 55.938221 0.000000
v 49.702278 56.194401 0.000000
v 49.866245 56.467960 0.000000
v 50.002609 56.756283 0.000000
v 50.110058 57.056576 0.000000
v 49.298096 60.298092 0.000000
v 49.512283 60.061779 0.000000
v 50.187553 57.365959 0.000000
v 50.234352 57.681446 0.000000
v 50.250000 58.000000 0.000000
v 50.234352 58.318554 0.000000
v 50.187553 58.634041 0.000000
v 49.866245 59.532040 0.000000
v 50.110058 58.943424 0.000000
v 50.002609 59.243717 0.000000
v 49.702278 59.805599 0.000000
v 48.805603 60.702278 0.000000
v 49.061779 60.512283 0.000000
v 60.000000 73.500000 0.000000
v 59.959045 75.168304 0.000000
v 59.836281 76.832581 0.000000
v 59.632000 78.488838 0.000000
v 59.346703 80.133072 0.000000
v 47.569370 99.782356 0.000000
v 46.253777 100.809059 0.000000
v 48.833004 98.692337 0.000000
v 50.041630 97.541634 0.000000
v 51.192337 96.333008 0.000000
v 52.282356 95.069374 0.000000
v 53.309055 93.753777 0.000000
v 54.269966 92.389389 0.000000
v 55.985325 89.527489 0.000000
v 55.162769 90.979492 0.000000
v 58.012501 84.954254 0.000000
v 57.411903 86.511238 0.000000
v 58.981064 81.761330 0.000000
v 58.535973 83.369682 0.000000
v 56.735634 88.036873 0.000000
v 43.889942 57.056576 2.000000
v 43.997391 56.756283 2.000000
v 44.297722 56.194401 2.000000
v 44.487717 55.938221 2.000000
v 44.133755 56.467960 2.000000
v 44.701904 55.701908 2.000000
v 44.938221 55.487717 2.000000
v 43.812447 57.365959 2.000000
v 43.765648 57.681446 2.000000
v 43.750000 58.000000 2.000000
v 43.765648 58.318554 2.000000
v 43.812447 58.634041 2.000000
v 43.889942 58.943424 2.000000
v 43.997391 59.243717 2.000000
v 44.133755 59.532040 2.000000
v 44.297722 59.805599 2.000000
v 44.487717 60.061779 2.000000
v 44.701904 60.298092 2.000000
v 44.938221 60.512283 2.000000
v 45.194397 55.297722 2.000000
v 45.467960 55.133755 2.000000
v 45.756279 54.997387 2.000000
v 45.685883 56.921528 2.000000
v 45.586502 57.055534 2.000000
v 45.921532 56.685883 2.000000
v 45.797920 56.797920 2.000000
v 46.056576 54.889938 2.000000
v 46.365955 54.812447 2.000000
v 46.681446 54.765644 2.000000
v 46.055531 56.586502 2.000000
v 46.198624 56.500729 2.000000
v 46.349438 56.429409 2.000000
v 46.506516 56.373203 2.000000
v 46.668346 56.332664 2.000000
v 46.833370 56.308186 2.000000
v 45.373203 57.506516 2.000000
v 45.429405 57.349442 2.000000
v 45.332664 57.668346 2.000000
v 45.308186 57.833370 2.000000
v 45.299999 58.000000 2.000000
v 45.308186 58.166630 2.000000
v 45.332664 58.331654 2.000000
v 45.373203 58.493484 2.000000
v 45.429405 58.650558 2.000000
v 45.500732 57.198624 2.000000
v 45.500732 58.801376 2.000000
v 45.586502 58.944466 2.000000
v 45.685883 59.078472 2.000000
v 45.797920 59.202080 2.000000
v 45.921532 59.314117 2.000000
v 46.055531 59.413498 2.000000
v 46.198624 59.499271 2.000000
v 46.349438 59.570591 2.000000
v 46.506516 59.626797 2.000000
v 46.668346 59.667336 2.000000
v 46.833370 59.691814 2.000000
v 47.000000 54.750004 2.000000
v 47.318554 54.765644 2.000000
v 47.634045 54.812447 2.000000
v 47.000000 56.299999 2.000000
v 47.166630 56.308186 2.000000
v 47.331654 56.332664 2.000000
v 47.493484 56.373203 2.000000
v 47.650562 56.429409 2.000000
v 47.801376 56.500729 2.000000
v 47.943424 54.889938 2.000000
v 48.243721 54.997387 2.000000
v 48.532040 55.133755 2.000000
v 47.944469 56.586502 2.000000
v 48.078468 56.685883 2.000000
v 48.202080 56.797920 2.000000
v 48.314117 56.921528 2.000000
v 48.413498 57.055534 2.000000
v 47.000000 59.700001 2.000000
v 47.166630 59.691814 2.000000
v 47.331654 59.667336 2.000000
v 47.493484 59.626797 2.000000
v 47.650562 59.570591 2.000000
v 47.801376 59.499271 2.000000
v 48.499268 57.198624 2.000000
v 48.570595 57.349442 2.000000
v 48.626797 57.506516 2.000000
v 48.667336 57.668346 2.000000
v 48.691814 57.833370 2.000000
v 48.700001 58.000000 2.000000
v 48.667336 58.331654 2.000000
v 48.691814 58.166630 2.000000
v 48.626797 58.493484 2.000000
v 48.570595 58.650558 2.000000
v 47.944469 59.413498 2.000000
v 48.202080 59.202080 2.000000
v 48.078468 59.314117 2.000000
v 48.314117 59.078472 2.000000
v 48.413498 58.944466 2.000000
v 48.499268 58.801376 2.000000
v 45.194397 60.702278 2.000000
v 45.467960 60.866245 2.000000
v 45.756279 61.002613 2.000000
v 46.056576 61.110062 2.000000
v 46.365955 61.187553 2.000000
v 46.681446 61.234356 2.000000
v 47.000000 61.249996 2.000000
v 47.318554 61.234356 2.000000
v 47.634045 61.187553 2.000000
v 47.943424 61.110062 2.000000
v 48.243721 61.002613 2.000000
v 48.532040 60.866245 2.000000
v 48.805603 55.297722 2.000000
v 49.061779 55.487717 2.000000
v 49.298096 55.701908 2.000000
v 49.512283 55.938221 2.000000
v 49.702278 56.194401 2.000000
v 49.866245 56.467960 2.000000
v 50.002609 56.756283 2.000000
v 50.110058 57.056576 2.000000
v 49.298096 60.298092 2.000000
v 49.512283 60.061779 2.000000
v 50.187553 57.365959 2.000000
v 50.234352 57.681446 2.000000
v 50.250000 58.000000 2.000000
v 50.234352 58.318554 2.000000
v 50.187553 58.634041 2.000000
v 49.866245 59.532040 2.000000
v 50.110058 58.943424 2.000000
v 50.002609 59.243717 2.000000
v 49.702278 59.805599 2.000000
v 48.805603 60.702278 2.000000
v 49.061779 60.512283 2.000000
v 0.000000 90.750000 4.000000
v 0.220539 90.760834 4.000000
v 0.438953 90.793236 4.000000
v 0.653141 90.846886 4.000000
v 0.861038 90.921272 4.000000
v 1.060643 91.015678 4.000000
v 1.250033 91.129196 4.000000
v 1.427385 91.260727 4.000000
v 1.590990 91.409012 4.000000
v 1.739274 91.572617 4.000000
v 1.870807 91.749969 4.000000
v 1.984323 91.939354 4.000000
v 2.078729 92.138962 4.000000
v 2.153116 92.346863 4.000000
v 2.206767 92.561050 4.000000
v 2.239166 92.779465 4.000000
v 2.250000 93.000000 4.000000
v 2.239166 93.220535 4.000000
v 1.984323 94.060646 4.000000
v 2.078729 93.861038 4.000000
v 2.206767 93.438950 4.000000
v 2.153116 93.653137 4.000000
v 0.000000 95.250000 4.000000
v 0.220539 95.239166 4.000000
v 0.438953 95.206764 4.000000
v 0.653141 95.153114 4.000000
v 0.861038 95.078728 4.000000
v 1.250033 94.870804 4.000000
v 1.060643 94.984322 4.000000
v 1.427385 94.739273 4.000000
v 1.590990 94.590988 4.000000
v 1.739274 94.427383 4.000000
v 1.870807 94.250031 4.000000
v 26.000000 101.500000 4.000000
v 26.000000 104.150002 4.000000
v 26.000000 107.500008 4.000000
v 27.373894 101.466270 4.000000
v 27.503923 104.113083 4.000000
v 27.668301 107.459045 4.000000
v 28.744480 101.365173 4.000000
v 29.004225 104.002411 4.000000
v 29.332582 107.336281 4.000000
v 26.000000 101.500000 7.000000
v 26.000000 104.150002 7.000000
v 27.373894 101.466270 7.000000
v 27.503923 104.113083 7.000000
v 28.744480 101.365173 7.000000
v 29.004225 104.002411 7.000000
v 54.000000 51.000000 4.000000
v 56.650002 51.000000 4.000000
v 54.000000 51.000000 7.000000
v 56.650002 51.000000 7.000000
v 32.803444 100.660873 4.000000
v 30.108454 101.196945 4.000000
v 30.497290 103.818260 4.000000
v 31.462528 100.961990 4.000000
v 30.988834 107.132004 4.000000
v 31.979521 103.561066 4.000000
v 33.447342 103.231461 4.000000
v 32.633072 106.846703 4.000000
v 34.127972 100.294327 4.000000
v 35.432915 99.863235 4.000000
v 36.715137 99.368629 4.000000
v 34.897224 102.830223 4.000000
v 34.261326 106.481064 4.000000
v 36.325672 102.358322 4.000000
v 35.869678 106.035973 4.000000
v 37.454254 105.512497 4.000000
v 37.971542 98.811699 4.000000
v 39.199108 98.193794 4.000000
v 40.394878 97.516403 4.000000
v 40.448311 100.530884 4.000000
v 37.729248 101.816910 4.000000
v 39.104565 101.207275 4.000000
v 39.011238 104.911903 4.000000
v 40.536873 104.235634 4.000000
v 41.555965 96.781151 4.000000
v 42.679581 95.989807 4.000000
v 41.757248 99.789383 4.000000
v 43.028229 98.984543 4.000000
v 43.763012 95.144295 4.000000
v 44.803650 94.246628 4.000000
v 44.258183 98.118309 4.000000
v 42.027489 103.485321 4.000000
v 43.479492 102.662773 4.000000
v 44.889389 101.769966 4.000000
v 45.586502 57.055534 4.000000
v 45.685883 56.921528 4.000000
v 45.921532 56.685883 4.000000
v 45.797920 56.797920 4.000000
v 46.055531 56.586502 4.000000
v 46.198624 56.500729 4.000000
v 46.349438 56.429409 4.000000
v 46.506516 56.373203 4.000000
v 46.668346 56.332664 4.000000
v 46.833370 56.308186 4.000000
v 45.429405 57.349442 4.000000
v 45.373203 57.506516 4.000000
v 45.332664 57.668346 4.000000
v 45.308186 57.833370 4.000000
v 45.299999 58.000000 4.000000
v 45.308186 58.166630 4.000000
v 45.332664 58.331654 4.000000
v 45.373203 58.493484 4.000000
v 45.429405 58.650558 4.000000
v 45.500732 57.198624 4.000000
v 45.500732 58.801376 4.000000
v 45.586502 58.944466 4.000000
v 45.685883 59.078472 4.000000
v 45.797920 59.202080 4.000000
v 45.921532 59.314117 4.000000
v 46.055531 59.413498 4.000000
v 46.198624 59.499271 4.000000
v 46.349438 59.570591 4.000000
v 46.506516 59.626797 4.000000
v 46.668346 59.667336 4.000000
v 46.833370 59.691814 4.000000
v 47.000000 56.299999 4.000000
v 47.166630 56.308186 4.000000
v 47.331654 56.332664 4.000000
v 47.493484 56.373203 4.000000
v 47.650562 56.429409 4.000000
v 47.801376 56.500729 4.000000
v 47.944469 56.586502 4.000000
v 48.078468 56.685883 4.000000
v 48.202080 56.797920 4.000000
v 48.314117 56.921528 4.000000
v 48.413498 57.055534 4.000000
v 47.000000 59.700001 4.000000
v 47.166630 59.691814 4.000000
v 47.331654 59.667336 4.000000
v 47.493484 59.626797 4.000000
v 47.650562 59.570591 4.000000
v 47.801376 59.499271 4.000000
v 48.499268 57.198624 4.000000
v 48.570595 57.349442 4.000000
v 48.626797 57.506516 4.000000
v 48.667336 57.668346 4.000000
v 48.691814 57.833370 4.000000
v 48.700001 58.000000 4.000000
v 48.667336 58.331654 4.000000
v 48.691814 58.166630 4.000000
v 48.626797 58.493484 4.000000
v 48.570595 58.650558 4.000000
v 47.944469 59.413498 4.000000
v 48.202080 59.202080 4.000000
v 48.078468 59.314117 4.000000
v 48.314117 59.078472 4.000000
v 48.413498 58.944466 4.000000
v 48.499268 58.801376 4.000000
v 54.000000 65.000000 4.000000
v 56.650002 65.000000 4.000000
v 54.000000 73.500000 4.000000
v 53.966270 74.873894 4.000000
v 53.865170 76.244476 4.000000
v 53.160873 80.303444 4.000000
v 53.696941 77.608452 4.000000
v 53.461987 78.962532 4.000000
v 56.061069 79.479515 4.000000
v 56.650002 73.500000 4.000000
v 60.000000 73.500000 4.000000
v 56.613083 75.003922 4.000000
v 56.502415 76.504227 4.000000
v 56.318260 77.997292 4.000000
v 59.959045 75.168304 4.000000
v 59.836281 76.832581 4.000000
v 59.632000 78.488838 4.000000
v 59.346703 80.133072 4.000000
v 45.798988 93.298988 4.000000
v 46.746632 92.303650 4.000000
v 48.489811 90.179581 4.000000
v 47.644291 91.263016 4.000000
v 52.363235 82.932915 4.000000
v 51.311699 85.471542 4.000000
v 50.693794 86.699112 4.000000
v 51.868626 84.215134 4.000000
v 49.281151 89.055969 4.000000
v 50.016399 87.894875 4.000000
v 50.618309 91.758186 4.000000
v 49.692772 92.944153 4.000000
v 51.484543 90.528229 4.000000
v 52.289383 89.257248 4.000000
v 45.444153 97.192772 4.000000
v 46.583282 96.210152 4.000000
v 47.672821 95.172821 4.000000
v 48.710152 94.083282 4.000000
v 47.569370 99.782356 4.000000
v 46.253777 100.809059 4.000000
v 48.833004 98.692337 4.000000
v 50.041630 97.541634 4.000000
v 51.192337 96.333008 4.000000
v 52.282356 95.069374 4.000000
v 52.794331 81.627968 4.000000
v 54.316910 85.229248 4.000000
v 53.707272 86.604561 4.000000
v 54.858322 83.825676 4.000000
v 55.731457 80.947342 4.000000
v 55.330219 82.397224 4.000000
v 53.030888 87.948311 4.000000
v 53.309055 93.753777 4.000000
v 54.269966 92.389389 4.000000
v 55.985325 89.527489 4.000000
v 55.162769 90.979492 4.000000
v 58.012501 84.954254 4.000000
v 57.411903 86.511238 4.000000
v 58.981064 81.761330 4.000000
v 58.535973 83.369682 4.000000
v 56.735634 88.036873 4.000000
v 32.803444 100.660873 7.000000
v 30.108454 101.196945 7.000000
v 30.497290 103.818260 7.000000
v 31.462528 100.961990 7.000000
v 31.979521 103.561066 7.000000
v 33.447342 103.231461 7.000000
v 34.127972 100.294327 7.000000
v 35.432915 99.863235 7.000000
v 36.715137 99.368629 7.000000
v 34.897224 102.830223 7.000000
v 36.325672 102.358322 7.000000
v 37.971542 98.811699 7.000000
v 39.199108 98.193794 7.000000
v 40.394878 97.516403 7.000000
v 40.448311 100.530884 7.000000
v 37.729248 101.816910 7.000000
v 39.104565 101.207275 7.000000
v 41.555965 96.781151 7.000000
v 42.679581 95.989807 7.000000
v 41.757248 99.789383 7.000000
v 43.028229 98.984543 7.000000
v 43.763012 95.144295 7.000000
v 44.803650 94.246628 7.000000
v 44.258183 98.118309 7.000000
v 54.000000 65.000000 7.000000
v 56.650002 65.000000 7.000000
v 54.000000 73.500000 7.000000
v 53.966270 74.873894 7.000000
v 53.865170 76.244476 7.000000
v 53.160873 80.303444 7.000000
v 53.696941 77.608452 7.000000
v 53.461987 78.962532 7.000000
v 56.061069 79.479515 7.000000
v 56.650002 73.500000 7.000000
v 56.613083 75.003922 7.000000
v 56.502415 76.504227 7.000000
v 56.318260 77.997292 7.000000
v 45.798988 93.298988 7.000000
v 46.746632 92.303650 7.000000
v 48.489811 90.179581 7.000000
v 47.644291 91.263016 7.000000
v 52.363235 82.932915 7.000000
v 51.311699 85.471542 7.000000
v 50.693794 86.699112 7.000000
v 51.868626 84.215134 7.000000
v 49.281151 89.055969 7.000000
v 50.016399 87.894875 7.000000
v 50.618309 91.758186 7.000000
v 49.692772 92.944153 7.000000
v 51.484543 90.528229 7.000000
v 52.289383 89.257248 7.000000
v 45.444153 97.192772 7.000000
v 46.583282 96.210152 7.000000
v 47.672821 95.172821 7.000000
v 48.710152 94.083282 7.000000
v 52.794331 81.627968 7.000000
v 54.316910 85.229248 7.000000
v 53.707272 86.604561 7.000000
v 54.858322 83.825676 7.000000
v 55.731457 80.947342 7.000000
v 55.330219 82.397224 7.000000
v 53.030888 87.948311 7.000000
f 9 10 267
f 1 7 259
f 3 299 16
f 2 5 260
f 2 261 3
f 4 263 5
f 1 262 4
f 6 8 264
f 6 265 7
f 8 9 266
f 10 11 275
f 11 12 276
f 12 13 277
f 14 66 279
f 13 15 278
f 14 280 15
f 18 19 46
f 19 20 42
f 20 25 24
f 20 24 26
f 20 26 23
f 20 23 32
f 20 33 21
f 20 21 22
f 20 32 33
f 20 28 27
f 20 29 28
f 20 27 25
f 19 42 43
f 19 43 44
f 19 44 45
f 19 45 46
f 20 22 42
f 16 300 17
f 17 301 18
f 18 302 19
f 19 306 20
f 10 240 11
f 11 235 12
f 67 226 68
f 8 254 9
f 9 245 10
f 66 67 381
f 67 68 382
f 68 69 383
f 69 70 391
f 70 71 392
f 71 72 399
f 72 73 400
f 73 74 402
f 74 75 407
f 75 223 410
f 10 275 267
f 1 259 262
f 5 263 260
f 3 261 299
f 2 260 261
f 4 262 263
f 8 266 264
f 7 265 259
f 6 264 265
f 9 267 266
f 11 276 275
f 13 278 277
f 12 277 276
f 66 381 279
f 15 280 278
f 14 279 280
f 16 299 300
f 17 300 301
f 18 301 302
f 19 302 306
f 67 382 381
f 68 383 382
f 70 392 391
f 69 391 383
f 71 399 392
f 72 400 399
f 73 402 400
f 74 407 402
f 75 410 407
f 20 597 29
f 29 597 30
f 30 597 31
f 31 597 34
f 34 597 35
f 35 597 36
f 36 597 37
f 37 597 38
f 38 597 39
f 39 597 40
f 40 597 41
f 41 597 54
f 54 597 55
f 55 597 56
f 56 597 57
f 57 597 58
f 20 306 794
f 68 226 69
f 69 226 70
f 70 226 71
f 71 226 72
f 72 226 73
f 73 226 74
f 74 226 75
f 75 226 223
f 223 226 224
f 224 226 225
f 10 238 240
f 67 227 226
f 11 240 241
f 11 241 228
f 11 229 230
f 11 228 229
f 11 230 231
f 11 233 232
f 11 231 233
f 12 235 236
f 12 236 237
f 11 232 234
f 11 234 235
f 13 1127 15
f 12 237 1056
f 12 1128 13
f 9 246 245
f 10 239 238
f 10 242 239
f 10 243 242
f 10 245 244
f 10 244 243
f 9 248 247
f 9 247 246
f 9 249 248
f 9 251 250
f 9 250 249
f 9 252 251
f 4 5 1137
f 2 1183 5
f 2 3 1184
f 9 253 252
f 9 254 253
f 8 255 254
f 8 256 255
f 8 257 256
f 8 258 257
f 8 1069 258
f 6 7 1134
f 1 1135 7
f 6 1133 8
f 1 4 1136
f 223 224 481
f 224 225 484
f 3 16 1185
f 16 17 1186
f 17 18 1187
f 18 46 1187
f 66 1124 67
f 14 15 1126
f 14 1125 66
f 67 1124 227
f 225 226 490
f 1187 46 47
f 81 1114 80
f 82 1105 81
f 83 1106 82
f 84 1107 83
f 85 1108 84
f 86 1109 85
f 87 1110 86
f 94 1111 87
f 93 1116 94
f 1187 47 48
f 1187 48 49
f 1187 49 50
f 1187 50 51
f 1187 51 52
f 1187 52 53
f 1187 53 76
f 1187 76 77
f 1187 77 78
f 1187 78 79
f 1187 79 80
f 223 481 410
f 224 484 481
f 225 487 484
f 225 490 487
f 58 1627 59
f 59 1627 60
f 1628 62 61
f 1628 63 62
f 1628 61 60
f 1628 64 63
f 64 1630 65
f 1632 88 65
f 1632 89 88
f 89 1656 91
f 1657 93 90
f 1657 92 91
f 1657 90 92
f 262 271 263
f 260 263 269
f 260 270 261
f 261 270 308
f 260 269 270
f 259 265 272
f 264 285 265
f 264 266 286
f 266 267 288
f 265 268 272
f 265 285 268
f 264 286 285
f 259 273 262
f 262 273 271
f 259 272 273
f 263 271 269
f 275 276 281
f 276 277 283
f 276 282 281
f 277 278 284
f 278 280 384
f 276 283 282
f 277 284 283
f 278 384 284
f 279 387 280
f 267 275 287
f 266 288 286
f 267 287 288
f 275 281 287
f 261 308 299
f 300 304 301
f 299 303 300
f 299 308 303
f 300 303 304
f 301 304 305
f 301 305 307
f 301 315 302
f 302 315 306
f 301 307 315
f 315 316 478
f 315 478 477
f 314 336 316
f 314 337 336
f 314 338 337
f 314 350 338
f 314 351 350
f 314 352 351
f 314 353 352
f 314 354 353
f 314 355 354
f 316 323 324
f 316 326 325
f 316 324 326
f 316 317 318
f 316 319 317
f 316 321 319
f 316 318 323
f 316 334 333
f 316 335 334
f 316 320 321
f 316 322 320
f 316 333 322
f 316 336 335
f 316 325 478
f 478 325 327
f 478 327 328
f 478 328 329
f 478 329 330
f 478 330 331
f 478 331 332
f 478 332 339
f 478 340 341
f 478 339 340
f 478 341 342
f 478 342 343
f 478 344 345
f 478 343 344
f 478 345 346
f 478 346 347
f 478 347 348
f 314 356 355
f 314 357 356
f 314 358 357
f 279 381 395
f 381 382 393
f 381 393 395
f 280 387 384
f 279 388 387
f 279 395 388
f 382 383 401
f 382 394 393
f 383 391 408
f 382 401 394
f 383 403 401
f 391 392 482
f 383 408 403
f 392 399 488
f 391 409 408
f 391 412 409
f 391 482 412
f 392 485 482
f 392 488 485
f 297 298 517
f 298 385 517
f 385 386 511
f 306 315 794
f 315 477 794
f 399 400 491
f 386 389 503
f 389 390 493
f 390 396 499
f 400 402 491
f 402 407 491
f 407 410 491
f 399 491 488
f 410 481 491
f 481 484 491
f 484 487 491
f 386 503 504
f 389 505 503
f 389 493 506
f 389 506 505
f 390 494 493
f 386 504 507
f 386 507 508
f 386 509 510
f 386 508 509
f 386 510 511
f 385 511 512
f 385 513 514
f 385 512 513
f 385 514 515
f 385 515 516
f 297 517 518
f 385 516 517
f 297 518 519
f 297 519 520
f 297 520 521
f 297 521 522
f 297 522 523
f 297 523 1330
f 290 296 1425
f 274 294 1509
f 289 1426 292
f 292 1434 293
f 289 290 1425
f 291 293 1508
f 291 1509 294
f 274 1510 311
f 309 311 1511
f 309 1513 310
f 310 1523 312
f 312 1523 313
f 313 1523 314
f 487 490 491
f 390 496 495
f 390 495 494
f 390 498 496
f 390 497 498
f 390 499 497
f 396 500 499
f 396 501 500
f 396 502 501
f 396 1316 502
f 396 397 1401
f 398 404 1399
f 405 406 1392
f 404 405 1399
f 397 398 1401
f 411 1389 414
f 406 414 1392
f 411 413 1389
f 295 297 1420
f 295 1424 296
f 483 486 1383
f 486 489 1383
f 413 483 1389
f 314 2001 358
f 478 348 2001
f 2001 359 358
f 2001 360 359
f 2001 362 360
f 2001 363 362
f 2001 365 364
f 2001 364 363
f 2001 379 380
f 2001 367 366
f 2001 366 365
f 2001 369 368
f 2001 368 367
f 2001 361 370
f 2001 380 361
f 2001 370 369
f 2001 348 349
f 2001 349 371
f 2001 371 372
f 2001 372 373
f 2001 373 374
f 2001 374 375
f 2001 376 378
f 2001 375 376
f 2001 378 377
f 2001 377 379
f 20 539 540
f 20 537 542
f 20 540 537
f 20 543 544
f 20 544 541
f 20 542 543
f 20 532 547
f 20 546 545
f 20 547 546
f 20 545 538
f 20 538 539
f 20 541 558
f 20 559 560
f 20 558 559
f 20 560 561
f 20 561 562
f 20 562 563
f 20 563 564
f 20 564 565
f 20 565 566
f 20 566 567
f 20 567 568
f 20 568 569
f 20 569 597
f 58 597 598
f 58 598 599
f 58 599 600
f 58 600 601
f 58 601 602
f 58 602 603
f 58 603 608
f 20 794 532
f 58 608 609
f 532 548 547
f 532 549 548
f 532 550 549
f 532 551 550
f 532 552 551
f 532 553 552
f 532 554 553
f 532 555 554
f 532 556 555
f 532 557 556
f 532 570 557
f 532 571 570
f 532 572 571
f 532 573 572
f 532 574 573
f 532 575 574
f 532 796 533
f 533 797 534
f 534 798 535
f 535 799 536
f 536 874 582
f 582 875 583
f 583 876 584
f 584 877 585
f 585 878 586
f 586 885 587
f 587 886 588
f 588 888 589
f 589 889 590
f 590 904 591
f 591 905 592
f 592 906 593
f 593 907 594
f 594 910 595
f 595 913 596
f 596 921 616
f 586 587 774
f 587 588 771
f 588 589 760
f 589 590 778
f 616 922 617
f 617 923 618
f 618 928 619
f 619 931 620
f 620 936 621
f 621 937 622
f 622 939 623
f 623 943 624
f 624 947 625
f 532 794 796
f 533 796 797
f 534 797 798
f 535 798 799
f 536 799 874
f 582 874 875
f 583 875 876
f 584 876 877
f 585 877 878
f 586 878 885
f 587 885 886
f 588 886 888
f 589 888 889
f 590 889 904
f 591 904 905
f 592 905 906
f 593 906 907
f 594 907 910
f 595 910 913
f 596 913 921
f 616 921 922
f 617 922 923
f 618 923 928
f 619 928 931
f 620 931 936
f 621 936 937
f 622 937 939
f 623 939 943
f 624 943 947
f 625 947 1012
f 58 609 1627
f 532 1627 575
f 575 1627 576
f 576 1627 577
f 577 1627 578
f 578 1627 579
f 580 1627 581
f 579 1627 580
f 581 1627 615
f 615 1627 604
f 604 1627 607
f 532 533 1704
f 533 534 1705
f 534 535 1718
f 754 755 756
f 535 536 1719
f 536 582 1716
f 582 583 1717
f 583 584 1720
f 584 585 1714
f 585 586 1715
f 587 769 772
f 586 774 775
f 586 775 776
f 587 772 773
f 587 773 774
f 586 777 1591
f 586 776 777
f 587 771 768
f 588 761 757
f 588 759 758
f 588 757 759
f 588 760 761
f 587 768 769
f 588 770 771
f 588 758 770
f 589 762 760
f 589 763 762
f 589 764 763
f 589 765 764
f 589 766 765
f 589 778 767
f 589 767 766
f 590 780 779
f 590 779 778
f 590 781 780
f 590 782 781
f 590 783 782
f 590 784 783
f 590 591 1709
f 590 785 784
f 590 786 785
f 590 787 786
f 590 1613 787
f 591 592 1708
f 592 593 1706
f 593 594 1707
f 594 595 1655
f 595 596 1654
f 596 616 1653
f 616 617 1652
f 617 618 1651
f 618 619 1650
f 625 1012 754
f 754 1015 755
f 755 1018 756
f 610 1627 609
f 611 1627 610
f 612 1627 611
f 613 1627 612
f 614 1627 613
f 605 1627 614
f 607 1627 606
f 606 1627 605
f 619 620 1649
f 620 621 1648
f 621 622 1647
f 622 623 1646
f 623 624 1626
f 624 625 1625
f 625 754 1624
f 754 756 1624
f 586 1591 1713
f 590 1709 1613
f 754 1012 1015
f 755 1015 1018
f 756 1018 1884
f 477 788 794
f 788 792 794
f 788 789 793
f 788 793 792
f 792 795 794
f 794 800 796
f 796 801 797
f 797 802 798
f 798 804 799
f 794 795 800
f 796 800 801
f 797 801 802
f 798 802 804
f 799 804 879
f 789 830 793
f 789 822 823
f 789 821 822
f 789 811 810
f 789 813 811
f 789 825 821
f 789 810 825
f 789 812 813
f 789 814 812
f 789 815 814
f 789 816 815
f 789 817 816
f 789 824 826
f 789 823 824
f 789 827 828
f 789 826 827
f 789 829 830
f 789 828 829
f 789 818 817
f 789 819 818
f 789 820 819
f 789 843 820
f 789 844 843
f 793 830 831
f 793 831 832
f 793 833 834
f 793 832 833
f 793 834 835
f 793 835 836
f 793 836 837
f 793 837 838
f 793 838 839
f 793 839 840
f 793 840 841
f 793 841 842
f 793 842 854
f 793 857 858
f 793 854 855
f 793 855 853
f 793 853 856
f 793 856 857
f 799 879 874
f 874 880 875
f 874 879 880
f 875 881 876
f 876 883 877
f 875 880 881
f 876 881 883
f 877 883 884
f 877 884 887
f 877 887 878
f 878 894 885
f 878 887 894
f 885 895 886
f 885 894 895
f 886 898 888
f 886 895 898
f 888 899 889
f 888 898 899
f 889 899 908
f 889 908 904
f 904 911 905
f 904 908 909
f 904 909 911
f 905 912 906
f 905 911 912
f 906 916 907
f 906 912 916
f 907 919 910
f 907 916 919
f 910 925 913
f 910 919 920
f 910 920 925
f 913 929 921
f 913 925 929
f 921 935 922
f 921 929 930
f 921 930 935
f 922 941 923
f 922 935 938
f 923 946 928
f 897 1032 900
f 900 1022 901
f 901 1025 902
f 902 1043 903
f 922 938 941
f 923 941 942
f 923 942 946
f 933 1016 934
f 928 946 1011
f 928 1011 1014
f 934 1016 940
f 940 1016 944
f 928 1014 1017
f 478 2001 789
f 789 2001 844
f 793 858 2001
f 793 2005 803
f 803 2006 805
f 805 2004 806
f 806 2041 807
f 807 2024 808
f 944 1016 945
f 945 1013 1010
f 945 1016 1013
f 1012 1018 1015
f 808 2022 809
f 809 2022 882
f 882 2023 890
f 890 2026 891
f 891 2019 892
f 892 2020 893
f 893 2020 896
f 896 2018 897
f 897 1030 1033
f 897 1031 1030
f 897 1034 1031
f 897 1035 1034
f 897 1037 1036
f 897 1036 1035
f 897 1033 1032
f 900 1020 1021
f 900 1032 1020
f 900 1019 1023
f 900 1023 1022
f 900 1021 1019
f 901 1022 1024
f 901 1024 1025
f 902 1025 1026
f 902 1026 1027
f 902 1027 1028
f 902 1028 1029
f 897 1038 1037
f 897 1039 1038
f 897 1849 1039
f 902 1029 1040
f 902 1040 1041
f 902 1041 1042
f 902 1042 1043
f 903 1919 914
f 903 1043 1044
f 903 1044 1045
f 914 1919 915
f 915 1917 917
f 903 1045 1046
f 903 1046 1047
f 903 1047 1048
f 903 1048 1049
f 903 1049 1871
f 917 1910 918
f 918 1910 924
f 924 1901 926
f 927 1888 932
f 2001 845 844
f 2001 846 845
f 2001 847 846
f 2001 848 847
f 2001 849 848
f 2001 850 849
f 2001 852 851
f 2001 851 850
f 2001 860 859
f 2001 859 852
f 2001 862 861
f 2001 861 860
f 2001 864 863
f 2001 863 862
f 2001 865 864
f 2001 866 865
f 2001 873 868
f 2001 871 873
f 2001 867 866
f 2001 868 867
f 2001 858 870
f 2001 870 869
f 2001 872 871
f 2001 869 872
f 926 1901 927
f 932 1888 933
f 928 1915 931
f 931 1913 936
f 928 1017 1883
f 936 1908 937
f 933 1882 1016
f 937 1905 939
f 939 1890 943
f 943 1887 947
f 947 1884 1012
f 1012 1884 1018
f 897 2018 1849
f 903 1871 1919
f 12 1056 1129
f 8 1133 1069
f 1091 1067 1068
f 80 1113 1112
f 81 1105 1114
f 82 1106 1105
f 80 1114 1113
f 83 1107 1106
f 84 1108 1107
f 85 1109 1108
f 86 1110 1109
f 87 1111 1110
f 94 1116 1111
f 1124 1068 227
f 66 1125 1124
f 14 1126 1125
f 15 1127 1126
f 13 1128 1127
f 1129 1056 1057
f 1129 1057 1058
f 1129 1058 1059
f 1129 1059 1060
f 12 1129 1128
f 1129 1060 1061
f 1129 1061 1062
f 1129 1062 1063
f 1091 1068 1093
f 1093 1068 1094
f 1129 1063 1064
f 1129 1064 1065
f 1129 1065 1066
f 1130 1066 1080
f 1130 1080 1081
f 1130 1081 1082
f 1130 1082 1083
f 1130 1083 1084
f 1130 1084 1085
f 1130 1085 1087
f 1131 1089 1077
f 1131 1077 1076
f 1132 1079 1078
f 1131 1087 1086
f 1131 1090 1088
f 1131 1088 1089
f 1131 1086 1090
f 1132 1076 1079
f 1133 1071 1070
f 1133 1070 1069
f 1132 1074 1073
f 1132 1075 1074
f 1133 1072 1071
f 1133 1073 1072
f 1132 1078 1075
f 6 1134 1133
f 7 1135 1134
f 1 1136 1135
f 4 1137 1136
f 5 1183 1137
f 2 1184 1183
f 1094 1068 1095
f 1095 1068 1096
f 1096 1068 1097
f 1097 1068 1098
f 1091 1093 1092
f 1098 1068 1099
f 1099 1068 1100
f 1100 1068 1101
f 1091 1352 1067
f 1091 1092 1352
f 1092 1093 1355
f 1093 1094 1358
f 3 1185 1184
f 16 1186 1185
f 17 1187 1186
f 80 1115 1104
f 80 1112 1115
f 1187 80 1104
f 1352 1327 1067
f 1092 1355 1352
f 1093 1358 1355
f 93 1659 1116
f 1101 1068 1102
f 1102 1068 1103
f 1103 1068 1123
f 1123 1068 1124
f 1129 1066 1130
f 1130 1087 1131
f 1131 1076 1132
f 1132 1073 1133
f 1094 1095 1369
f 1095 1096 1373
f 1096 1097 1377
f 1097 1098 1379
f 1098 1099 1380
f 1099 1100 1385
f 1100 1101 1388
f 1101 1102 1393
f 1102 1103 1394
f 1103 1123 1395
f 1123 1124 1403
f 1124 1125 1406
f 1125 1126 1409
f 1126 1127 1410
f 1127 1128 1411
f 1128 1129 1412
f 1129 1130 1427
f 1130 1131 1428
f 1131 1132 1430
f 1132 1133 1431
f 1133 1134 1438
f 1134 1135 1439
f 1135 1136 1440
f 1136 1137 1441
f 1137 1183 1442
f 1187 1104 1138
f 1187 1138 1139
f 1187 1139 1140
f 1187 1140 1141
f 1187 1141 1142
f 1187 1142 1143
f 1187 1143 1144
f 1187 1144 1145
f 1187 1145 1146
f 1187 1146 1147
f 1187 1147 1148
f 1187 1148 1149
f 1187 1149 1162
f 1187 1162 1163
f 1187 1163 1164
f 1187 1164 1165
f 1187 1165 1166
f 1187 1166 1167
f 1187 1167 1168
f 1187 1168 1169
f 1187 1169 1170
f 1187 1170 1171
f 1187 1171 1172
f 1183 1184 1517
f 1184 1185 1518
f 1185 1186 1519
f 1186 1187 1520
f 1094 1369 1358
f 1095 1373 1369
f 1096 1377 1373
f 1097 1379 1377
f 1098 1380 1379
f 1099 1385 1380
f 1100 1388 1385
f 1101 1393 1388
f 1102 1394 1393
f 1103 1395 1394
f 1123 1403 1395
f 1124 1406 1403
f 1125 1409 1406
f 1126 1410 1409
f 1127 1411 1410
f 1128 1412 1411
f 1129 1427 1412
f 1130 1428 1427
f 1131 1430 1428
f 1132 1431 1430
f 1133 1438 1431
f 1134 1439 1438
f 1135 1440 1439
f 1136 1441 1440
f 1137 1442 1441
f 1183 1517 1442
f 1184 1518 1517
f 1185 1519 1518
f 1186 1520 1519
f 1187 1522 1520
f 1116 1659 1117
f 1117 1659 1118
f 1118 1659 1119
f 1119 1659 1120
f 1120 1659 1121
f 1121 1659 1122
f 1122 1659 1150
f 1150 1659 1151
f 1151 1659 1152
f 1152 1659 1153
f 1153 1660 1154
f 1154 1661 1155
f 1155 1662 1156
f 1156 1663 1157
f 1157 1664 1158
f 1158 1665 1159
f 1159 1666 1160
f 1160 1667 1161
f 1161 1680 1178
f 1175 1682 1176
f 1176 1683 1177
f 1177 1683 1182
f 1178 1681 1175
f 1173 1683 1172
f 1174 1683 1173
f 1181 1683 1174
f 1179 1683 1180
f 1182 1683 1179
f 1180 1683 1181
f 1187 1172 1683
f 1187 1701 1522
f 489 492 1383
f 396 1413 1316
f 297 1330 1419
f 1353 1328 1327
f 1383 492 1329
f 483 1383 1384
f 414 1389 1390
f 314 1447 1444
f 314 1444 1445
f 314 1446 1447
f 314 1459 1458
f 314 1458 1446
f 314 1460 1459
f 314 1461 1463
f 314 1463 1460
f 314 1448 1449
f 314 1449 1450
f 314 1445 1443
f 314 1443 1448
f 314 1450 1451
f 314 1451 1452
f 314 1452 1453
f 314 1453 1454
f 314 1454 1455
f 314 1455 1456
f 314 1456 1457
f 314 1457 1464
f 314 1464 1465
f 314 1465 1466
f 314 1466 1467
f 314 1468 1469
f 314 1467 1468
f 314 1469 1470
f 314 1470 1471
f 314 1471 1472
f 314 1462 1461
f 314 1474 1462
f 314 1475 1474
f 483 1384 1389
f 414 1390 1392
f 405 1392 1398
f 405 1398 1399
f 1413 1317 1316
f 1413 1318 1317
f 1413 1319 1318
f 1413 1320 1319
f 1413 1321 1320
f 398 1399 1401
f 396 1401 1402
f 1413 1322 1321
f 1413 1323 1322
f 396 1402 1413
f 1352 1358 1327
f 1358 1369 1327
f 1354 1383 1329
f 1414 1324 1323
f 1414 1325 1324
f 1414 1326 1325
f 1414 1341 1326
f 1419 1330 1331
f 1419 1331 1332
f 1419 1332 1333
f 1414 1342 1341
f 1414 1343 1342
f 1414 1344 1343
f 1414 1345 1344
f 1415 1346 1345
f 1415 1348 1346
f 1416 1349 1351
f 1416 1347 1348
f 1416 1351 1347
f 1416 1338 1350
f 1416 1350 1349
f 1419 1337 1338
f 1419 1334 1335
f 1419 1333 1334
f 1419 1335 1336
f 1419 1336 1339
f 1419 1339 1340
f 1419 1340 1337
f 297 1419 1420
f 295 1420 1423
f 295 1423 1424
f 296 1424 1425
f 289 1425 1426
f 292 1426 1434
f 293 1434 1507
f 293 1507 1508
f 1369 1373 1327
f 1373 1377 1327
f 1353 1327 1388
f 1377 1379 1327
f 1379 1380 1327
f 1380 1385 1327
f 1352 1355 1358
f 1354 1357 1371
f 1385 1388 1327
f 1357 1360 1371
f 1354 1371 1372
f 291 1508 1509
f 274 1509 1510
f 311 1510 1511
f 309 1511 1513
f 310 1513 1523
f 314 1523 1475
f 314 1472 1587
f 314 1587 1897
f 1353 1388 1356
f 1354 1372 1376
f 1354 1376 1382
f 1356 1388 1359
f 1359 1388 1370
f 1354 1382 1383
f 1370 1393 1374
f 1374 1393 1375
f 1375 1394 1378
f 1413 1414 1323
f 1414 1415 1345
f 1415 1416 1348
f 1416 1419 1338
f 1370 1388 1393
f 1378 1394 1381
f 1375 1393 1394
f 1381 1395 1386
f 1386 1395 1387
f 1381 1394 1395
f 1387 1403 1391
f 1387 1395 1403
f 1391 1406 1396
f 1396 1406 1397
f 1391 1403 1406
f 1397 1409 1400
f 1397 1406 1409
f 1400 1410 1404
f 1400 1409 1410
f 1404 1411 1405
f 1404 1410 1411
f 1405 1412 1407
f 1407 1412 1408
f 1405 1411 1412
f 1408 1412 1427
f 1408 1427 1417
f 1417 1428 1418
f 1417 1427 1428
f 1418 1430 1421
f 1418 1428 1430
f 1421 1431 1422
f 1421 1430 1431
f 1422 1438 1429
f 1422 1431 1438
f 1429 1438 1439
f 1429 1439 1432
f 1432 1439 1433
f 1433 1440 1435
f 1435 1441 1436
f 1433 1439 1440
f 1435 1440 1441
f 1436 1442 1437
f 1436 1441 1442
f 1437 1442 1517
f 1523 1476 1475
f 1523 1477 1476
f 1523 1478 1477
f 1523 1479 1478
f 1523 1480 1479
f 1523 1481 1480
f 1523 1482 1481
f 1523 1484 1483
f 1523 1483 1482
f 1523 1485 1484
f 1523 1486 1485
f 1523 1487 1486
f 1523 1489 1488
f 1523 1488 1487
f 1523 1490 1489
f 1587 1472 1473
f 1587 1473 1496
f 1587 1496 1497
f 1587 1497 1498
f 1587 1498 1499
f 1587 1492 1490
f 1587 1493 1492
f 1587 1499 1500
f 1587 1501 1502
f 1587 1500 1501
f 1587 1502 1504
f 1587 1504 1503
f 1587 1491 1495
f 1587 1506 1491
f 1587 1505 1506
f 1587 1503 1505
f 1587 1494 1493
f 1587 1495 1494
f 1523 1587 1490
f 1437 1517 1512
f 1512 1518 1514
f 1514 1519 1515
f 1515 1520 1516
f 1516 1522 1521
f 1512 1517 1518
f 1514 1518 1519
f 1515 1519 1520
f 1516 1520 1522
f 1521 1522 1524
f 1523 1524 1588
f 1523 1588 1587
f 1522 1588 1524
f 1522 1898 1588
f 1628 60 1627
f 64 1631 1629
f 64 1629 1630
f 64 1628 1631
f 1632 65 1630
f 89 1632 1633
f 89 1633 1656
f 1657 91 1656
f 93 1657 1658
f 93 1658 1659
f 532 1634 1627
f 532 1635 1634
f 532 1636 1635
f 532 1637 1636
f 532 1638 1637
f 532 1639 1638
f 532 1640 1639
f 532 1641 1640
f 532 1642 1641
f 532 1643 1642
f 532 1644 1643
f 532 1645 1644
f 532 1668 1645
f 532 1669 1668
f 532 1670 1669
f 532 1671 1670
f 532 1672 1671
f 532 1673 1672
f 532 1674 1673
f 532 1675 1674
f 625 1624 1625
f 624 1625 1626
f 623 1626 1646
f 622 1646 1647
f 621 1647 1648
f 620 1648 1649
f 619 1649 1650
f 594 1655 1707
f 593 1707 1706
f 617 1651 1652
f 596 1653 1654
f 616 1652 1653
f 618 1650 1651
f 595 1654 1655
f 756 1884 1624
f 532 1703 1675
f 532 1704 1703
f 533 1705 1704
f 534 1718 1705
f 583 1720 1717
f 586 1713 1715
f 584 1714 1720
f 585 1715 1714
f 1713 1591 1592
f 1713 1592 1593
f 1713 1593 1594
f 1713 1594 1595
f 1713 1595 1596
f 1712 1596 1597
f 1712 1597 1598
f 535 1719 1718
f 536 1716 1719
f 582 1717 1716
f 1712 1598 1599
f 1712 1599 1600
f 1712 1600 1601
f 1712 1601 1602
f 1712 1602 1603
f 1712 1603 1604
f 1711 1605 1606
f 1711 1606 1607
f 1711 1607 1608
f 1711 1611 1612
f 1711 1608 1611
f 1712 1604 1605
f 591 1708 1709
f 1709 1614 1613
f 592 1706 1708
f 1710 1617 1616
f 1710 1619 1617
f 1709 1615 1614
f 1709 1616 1615
f 1710 1620 1618
f 1710 1618 1619
f 1710 1621 1620
f 1710 1623 1622
f 1710 1622 1621
f 1710 1609 1623
f 1710 1610 1609
f 1711 1612 1610
f 1624 1887 1625
f 1625 1890 1626
f 1624 1884 1887
f 1625 1887 1890
f 1626 1890 1905
f 1153 1659 1660
f 1154 1660 1661
f 1155 1661 1662
f 1156 1662 1663
f 1157 1663 1664
f 1158 1664 1665
f 1159 1665 1666
f 1160 1666 1667
f 1161 1667 1680
f 1178 1680 1681
f 1175 1681 1682
f 1176 1682 1683
f 1187 1683 1684
f 1187 1684 1685
f 1187 1685 1686
f 1187 1687 1690
f 1187 1686 1687
f 1187 1690 1691
f 1187 1691 1692
f 1187 1692 1693
f 1187 1693 1701
f 1522 1701 2009
f 1711 1712 1605
f 1712 1713 1596
f 1709 1710 1616
f 1710 1711 1610
f 1626 1905 1646
f 1646 1908 1647
f 1647 1913 1648
f 1648 1915 1649
f 1649 1916 1650
f 1650 1923 1651
f 1651 1924 1652
f 1652 1932 1653
f 1653 1933 1654
f 1654 1934 1655
f 1701 1699 1679
f 1702 1676 1675
f 1702 1677 1676
f 1702 1678 1677
f 1702 1679 1678
f 1701 1694 1696
f 1701 1693 1694
f 1701 1689 1688
f 1701 1700 1699
f 1701 1688 1700
f 1701 1698 1689
f 1701 1695 1698
f 1701 1697 1695
f 1701 1696 1697
f 1701 1679 1702
f 1702 1675 1703
f 1701 1702 2009
f 1702 1703 2013
f 1703 1704 2014
f 1704 1705 2015
f 1706 1707 2035
f 1706 2037 1708
f 1655 2036 1707
f 1708 2038 1709
f 1709 2039 1710
f 1710 2040 1711
f 1712 2049 1713
f 1714 1715 2050
f 1713 2051 1715
f 1717 1720 2053
f 1716 1717 2052
f 1718 1719 2054
f 1716 2055 1719
f 1705 1718 2016
f 1714 2056 1720
f 1711 2048 1712
f 1646 1905 1908
f 1647 1908 1913
f 1648 1913 1915
f 1649 1915 1916
f 1650 1916 1923
f 1652 1924 1932
f 1651 1923 1924
f 1653 1932 1933
f 1654 1933 1934
f 1702 2013 2009
f 1703 2014 2013
f 1704 2015 2014
f 1705 2016 2015
f 1707 2036 2035
f 1706 2035 2037
f 1655 1934 2036
f 1709 2038 2039
f 1708 2037 2038
f 1710 2039 2040
f 1712 2048 2049
f 1715 2051 2050
f 1714 2050 2056
f 1713 2049 2051
f 1717 2053 2052
f 1719 2055 2054
f 1718 2054 2016
f 1716 2052 2055
f 1720 2056 2053
f 1711 2040 2048
f 314 1938 1936
f 314 1937 1938
f 314 1940 1939
f 314 1939 1937
f 314 1941 1940
f 314 1942 1941
f 314 1943 1942
f 314 1944 1943
f 314 1966 1944
f 314 1967 1966
f 314 1945 1946
f 314 1935 1954
f 314 1954 1945
f 314 1946 1947
f 314 1947 1948
f 314 1948 1949
f 314 1949 1950
f 314 1936 1935
f 314 1950 1951
f 314 1951 1952
f 314 1952 1953
f 314 1953 1955
f 314 1955 1956
f 314 1956 1957
f 314 1897 1967
f 314 1957 2001
f 927 1902 1888
f 933 1885 1882
f 933 1888 1885
f 892 2019 2020
f 896 2020 2018
f 927 1904 1902
f 924 1909 1901
f 927 1901 1904
f 915 1918 1917
f 917 1911 1910
f 924 1910 1909
f 917 1917 1911
f 928 1883 1916
f 947 1887 1884
f 943 1890 1887
f 939 1905 1890
f 937 1908 1905
f 936 1913 1908
f 931 1915 1913
f 928 1916 1915
f 915 1919 1918
f 1919 1871 1872
f 1919 1872 1873
f 1919 1873 1874
f 1919 1874 1875
f 1925 1875 1877
f 1925 1877 1876
f 1925 1876 1878
f 1925 1879 1880
f 1925 1878 1879
f 793 2001 2002
f 793 2002 2003
f 793 2003 2005
f 803 2005 2006
f 805 2006 2004
f 806 2004 2041
f 807 2021 2024
f 808 2024 2022
f 891 2026 2025
f 882 2022 2023
f 890 2023 2026
f 807 2041 2021
f 891 2025 2019
f 2018 1850 1849
f 2018 1851 1850
f 2018 1852 1851
f 2018 1853 1852
f 2018 1854 1853
f 2018 1855 1854
f 1930 1857 1856
f 2018 1856 1855
f 1930 1858 1857
f 1930 1859 1858
f 1930 1860 1859
f 1930 1861 1860
f 1930 1862 1861
f 1929 1863 1862
f 1929 1865 1864
f 1929 1864 1863
f 1929 1866 1865
f 1929 1869 1866
f 1925 1880 1881
f 1926 1867 1868
f 1926 1881 1867
f 1926 1868 1870
f 1929 1870 1869
f 1919 1875 1925
f 1925 1881 1926
f 1926 1870 1929
f 1522 2000 1898
f 1522 2009 2000
f 1929 1862 1930
f 1930 1856 2017
f 2017 1856 2018
f 1883 1886 1923
f 1886 1889 1923
f 1889 1903 1924
f 1903 1906 1924
f 1906 1907 1924
f 1883 1923 1916
f 1907 1912 1932
f 1889 1924 1923
f 1912 1914 1932
f 1914 1921 1933
f 1907 1932 1924
f 1921 1922 1933
f 1914 1933 1932
f 1920 1927 2036
f 1927 1928 2036
f 1928 1931 2035
f 1920 1934 1922
f 1922 1934 1933
f 1920 2036 1934
f 2001 1957 1958
f 2001 1958 1959
f 2001 1959 1960
f 1897 1968 1967
f 1897 1969 1968
f 1897 1970 1969
f 1897 1971 1970
f 1897 1972 1971
f 1897 1973 1972
f 1897 1974 1973
f 1897 1975 1974
f 1897 1976 1975
f 1897 1984 1983
f 1897 1983 1976
f 1897 1986 1985
f 1897 1985 1984
f 1897 1988 1987
f 1897 1987 1986
f 1897 1990 1988
f 1897 1999 1990
f 1999 1979 1980
f 1999 1982 1993
f 1999 1993 1995
f 1999 1995 1994
f 1999 1980 1981
f 1999 1981 1982
f 1999 1998 1992
f 1999 1996 1997
f 1999 1994 1996
f 1999 1997 1998
f 1999 1989 1990
f 1999 1991 1989
f 1999 1992 1991
f 2001 1961 1962
f 2001 1960 1961
f 2001 1962 1963
f 2001 1963 1964
f 2001 1964 1965
f 2001 1965 1977
f 2001 1977 1978
f 2001 1978 1979
f 1999 2001 1979
f 1897 1898 2000
f 1897 2000 1999
f 2000 2014 2008
f 2000 2009 2013
f 2000 2013 2014
f 2008 2014 2010
f 2010 2014 2011
f 2011 2015 2012
f 2007 2012 2016
f 2012 2015 2016
f 2011 2014 2015
f 2007 2016 2054
f 2028 2040 2034
f 2027 2048 2028
f 2027 2029 2049
f 2028 2048 2040
f 1928 2035 2036
f 1931 2031 2037
f 2031 2032 2038
f 2032 2033 2039
f 1931 2037 2035
f 2031 2038 2037
f 2033 2034 2039
f 2032 2039 2038
f 2034 2040 2039
f 2044 2046 2052
f 2042 2056 2043
f 2042 2044 2053
f 2042 2053 2056
f 2029 2030 2051
f 2030 2047 2050
f 2043 2050 2047
f 2027 2049 2048
f 2029 2051 2049
f 2030 2050 2051
f 2043 2056 2050
f 2045 2055 2046
f 2007 2054 2045
f 2045 2054 2055
f 2046 2055 2052
f 2044 2052 2053
f 268 285 415
f 271 273 418
f 269 417 270
f 269 271 416
f 272 420 273
f 268 419 272
f 281 282 422
f 282 283 423
f 284 384 425
f 283 284 424
f 286 288 427
f 285 286 426
f 287 429 288
f 281 428 287
f 303 441 304
f 304 442 305
f 305 443 307
f 307 443 315
f 270 444 308
f 303 308 440
f 384 387 453
f 387 388 456
f 388 395 457
f 393 394 460
f 393 462 395
f 394 401 461
f 401 403 466
f 403 408 467
f 408 409 471
f 409 412 472
f 268 415 419
f 285 426 415
f 273 420 418
f 269 416 417
f 271 418 416
f 272 419 420
f 282 423 422
f 283 424 423
f 284 425 424
f 288 429 427
f 286 427 426
f 287 428 429
f 281 422 428
f 416 447 417
f 418 420 435
f 415 434 419
f 419 432 420
f 420 432 435
f 416 418 421
f 416 421 447
f 418 435 421
f 422 423 439
f 423 424 454
f 423 454 439
f 424 455 454
f 415 426 433
f 426 427 431
f 426 430 433
f 427 429 437
f 428 436 429
f 429 436 437
f 427 437 431
f 426 431 430
f 415 433 434
f 419 434 432
f 422 438 428
f 428 438 436
f 422 439 438
f 303 440 441
f 304 441 442
f 305 442 443
f 315 443 451
f 270 417 444
f 308 444 440
f 440 444 446
f 417 445 444
f 444 445 446
f 440 446 448
f 440 448 441
f 441 448 449
f 441 449 450
f 417 447 445
f 441 452 442
f 442 452 443
f 441 450 452
f 443 452 451
f 384 453 425
f 387 456 453
f 388 457 456
f 393 460 462
f 394 461 460
f 395 462 457
f 401 466 461
f 403 467 466
f 408 471 467
f 409 472 471
f 412 474 472
f 424 425 458
f 424 458 455
f 425 453 459
f 425 459 458
f 453 456 463
f 453 463 459
f 456 457 465
f 456 464 463
f 457 462 468
f 456 465 464
f 457 468 465
f 460 470 462
f 462 469 468
f 460 461 473
f 460 473 476
f 462 470 469
f 460 476 470
f 461 466 529
f 461 475 473
f 466 467 529
f 461 525 475
f 461 527 525
f 461 529 527
f 477 479 788
f 479 480 791
f 412 482 474
f 482 485 524
f 485 488 526
f 488 491 530
f 474 482 524
f 485 526 524
f 488 528 526
f 488 530 528
f 467 471 531
f 471 472 531
f 472 474 531
f 474 524 531
f 467 531 529
f 524 526 531
f 526 528 531
f 528 530 531
f 479 790 788
f 479 791 790
f 792 948 795
f 795 951 800
f 800 952 801
f 801 953 802
f 802 955 804
f 804 961 879
f 879 962 880
f 880 963 881
f 881 965 883
f 883 966 884
f 884 967 887
f 887 972 894
f 894 973 895
f 895 976 898
f 898 977 899
f 899 982 908
f 908 983 909
f 909 984 911
f 911 985 912
f 912 988 916
f 916 991 919
f 919 992 920
f 920 994 925
f 925 997 929
f 929 998 930
f 930 1002 935
f 935 1003 938
f 938 1005 941
f 941 1006 942
f 942 1009 946
f 795 948 950
f 795 950 951
f 800 951 952
f 801 952 953
f 802 953 955
f 804 955 961
f 948 949 954
f 948 954 950
f 950 956 951
f 951 957 952
f 950 954 956
f 951 956 957
f 952 957 958
f 952 958 953
f 953 959 955
f 953 958 959
f 955 960 961
f 955 959 960
f 879 961 962
f 880 962 963
f 881 963 965
f 883 965 966
f 884 966 967
f 887 967 972
f 894 972 973
f 895 973 976
f 898 976 977
f 899 977 982
f 908 982 983
f 909 983 984
f 911 984 985
f 912 985 988
f 961 964 962
f 960 964 961
f 962 968 963
f 962 964 968
f 963 968 969
f 963 969 965
f 965 970 966
f 965 969 970
f 966 970 971
f 966 971 974
f 966 974 967
f 967 975 972
f 967 974 975
f 972 978 973
f 972 975 978
f 973 978 979
f 973 979 976
f 976 980 977
f 976 979 980
f 977 981 982
f 977 980 981
f 981 986 982
f 982 986 983
f 983 986 987
f 983 989 984
f 916 988 991
f 919 991 992
f 920 992 994
f 925 994 997
f 929 997 998
f 930 998 1002
f 935 1002 1003
f 938 1003 1005
f 941 1005 1006
f 942 1006 1009
f 983 987 989
f 984 990 985
f 984 989 990
f 985 993 988
f 985 990 993
f 988 996 991
f 988 993 995
f 988 995 996
f 991 999 992
f 991 996 999
f 992 1001 994
f 992 999 1000
f 992 1000 1001
f 994 1001 1004
f 994 1004 1007
f 994 1007 997
f 997 1052 998
f 997 1007 1008
f 997 1008 1050
f 997 1050 1052
f 998 1052 1054
f 946 1051 1011
f 1011 1053 1014
f 1014 1055 1017
f 946 1009 1051
f 1011 1051 1053
f 1014 1053 1055
f 1051 1055 1053
f 1017 1055 1892
f 998 2062 1002
f 998 1054 1891
f 1002 2061 1003
f 1003 2059 1005
f 1005 1896 1006
f 1006 1894 1009
f 1009 1892 1051
f 1051 1892 1055
f 1353 1363 1328
f 1353 1356 1363
f 1356 1359 1365
f 1359 1370 1367
f 1363 1361 1328
f 1364 1362 1361
f 1356 1365 1363
f 1359 1367 1365
f 1367 1370 1525
f 1363 1367 1361
f 1367 1525 1361
f 1525 1528 1361
f 1364 1361 1536
f 1528 1529 1361
f 1529 1531 1361
f 1531 1532 1361
f 1532 1536 1361
f 1363 1365 1367
f 1370 1374 1525
f 1374 1375 1528
f 1375 1378 1529
f 1378 1381 1531
f 1381 1386 1532
f 1386 1387 1536
f 1387 1391 1537
f 1391 1396 1540
f 1396 1397 1542
f 1397 1400 1543
f 1400 1404 1546
f 1404 1405 1549
f 1405 1407 1550
f 1407 1408 1551
f 1408 1417 1552
f 1417 1418 1557
f 1418 1421 1558
f 1421 1422 1561
f 1422 1429 1562
f 1429 1432 1567
f 1432 1433 1568
f 1433 1435 1569
f 1435 1436 1571
f 1436 1437 1572
f 1437 1512 1573
f 1512 1514 1579
f 1514 1515 1581
f 1515 1516 1582
f 1516 1521 1583
f 1521 1524 1586
f 1374 1528 1525
f 1375 1529 1528
f 1378 1531 1529
f 1381 1532 1531
f 1386 1536 1532
f 1387 1537 1536
f 1391 1540 1537
f 1396 1542 1540
f 1397 1543 1542
f 1400 1546 1543
f 1364 1536 1366
f 1366 1537 1368
f 1368 1537 1526
f 1526 1537 1527
f 1366 1536 1537
f 1527 1537 1540
f 1527 1540 1530
f 1530 1540 1533
f 1533 1542 1534
f 1534 1542 1535
f 1533 1540 1542
f 1535 1543 1538
f 1535 1542 1543
f 1538 1546 1539
f 1539 1546 1541
f 1538 1543 1546
f 1541 1549 1544
f 1541 1546 1549
f 1544 1550 1545
f 1544 1549 1550
f 1545 1551 1547
f 1404 1549 1546
f 1405 1550 1549
f 1407 1551 1550
f 1408 1552 1551
f 1417 1557 1552
f 1418 1558 1557
f 1421 1561 1558
f 1422 1562 1561
f 1429 1567 1562
f 1432 1568 1567
f 1433 1569 1568
f 1435 1571 1569
f 1436 1572 1571
f 1437 1573 1572
f 1545 1550 1551
f 1547 1551 1548
f 1548 1551 1552
f 1548 1552 1553
f 1553 1557 1554
f 1552 1557 1553
f 1554 1558 1555
f 1554 1557 1558
f 1555 1558 1561
f 1555 1561 1556
f 1556 1562 1559
f 1556 1561 1562
f 1559 1567 1560
f 1559 1562 1567
f 1560 1567 1568
f 1560 1568 1563
f 1563 1568 1564
f 1564 1569 1565
f 1564 1568 1569
f 1565 1569 1571
f 1565 1571 1566
f 1566 1572 1570
f 1566 1571 1572
f 1570 1573 1574
f 1570 1572 1573
f 1512 1579 1573
f 1514 1581 1579
f 1515 1582 1581
f 1516 1583 1582
f 1521 1584 1583
f 1521 1586 1584
f 1574 1579 1575
f 1573 1579 1574
f 1575 1581 1576
f 1575 1579 1581
f 1576 1581 1582
f 1576 1582 1577
f 1577 1583 1578
f 1578 1584 1580
f 1577 1582 1583
f 1578 1583 1584
f 1580 1584 1586
f 1580 1586 1585
f 1588 1900 1590
f 1589 1590 1900
f 1017 1892 1883
f 1883 1894 1886
f 1886 1896 1889
f 1889 2059 1903
f 998 1891 2066
f 1009 1894 1892
f 1006 1896 1894
f 1005 2059 1896
f 1003 2061 2059
f 1002 2062 2061
f 998 2066 2062
f 1883 1892 1894
f 1886 1894 1896
f 1889 1896 2059
f 1588 1898 1900
f 1589 1900 1899
f 1903 2061 1906
f 1906 2062 1907
f 1907 2066 1912
f 1912 2067 1914
f 1914 2072 1921
f 1920 1922 2071
f 1921 2073 1922
f 1920 2076 1927
f 1927 2077 1928
f 1928 2080 1931
f 2007 2093 2012
f 2007 2045 2089
f 2000 2008 2090
f 2008 2010 2090
f 2010 2011 2091
f 2011 2012 2092
f 2028 2034 2105
f 2027 2028 2104
f 2029 2107 2030
f 2027 2106 2029
f 2031 2109 2032
f 1931 2108 2031
f 2032 2110 2033
f 2033 2111 2034
f 2043 2047 2114
f 2042 2043 2113
f 2044 2117 2046
f 2045 2046 2116
f 2042 2115 2044
f 2030 2118 2047
f 1903 2059 2061
f 1906 2061 2062
f 1907 2062 2066
f 1912 2066 2067
f 1914 2067 2072
f 1920 2071 2076
f 1921 2072 2073
f 1922 2073 2071
f 1927 2076 2077
f 1928 2077 2080
f 1931 2080 2108
f 1891 1893 2072
f 1893 1895 2072
f 1895 2058 2072
f 1891 2067 2066
f 2058 2060 2072
f 1891 2072 2067
f 2057 2063 2073
f 2063 2064 2071
f 2057 2073 2060
f 2060 2073 2072
f 2064 2065 2071
f 2063 2071 2073
f 2065 2068 2076
f 2068 2069 2077
f 2065 2076 2071
f 2069 2070 2077
f 2068 2077 2076
f 2070 2074 2080
f 2070 2080 2077
f 2074 2075 2108
f 2074 2108 2080
f 2075 2078 2109
f 2075 2109 2108
f 2007 2089 2093
f 2045 2116 2089
f 2000 2090 2082
f 2010 2091 2090
f 2011 2092 2091
f 2012 2093 2092
f 2081 2082 2090
f 2081 2092 2083
f 2081 2090 2091
f 2081 2091 2092
f 2086 2088 2116
f 2083 2092 2084
f 2084 2092 2085
f 2085 2092 2093
f 2085 2093 2087
f 2087 2089 2088
f 2088 2089 2116
f 2087 2093 2089
f 2034 2111 2105
f 2028 2105 2104
f 2029 2106 2107
f 2027 2104 2106
f 2031 2108 2109
f 2032 2109 2110
f 2033 2110 2111
f 2043 2114 2113
f 2044 2115 2117
f 2046 2117 2116
f 2042 2113 2115
f 2030 2107 2118
f 2047 2118 2114
f 2094 2095 2111
f 2095 2097 2105
f 2095 2105 2111
f 2099 2101 2114
f 2099 2118 2100
f 2102 2103 2107
f 2096 2102 2106
f 2096 2104 2097
f 2097 2104 2105
f 2096 2106 2104
f 2100 2107 2103
f 2102 2107 2106
f 2100 2118 2107
f 2078 2079 2109
f 2079 2094 2110
f 2079 2110 2109
f 2094 2111 2110
f 2098 2112 2115
f 2086 2117 2112
f 2112 2117 2115
f 2098 2113 2101
f 2101 2113 2114
f 2099 2114 2118
f 2098 2115 2113
f 2086 2116 2117
f 274 311 447
f 274 421 294
f 289 430 290
f 290 431 296
f 291 432 293
f 292 293 434
f 291 294 435
f 289 292 433
f 295 436 297
f 295 296 437
f 297 438 298
f 298 439 385
f 309 310 446
f 309 445 311
f 310 312 448
f 312 313 449
f 313 314 450
f 314 316 452
f 385 454 386
f 386 455 389
f 389 458 390
f 396 463 397
f 390 459 396
f 397 464 398
f 398 465 404
f 404 468 405
f 405 469 406
f 411 473 413
f 406 470 414
f 411 414 476
f 294 421 435
f 274 447 421
f 289 433 430
f 296 431 437
f 290 430 431
f 292 434 433
f 293 432 434
f 291 435 432
f 295 437 436
f 297 436 438
f 298 438 439
f 385 439 454
f 309 446 445
f 311 445 447
f 310 448 446
f 312 449 448
f 313 450 449
f 314 452 450
f 386 454 455
f 389 455 458
f 390 458 459
f 397 463 464
f 396 459 463
f 398 464 465
f 404 465 468
f 405 468 469
f 406 469 470
f 411 476 473
f 413 473 475
f 414 470 476
f 478 791 480
f 413 475 483
f 483 525 486
f 486 527 489
f 489 529 492
f 475 525 483
f 486 525 527
f 489 527 529
f 529 531 492
f 478 789 791
f 793 803 954
f 803 805 956
f 805 806 957
f 806 807 958
f 807 808 959
f 808 809 960
f 809 882 964
f 882 890 968
f 890 891 969
f 891 892 970
f 892 893 971
f 893 896 974
f 896 897 975
f 897 900 978
f 900 901 979
f 901 902 980
f 902 903 981
f 903 914 986
f 914 915 987
f 915 917 989
f 917 918 990
f 918 924 993
f 924 926 995
f 926 927 996
f 927 932 999
f 932 933 1000
f 933 934 1001
f 934 940 1004
f 940 944 1007
f 944 945 1008
f 793 954 949
f 803 956 954
f 805 957 956
f 806 958 957
f 807 959 958
f 808 960 959
f 809 964 960
f 882 968 964
f 890 969 968
f 891 970 969
f 892 971 970
f 893 974 971
f 896 975 974
f 897 978 975
f 900 979 978
f 901 980 979
f 902 981 980
f 903 986 981
f 914 987 986
f 915 989 987
f 917 990 989
f 918 993 990
f 924 995 993
f 926 996 995
f 927 999 996
f 932 1000 999
f 933 1001 1000
f 934 1004 1001
f 940 1007 1004
f 944 1008 1007
f 945 1010 1050
f 1010 1013 1052
f 1013 1016 1054
f 945 1050 1008
f 1010 1052 1050
f 1013 1054 1052
f 1016 1891 1054
f 1354 1329 1362
f 1354 1364 1357
f 1357 1366 1360
f 1360 1368 1371
f 1354 1362 1364
f 1357 1364 1366
f 1360 1366 1368
f 1368 1526 1371
f 1371 1526 1372
f 1372 1527 1376
f 1376 1530 1382
f 1382 1533 1383
f 1383 1534 1384
f 1384 1535 1389
f 1389 1538 1390
f 1390 1539 1392
f 1392 1541 1398
f 1398 1544 1399
f 1399 1545 1401
f 1401 1547 1402
f 1402 1548 1413
f 1413 1553 1414
f 1414 1554 1415
f 1415 1555 1416
f 1416 1556 1419
f 1419 1559 1420
f 1420 1560 1423
f 1423 1563 1424
f 1424 1564 1425
f 1425 1565 1426
f 1426 1566 1434
f 1434 1570 1507
f 1507 1574 1508
f 1508 1575 1509
f 1509 1576 1510
f 1510 1577 1511
f 1511 1578 1513
f 1513 1580 1523
f 1372 1526 1527
f 1376 1527 1530
f 1382 1530 1533
f 1383 1533 1534
f 1384 1534 1535
f 1389 1535 1538
f 1390 1538 1539
f 1392 1539 1541
f 1398 1541 1544
f 1399 1544 1545
f 1401 1545 1547
f 1402 1547 1548
f 1413 1548 1553
f 1414 1553 1554
f 1415 1554 1555
f 1416 1555 1556
f 1419 1556 1559
f 1420 1559 1560
f 1423 1560 1563
f 1424 1563 1564
f 1425 1564 1565
f 1426 1565 1566
f 1434 1566 1570
f 1507 1570 1574
f 1508 1574 1575
f 1509 1575 1576
f 1510 1576 1577
f 1511 1577 1578
f 1513 1578 1580
f 1523 1580 1585
f 1587 1589 1897
f 1016 1882 1891
f 1882 1885 1893
f 1885 1888 1895
f 1888 1902 2058
f 1882 1893 1891
f 1885 1895 1893
f 1888 2058 1895
f 1589 1899 1897
f 1901 2057 1904
f 1901 1909 2063
f 1902 1904 2060
f 1909 1910 2064
f 1910 1911 2065
f 1911 1917 2068
f 1917 1918 2069
f 1919 1925 2074
f 1918 1919 2070
f 1925 1926 2075
f 1926 1929 2078
f 1929 1930 2079
f 1999 2081 2001
f 2001 2083 2002
f 2002 2084 2003
f 2003 2085 2005
f 2004 2006 2088
f 2005 2087 2006
f 1930 2017 2094
f 2017 2018 2095
f 2019 2096 2020
f 2018 2020 2097
f 2023 2100 2026
f 2021 2098 2024
f 2022 2099 2023
f 2022 2024 2101
f 2019 2025 2102
f 2025 2026 2103
f 2021 2041 2112
f 2004 2086 2041
f 1901 2063 2057
f 1902 2060 2058
f 1904 2057 2060
f 1909 2064 2063
f 1910 2065 2064
f 1911 2068 2065
f 1917 2069 2068
f 1919 2074 2070
f 1918 2070 2069
f 1925 2075 2074
f 1926 2078 2075
f 1929 2079 2078
f 2001 2081 2083
f 2002 2083 2084
f 2003 2084 2085
f 2005 2085 2087
f 2004 2088 2086
f 2006 2087 2088
f 1930 2094 2079
f 2017 2095 2094
f 2018 2097 2095
f 2020 2096 2097
f 2024 2098 2101
f 2022 2101 2099
f 2023 2099 2100
f 2025 2103 2102
f 2019 2102 2096
f 2026 2100 2103
f 2041 2086 2112
f 2021 2112 2098
f 315 451 316
f 316 451 452
f 477 478 480
f 477 480 479
f 788 790 789
f 789 790 791
f 792 793 949
f 792 949 948
f 1523 1585 1524
f 1524 1585 1586
f 1587 1588 1590
f 1587 1590 1589
f 1897 1899 1898
f 1898 1899 1900
f 1999 2000 2082
f 1999 2082 2081
f 128 129 318
f 128 317 130
f 132 321 131
f 130 319 132
f 131 320 133
f 133 322 144
f 135 137 326
f 129 134 323
f 135 324 134
f 136 325 137
f 136 138 327
f 138 139 328
f 139 140 329
f 140 141 330
f 141 142 331
f 142 143 332
f 146 335 147
f 144 333 145
f 145 334 146
f 148 147 336
f 148 337 149
f 149 338 167
f 143 150 339
f 150 151 340
f 151 152 341
f 152 153 342
f 153 154 343
f 154 158 344
f 158 159 345
f 159 160 346
f 160 161 347
f 161 162 348
f 162 163 349
f 163 188 371
f 167 350 168
f 168 351 169
f 169 352 170
f 170 353 171
f 171 354 172
f 172 355 173
f 173 356 174
f 174 357 175
f 175 358 176
f 176 359 177
f 177 360 179
f 200 178 361
f 179 362 180
f 180 363 181
f 181 364 182
f 182 365 183
f 183 366 184
f 184 367 185
f 186 185 368
f 186 369 187
f 187 370 178
f 188 189 372
f 189 190 373
f 191 374 190
f 191 192 375
f 192 193 376
f 193 198 378
f 198 197 377
f 197 199 379
f 199 200 380
f 128 318 317
f 130 317 319
f 131 321 320
f 132 319 321
f 133 320 322
f 144 322 333
f 135 326 324
f 134 324 323
f 129 323 318
f 137 325 326
f 136 327 325
f 138 328 327
f 139 329 328
f 140 330 329
f 141 331 330
f 142 332 331
f 143 339 332
f 147 335 336
f 145 333 334
f 146 334 335
f 148 336 337
f 149 337 338
f 167 338 350
f 150 340 339
f 151 341 340
f 152 342 341
f 153 343 342
f 154 344 343
f 158 345 344
f 159 346 345
f 160 347 346
f 161 348 347
f 162 349 348
f 163 371 349
f 168 350 351
f 169 351 352
f 170 352 353
f 171 353 354
f 172 354 355
f 173 355 356
f 174 356 357
f 175 357 358
f 176 358 359
f 177 359 360
f 178 370 361
f 179 360 362
f 180 362 363
f 181 363 364
f 182 364 365
f 183 365 366
f 186 368 369
f 184 366 367
f 185 367 368
f 187 369 370
f 188 372 371
f 189 373 372
f 190 374 373
f 191 375 374
f 192 376 375
f 193 378 376
f 198 377 378
f 197 379 377
f 199 380 379
f 200 361 380
f 95 22 21
f 98 26 24
f 99 24 25
f 100 23 26
f 101 25 27
f 102 27 28
f 103 28 29
f 104 29 30
f 105 30 31
f 108 31 34
f 97 32 23
f 106 33 32
f 107 21 33
f 109 34 35
f 110 35 36
f 111 36 37
f 112 37 38
f 113 38 39
f 114 39 40
f 115 40 41
f 96 42 22
f 116 43 42
f 117 44 43
f 118 45 44
f 119 46 45
f 120 47 46
f 121 48 47
f 122 49 48
f 123 50 49
f 124 51 50
f 125 52 51
f 126 53 52
f 127 76 53
f 155 41 54
f 156 54 55
f 157 55 56
f 164 56 57
f 165 57 58
f 166 58 59
f 194 59 60
f 195 60 61
f 196 61 62
f 201 62 63
f 202 63 64
f 203 64 65
f 216 65 88
f 95 96 22
f 97 23 100
f 99 25 101
f 99 98 24
f 100 26 98
f 101 27 102
f 102 28 103
f 103 29 104
f 104 30 105
f 105 31 108
f 97 106 32
f 106 107 33
f 107 95 21
f 108 34 109
f 109 35 110
f 110 36 111
f 111 37 112
f 112 38 113
f 113 39 114
f 114 40 115
f 96 116 42
f 116 117 43
f 117 118 44
f 118 119 45
f 119 120 46
f 120 121 47
f 121 122 48
f 122 123 49
f 123 124 50
f 124 125 51
f 125 126 52
f 126 127 53
f 127 204 76
f 115 41 155
f 155 54 156
f 156 55 157
f 157 56 164
f 164 57 165
f 165 58 166
f 166 59 194
f 195 194 60
f 195 61 196
f 196 62 201
f 201 63 202
f 202 64 203
f 203 65 216
f 204 77 76
f 205 78 77
f 206 79 78
f 207 80 79
f 208 81 80
f 209 82 81
f 210 83 82
f 211 84 83
f 212 85 84
f 215 94 87
f 213 86 85
f 214 87 86
f 217 88 89
f 219 89 91
f 218 92 90
f 220 91 92
f 222 93 94
f 221 90 93
f 204 205 77
f 205 206 78
f 206 207 79
f 207 208 80
f 208 209 81
f 209 210 82
f 210 211 83
f 211 212 84
f 212 213 85
f 215 222 94
f 213 214 86
f 215 87 214
f 216 88 217
f 217 89 219
f 218 220 92
f 218 90 221
f 219 91 220
f 221 93 222
f 101 102 105
f 102 103 104
f 102 104 105
f 101 105 108
f 99 101 108
f 99 109 98
f 100 98 110
f 97 100 111
f 99 108 109
f 98 109 110
f 100 110 111
f 95 115 96
f 97 112 106
f 106 113 107
f 97 111 112
f 106 112 113
f 107 113 114
f 107 114 95
f 96 115 138
f 95 114 115
f 117 144 118
f 118 146 119
f 119 148 120
f 120 149 121
f 121 167 122
f 122 169 123
f 123 171 124
f 124 173 125
f 96 129 116
f 116 132 117
f 116 128 130
f 116 130 132
f 96 135 134
f 96 134 129
f 96 137 135
f 96 136 137
f 96 138 136
f 116 129 128
f 117 132 131
f 117 131 133
f 117 133 144
f 118 144 145
f 118 145 146
f 119 146 147
f 119 147 148
f 120 148 149
f 121 149 167
f 138 115 139
f 139 115 140
f 140 155 141
f 141 155 142
f 142 155 143
f 143 155 150
f 150 156 151
f 115 155 140
f 150 155 156
f 151 156 152
f 152 156 153
f 153 156 157
f 153 157 154
f 154 157 158
f 158 164 159
f 159 164 160
f 160 165 161
f 161 165 162
f 162 166 163
f 157 164 158
f 164 165 160
f 162 165 166
f 163 166 194
f 167 168 122
f 122 168 169
f 123 169 170
f 123 170 171
f 124 171 172
f 124 172 173
f 125 173 174
f 125 174 175
f 125 176 126
f 125 175 176
f 176 177 126
f 126 181 127
f 126 177 179
f 126 179 180
f 126 180 181
f 127 181 182
f 127 182 183
f 127 216 204
f 127 183 203
f 127 203 216
f 163 194 188
f 188 195 189
f 189 195 190
f 191 190 196
f 191 196 192
f 192 201 193
f 192 196 201
f 188 194 195
f 190 195 196
f 197 202 199
f 199 202 200
f 200 202 178
f 193 201 198
f 198 201 197
f 197 201 202
f 183 184 203
f 184 185 203
f 186 203 185
f 186 187 203
f 187 178 203
f 178 202 203
f 204 217 205
f 205 219 206
f 204 216 217
f 205 217 219
f 206 220 207
f 207 218 208
f 206 219 220
f 208 218 221
f 207 220 218
f 208 221 209
f 209 222 210
f 210 215 211
f 211 214 212
f 212 214 213
f 209 221 222
f 210 222 215
f 211 215 214
f 651 650 810
f 651 811 653
f 653 813 652
f 652 812 654
f 654 814 658
f 658 815 659
f 659 816 660
f 660 817 661
f 661 818 662
f 662 819 663
f 663 820 689
f 668 665 821
f 664 822 665
f 664 666 823
f 667 824 666
f 667 669 826
f 668 825 650
f 669 670 827
f 670 671 828
f 671 672 829
f 672 673 830
f 673 674 831
f 674 675 832
f 675 676 833
f 676 677 834
f 677 678 835
f 678 679 836
f 679 680 837
f 680 681 838
f 681 682 839
f 682 683 840
f 683 684 841
f 684 685 842
f 685 703 854
f 689 843 690
f 690 844 691
f 691 845 692
f 692 846 693
f 693 847 694
f 694 848 698
f 698 849 699
f 699 850 700
f 700 851 701
f 701 852 708
f 703 704 855
f 704 702 853
f 702 705 856
f 705 706 857
f 706 707 858
f 719 870 707
f 708 859 709
f 709 860 710
f 710 861 711
f 711 862 712
f 712 863 713
f 713 864 714
f 714 865 715
f 716 867 717
f 722 717 868
f 716 715 866
f 718 721 872
f 719 718 869
f 720 871 721
f 720 722 873
f 650 825 810
f 651 810 811
f 653 811 813
f 652 813 812
f 654 812 814
f 658 814 815
f 659 815 816
f 660 816 817
f 661 817 818
f 662 818 819
f 663 819 820
f 689 820 843
f 668 821 825
f 665 822 821
f 664 823 822
f 666 824 823
f 667 826 824
f 669 827 826
f 670 828 827
f 671 829 828
f 672 830 829
f 673 831 830
f 674 832 831
f 675 833 832
f 676 834 833
f 677 835 834
f 678 836 835
f 679 837 836
f 680 838 837
f 681 839 838
f 682 840 839
f 683 841 840
f 684 842 841
f 685 854 842
f 690 843 844
f 691 844 845
f 692 845 846
f 693 846 847
f 694 847 848
f 698 848 849
f 699 849 850
f 700 850 851
f 701 851 852
f 702 856 853
f 703 855 854
f 704 853 855
f 705 857 856
f 706 858 857
f 707 870 858
f 708 852 859
f 722 868 873
f 709 859 860
f 710 860 861
f 711 861 862
f 712 862 863
f 713 863 864
f 714 864 865
f 715 865 866
f 716 866 867
f 717 867 868
f 718 872 869
f 719 869 870
f 721 871 872
f 720 873 871
f 628 540 539
f 627 539 538
f 629 537 540
f 633 541 544
f 626 542 537
f 632 544 543
f 631 543 542
f 634 538 545
f 635 545 546
f 636 546 547
f 637 547 548
f 638 548 549
f 639 549 550
f 640 550 551
f 641 551 552
f 642 552 553
f 643 553 554
f 644 554 555
f 645 555 556
f 646 556 557
f 630 558 541
f 647 559 558
f 648 560 559
f 649 561 560
f 655 562 561
f 656 563 562
f 657 564 563
f 686 565 564
f 687 566 565
f 688 567 566
f 695 568 567
f 696 569 568
f 697 597 569
f 723 557 570
f 724 570 571
f 725 571 572
f 726 572 573
f 727 573 574
f 728 574 575
f 729 575 576
f 730 576 577
f 731 577 578
f 732 578 579
f 733 579 580
f 734 580 581
f 753 581 615
f 628 539 627
f 629 540 628
f 629 626 537
f 633 630 541
f 631 542 626
f 631 632 543
f 632 633 544
f 634 545 635
f 635 546 636
f 636 547 637
f 637 548 638
f 638 549 639
f 627 538 634
f 639 550 640
f 640 551 641
f 641 552 642
f 642 553 643
f 643 554 644
f 644 555 645
f 645 556 646
f 630 647 558
f 647 648 559
f 648 649 560
f 649 655 561
f 655 656 562
f 656 657 563
f 657 686 564
f 686 687 565
f 687 688 566
f 688 695 567
f 695 696 568
f 696 697 569
f 697 735 597
f 646 557 723
f 723 570 724
f 724 571 725
f 725 572 726
f 726 573 727
f 727 574 728
f 728 575 729
f 729 576 730
f 730 577 731
f 731 578 732
f 732 579 733
f 733 580 734
f 734 581 753
f 735 598 597
f 736 599 598
f 737 600 599
f 738 601 600
f 739 602 601
f 740 603 602
f 742 615 604
f 745 604 607
f 743 606 605
f 744 607 606
f 741 608 603
f 746 609 608
f 747 610 609
f 750 613 612
f 748 611 610
f 749 612 611
f 751 614 613
f 752 605 614
f 735 736 598
f 736 737 599
f 737 738 600
f 738 739 601
f 739 740 602
f 740 741 603
f 753 615 742
f 745 742 604
f 752 743 605
f 745 607 744
f 744 606 743
f 741 746 608
f 746 747 609
f 747 748 610
f 748 749 611
f 749 750 612
f 752 614 751
f 751 613 750
f 634 635 638
f 635 636 637
f 635 637 638
f 634 638 639
f 627 634 639
f 628 627 640
f 629 642 626
f 629 628 641
f 627 639 640
f 628 640 641
f 629 641 642
f 631 626 643
f 631 644 632
f 626 642 643
f 631 643 644
f 632 645 633
f 633 646 630
f 630 646 669
f 632 644 645
f 633 645 646
f 630 668 647
f 647 653 648
f 630 665 668
f 630 666 664
f 630 664 665
f 630 667 666
f 630 669 667
f 647 650 651
f 647 668 650
f 647 651 653
f 648 653 652
f 648 652 654
f 648 658 649
f 648 654 658
f 649 660 655
f 655 662 656
f 656 663 657
f 649 658 659
f 649 659 660
f 655 660 661
f 655 661 662
f 656 662 663
f 657 663 689
f 669 646 670
f 670 646 671
f 671 723 672
f 672 723 673
f 673 723 674
f 674 723 675
f 646 723 671
f 675 724 676
f 675 723 724
f 676 724 677
f 677 724 678
f 678 725 679
f 679 725 680
f 680 726 681
f 681 726 682
f 682 727 683
f 683 727 684
f 684 728 685
f 657 689 686
f 686 691 687
f 687 693 688
f 686 689 690
f 686 690 691
f 687 691 692
f 687 692 693
f 688 693 694
f 688 694 698
f 688 698 695
f 695 698 699
f 695 699 700
f 695 701 696
f 695 700 701
f 696 701 708
f 696 711 697
f 696 708 709
f 696 709 710
f 696 710 711
f 697 711 712
f 697 712 713
f 697 753 735
f 685 729 703
f 703 730 704
f 704 730 702
f 702 731 705
f 705 731 706
f 706 732 707
f 697 713 734
f 720 733 722
f 719 707 732
f 719 732 718
f 718 733 721
f 720 721 733
f 718 732 733
f 713 714 734
f 714 715 734
f 716 734 715
f 722 734 717
f 716 717 734
f 697 734 753
f 722 733 734
f 678 724 725
f 725 726 680
f 682 726 727
f 684 727 728
f 685 728 729
f 703 729 730
f 702 730 731
f 706 731 732
f 735 742 736
f 736 745 737
f 735 753 742
f 736 742 745
f 737 744 738
f 738 743 739
f 737 745 744
f 738 744 743
f 739 743 752
f 739 752 740
f 740 751 741
f 741 750 746
f 746 749 747
f 740 752 751
f 741 751 750
f 746 750 749
f 747 749 748
f 1219 1443 1221
f 1221 1445 1220
f 1222 1223 1447
f 1220 1444 1223
f 1226 1450 1225
f 1224 1448 1219
f 1224 1225 1449
f 1226 1227 1451
f 1227 1228 1452
f 1228 1229 1453
f 1229 1230 1454
f 1230 1231 1455
f 1231 1232 1456
f 1232 1233 1457
f 1222 1446 1234
f 1234 1458 1235
f 1235 1459 1236
f 1236 1460 1239
f 1239 1463 1237
f 1238 1237 1461
f 1233 1240 1464
f 1240 1241 1465
f 1241 1242 1466
f 1242 1243 1467
f 1243 1247 1468
f 1247 1248 1469
f 1248 1249 1470
f 1249 1250 1471
f 1250 1251 1472
f 1251 1252 1473
f 1238 1462 1256
f 1256 1474 1257
f 1257 1475 1258
f 1258 1476 1259
f 1259 1477 1260
f 1260 1478 1261
f 1261 1479 1262
f 1262 1480 1263
f 1263 1481 1264
f 1264 1482 1265
f 1265 1483 1266
f 1266 1484 1267
f 1267 1485 1268
f 1268 1486 1269
f 1269 1487 1270
f 1270 1488 1271
f 1271 1489 1272
f 1291 1273 1491
f 1272 1490 1274
f 1275 1274 1492
f 1275 1493 1277
f 1276 1277 1494
f 1276 1495 1273
f 1252 1278 1496
f 1278 1279 1497
f 1279 1280 1498
f 1280 1281 1499
f 1282 1500 1281
f 1282 1283 1501
f 1283 1287 1502
f 1287 1289 1504
f 1289 1288 1503
f 1288 1290 1505
f 1290 1291 1506
f 1221 1443 1445
f 1220 1445 1444
f 1222 1447 1446
f 1223 1444 1447
f 1224 1449 1448
f 1225 1450 1449
f 1226 1451 1450
f 1227 1452 1451
f 1228 1453 1452
f 1229 1454 1453
f 1230 1455 1454
f 1231 1456 1455
f 1232 1457 1456
f 1219 1448 1443
f 1233 1464 1457
f 1234 1446 1458
f 1235 1458 1459
f 1236 1459 1460
f 1237 1463 1461
f 1238 1461 1462
f 1239 1460 1463
f 1240 1465 1464
f 1241 1466 1465
f 1242 1467 1466
f 1243 1468 1467
f 1247 1469 1468
f 1248 1470 1469
f 1249 1471 1470
f 1250 1472 1471
f 1251 1473 1472
f 1256 1462 1474
f 1257 1474 1475
f 1258 1475 1476
f 1259 1476 1477
f 1260 1477 1478
f 1261 1478 1479
f 1262 1479 1480
f 1263 1480 1481
f 1264 1481 1482
f 1265 1482 1483
f 1266 1483 1484
f 1267 1484 1485
f 1268 1485 1486
f 1269 1486 1487
f 1270 1487 1488
f 1271 1488 1489
f 1272 1489 1490
f 1274 1490 1492
f 1275 1492 1493
f 1277 1493 1494
f 1276 1494 1495
f 1273 1495 1491
f 1252 1496 1473
f 1278 1497 1496
f 1279 1498 1497
f 1280 1499 1498
f 1281 1500 1499
f 1282 1501 1500
f 1283 1502 1501
f 1287 1504 1502
f 1289 1503 1504
f 1288 1505 1503
f 1290 1506 1505
f 1291 1491 1506
f 1189 1114 1105
f 1190 1105 1106
f 1192 1107 1108
f 1193 1108 1109
f 1191 1106 1107
f 1194 1109 1110
f 1195 1110 1111
f 1200 1111 1116
f 1197 1112 1113
f 1198 1113 1114
f 1196 1115 1112
f 1199 1104 1115
f 1201 1116 1117
f 1202 1117 1118
f 1203 1118 1119
f 1204 1119 1120
f 1205 1120 1121
f 1206 1121 1122
f 1190 1106 1191
f 1190 1189 1105
f 1192 1191 1107
f 1192 1108 1193
f 1193 1109 1194
f 1194 1110 1195
f 1195 1111 1200
f 1197 1113 1198
f 1197 1196 1112
f 1198 1114 1189
f 1196 1199 1115
f 1199 1188 1104
f 1200 1116 1201
f 1201 1117 1202
f 1202 1118 1203
f 1203 1119 1204
f 1204 1120 1205
f 1205 1121 1206
f 1188 1138 1104
f 1207 1139 1138
f 1208 1140 1139
f 1209 1141 1140
f 1210 1142 1141
f 1211 1143 1142
f 1212 1144 1143
f 1213 1145 1144
f 1214 1146 1145
f 1215 1147 1146
f 1216 1148 1147
f 1217 1149 1148
f 1218 1162 1149
f 1244 1122 1150
f 1245 1150 1151
f 1246 1151 1152
f 1253 1152 1153
f 1254 1153 1154
f 1255 1154 1155
f 1284 1155 1156
f 1285 1156 1157
f 1286 1157 1158
f 1292 1158 1159
f 1293 1159 1160
f 1294 1160 1161
f 1311 1161 1178
f 1295 1163 1162
f 1296 1164 1163
f 1297 1165 1164
f 1298 1166 1165
f 1299 1167 1166
f 1300 1168 1167
f 1301 1169 1168
f 1302 1170 1169
f 1303 1171 1170
f 1304 1172 1171
f 1305 1173 1172
f 1306 1174 1173
f 1307 1181 1174
f 1310 1176 1177
f 1309 1175 1176
f 1315 1177 1182
f 1308 1178 1175
f 1312 1182 1179
f 1314 1180 1181
f 1313 1179 1180
f 1188 1207 1138
f 1207 1208 1139
f 1208 1209 1140
f 1209 1210 1141
f 1210 1211 1142
f 1211 1212 1143
f 1212 1213 1144
f 1213 1214 1145
f 1214 1215 1146
f 1215 1216 1147
f 1216 1217 1148
f 1217 1218 1149
f 1218 1295 1162
f 1206 1122 1244
f 1244 1150 1245
f 1245 1151 1246
f 1246 1152 1253
f 1253 1153 1254
f 1254 1154 1255
f 1255 1155 1284
f 1284 1156 1285
f 1286 1285 1157
f 1286 1158 1292
f 1292 1159 1293
f 1293 1160 1294
f 1294 1161 1311
f 1295 1296 1163
f 1296 1297 1164
f 1297 1298 1165
f 1298 1299 1166
f 1299 1300 1167
f 1300 1301 1168
f 1301 1302 1169
f 1307 1314 1181
f 1302 1303 1170
f 1303 1304 1171
f 1304 1305 1172
f 1305 1306 1173
f 1306 1307 1174
f 1308 1175 1309
f 1309 1176 1310
f 1310 1177 1315
f 1311 1178 1308
f 1312 1315 1182
f 1312 1179 1313
f 1313 1180 1314
f 1192 1195 1191
f 1192 1193 1194
f 1190 1191 1200
f 1190 1201 1189
f 1192 1194 1195
f 1191 1195 1200
f 1190 1200 1201
f 1189 1201 1202
f 1198 1189 1202
f 1197 1198 1203
f 1197 1204 1196
f 1198 1202 1203
f 1197 1203 1204
f 1196 1205 1199
f 1199 1206 1188
f 1196 1204 1205
f 1199 1205 1206
f 1209 1235 1210
f 1210 1239 1211
f 1211 1238 1212
f 1212 1256 1213
f 1213 1257 1214
f 1214 1259 1215
f 1215 1261 1216
f 1216 1263 1217
f 1207 1219 1208
f 1188 1244 1207
f 1207 1225 1224
f 1207 1224 1219
f 1207 1226 1225
f 1207 1227 1226
f 1207 1228 1227
f 1208 1223 1209
f 1208 1221 1220
f 1208 1220 1223
f 1209 1223 1222
f 1209 1222 1234
f 1208 1219 1221
f 1207 1244 1228
f 1209 1234 1235
f 1210 1235 1236
f 1210 1236 1239
f 1211 1239 1237
f 1211 1237 1238
f 1212 1238 1256
f 1188 1206 1244
f 1228 1244 1229
f 1229 1244 1230
f 1230 1245 1231
f 1231 1245 1232
f 1232 1245 1233
f 1230 1244 1245
f 1233 1245 1240
f 1240 1246 1241
f 1245 1246 1240
f 1241 1246 1242
f 1242 1246 1243
f 1243 1246 1253
f 1243 1253 1247
f 1247 1253 1248
f 1248 1254 1249
f 1249 1254 1250
f 1250 1255 1251
f 1251 1255 1252
f 1248 1253 1254
f 1250 1254 1255
f 1252 1255 1284
f 1213 1256 1257
f 1214 1257 1258
f 1214 1258 1259
f 1215 1259 1260
f 1215 1260 1261
f 1261 1262 1216
f 1216 1262 1263
f 1217 1263 1264
f 1217 1264 1265
f 1217 1266 1218
f 1217 1265 1266
f 1218 1270 1295
f 1218 1266 1267
f 1218 1267 1268
f 1218 1268 1269
f 1218 1269 1270
f 1270 1271 1295
f 1295 1271 1272
f 1252 1284 1278
f 1278 1285 1279
f 1279 1286 1280
f 1280 1286 1281
f 1282 1281 1292
f 1282 1292 1283
f 1278 1284 1285
f 1279 1285 1286
f 1281 1286 1292
f 1283 1293 1287
f 1283 1292 1293
f 1287 1293 1289
f 1289 1293 1288
f 1288 1294 1290
f 1291 1294 1273
f 1290 1294 1291
f 1272 1274 1311
f 1275 1311 1274
f 1276 1311 1277
f 1275 1277 1311
f 1276 1273 1311
f 1288 1293 1294
f 1273 1294 1311
f 1295 1308 1296
f 1296 1309 1297
f 1295 1272 1311
f 1295 1311 1308
f 1296 1308 1309
f 1297 1310 1298
f 1298 1315 1299
f 1297 1309 1310
f 1298 1310 1315
f 1299 1312 1300
f 1300 1313 1301
f 1301 1314 1302
f 1300 1312 1313
f 1299 1315 1312
f 1301 1313 1314
f 1302 1314 1307
f 1302 1307 1303
f 1303 1306 1304
f 1304 1306 1305
f 1303 1307 1306
f 1743 1744 1935
f 1743 1936 1746
f 1746 1938 1745
f 1745 1937 1750
f 1750 1939 1751
f 1751 1940 1752
f 1752 1941 1753
f 1753 1942 1754
f 1754 1943 1755
f 1765 1757 1945
f 1756 1946 1757
f 1758 1947 1756
f 1758 1759 1948
f 1759 1760 1949
f 1760 1761 1950
f 1761 1762 1951
f 1762 1763 1952
f 1763 1764 1953
f 1765 1954 1744
f 1764 1766 1955
f 1766 1767 1956
f 1767 1768 1957
f 1768 1769 1958
f 1769 1770 1959
f 1770 1771 1960
f 1771 1772 1961
f 1772 1773 1962
f 1773 1774 1963
f 1774 1775 1964
f 1775 1776 1965
f 1755 1944 1780
f 1780 1966 1781
f 1781 1967 1782
f 1782 1968 1783
f 1783 1969 1784
f 1784 1970 1785
f 1785 1971 1789
f 1789 1972 1790
f 1790 1973 1791
f 1791 1974 1792
f 1792 1975 1793
f 1793 1976 1800
f 1776 1794 1977
f 1794 1795 1978
f 1795 1796 1979
f 1797 1798 1981
f 1798 1799 1982
f 1796 1797 1980
f 1800 1983 1801
f 1801 1984 1802
f 1802 1985 1803
f 1803 1986 1804
f 1804 1987 1805
f 1805 1988 1807
f 1806 1807 1990
f 1808 1991 1809
f 1809 1992 1815
f 1806 1989 1808
f 1799 1810 1993
f 1812 1995 1810
f 1811 1813 1996
f 1812 1811 1994
f 1814 1997 1813
f 1814 1815 1998
f 1744 1954 1935
f 1743 1935 1936
f 1746 1936 1938
f 1745 1938 1937
f 1750 1937 1939
f 1751 1939 1940
f 1752 1940 1941
f 1753 1941 1942
f 1754 1942 1943
f 1755 1943 1944
f 1757 1946 1945
f 1758 1948 1947
f 1759 1949 1948
f 1756 1947 1946
f 1760 1950 1949
f 1761 1951 1950
f 1762 1952 1951
f 1763 1953 1952
f 1764 1955 1953
f 1765 1945 1954
f 1766 1956 1955
f 1767 1957 1956
f 1768 1958 1957
f 1769 1959 1958
f 1770 1960 1959
f 1771 1961 1960
f 1772 1962 1961
f 1773 1963 1962
f 1774 1964 1963
f 1775 1965 1964
f 1780 1944 1966
f 1781 1966 1967
f 1782 1967 1968
f 1783 1968 1969
f 1784 1969 1970
f 1785 1970 1971
f 1789 1971 1972
f 1790 1972 1973
f 1791 1973 1974
f 1792 1974 1975
f 1793 1975 1976
f 1776 1977 1965
f 1794 1978 1977
f 1795 1979 1978
f 1797 1981 1980
f 1798 1982 1981
f 1796 1980 1979
f 1800 1976 1983
f 1801 1983 1984
f 1802 1984 1985
f 1803 1985 1986
f 1804 1986 1987
f 1805 1987 1988
f 1807 1988 1990
f 1806 1990 1989
f 1815 1992 1998
f 1809 1991 1992
f 1808 1989 1991
f 1799 1993 1982
f 1810 1995 1993
f 1811 1996 1994
f 1812 1994 1995
f 1813 1997 1996
f 1814 1998 1997
f 1722 1631 1628
f 1721 1628 1627
f 1723 1630 1629
f 1725 1629 1631
f 1724 1632 1630
f 1726 1633 1632
f 1729 1634 1635
f 1730 1635 1636
f 1728 1627 1634
f 1731 1636 1637
f 1732 1637 1638
f 1733 1638 1639
f 1734 1639 1640
f 1735 1640 1641
f 1736 1641 1642
f 1737 1642 1643
f 1738 1643 1644
f 1739 1644 1645
f 1721 1722 1628
f 1724 1630 1723
f 1725 1631 1722
f 1725 1723 1629
f 1724 1726 1632
f 1726 1727 1633
f 1729 1728 1634
f 1729 1635 1730
f 1721 1627 1728
f 1730 1636 1731
f 1731 1637 1732
f 1732 1638 1733
f 1733 1639 1734
f 1734 1640 1735
f 1735 1641 1736
f 1736 1642 1737
f 1737 1643 1738
f 1738 1644 1739
f 1727 1656 1633
f 1740 1657 1656
f 1741 1658 1657
f 1742 1659 1658
f 1747 1660 1659
f 1748 1661 1660
f 1749 1662 1661
f 1777 1663 1662
f 1778 1664 1663
f 1779 1665 1664
f 1786 1666 1665
f 1787 1667 1666
f 1788 1680 1667
f 1816 1645 1668
f 1817 1668 1669
f 1818 1669 1670
f 1819 1670 1671
f 1820 1671 1672
f 1821 1672 1673
f 1822 1673 1674
f 1823 1674 1675
f 1824 1675 1676
f 1825 1676 1677
f 1826 1677 1678
f 1827 1678 1679
f 1847 1679 1699
f 1828 1681 1680
f 1829 1682 1681
f 1830 1683 1682
f 1831 1684 1683
f 1832 1685 1684
f 1833 1686 1685
f 1834 1687 1686
f 1836 1700 1688
f 1837 1688 1689
f 1846 1689 1698
f 1835 1690 1687
f 1838 1691 1690
f 1839 1692 1691
f 1840 1693 1692
f 1841 1694 1693
f 1842 1696 1694
f 1843 1698 1695
f 1844 1697 1696
f 1845 1695 1697
f 1848 1699 1700
f 1727 1740 1656
f 1741 1657 1740
f 1741 1742 1658
f 1742 1747 1659
f 1747 1748 1660
f 1748 1749 1661
f 1749 1777 1662
f 1777 1778 1663
f 1778 1779 1664
f 1779 1786 1665
f 1786 1787 1666
f 1787 1788 1667
f 1788 1828 1680
f 1739 1645 1816
f 1816 1668 1817
f 1817 1669 1818
f 1818 1670 1819
f 1819 1671 1820
f 1820 1672 1821
f 1821 1673 1822
f 1822 1674 1823
f 1823 1675 1824
f 1824 1676 1825
f 1825 1677 1826
f 1827 1826 1678
f 1827 1679 1847
f 1828 1829 1681
f 1829 1830 1682
f 1830 1831 1683
f 1831 1832 1684
f 1832 1833 1685
f 1833 1834 1686
f 1834 1835 1687
f 1848 1700 1836
f 1836 1688 1837
f 1837 1689 1846
f 1835 1838 1690
f 1838 1839 1691
f 1839 1840 1692
f 1840 1841 1693
f 1841 1842 1694
f 1845 1843 1695
f 1845 1697 1844
f 1844 1696 1842
f 1846 1698 1843
f 1847 1699 1848
f 1729 1732 1728
f 1721 1728 1733
f 1721 1734 1722
f 1729 1730 1731
f 1729 1731 1732
f 1728 1732 1733
f 1721 1733 1734
f 1722 1734 1735
f 1725 1736 1723
f 1725 1722 1735
f 1724 1723 1737
f 1725 1735 1736
f 1723 1736 1737
f 1724 1738 1726
f 1726 1739 1727
f 1724 1737 1738
f 1726 1738 1739
f 1741 1740 1765
f 1740 1757 1765
f 1740 1756 1757
f 1740 1758 1756
f 1740 1759 1758
f 1740 1760 1759
f 1741 1746 1742
f 1742 1745 1750
f 1742 1746 1745
f 1741 1765 1744
f 1741 1744 1743
f 1741 1743 1746
f 1747 1753 1748
f 1748 1755 1749
f 1742 1751 1747
f 1742 1750 1751
f 1747 1751 1752
f 1747 1752 1753
f 1748 1753 1754
f 1748 1754 1755
f 1749 1755 1780
f 1727 1816 1740
f 1740 1816 1760
f 1727 1739 1816
f 1760 1816 1761
f 1761 1816 1762
f 1762 1817 1763
f 1763 1817 1764
f 1764 1817 1766
f 1762 1816 1817
f 1766 1817 1767
f 1767 1818 1768
f 1817 1818 1767
f 1768 1818 1769
f 1769 1818 1770
f 1770 1819 1771
f 1771 1819 1772
f 1772 1820 1773
f 1773 1820 1774
f 1774 1821 1775
f 1775 1821 1776
f 1749 1780 1777
f 1777 1781 1778
f 1778 1783 1779
f 1779 1785 1786
f 1777 1780 1781
f 1778 1781 1782
f 1778 1782 1783
f 1779 1783 1784
f 1779 1784 1785
f 1786 1785 1789
f 1786 1789 1790
f 1786 1790 1787
f 1787 1790 1791
f 1787 1791 1792
f 1787 1793 1788
f 1788 1803 1828
f 1787 1792 1793
f 1788 1793 1800
f 1788 1800 1801
f 1788 1801 1802
f 1788 1802 1803
f 1828 1803 1804
f 1828 1804 1805
f 1776 1822 1794
f 1794 1823 1795
f 1795 1824 1796
f 1796 1824 1797
f 1797 1825 1798
f 1798 1825 1799
f 1799 1826 1810
f 1812 1810 1826
f 1812 1826 1811
f 1814 1827 1815
f 1805 1807 1847
f 1806 1847 1807
f 1806 1808 1847
f 1809 1815 1847
f 1808 1809 1847
f 1811 1827 1813
f 1814 1813 1827
f 1811 1826 1827
f 1815 1827 1847
f 1770 1818 1819
f 1772 1819 1820
f 1774 1820 1821
f 1776 1821 1822
f 1794 1822 1823
f 1795 1823 1824
f 1797 1824 1825
f 1799 1825 1826
f 1828 1848 1829
f 1828 1805 1847
f 1829 1848 1836
f 1829 1836 1830
f 1830 1837 1831
f 1831 1846 1832
f 1830 1836 1837
f 1831 1837 1846
f 1828 1847 1848
f 1832 1843 1833
f 1833 1845 1834
f 1834 1844 1835
f 1832 1846 1843
f 1833 1843 1845
f 1834 1845 1844
f 1835 1844 1842
f 1835 1842 1838
f 1838 1841 1839
f 1839 1841 1840
f 1838 1842 1841
f 228 241 506
f 229 228 493
f 230 229 494
f 495 231 230
f 232 233 498
f 234 232 497
f 233 231 496
f 235 234 499
f 236 235 500
f 237 236 501
f 237 502 1056
f 240 238 503
f 239 242 507
f 238 239 504
f 241 240 505
f 242 243 508
f 243 244 509
f 244 245 510
f 245 246 511
f 246 247 512
f 247 248 513
f 248 249 514
f 249 250 515
f 250 251 516
f 251 252 517
f 252 253 518
f 253 254 519
f 520 254 255
f 521 255 256
f 522 256 257
f 523 257 258
f 1330 258 1069
f 228 506 493
f 229 493 494
f 494 495 230
f 495 496 231
f 232 498 497
f 233 496 498
f 234 497 499
f 499 500 235
f 236 500 501
f 237 501 502
f 1056 502 1316
f 238 504 503
f 507 504 239
f 241 505 506
f 503 505 240
f 242 508 507
f 509 508 243
f 244 510 509
f 245 511 510
f 246 512 511
f 247 513 512
f 514 513 248
f 249 515 514
f 250 516 515
f 251 517 516
f 252 518 517
f 253 519 518
f 520 519 254
f 521 520 255
f 522 521 256
f 523 522 257
f 1330 523 258
f 1056 1316 1057
f 1058 1057 1317
f 1059 1058 1318
f 1060 1059 1319
f 1061 1060 1320
f 1062 1061 1321
f 1063 1062 1322
f 1064 1063 1323
f 1324 1065 1064
f 1066 1065 1325
f 1080 1066 1326
f 1331 1069 1070
f 1332 1070 1071
f 1333 1071 1072
f 1334 1072 1073
f 1073 1074 1335
f 1075 1078 1339
f 1074 1075 1336
f 1338 1076 1077
f 1078 1079 1340
f 1079 1076 1337
f 1081 1080 1341
f 1082 1081 1342
f 1083 1082 1343
f 1084 1083 1344
f 1085 1084 1345
f 1087 1085 1346
f 1090 1086 1347
f 1086 1087 1348
f 1089 1088 1349
f 1077 1089 1350
f 1088 1090 1351
f 1057 1316 1317
f 1058 1317 1318
f 1059 1318 1319
f 1319 1320 1060
f 1061 1320 1321
f 1062 1321 1322
f 1063 1322 1323
f 1323 1324 1064
f 1324 1325 1065
f 1066 1325 1326
f 1326 1341 1080
f 1331 1330 1069
f 1332 1331 1070
f 1333 1332 1071
f 1334 1333 1072
f 1335 1334 1073
f 1074 1336 1335
f 1339 1336 1075
f 1076 1338 1337
f 1078 1340 1339
f 1079 1337 1340
f 1081 1341 1342
f 1342 1343 1082
f 1083 1343 1344
f 1084 1344 1345
f 1085 1345 1346
f 1087 1346 1348
f 1348 1347 1086
f 1090 1347 1351
f 1351 1349 1088
f 1089 1349 1350
f 1077 1350 1338
f 759 757 1019
f 770 758 1020
f 758 759 1021
f 1022 761 760
f 757 761 1023
f 760 762 1024
f 762 763 1025
f 763 764 1026
f 764 765 1027
f 765 766 1028
f 766 767 1029
f 768 771 1033
f 769 768 1030
f 1032 771 770
f 773 772 1034
f 772 769 1031
f 774 773 1035
f 775 774 1036
f 776 775 1037
f 777 776 1038
f 777 1039 1591
f 767 778 1040
f 778 779 1041
f 779 780 1042
f 780 781 1043
f 781 782 1044
f 782 783 1045
f 783 784 1046
f 784 785 1047
f 785 786 1048
f 786 787 1049
f 787 1613 1871
f 770 1020 1032
f 758 1021 1020
f 1019 1021 759
f 757 1023 1019
f 1022 1023 761
f 1024 1022 760
f 762 1025 1024
f 763 1026 1025
f 764 1027 1026
f 1028 1027 765
f 766 1029 1028
f 768 1033 1030
f 769 1030 1031
f 771 1032 1033
f 1031 1034 772
f 773 1034 1035
f 774 1035 1036
f 775 1036 1037
f 776 1037 1038
f 777 1038 1039
f 1591 1039 1849
f 1040 1029 767
f 778 1041 1040
f 779 1042 1041
f 1043 1042 780
f 781 1044 1043
f 782 1045 1044
f 783 1046 1045
f 1047 1046 784
f 785 1048 1047
f 786 1049 1048
f 787 1871 1049
f 1591 1849 1592
f 1593 1592 1850
f 1594 1593 1851
f 1595 1594 1852
f 1596 1595 1853
f 1597 1596 1854
f 1598 1597 1855
f 1599 1598 1856
f 1600 1599 1857
f 1601 1600 1858
f 1602 1601 1859
f 1603 1602 1860
f 1604 1603 1861
f 1605 1604 1862
f 1606 1605 1863
f 1607 1606 1864
f 1608 1607 1865
f 1609 1610 1868
f 1612 1611 1869
f 1611 1608 1866
f 1610 1612 1870
f 1613 1614 1872
f 1614 1615 1873
f 1615 1616 1874
f 1616 1617 1875
f 1618 1620 1878
f 1617 1619 1877
f 1619 1618 1876
f 1620 1621 1879
f 1621 1622 1880
f 1622 1623 1881
f 1623 1609 1867
f 1592 1849 1850
f 1593 1850 1851
f 1594 1851 1852
f 1595 1852 1853
f 1596 1853 1854
f 1597 1854 1855
f 1598 1855 1856
f 1599 1856 1857
f 1600 1857 1858
f 1601 1858 1859
f 1859 1860 1602
f 1603 1860 1861
f 1604 1861 1862
f 1605 1862 1863
f 1606 1863 1864
f 1864 1865 1607
f 1608 1865 1866
f 1870 1868 1610
f 1609 1868 1867
f 1866 1869 1611
f 1612 1869 1870
f 1613 1872 1871
f 1614 1873 1872
f 1615 1874 1873
f 1875 1874 1616
f 1617 1877 1875
f 1618 1878 1876
f 1619 1876 1877
f 1620 1879 1878
f 1621 1880 1879
f 1622 1881 1880
f 1623 1867 1881
f 226 227 492
f 226 491 490
f 491 226 492
f 492 227 1329
f 491 492 530
f 492 531 530
f 227 1068 1329
f 1068 1067 1327
f 1328 1068 1327
f 1328 1329 1068
f 1328 1362 1329
f 1362 1328 1361
