# DataCat thin soft-front enclosure Rev H; coordinates in millimetres
mtllib rounded_enclosure.mtl
o 05_control_panel
usemtl 05_control_panel
v -40.791752 -72.833771 48.799999
v -41.249229 -71.801720 48.799999
v -41.655514 -70.748466 48.799999
v -39.727757 -74.824364 48.799999
v -39.123802 -75.778114 48.799999
v -38.473774 -76.701080 48.799999
v -37.779240 -77.591049 48.799999
v -40.284187 -73.842125 48.799999
v -37.041878 -78.445854 48.799999
v -36.263454 -79.263458 48.799999
v -35.445854 -80.041878 48.799999
v -34.591045 -80.779243 48.799999
v -33.701084 -81.473770 48.799999
v -32.778114 -82.123802 48.799999
v -42.009628 -69.676544 48.799999
v -42.310719 -68.588547 48.799999
v -42.558060 -67.487076 48.799999
v -42.751060 -66.374802 48.799999
v -42.889248 -65.254395 48.799999
v -42.972294 -64.128555 48.799999
v -43.000000 -63.000000 48.799999
v -31.824366 -82.727760 48.799999
v -30.842125 -83.284187 48.799999
v -29.833767 -83.791756 48.799999
v -28.801718 -84.249229 48.799999
v -27.748466 -84.655510 48.799999
v -27.170303 -78.300034 48.799999
v -29.993402 -73.589989 48.799999
v -29.799067 -74.365822 48.799999
v -30.110756 -72.798843 48.799999
v -30.150000 -72.000000 48.799999
v -30.110756 -71.201157 48.799999
v -28.776476 -76.527901 48.799999
v -28.300035 -77.170303 48.799999
v -29.187658 -75.841881 48.799999
v -29.529615 -75.118874 48.799999
v -27.762922 -77.762917 48.799999
v -26.676548 -85.009628 48.799999
v -25.588545 -85.310722 48.799999
v -24.487078 -85.558060 48.799999
v -26.527897 -78.776474 48.799999
v -25.841883 -79.187660 48.799999
v -25.118870 -79.529617 48.799999
v -24.365820 -79.799065 48.799999
v -23.374802 -85.751060 48.799999
v -22.254395 -85.889252 48.799999
v -23.589987 -79.993401 48.799999
v -22.798840 -80.110756 48.799999
v -22.000000 -80.150002 48.799999
v -29.993402 -70.410011 48.799999
v -29.799067 -69.634178 48.799999
v -29.529615 -68.881126 48.799999
v -29.187658 -68.158119 48.799999
v -28.776476 -67.472099 48.799999
v -28.300035 -66.829697 48.799999
v -27.762922 -66.237083 48.799999
v -27.170303 -65.699966 48.799999
v -26.527897 -65.223526 48.799999
v -25.841883 -64.812340 48.799999
v -25.118870 -64.470383 48.799999
v -24.365820 -64.200935 48.799999
v -23.589987 -64.006599 48.799999
v -22.798840 -63.889240 48.799999
v -22.000000 -63.849998 48.799999
v -25.212830 -47.382797 48.799999
v -25.092041 -47.537575 48.799999
v -24.963804 -47.686237 48.799999
v -24.222281 -48.325878 48.799999
v -24.828426 -47.828426 48.799999
v -24.537573 -48.092041 48.799999
v -24.686235 -47.963806 48.799999
v -24.382797 -48.212830 48.799999
v -24.056412 -48.430916 48.799999
v -23.885588 -48.527683 48.799999
v -23.710220 -48.615955 48.799999
v -23.530733 -48.695518 48.799999
v -23.347559 -48.766178 48.799999
v -23.161139 -48.827763 48.799999
v -22.971920 -48.880123 48.799999
v -22.780361 -48.923141 48.799999
v -22.586922 -48.956707 48.799999
v -22.392069 -48.980740 48.799999
v -22.196270 -48.995182 48.799999
v -22.000000 -49.000000 48.799999
v -25.766176 -46.347561 48.799999
v -25.615957 -46.710220 48.799999
v -25.695518 -46.530735 48.799999
v -25.880125 -45.971920 48.799999
v -25.956705 -45.586922 48.799999
v -25.923141 -45.780361 48.799999
v -25.980740 -45.392067 48.799999
v -25.827761 -46.161140 48.799999
v -25.995182 -45.196270 48.799999
v -26.000000 -45.000000 48.799999
v -25.430914 -47.056412 48.799999
v -25.527685 -46.885586 48.799999
v -25.325878 -47.222282 48.799999
v -21.128557 -85.972298 48.799999
v -20.000000 -86.000000 48.799999
v -21.201160 -80.110756 48.799999
v -20.410013 -79.993401 48.799999
v -19.634180 -79.799065 48.799999
v -18.881130 -79.529617 48.799999
v -18.158117 -79.187660 48.799999
v -17.472103 -78.776474 48.799999
v -16.829695 -78.300034 48.799999
v -16.237080 -77.762917 48.799999
v -15.699965 -77.170303 48.799999
v -15.223521 -76.527901 48.799999
v -14.812343 -75.841881 48.799999
v -14.470383 -75.118874 48.799999
v -14.200936 -74.365822 48.799999
v -14.006600 -73.589989 48.799999
v -13.889245 -72.798843 48.799999
v -13.850000 -72.000000 48.799999
v -13.889245 -71.201157 48.799999
v -21.201160 -63.889240 48.799999
v -20.410013 -64.006599 48.799999
v -19.634180 -64.200935 48.799999
v -18.881130 -64.470383 48.799999
v -18.158117 -64.812340 48.799999
v -17.472103 -65.223526 48.799999
v -16.829695 -65.699966 48.799999
v -16.237080 -66.237083 48.799999
v -15.699965 -66.829697 48.799999
v -14.812343 -68.158119 48.799999
v -15.223521 -67.472099 48.799999
v -14.200936 -69.634178 48.799999
v -14.470383 -68.881126 48.799999
v -14.006600 -70.410011 48.799999
v -40.791752 -72.833771 50.000000
v -41.249229 -71.801720 50.000000
v -41.655514 -70.748466 50.000000
v -39.727757 -74.824364 50.000000
v -39.123802 -75.778114 50.000000
v -38.473774 -76.701080 50.000000
v -37.779240 -77.591049 50.000000
v -40.284187 -73.842125 50.000000
v -37.041878 -78.445854 50.000000
v -36.263454 -79.263458 50.000000
v -35.445854 -80.041878 50.000000
v -34.591045 -80.779243 50.000000
v -33.701084 -81.473770 50.000000
v -32.778114 -82.123802 50.000000
v -42.009628 -69.676544 50.000000
v -42.310719 -68.588547 50.000000
v -42.558060 -67.487076 50.000000
v -42.751060 -66.374802 50.000000
v -42.889248 -65.254395 50.000000
v -42.972294 -64.128555 50.000000
v -43.000000 -63.000000 50.000000
v -31.824366 -82.727760 50.000000
v -30.842125 -83.284187 50.000000
v -29.833767 -83.791756 50.000000
v -28.801718 -84.249229 50.000000
v -27.748466 -84.655510 50.000000
v -27.170303 -78.300034 50.000000
v -29.993402 -73.589989 50.000000
v -29.799067 -74.365822 50.000000
v -30.110756 -72.798843 50.000000
v -30.150000 -72.000000 50.000000
v -30.110756 -71.201157 50.000000
v -28.776476 -76.527901 50.000000
v -28.300035 -77.170303 50.000000
v -29.187658 -75.841881 50.000000
v -29.529615 -75.118874 50.000000
v -27.762922 -77.762917 50.000000
v -26.676548 -85.009628 50.000000
v -25.588545 -85.310722 50.000000
v -24.487078 -85.558060 50.000000
v -26.527897 -78.776474 50.000000
v -25.841883 -79.187660 50.000000
v -25.118870 -79.529617 50.000000
v -24.365820 -79.799065 50.000000
v -23.374802 -85.751060 50.000000
v -22.254395 -85.889252 50.000000
v -23.589987 -79.993401 50.000000
v -22.798840 -80.110756 50.000000
v -22.000000 -80.150002 50.000000
v -29.993402 -70.410011 50.000000
v -29.799067 -69.634178 50.000000
v -29.529615 -68.881126 50.000000
v -29.187658 -68.158119 50.000000
v -28.776476 -67.472099 50.000000
v -28.300035 -66.829697 50.000000
v -27.762922 -66.237083 50.000000
v -27.170303 -65.699966 50.000000
v -26.527897 -65.223526 50.000000
v -25.841883 -64.812340 50.000000
v -25.118870 -64.470383 50.000000
v -24.365820 -64.200935 50.000000
v -23.589987 -64.006599 50.000000
v -22.798840 -63.889240 50.000000
v -22.000000 -63.849998 50.000000
v -25.212830 -47.382797 50.000000
v -25.092041 -47.537575 50.000000
v -24.963804 -47.686237 50.000000
v -24.222281 -48.325878 50.000000
v -24.828426 -47.828426 50.000000
v -24.537573 -48.092041 50.000000
v -24.686235 -47.963806 50.000000
v -24.382797 -48.212830 50.000000
v -24.056412 -48.430916 50.000000
v -23.885588 -48.527683 50.000000
v -23.710220 -48.615955 50.000000
v -23.530733 -48.695518 50.000000
v -23.347559 -48.766178 50.000000
v -23.161139 -48.827763 50.000000
v -22.971920 -48.880123 50.000000
v -22.780361 -48.923141 50.000000
v -22.586922 -48.956707 50.000000
v -22.392069 -48.980740 50.000000
v -22.196270 -48.995182 50.000000
v -22.000000 -49.000000 50.000000
v -25.766176 -46.347561 50.000000
v -25.615957 -46.710220 50.000000
v -25.695518 -46.530735 50.000000
v -25.880125 -45.971920 50.000000
v -25.956705 -45.586922 50.000000
v -25.923141 -45.780361 50.000000
v -25.980740 -45.392067 50.000000
v -25.827761 -46.161140 50.000000
v -25.995182 -45.196270 50.000000
v -26.000000 -45.000000 50.000000
v -25.430914 -47.056412 50.000000
v -25.527685 -46.885586 50.000000
v -25.325878 -47.222282 50.000000
v -21.128557 -85.972298 50.000000
v -20.000000 -86.000000 50.000000
v -21.201160 -80.110756 50.000000
v -20.410013 -79.993401 50.000000
v -19.634180 -79.799065 50.000000
v -18.881130 -79.529617 50.000000
v -18.158117 -79.187660 50.000000
v -17.472103 -78.776474 50.000000
v -16.829695 -78.300034 50.000000
v -16.237080 -77.762917 50.000000
v -15.699965 -77.170303 50.000000
v -15.223521 -76.527901 50.000000
v -14.812343 -75.841881 50.000000
v -14.470383 -75.118874 50.000000
v -14.200936 -74.365822 50.000000
v -14.006600 -73.589989 50.000000
v -13.889245 -72.798843 50.000000
v -13.850000 -72.000000 50.000000
v -13.889245 -71.201157 50.000000
v -21.201160 -63.889240 50.000000
v -20.410013 -64.006599 50.000000
v -19.634180 -64.200935 50.000000
v -18.881130 -64.470383 50.000000
v -18.158117 -64.812340 50.000000
v -17.472103 -65.223526 50.000000
v -16.829695 -65.699966 50.000000
v -16.237080 -66.237083 50.000000
v -15.699965 -66.829697 50.000000
v -14.812343 -68.158119 50.000000
v -15.223521 -67.472099 50.000000
v -14.200936 -69.634178 50.000000
v -14.470383 -68.881126 50.000000
v -14.006600 -70.410011 50.000000
v -43.000000 15.000000 48.799999
v -42.972294 16.128557 48.799999
v -42.889248 17.254395 48.799999
v -42.751060 18.374802 48.799999
v -42.558060 19.487078 48.799999
v -42.310719 20.588545 48.799999
v -42.009628 21.676548 48.799999
v -41.655514 22.748466 48.799999
v -41.249229 23.801720 48.799999
v -40.791752 24.833767 48.799999
v -40.284187 25.842125 48.799999
v -39.727757 26.824364 48.799999
v -39.123802 27.778114 48.799999
v -38.473774 28.701084 48.799999
v -37.779240 29.591047 48.799999
v -37.041878 30.445856 48.799999
v -36.263454 31.263456 48.799999
v -35.445854 32.041878 48.799999
v -34.591045 32.779240 48.799999
v -33.701084 33.473774 48.799999
v -32.778114 34.123802 48.799999
v -31.824366 34.727757 48.799999
v -30.842125 35.284187 48.799999
v -29.833767 35.791752 48.799999
v -28.801718 36.249229 48.799999
v -27.748466 36.655514 48.799999
v -26.000000 25.000000 48.799999
v -25.995182 25.196270 48.799999
v -25.980740 25.392069 48.799999
v -25.956705 25.586922 48.799999
v -25.923141 25.780361 48.799999
v -25.880125 25.971920 48.799999
v -25.827761 26.161139 48.799999
v -25.766176 26.347559 48.799999
v -25.695518 26.530733 48.799999
v -25.615957 26.710220 48.799999
v -25.527685 26.885588 48.799999
v -25.430914 27.056414 48.799999
v -25.325878 27.222282 48.799999
v -25.212830 27.382797 48.799999
v -25.092041 27.537575 48.799999
v -24.963804 27.686237 48.799999
v -24.828426 27.828426 48.799999
v -24.686235 27.963804 48.799999
v -24.537573 28.092041 48.799999
v -24.382797 28.212830 48.799999
v -24.222281 28.325878 48.799999
v -24.056412 28.430916 48.799999
v -23.885588 28.527687 48.799999
v -23.710220 28.615959 48.799999
v -23.530733 28.695520 48.799999
v -23.347559 28.766176 48.799999
v -23.161139 28.827761 48.799999
v -22.971920 28.880125 48.799999
v -22.780361 28.923141 48.799999
v -22.586922 28.956703 48.799999
v -22.392069 28.980740 48.799999
v -22.196270 28.995180 48.799999
v -22.000000 29.000000 48.799999
v -26.676548 37.009628 48.799999
v -25.588545 37.310719 48.799999
v -24.487078 37.558060 48.799999
v -23.374802 37.751060 48.799999
v -22.254395 37.889248 48.799999
v -21.128557 37.972294 48.799999
v -20.000000 38.000000 48.799999
v -10.929852 30.595732 48.799999
v -10.964038 30.708422 48.799999
v -10.948328 30.651657 48.799999
v -10.858306 30.434322 48.799999
v -10.884788 30.486935 48.799999
v -10.797764 30.333315 48.799999
v -10.763849 30.285162 48.799999
v -10.829274 30.383078 48.799999
v -10.908655 30.540777 48.799999
v -10.976942 30.765892 48.799999
v -10.987012 30.823923 48.799999
v -10.994222 30.882381 48.799999
v -10.998554 30.941116 48.799999
v -11.000000 31.000000 48.799999
v -10.998554 31.058884 48.799999
v -10.994222 31.117619 48.799999
v -10.987012 31.176077 48.799999
v -10.976942 31.234108 48.799999
v -10.964038 31.291578 48.799999
v -10.948328 31.348343 48.799999
v -10.929852 31.404268 48.799999
v -10.908655 31.459223 48.799999
v -10.884788 31.513065 48.799999
v -10.858306 31.565678 48.799999
v -10.829274 31.616922 48.799999
v -10.797764 31.666685 48.799999
v -10.763849 31.714838 48.799999
v -10.689141 30.194132 48.799999
v -10.727612 30.238726 48.799999
v -10.605871 30.110857 48.799999
v -10.648528 30.151472 48.799999
v -10.416924 29.970726 48.799999
v -10.466684 30.002237 48.799999
v -10.561272 30.072388 48.799999
v -10.514839 30.036150 48.799999
v -10.365676 29.941692 48.799999
v -10.313066 29.915213 48.799999
v -10.259220 29.891344 48.799999
v -10.204268 29.870148 48.799999
v -10.148341 29.851671 48.799999
v -10.091577 29.835962 48.799999
v -10.034108 29.823055 48.799999
v -9.976076 29.812988 48.799999
v -9.917621 29.805779 48.799999
v -9.858881 29.801447 48.799999
v -9.800000 29.799999 48.799999
v -10.727612 31.761274 48.799999
v -10.689141 31.805868 48.799999
v -10.648528 31.848528 48.799999
v -10.605871 31.889143 48.799999
v -10.561272 31.927612 48.799999
v -10.514839 31.963850 48.799999
v -10.466684 31.997763 48.799999
v -10.416924 32.029274 48.799999
v -10.365676 32.058304 48.799999
v -10.313066 32.084785 48.799999
v -10.259220 32.108654 48.799999
v -10.204268 32.129852 48.799999
v -10.148341 32.148327 48.799999
v -10.091577 32.164036 48.799999
v -10.034108 32.176941 48.799999
v -9.976076 32.187012 48.799999
v -9.917621 32.194221 48.799999
v -9.858881 32.198555 48.799999
v -9.800000 32.200001 48.799999
v -43.000000 15.000000 50.000000
v -42.972294 16.128557 50.000000
v -42.889248 17.254395 50.000000
v -42.751060 18.374802 50.000000
v -42.558060 19.487078 50.000000
v -42.310719 20.588545 50.000000
v -42.009628 21.676548 50.000000
v -41.655514 22.748466 50.000000
v -41.249229 23.801720 50.000000
v -40.791752 24.833767 50.000000
v -40.284187 25.842125 50.000000
v -39.727757 26.824364 50.000000
v -39.123802 27.778114 50.000000
v -38.473774 28.701084 50.000000
v -37.779240 29.591047 50.000000
v -37.041878 30.445856 50.000000
v -36.263454 31.263456 50.000000
v -35.445854 32.041878 50.000000
v -34.591045 32.779240 50.000000
v -33.701084 33.473774 50.000000
v -32.778114 34.123802 50.000000
v -31.824366 34.727757 50.000000
v -30.842125 35.284187 50.000000
v -29.833767 35.791752 50.000000
v -28.801718 36.249229 50.000000
v -27.748466 36.655514 50.000000
v -26.000000 25.000000 50.000000
v -25.995182 25.196270 50.000000
v -25.980740 25.392069 50.000000
v -25.956705 25.586922 50.000000
v -25.923141 25.780361 50.000000
v -25.880125 25.971920 50.000000
v -25.827761 26.161139 50.000000
v -25.766176 26.347559 50.000000
v -25.695518 26.530733 50.000000
v -25.615957 26.710220 50.000000
v -25.527685 26.885588 50.000000
v -25.430914 27.056414 50.000000
v -25.325878 27.222282 50.000000
v -25.212830 27.382797 50.000000
v -25.092041 27.537575 50.000000
v -24.963804 27.686237 50.000000
v -24.828426 27.828426 50.000000
v -24.686235 27.963804 50.000000
v -24.537573 28.092041 50.000000
v -24.382797 28.212830 50.000000
v -24.222281 28.325878 50.000000
v -24.056412 28.430916 50.000000
v -23.885588 28.527687 50.000000
v -23.710220 28.615959 50.000000
v -23.530733 28.695520 50.000000
v -23.347559 28.766176 50.000000
v -23.161139 28.827761 50.000000
v -22.971920 28.880125 50.000000
v -22.780361 28.923141 50.000000
v -22.586922 28.956703 50.000000
v -22.392069 28.980740 50.000000
v -22.196270 28.995180 50.000000
v -22.000000 29.000000 50.000000
v -26.676548 37.009628 50.000000
v -25.588545 37.310719 50.000000
v -24.487078 37.558060 50.000000
v -23.374802 37.751060 50.000000
v -22.254395 37.889248 50.000000
v -21.128557 37.972294 50.000000
v -20.000000 38.000000 50.000000
v -10.929852 30.595732 50.000000
v -10.964038 30.708422 50.000000
v -10.948328 30.651657 50.000000
v -10.858306 30.434322 50.000000
v -10.884788 30.486935 50.000000
v -10.797764 30.333315 50.000000
v -10.763849 30.285162 50.000000
v -10.829274 30.383078 50.000000
v -10.908655 30.540777 50.000000
v -10.976942 30.765892 50.000000
v -10.987012 30.823923 50.000000
v -10.994222 30.882381 50.000000
v -10.998554 30.941116 50.000000
v -11.000000 31.000000 50.000000
v -10.998554 31.058884 50.000000
v -10.994222 31.117619 50.000000
v -10.987012 31.176077 50.000000
v -10.976942 31.234108 50.000000
v -10.964038 31.291578 50.000000
v -10.948328 31.348343 50.000000
v -10.929852 31.404268 50.000000
v -10.908655 31.459223 50.000000
v -10.884788 31.513065 50.000000
v -10.858306 31.565678 50.000000
v -10.829274 31.616922 50.000000
v -10.797764 31.666685 50.000000
v -10.763849 31.714838 50.000000
v -10.689141 30.194132 50.000000
v -10.727612 30.238726 50.000000
v -10.605871 30.110857 50.000000
v -10.648528 30.151472 50.000000
v -10.416924 29.970726 50.000000
v -10.466684 30.002237 50.000000
v -10.561272 30.072388 50.000000
v -10.514839 30.036150 50.000000
v -10.365676 29.941692 50.000000
v -10.313066 29.915213 50.000000
v -10.259220 29.891344 50.000000
v -10.204268 29.870148 50.000000
v -10.148341 29.851671 50.000000
v -10.091577 29.835962 50.000000
v -10.034108 29.823055 50.000000
v -9.976076 29.812988 50.000000
v -9.917621 29.805779 50.000000
v -9.858881 29.801447 50.000000
v -9.800000 29.799999 50.000000
v -10.727612 31.761274 50.000000
v -10.689141 31.805868 50.000000
v -10.648528 31.848528 50.000000
v -10.605871 31.889143 50.000000
v -10.561272 31.927612 50.000000
v -10.514839 31.963850 50.000000
v -10.466684 31.997763 50.000000
v -10.416924 32.029274 50.000000
v -10.365676 32.058304 50.000000
v -10.313066 32.084785 50.000000
v -10.259220 32.108654 50.000000
v -10.204268 32.129852 50.000000
v -10.148341 32.148327 50.000000
v -10.091577 32.164036 50.000000
v -10.034108 32.176941 50.000000
v -9.976076 32.187012 50.000000
v -9.917621 32.194221 50.000000
v -9.858881 32.198555 50.000000
v -9.800000 32.200001 50.000000
v 20.000000 -86.000000 48.799999
v 21.128557 -85.972298 48.799999
v 21.353285 -79.267876 48.799999
v 21.417971 -79.388901 48.799999
v 21.313450 -79.136566 48.799999
v 21.299999 -79.000000 48.799999
v 21.313450 -78.863434 48.799999
v 21.353285 -78.732124 48.799999
v 21.417971 -78.611099 48.799999
v 21.417971 -75.388901 48.799999
v 21.313450 -75.136566 48.799999
v 21.299999 -75.000000 48.799999
v 21.313450 -74.863434 48.799999
v 21.353285 -75.267876 48.799999
v 21.353285 -74.732124 48.799999
v 21.417971 -74.611099 48.799999
v 21.313450 -71.136566 48.799999
v 21.299999 -71.000000 48.799999
v 21.353285 -71.267876 48.799999
v 21.417971 -71.388901 48.799999
v 21.313450 -70.863434 48.799999
v 21.353285 -70.732124 48.799999
v 21.417971 -70.611099 48.799999
v 21.313450 -67.136566 48.799999
v 21.417971 -67.388901 48.799999
v 21.353285 -67.267876 48.799999
v 21.299999 -67.000000 48.799999
v 21.313450 -66.863434 48.799999
v 21.353285 -66.732124 48.799999
v 21.417971 -66.611099 48.799999
v 22.254395 -85.889252 48.799999
v 23.374802 -85.751060 48.799999
v 21.505026 -79.494972 48.799999
v 21.611101 -79.582031 48.799999
v 21.732122 -79.646713 48.799999
v 21.863438 -79.686546 48.799999
v 22.000000 -79.699997 48.799999
v 22.136562 -79.686546 48.799999
v 21.505026 -78.505028 48.799999
v 21.611101 -78.417969 48.799999
v 21.732122 -78.353287 48.799999
v 21.863438 -78.313454 48.799999
v 22.000000 -78.300003 48.799999
v 22.136562 -78.313454 48.799999
v 22.267878 -79.646713 48.799999
v 22.388899 -79.582031 48.799999
v 22.494974 -79.494972 48.799999
v 22.582029 -79.388901 48.799999
v 22.646715 -79.267876 48.799999
v 22.267878 -78.353287 48.799999
v 22.494974 -78.505028 48.799999
v 22.388899 -78.417969 48.799999
v 22.686550 -79.136566 48.799999
v 22.700001 -79.000000 48.799999
v 22.686550 -78.863434 48.799999
v 22.582029 -78.611099 48.799999
v 22.646715 -78.732124 48.799999
v 24.487078 -85.558060 48.799999
v 25.588545 -85.310722 48.799999
v 26.676548 -85.009628 48.799999
v 25.353285 -79.267876 48.799999
v 25.505026 -79.494972 48.799999
v 25.417971 -79.388901 48.799999
v 25.313450 -79.136566 48.799999
v 25.299999 -79.000000 48.799999
v 25.313450 -78.863434 48.799999
v 25.353285 -78.732124 48.799999
v 25.417971 -78.611099 48.799999
v 25.505026 -78.505028 48.799999
v 25.611101 -79.582031 48.799999
v 25.732122 -79.646713 48.799999
v 25.863438 -79.686546 48.799999
v 26.000000 -79.699997 48.799999
v 26.136562 -79.686546 48.799999
v 25.611101 -78.417969 48.799999
v 25.732122 -78.353287 48.799999
v 25.863438 -78.313454 48.799999
v 26.000000 -78.300003 48.799999
v 26.136562 -78.313454 48.799999
v 26.267878 -79.646713 48.799999
v 26.388899 -79.582031 48.799999
v 26.494974 -79.494972 48.799999
v 26.582029 -79.388901 48.799999
v 26.646715 -79.267876 48.799999
v 26.267878 -78.353287 48.799999
v 26.494974 -78.505028 48.799999
v 26.388899 -78.417969 48.799999
v 26.686550 -79.136566 48.799999
v 26.700001 -79.000000 48.799999
v 26.686550 -78.863434 48.799999
v 26.582029 -78.611099 48.799999
v 26.646715 -78.732124 48.799999
v 21.505026 -75.494972 48.799999
v 21.611101 -75.582031 48.799999
v 21.732122 -75.646713 48.799999
v 21.863438 -75.686546 48.799999
v 22.000000 -75.699997 48.799999
v 22.136562 -75.686546 48.799999
v 21.505026 -74.505028 48.799999
v 21.611101 -74.417969 48.799999
v 22.267878 -75.646713 48.799999
v 22.388899 -75.582031 48.799999
v 22.494974 -75.494972 48.799999
v 22.582029 -75.388901 48.799999
v 22.388899 -74.417969 48.799999
v 22.494974 -74.505028 48.799999
v 22.646715 -75.267876 48.799999
v 22.686550 -75.136566 48.799999
v 22.700001 -75.000000 48.799999
v 22.686550 -74.863434 48.799999
v 22.646715 -74.732124 48.799999
v 22.582029 -74.611099 48.799999
v 21.732122 -74.353287 48.799999
v 21.863438 -74.313454 48.799999
v 22.000000 -74.300003 48.799999
v 22.136562 -74.313454 48.799999
v 22.267878 -74.353287 48.799999
v 21.505026 -71.494972 48.799999
v 21.611101 -71.582031 48.799999
v 21.732122 -71.646713 48.799999
v 21.863438 -71.686546 48.799999
v 22.000000 -71.699997 48.799999
v 22.136562 -71.686546 48.799999
v 21.505026 -70.505028 48.799999
v 22.267878 -71.646713 48.799999
v 22.388899 -71.582031 48.799999
v 22.494974 -71.494972 48.799999
v 22.494974 -70.505028 48.799999
v 22.582029 -71.388901 48.799999
v 22.646715 -71.267876 48.799999
v 22.686550 -71.136566 48.799999
v 22.700001 -71.000000 48.799999
v 22.582029 -70.611099 48.799999
v 22.646715 -70.732124 48.799999
v 22.686550 -70.863434 48.799999
v 25.417971 -75.388901 48.799999
v 25.505026 -75.494972 48.799999
v 25.353285 -75.267876 48.799999
v 25.313450 -75.136566 48.799999
v 25.299999 -75.000000 48.799999
v 25.313450 -74.863434 48.799999
v 25.353285 -74.732124 48.799999
v 25.417971 -74.611099 48.799999
v 25.505026 -74.505028 48.799999
v 25.611101 -75.582031 48.799999
v 25.732122 -75.646713 48.799999
v 25.863438 -75.686546 48.799999
v 26.000000 -75.699997 48.799999
v 26.136562 -75.686546 48.799999
v 25.611101 -74.417969 48.799999
v 26.267878 -75.646713 48.799999
v 26.388899 -75.582031 48.799999
v 26.494974 -75.494972 48.799999
v 26.582029 -75.388901 48.799999
v 26.388899 -74.417969 48.799999
v 26.494974 -74.505028 48.799999
v 26.646715 -75.267876 48.799999
v 26.686550 -75.136566 48.799999
v 26.700001 -75.000000 48.799999
v 26.686550 -74.863434 48.799999
v 26.646715 -74.732124 48.799999
v 26.582029 -74.611099 48.799999
v 25.505026 -71.494972 48.799999
v 25.353285 -71.267876 48.799999
v 25.313450 -71.136566 48.799999
v 25.299999 -71.000000 48.799999
v 25.417971 -71.388901 48.799999
v 25.313450 -70.863434 48.799999
v 25.353285 -70.732124 48.799999
v 25.417971 -70.611099 48.799999
v 25.505026 -70.505028 48.799999
v 25.732122 -74.353287 48.799999
v 25.863438 -74.313454 48.799999
v 26.000000 -74.300003 48.799999
v 26.136562 -74.313454 48.799999
v 26.267878 -74.353287 48.799999
v 25.611101 -71.582031 48.799999
v 25.732122 -71.646713 48.799999
v 25.863438 -71.686546 48.799999
v 26.000000 -71.699997 48.799999
v 26.136562 -71.686546 48.799999
v 26.267878 -71.646713 48.799999
v 26.388899 -71.582031 48.799999
v 26.494974 -71.494972 48.799999
v 26.494974 -70.505028 48.799999
v 26.582029 -71.388901 48.799999
v 26.646715 -71.267876 48.799999
v 26.686550 -71.136566 48.799999
v 26.700001 -71.000000 48.799999
v 26.686550 -70.863434 48.799999
v 26.582029 -70.611099 48.799999
v 26.646715 -70.732124 48.799999
v 27.748466 -84.655510 48.799999
v 28.801718 -84.249229 48.799999
v 29.353287 -79.267876 48.799999
v 29.505028 -79.494972 48.799999
v 29.417971 -79.388901 48.799999
v 29.299999 -79.000000 48.799999
v 29.313450 -79.136566 48.799999
v 29.313450 -78.863434 48.799999
v 29.353287 -78.732124 48.799999
v 29.417971 -78.611099 48.799999
v 29.505028 -78.505028 48.799999
v 29.833767 -83.791756 48.799999
v 30.842125 -83.284187 48.799999
v 31.824366 -82.727760 48.799999
v 29.611101 -79.582031 48.799999
v 29.732122 -79.646713 48.799999
v 29.863438 -79.686546 48.799999
v 30.000000 -79.699997 48.799999
v 30.136562 -79.686546 48.799999
v 29.611101 -78.417969 48.799999
v 29.732122 -78.353287 48.799999
v 29.863438 -78.313454 48.799999
v 30.000000 -78.300003 48.799999
v 30.136562 -78.313454 48.799999
v 30.267878 -79.646713 48.799999
v 30.388899 -79.582031 48.799999
v 30.494972 -79.494972 48.799999
v 30.582029 -79.388901 48.799999
v 30.646713 -79.267876 48.799999
v 30.267878 -78.353287 48.799999
v 30.388899 -78.417969 48.799999
v 30.494972 -78.505028 48.799999
v 30.686550 -79.136566 48.799999
v 30.700001 -79.000000 48.799999
v 30.686550 -78.863434 48.799999
v 30.646713 -78.732124 48.799999
v 30.582029 -78.611099 48.799999
v 29.417971 -75.388901 48.799999
v 29.505028 -75.494972 48.799999
v 29.353287 -75.267876 48.799999
v 29.313450 -75.136566 48.799999
v 29.299999 -75.000000 48.799999
v 29.313450 -74.863434 48.799999
v 29.353287 -74.732124 48.799999
v 29.417971 -74.611099 48.799999
v 29.505028 -74.505028 48.799999
v 29.505028 -71.494972 48.799999
v 29.353287 -71.267876 48.799999
v 29.299999 -71.000000 48.799999
v 29.313450 -71.136566 48.799999
v 29.417971 -71.388901 48.799999
v 29.313450 -70.863434 48.799999
v 29.353287 -70.732124 48.799999
v 29.417971 -70.611099 48.799999
v 29.505028 -70.505028 48.799999
v 29.611101 -75.582031 48.799999
v 29.732122 -75.646713 48.799999
v 29.863438 -75.686546 48.799999
v 30.000000 -75.699997 48.799999
v 30.136562 -75.686546 48.799999
v 29.611101 -74.417969 48.799999
v 30.267878 -75.646713 48.799999
v 30.388899 -75.582031 48.799999
v 30.494972 -75.494972 48.799999
v 30.582029 -75.388901 48.799999
v 30.388899 -74.417969 48.799999
v 30.494972 -74.505028 48.799999
v 30.646713 -75.267876 48.799999
v 30.686550 -75.136566 48.799999
v 30.700001 -75.000000 48.799999
v 30.686550 -74.863434 48.799999
v 30.646713 -74.732124 48.799999
v 30.582029 -74.611099 48.799999
v 29.732122 -74.353287 48.799999
v 29.863438 -74.313454 48.799999
v 30.000000 -74.300003 48.799999
v 30.136562 -74.313454 48.799999
v 30.267878 -74.353287 48.799999
v 29.611101 -71.582031 48.799999
v 29.732122 -71.646713 48.799999
v 29.863438 -71.686546 48.799999
v 30.000000 -71.699997 48.799999
v 30.136562 -71.686546 48.799999
v 30.267878 -71.646713 48.799999
v 30.388899 -71.582031 48.799999
v 30.494972 -71.494972 48.799999
v 30.494972 -70.505028 48.799999
v 30.582029 -71.388901 48.799999
v 30.646713 -71.267876 48.799999
v 30.686550 -71.136566 48.799999
v 30.700001 -71.000000 48.799999
v 30.686550 -70.863434 48.799999
v 30.646713 -70.732124 48.799999
v 30.582029 -70.611099 48.799999
v 21.611101 -70.417969 48.799999
v 21.732122 -70.353287 48.799999
v 21.863438 -70.313454 48.799999
v 22.000000 -70.300003 48.799999
v 22.136562 -70.313454 48.799999
v 22.267878 -70.353287 48.799999
v 22.388899 -70.417969 48.799999
v 21.732122 -67.646713 48.799999
v 21.863438 -67.686546 48.799999
v 22.000000 -67.699997 48.799999
v 22.136562 -67.686546 48.799999
v 21.505026 -67.494972 48.799999
v 21.611101 -67.582031 48.799999
v 22.267878 -67.646713 48.799999
v 22.388899 -67.582031 48.799999
v 22.494974 -67.494972 48.799999
v 22.582029 -67.388901 48.799999
v 22.646715 -67.267876 48.799999
v 22.686550 -67.136566 48.799999
v 22.646715 -66.732124 48.799999
v 22.700001 -67.000000 48.799999
v 22.686550 -66.863434 48.799999
v 21.505026 -66.505028 48.799999
v 21.611101 -66.417969 48.799999
v 21.732122 -66.353287 48.799999
v 21.863438 -66.313454 48.799999
v 22.000000 -66.300003 48.799999
v 22.136562 -66.313454 48.799999
v 22.267878 -66.353287 48.799999
v 22.388899 -66.417969 48.799999
v 22.494974 -66.505028 48.799999
v 22.582029 -66.611099 48.799999
v 25.353285 -67.267876 48.799999
v 25.313450 -67.136566 48.799999
v 25.417971 -67.388901 48.799999
v 25.505026 -67.494972 48.799999
v 25.299999 -67.000000 48.799999
v 25.313450 -66.863434 48.799999
v 25.353285 -66.732124 48.799999
v 25.611101 -70.417969 48.799999
v 25.732122 -70.353287 48.799999
v 25.863438 -70.313454 48.799999
v 26.000000 -70.300003 48.799999
v 26.136562 -70.313454 48.799999
v 26.267878 -70.353287 48.799999
v 26.388899 -70.417969 48.799999
v 25.732122 -67.646713 48.799999
v 25.863438 -67.686546 48.799999
v 26.000000 -67.699997 48.799999
v 26.136562 -67.686546 48.799999
v 25.611101 -67.582031 48.799999
v 26.267878 -67.646713 48.799999
v 26.388899 -67.582031 48.799999
v 26.494974 -67.494972 48.799999
v 26.582029 -67.388901 48.799999
v 26.646715 -67.267876 48.799999
v 26.686550 -67.136566 48.799999
v 26.700001 -67.000000 48.799999
v 26.686550 -66.863434 48.799999
v 26.646715 -66.732124 48.799999
v 25.417971 -66.611099 48.799999
v 25.505026 -66.505028 48.799999
v 25.611101 -66.417969 48.799999
v 25.732122 -66.353287 48.799999
v 25.863438 -66.313454 48.799999
v 26.000000 -66.300003 48.799999
v 26.136562 -66.313454 48.799999
v 26.267878 -66.353287 48.799999
v 26.388899 -66.417969 48.799999
v 26.494974 -66.505028 48.799999
v 26.582029 -66.611099 48.799999
v 29.353287 -67.267876 48.799999
v 29.313450 -67.136566 48.799999
v 29.417971 -67.388901 48.799999
v 29.505028 -67.494972 48.799999
v 29.299999 -67.000000 48.799999
v 29.313450 -66.863434 48.799999
v 29.353287 -66.732124 48.799999
v 29.417971 -66.611099 48.799999
v 29.505028 -66.505028 48.799999
v 29.611101 -70.417969 48.799999
v 29.732122 -70.353287 48.799999
v 29.863438 -70.313454 48.799999
v 30.000000 -70.300003 48.799999
v 30.136562 -70.313454 48.799999
v 30.267878 -70.353287 48.799999
v 30.388899 -70.417969 48.799999
v 29.732122 -67.646713 48.799999
v 29.863438 -67.686546 48.799999
v 30.000000 -67.699997 48.799999
v 30.136562 -67.686546 48.799999
v 29.611101 -67.582031 48.799999
v 30.267878 -67.646713 48.799999
v 30.388899 -67.582031 48.799999
v 30.494972 -67.494972 48.799999
v 30.582029 -67.388901 48.799999
v 30.646713 -67.267876 48.799999
v 30.686550 -67.136566 48.799999
v 30.700001 -67.000000 48.799999
v 30.646713 -66.732124 48.799999
v 30.686550 -66.863434 48.799999
v 29.611101 -66.417969 48.799999
v 29.732122 -66.353287 48.799999
v 29.863438 -66.313454 48.799999
v 30.000000 -66.300003 48.799999
v 30.136562 -66.313454 48.799999
v 30.388899 -66.417969 48.799999
v 30.267878 -66.353287 48.799999
v 30.494972 -66.505028 48.799999
v 30.582029 -66.611099 48.799999
v 32.778114 -82.123802 48.799999
v 33.701084 -81.473770 48.799999
v 34.591045 -80.779243 48.799999
v 35.445854 -80.041878 48.799999
v 36.263454 -79.263458 48.799999
v 37.041878 -78.445854 48.799999
v 37.779240 -77.591049 48.799999
v 38.473774 -76.701080 48.799999
v 39.123802 -75.778114 48.799999
v 39.727757 -74.824364 48.799999
v 40.284187 -73.842125 48.799999
v 40.791752 -72.833771 48.799999
v 41.249229 -71.801720 48.799999
v 41.655514 -70.748466 48.799999
v 42.009628 -69.676544 48.799999
v 42.310719 -68.588547 48.799999
v 42.558060 -67.487076 48.799999
v 42.751060 -66.374802 48.799999
v 42.889248 -65.254395 48.799999
v 42.972294 -64.128555 48.799999
v 43.000000 -63.000000 48.799999
v 22.000000 -49.000000 48.799999
v 22.196270 -48.995182 48.799999
v 22.392069 -48.980740 48.799999
v 22.586922 -48.956707 48.799999
v 22.780361 -48.923141 48.799999
v 22.971920 -48.880123 48.799999
v 23.161139 -48.827763 48.799999
v 23.347559 -48.766178 48.799999
v 23.530733 -48.695518 48.799999
v 23.710220 -48.615955 48.799999
v 23.885588 -48.527683 48.799999
v 24.056412 -48.430916 48.799999
v 24.222281 -48.325878 48.799999
v 24.382797 -48.212830 48.799999
v 24.537573 -48.092041 48.799999
v 24.686235 -47.963806 48.799999
v 24.828426 -47.828426 48.799999
v 24.963804 -47.686237 48.799999
v 25.092041 -47.537575 48.799999
v 25.212830 -47.382797 48.799999
v 25.325878 -47.222282 48.799999
v 25.430914 -47.056412 48.799999
v 25.527685 -46.885586 48.799999
v 25.615957 -46.710220 48.799999
v 25.695518 -46.530735 48.799999
v 25.766176 -46.347561 48.799999
v 25.827761 -46.161140 48.799999
v 25.880125 -45.971920 48.799999
v 25.923141 -45.780361 48.799999
v 25.956705 -45.586922 48.799999
v 25.980740 -45.392067 48.799999
v 25.995182 -45.196270 48.799999
v 26.000000 -45.000000 48.799999
v 20.000000 -86.000000 50.000000
v 21.128557 -85.972298 50.000000
v 21.353285 -79.267876 50.000000
v 21.417971 -79.388901 50.000000
v 21.313450 -79.136566 50.000000
v 21.299999 -79.000000 50.000000
v 21.313450 -78.863434 50.000000
v 21.353285 -78.732124 50.000000
v 21.417971 -78.611099 50.000000
v 21.417971 -75.388901 50.000000
v 21.313450 -75.136566 50.000000
v 21.299999 -75.000000 50.000000
v 21.313450 -74.863434 50.000000
v 21.353285 -75.267876 50.000000
v 21.353285 -74.732124 50.000000
v 21.417971 -74.611099 50.000000
v 21.313450 -71.136566 50.000000
v 21.299999 -71.000000 50.000000
v 21.353285 -71.267876 50.000000
v 21.417971 -71.388901 50.000000
v 21.313450 -70.863434 50.000000
v 21.353285 -70.732124 50.000000
v 21.417971 -70.611099 50.000000
v 21.313450 -67.136566 50.000000
v 21.417971 -67.388901 50.000000
v 21.353285 -67.267876 50.000000
v 21.299999 -67.000000 50.000000
v 21.313450 -66.863434 50.000000
v 21.353285 -66.732124 50.000000
v 21.417971 -66.611099 50.000000
v 22.254395 -85.889252 50.000000
v 23.374802 -85.751060 50.000000
v 21.505026 -79.494972 50.000000
v 21.611101 -79.582031 50.000000
v 21.732122 -79.646713 50.000000
v 21.863438 -79.686546 50.000000
v 22.000000 -79.699997 50.000000
v 22.136562 -79.686546 50.000000
v 21.505026 -78.505028 50.000000
v 21.611101 -78.417969 50.000000
v 21.732122 -78.353287 50.000000
v 21.863438 -78.313454 50.000000
v 22.000000 -78.300003 50.000000
v 22.136562 -78.313454 50.000000
v 22.267878 -79.646713 50.000000
v 22.388899 -79.582031 50.000000
v 22.494974 -79.494972 50.000000
v 22.582029 -79.388901 50.000000
v 22.646715 -79.267876 50.000000
v 22.267878 -78.353287 50.000000
v 22.494974 -78.505028 50.000000
v 22.388899 -78.417969 50.000000
v 22.686550 -79.136566 50.000000
v 22.700001 -79.000000 50.000000
v 22.686550 -78.863434 50.000000
v 22.582029 -78.611099 50.000000
v 22.646715 -78.732124 50.000000
v 24.487078 -85.558060 50.000000
v 25.588545 -85.310722 50.000000
v 26.676548 -85.009628 50.000000
v 25.353285 -79.267876 50.000000
v 25.505026 -79.494972 50.000000
v 25.417971 -79.388901 50.000000
v 25.313450 -79.136566 50.000000
v 25.299999 -79.000000 50.000000
v 25.313450 -78.863434 50.000000
v 25.353285 -78.732124 50.000000
v 25.417971 -78.611099 50.000000
v 25.505026 -78.505028 50.000000
v 25.611101 -79.582031 50.000000
v 25.732122 -79.646713 50.000000
v 25.863438 -79.686546 50.000000
v 26.000000 -79.699997 50.000000
v 26.136562 -79.686546 50.000000
v 25.611101 -78.417969 50.000000
v 25.732122 -78.353287 50.000000
v 25.863438 -78.313454 50.000000
v 26.000000 -78.300003 50.000000
v 26.136562 -78.313454 50.000000
v 26.267878 -79.646713 50.000000
v 26.388899 -79.582031 50.000000
v 26.494974 -79.494972 50.000000
v 26.582029 -79.388901 50.000000
v 26.646715 -79.267876 50.000000
v 26.267878 -78.353287 50.000000
v 26.494974 -78.505028 50.000000
v 26.388899 -78.417969 50.000000
v 26.686550 -79.136566 50.000000
v 26.700001 -79.000000 50.000000
v 26.686550 -78.863434 50.000000
v 26.582029 -78.611099 50.000000
v 26.646715 -78.732124 50.000000
v 21.505026 -75.494972 50.000000
v 21.611101 -75.582031 50.000000
v 21.732122 -75.646713 50.000000
v 21.863438 -75.686546 50.000000
v 22.000000 -75.699997 50.000000
v 22.136562 -75.686546 50.000000
v 21.505026 -74.505028 50.000000
v 21.611101 -74.417969 50.000000
v 22.267878 -75.646713 50.000000
v 22.388899 -75.582031 50.000000
v 22.494974 -75.494972 50.000000
v 22.582029 -75.388901 50.000000
v 22.388899 -74.417969 50.000000
v 22.494974 -74.505028 50.000000
v 22.646715 -75.267876 50.000000
v 22.686550 -75.136566 50.000000
v 22.700001 -75.000000 50.000000
v 22.686550 -74.863434 50.000000
v 22.646715 -74.732124 50.000000
v 22.582029 -74.611099 50.000000
v 21.732122 -74.353287 50.000000
v 21.863438 -74.313454 50.000000
v 22.000000 -74.300003 50.000000
v 22.136562 -74.313454 50.000000
v 22.267878 -74.353287 50.000000
v 21.505026 -71.494972 50.000000
v 21.611101 -71.582031 50.000000
v 21.732122 -71.646713 50.000000
v 21.863438 -71.686546 50.000000
v 22.000000 -71.699997 50.000000
v 22.136562 -71.686546 50.000000
v 21.505026 -70.505028 50.000000
v 22.267878 -71.646713 50.000000
v 22.388899 -71.582031 50.000000
v 22.494974 -71.494972 50.000000
v 22.494974 -70.505028 50.000000
v 22.582029 -71.388901 50.000000
v 22.646715 -71.267876 50.000000
v 22.686550 -71.136566 50.000000
v 22.700001 -71.000000 50.000000
v 22.582029 -70.611099 50.000000
v 22.646715 -70.732124 50.000000
v 22.686550 -70.863434 50.000000
v 25.417971 -75.388901 50.000000
v 25.505026 -75.494972 50.000000
v 25.353285 -75.267876 50.000000
v 25.313450 -75.136566 50.000000
v 25.299999 -75.000000 50.000000
v 25.313450 -74.863434 50.000000
v 25.353285 -74.732124 50.000000
v 25.417971 -74.611099 50.000000
v 25.505026 -74.505028 50.000000
v 25.611101 -75.582031 50.000000
v 25.732122 -75.646713 50.000000
v 25.863438 -75.686546 50.000000
v 26.000000 -75.699997 50.000000
v 26.136562 -75.686546 50.000000
v 25.611101 -74.417969 50.000000
v 26.267878 -75.646713 50.000000
v 26.388899 -75.582031 50.000000
v 26.494974 -75.494972 50.000000
v 26.582029 -75.388901 50.000000
v 26.388899 -74.417969 50.000000
v 26.494974 -74.505028 50.000000
v 26.646715 -75.267876 50.000000
v 26.686550 -75.136566 50.000000
v 26.700001 -75.000000 50.000000
v 26.686550 -74.863434 50.000000
v 26.646715 -74.732124 50.000000
v 26.582029 -74.611099 50.000000
v 25.505026 -71.494972 50.000000
v 25.353285 -71.267876 50.000000
v 25.313450 -71.136566 50.000000
v 25.299999 -71.000000 50.000000
v 25.417971 -71.388901 50.000000
v 25.313450 -70.863434 50.000000
v 25.353285 -70.732124 50.000000
v 25.417971 -70.611099 50.000000
v 25.505026 -70.505028 50.000000
v 25.732122 -74.353287 50.000000
v 25.863438 -74.313454 50.000000
v 26.000000 -74.300003 50.000000
v 26.136562 -74.313454 50.000000
v 26.267878 -74.353287 50.000000
v 25.611101 -71.582031 50.000000
v 25.732122 -71.646713 50.000000
v 25.863438 -71.686546 50.000000
v 26.000000 -71.699997 50.000000
v 26.136562 -71.686546 50.000000
v 26.267878 -71.646713 50.000000
v 26.388899 -71.582031 50.000000
v 26.494974 -71.494972 50.000000
v 26.494974 -70.505028 50.000000
v 26.582029 -71.388901 50.000000
v 26.646715 -71.267876 50.000000
v 26.686550 -71.136566 50.000000
v 26.700001 -71.000000 50.000000
v 26.686550 -70.863434 50.000000
v 26.582029 -70.611099 50.000000
v 26.646715 -70.732124 50.000000
v 27.748466 -84.655510 50.000000
v 28.801718 -84.249229 50.000000
v 29.353287 -79.267876 50.000000
v 29.505028 -79.494972 50.000000
v 29.417971 -79.388901 50.000000
v 29.299999 -79.000000 50.000000
v 29.313450 -79.136566 50.000000
v 29.313450 -78.863434 50.000000
v 29.353287 -78.732124 50.000000
v 29.417971 -78.611099 50.000000
v 29.505028 -78.505028 50.000000
v 29.833767 -83.791756 50.000000
v 30.842125 -83.284187 50.000000
v 31.824366 -82.727760 50.000000
v 29.611101 -79.582031 50.000000
v 29.732122 -79.646713 50.000000
v 29.863438 -79.686546 50.000000
v 30.000000 -79.699997 50.000000
v 30.136562 -79.686546 50.000000
v 29.611101 -78.417969 50.000000
v 29.732122 -78.353287 50.000000
v 29.863438 -78.313454 50.000000
v 30.000000 -78.300003 50.000000
v 30.136562 -78.313454 50.000000
v 30.267878 -79.646713 50.000000
v 30.388899 -79.582031 50.000000
v 30.494972 -79.494972 50.000000
v 30.582029 -79.388901 50.000000
v 30.646713 -79.267876 50.000000
v 30.267878 -78.353287 50.000000
v 30.388899 -78.417969 50.000000
v 30.494972 -78.505028 50.000000
v 30.686550 -79.136566 50.000000
v 30.700001 -79.000000 50.000000
v 30.686550 -78.863434 50.000000
v 30.646713 -78.732124 50.000000
v 30.582029 -78.611099 50.000000
v 29.417971 -75.388901 50.000000
v 29.505028 -75.494972 50.000000
v 29.353287 -75.267876 50.000000
v 29.313450 -75.136566 50.000000
v 29.299999 -75.000000 50.000000
v 29.313450 -74.863434 50.000000
v 29.353287 -74.732124 50.000000
v 29.417971 -74.611099 50.000000
v 29.505028 -74.505028 50.000000
v 29.505028 -71.494972 50.000000
v 29.353287 -71.267876 50.000000
v 29.299999 -71.000000 50.000000
v 29.313450 -71.136566 50.000000
v 29.417971 -71.388901 50.000000
v 29.313450 -70.863434 50.000000
v 29.353287 -70.732124 50.000000
v 29.417971 -70.611099 50.000000
v 29.505028 -70.505028 50.000000
v 29.611101 -75.582031 50.000000
v 29.732122 -75.646713 50.000000
v 29.863438 -75.686546 50.000000
v 30.000000 -75.699997 50.000000
v 30.136562 -75.686546 50.000000
v 29.611101 -74.417969 50.000000
v 30.267878 -75.646713 50.000000
v 30.388899 -75.582031 50.000000
v 30.494972 -75.494972 50.000000
v 30.582029 -75.388901 50.000000
v 30.388899 -74.417969 50.000000
v 30.494972 -74.505028 50.000000
v 30.646713 -75.267876 50.000000
v 30.686550 -75.136566 50.000000
v 30.700001 -75.000000 50.000000
v 30.686550 -74.863434 50.000000
v 30.646713 -74.732124 50.000000
v 30.582029 -74.611099 50.000000
v 29.732122 -74.353287 50.000000
v 29.863438 -74.313454 50.000000
v 30.000000 -74.300003 50.000000
v 30.136562 -74.313454 50.000000
v 30.267878 -74.353287 50.000000
v 29.611101 -71.582031 50.000000
v 29.732122 -71.646713 50.000000
v 29.863438 -71.686546 50.000000
v 30.000000 -71.699997 50.000000
v 30.136562 -71.686546 50.000000
v 30.267878 -71.646713 50.000000
v 30.388899 -71.582031 50.000000
v 30.494972 -71.494972 50.000000
v 30.494972 -70.505028 50.000000
v 30.582029 -71.388901 50.000000
v 30.646713 -71.267876 50.000000
v 30.686550 -71.136566 50.000000
v 30.700001 -71.000000 50.000000
v 30.686550 -70.863434 50.000000
v 30.646713 -70.732124 50.000000
v 30.582029 -70.611099 50.000000
v 21.611101 -70.417969 50.000000
v 21.732122 -70.353287 50.000000
v 21.863438 -70.313454 50.000000
v 22.000000 -70.300003 50.000000
v 22.136562 -70.313454 50.000000
v 22.267878 -70.353287 50.000000
v 22.388899 -70.417969 50.000000
v 21.732122 -67.646713 50.000000
v 21.863438 -67.686546 50.000000
v 22.000000 -67.699997 50.000000
v 22.136562 -67.686546 50.000000
v 21.505026 -67.494972 50.000000
v 21.611101 -67.582031 50.000000
v 22.267878 -67.646713 50.000000
v 22.388899 -67.582031 50.000000
v 22.494974 -67.494972 50.000000
v 22.582029 -67.388901 50.000000
v 22.646715 -67.267876 50.000000
v 22.686550 -67.136566 50.000000
v 22.646715 -66.732124 50.000000
v 22.700001 -67.000000 50.000000
v 22.686550 -66.863434 50.000000
v 21.505026 -66.505028 50.000000
v 21.611101 -66.417969 50.000000
v 21.732122 -66.353287 50.000000
v 21.863438 -66.313454 50.000000
v 22.000000 -66.300003 50.000000
v 22.136562 -66.313454 50.000000
v 22.267878 -66.353287 50.000000
v 22.388899 -66.417969 50.000000
v 22.494974 -66.505028 50.000000
v 22.582029 -66.611099 50.000000
v 25.353285 -67.267876 50.000000
v 25.313450 -67.136566 50.000000
v 25.417971 -67.388901 50.000000
v 25.505026 -67.494972 50.000000
v 25.299999 -67.000000 50.000000
v 25.313450 -66.863434 50.000000
v 25.353285 -66.732124 50.000000
v 25.611101 -70.417969 50.000000
v 25.732122 -70.353287 50.000000
v 25.863438 -70.313454 50.000000
v 26.000000 -70.300003 50.000000
v 26.136562 -70.313454 50.000000
v 26.267878 -70.353287 50.000000
v 26.388899 -70.417969 50.000000
v 25.732122 -67.646713 50.000000
v 25.863438 -67.686546 50.000000
v 26.000000 -67.699997 50.000000
v 26.136562 -67.686546 50.000000
v 25.611101 -67.582031 50.000000
v 26.267878 -67.646713 50.000000
v 26.388899 -67.582031 50.000000
v 26.494974 -67.494972 50.000000
v 26.582029 -67.388901 50.000000
v 26.646715 -67.267876 50.000000
v 26.686550 -67.136566 50.000000
v 26.700001 -67.000000 50.000000
v 26.686550 -66.863434 50.000000
v 26.646715 -66.732124 50.000000
v 25.417971 -66.611099 50.000000
v 25.505026 -66.505028 50.000000
v 25.611101 -66.417969 50.000000
v 25.732122 -66.353287 50.000000
v 25.863438 -66.313454 50.000000
v 26.000000 -66.300003 50.000000
v 26.136562 -66.313454 50.000000
v 26.267878 -66.353287 50.000000
v 26.388899 -66.417969 50.000000
v 26.494974 -66.505028 50.000000
v 26.582029 -66.611099 50.000000
v 29.353287 -67.267876 50.000000
v 29.313450 -67.136566 50.000000
v 29.417971 -67.388901 50.000000
v 29.505028 -67.494972 50.000000
v 29.299999 -67.000000 50.000000
v 29.313450 -66.863434 50.000000
v 29.353287 -66.732124 50.000000
v 29.417971 -66.611099 50.000000
v 29.505028 -66.505028 50.000000
v 29.611101 -70.417969 50.000000
v 29.732122 -70.353287 50.000000
v 29.863438 -70.313454 50.000000
v 30.000000 -70.300003 50.000000
v 30.136562 -70.313454 50.000000
v 30.267878 -70.353287 50.000000
v 30.388899 -70.417969 50.000000
v 29.732122 -67.646713 50.000000
v 29.863438 -67.686546 50.000000
v 30.000000 -67.699997 50.000000
v 30.136562 -67.686546 50.000000
v 29.611101 -67.582031 50.000000
v 30.267878 -67.646713 50.000000
v 30.388899 -67.582031 50.000000
v 30.494972 -67.494972 50.000000
v 30.582029 -67.388901 50.000000
v 30.646713 -67.267876 50.000000
v 30.686550 -67.136566 50.000000
v 30.700001 -67.000000 50.000000
v 30.646713 -66.732124 50.000000
v 30.686550 -66.863434 50.000000
v 29.611101 -66.417969 50.000000
v 29.732122 -66.353287 50.000000
v 29.863438 -66.313454 50.000000
v 30.000000 -66.300003 50.000000
v 30.136562 -66.313454 50.000000
v 30.388899 -66.417969 50.000000
v 30.267878 -66.353287 50.000000
v 30.494972 -66.505028 50.000000
v 30.582029 -66.611099 50.000000
v 32.778114 -82.123802 50.000000
v 33.701084 -81.473770 50.000000
v 34.591045 -80.779243 50.000000
v 35.445854 -80.041878 50.000000
v 36.263454 -79.263458 50.000000
v 37.041878 -78.445854 50.000000
v 37.779240 -77.591049 50.000000
v 38.473774 -76.701080 50.000000
v 39.123802 -75.778114 50.000000
v 39.727757 -74.824364 50.000000
v 40.284187 -73.842125 50.000000
v 40.791752 -72.833771 50.000000
v 41.249229 -71.801720 50.000000
v 41.655514 -70.748466 50.000000
v 42.009628 -69.676544 50.000000
v 42.310719 -68.588547 50.000000
v 42.558060 -67.487076 50.000000
v 42.751060 -66.374802 50.000000
v 42.889248 -65.254395 50.000000
v 42.972294 -64.128555 50.000000
v 43.000000 -63.000000 50.000000
v 22.000000 -49.000000 50.000000
v 22.196270 -48.995182 50.000000
v 22.392069 -48.980740 50.000000
v 22.586922 -48.956707 50.000000
v 22.780361 -48.923141 50.000000
v 22.971920 -48.880123 50.000000
v 23.161139 -48.827763 50.000000
v 23.347559 -48.766178 50.000000
v 23.530733 -48.695518 50.000000
v 23.710220 -48.615955 50.000000
v 23.885588 -48.527683 50.000000
v 24.056412 -48.430916 50.000000
v 24.222281 -48.325878 50.000000
v 24.382797 -48.212830 50.000000
v 24.537573 -48.092041 50.000000
v 24.686235 -47.963806 50.000000
v 24.828426 -47.828426 50.000000
v 24.963804 -47.686237 50.000000
v 25.092041 -47.537575 50.000000
v 25.212830 -47.382797 50.000000
v 25.325878 -47.222282 50.000000
v 25.430914 -47.056412 50.000000
v 25.527685 -46.885586 50.000000
v 25.615957 -46.710220 50.000000
v 25.695518 -46.530735 50.000000
v 25.766176 -46.347561 50.000000
v 25.827761 -46.161140 50.000000
v 25.880125 -45.971920 50.000000
v 25.923141 -45.780361 50.000000
v 25.956705 -45.586922 50.000000
v 25.980740 -45.392067 50.000000
v 25.995182 -45.196270 50.000000
v 26.000000 -45.000000 50.000000
v 9.800000 29.799999 48.799999
v 9.858881 29.801447 48.799999
v 9.917621 29.805779 48.799999
v 9.976076 29.812988 48.799999
v 10.034108 29.823055 48.799999
v 10.091577 29.835962 48.799999
v 10.148341 29.851671 48.799999
v 10.204268 29.870148 48.799999
v 10.259220 29.891344 48.799999
v 10.313066 29.915213 48.799999
v 10.365676 29.941692 48.799999
v 10.416924 29.970726 48.799999
v 10.466684 30.002237 48.799999
v 10.514839 30.036150 48.799999
v 10.561272 30.072388 48.799999
v 10.605871 30.110857 48.799999
v 10.648528 30.151472 48.799999
v 10.689141 30.194132 48.799999
v 10.727612 30.238726 48.799999
v 9.976076 32.187012 48.799999
v 10.034108 32.176941 48.799999
v 10.091577 32.164036 48.799999
v 10.148341 32.148327 48.799999
v 10.204268 32.129852 48.799999
v 10.259220 32.108654 48.799999
v 10.313066 32.084785 48.799999
v 10.365676 32.058304 48.799999
v 10.561272 31.927612 48.799999
v 10.416924 32.029274 48.799999
v 10.466684 31.997763 48.799999
v 10.514839 31.963850 48.799999
v 10.648528 31.848528 48.799999
v 10.605871 31.889143 48.799999
v 10.689141 31.805868 48.799999
v 10.727612 31.761274 48.799999
v 9.800000 32.200001 48.799999
v 9.858881 32.198555 48.799999
v 9.917621 32.194221 48.799999
v 10.763849 30.285162 48.799999
v 10.797764 30.333315 48.799999
v 10.829274 30.383078 48.799999
v 10.858306 30.434322 48.799999
v 10.884788 30.486935 48.799999
v 10.908655 30.540777 48.799999
v 10.929852 30.595732 48.799999
v 10.948328 30.651657 48.799999
v 10.964038 30.708422 48.799999
v 10.976942 30.765892 48.799999
v 10.987012 30.823923 48.799999
v 10.994222 30.882381 48.799999
v 10.998554 30.941116 48.799999
v 11.000000 31.000000 48.799999
v 10.998554 31.058884 48.799999
v 10.994222 31.117619 48.799999
v 10.987012 31.176077 48.799999
v 10.908655 31.459223 48.799999
v 10.829274 31.616922 48.799999
v 10.797764 31.666685 48.799999
v 10.884788 31.513065 48.799999
v 10.858306 31.565678 48.799999
v 10.964038 31.291578 48.799999
v 10.976942 31.234108 48.799999
v 10.948328 31.348343 48.799999
v 10.929852 31.404268 48.799999
v 10.763849 31.714838 48.799999
v 20.000000 38.000000 48.799999
v 21.128557 37.972294 48.799999
v 22.000000 29.000000 48.799999
v 22.196270 28.995180 48.799999
v 22.392069 28.980740 48.799999
v 22.586922 28.956703 48.799999
v 22.780361 28.923141 48.799999
v 22.971920 28.880125 48.799999
v 23.161139 28.827761 48.799999
v 23.347559 28.766176 48.799999
v 23.530733 28.695520 48.799999
v 23.710220 28.615959 48.799999
v 23.885588 28.527687 48.799999
v 24.056412 28.430916 48.799999
v 26.000000 25.000000 48.799999
v 25.995182 25.196270 48.799999
v 25.980740 25.392069 48.799999
v 25.766176 26.347559 48.799999
v 25.827761 26.161139 48.799999
v 25.956705 25.586922 48.799999
v 25.923141 25.780361 48.799999
v 25.880125 25.971920 48.799999
v 24.382797 28.212830 48.799999
v 24.686235 27.963804 48.799999
v 24.537573 28.092041 48.799999
v 24.828426 27.828426 48.799999
v 25.325878 27.222282 48.799999
v 25.430914 27.056414 48.799999
v 25.527685 26.885588 48.799999
v 24.963804 27.686237 48.799999
v 25.092041 27.537575 48.799999
v 25.212830 27.382797 48.799999
v 24.222281 28.325878 48.799999
v 25.695518 26.530733 48.799999
v 25.615957 26.710220 48.799999
v 22.254395 37.889248 48.799999
v 23.374802 37.751060 48.799999
v 24.487078 37.558060 48.799999
v 25.588545 37.310719 48.799999
v 26.676548 37.009628 48.799999
v 27.748466 36.655514 48.799999
v 28.801718 36.249229 48.799999
v 29.833767 35.791752 48.799999
v 30.842125 35.284187 48.799999
v 31.824366 34.727757 48.799999
v 43.000000 15.000000 48.799999
v 42.972294 16.128557 48.799999
v 42.889248 17.254395 48.799999
v 42.751060 18.374802 48.799999
v 42.558060 19.487078 48.799999
v 42.310719 20.588545 48.799999
v 42.009628 21.676548 48.799999
v 32.778114 34.123802 48.799999
v 33.701084 33.473774 48.799999
v 34.591045 32.779240 48.799999
v 35.445854 32.041878 48.799999
v 36.263454 31.263456 48.799999
v 37.041878 30.445856 48.799999
v 40.284187 25.842125 48.799999
v 37.779240 29.591047 48.799999
v 38.473774 28.701084 48.799999
v 39.123802 27.778114 48.799999
v 39.727757 26.824364 48.799999
v 41.655514 22.748466 48.799999
v 41.249229 23.801720 48.799999
v 40.791752 24.833767 48.799999
v 9.800000 29.799999 50.000000
v 9.858881 29.801447 50.000000
v 9.917621 29.805779 50.000000
v 9.976076 29.812988 50.000000
v 10.034108 29.823055 50.000000
v 10.091577 29.835962 50.000000
v 10.148341 29.851671 50.000000
v 10.204268 29.870148 50.000000
v 10.259220 29.891344 50.000000
v 10.313066 29.915213 50.000000
v 10.365676 29.941692 50.000000
v 10.416924 29.970726 50.000000
v 10.466684 30.002237 50.000000
v 10.514839 30.036150 50.000000
v 10.561272 30.072388 50.000000
v 10.605871 30.110857 50.000000
v 10.648528 30.151472 50.000000
v 10.689141 30.194132 50.000000
v 10.727612 30.238726 50.000000
v 9.976076 32.187012 50.000000
v 10.034108 32.176941 50.000000
v 10.091577 32.164036 50.000000
v 10.148341 32.148327 50.000000
v 10.204268 32.129852 50.000000
v 10.259220 32.108654 50.000000
v 10.313066 32.084785 50.000000
v 10.365676 32.058304 50.000000
v 10.561272 31.927612 50.000000
v 10.416924 32.029274 50.000000
v 10.466684 31.997763 50.000000
v 10.514839 31.963850 50.000000
v 10.648528 31.848528 50.000000
v 10.605871 31.889143 50.000000
v 10.689141 31.805868 50.000000
v 10.727612 31.761274 50.000000
v 9.800000 32.200001 50.000000
v 9.858881 32.198555 50.000000
v 9.917621 32.194221 50.000000
v 10.763849 30.285162 50.000000
v 10.797764 30.333315 50.000000
v 10.829274 30.383078 50.000000
v 10.858306 30.434322 50.000000
v 10.884788 30.486935 50.000000
v 10.908655 30.540777 50.000000
v 10.929852 30.595732 50.000000
v 10.948328 30.651657 50.000000
v 10.964038 30.708422 50.000000
v 10.976942 30.765892 50.000000
v 10.987012 30.823923 50.000000
v 10.994222 30.882381 50.000000
v 10.998554 30.941116 50.000000
v 11.000000 31.000000 50.000000
v 10.998554 31.058884 50.000000
v 10.994222 31.117619 50.000000
v 10.987012 31.176077 50.000000
v 10.908655 31.459223 50.000000
v 10.829274 31.616922 50.000000
v 10.797764 31.666685 50.000000
v 10.884788 31.513065 50.000000
v 10.858306 31.565678 50.000000
v 10.964038 31.291578 50.000000
v 10.976942 31.234108 50.000000
v 10.948328 31.348343 50.000000
v 10.929852 31.404268 50.000000
v 10.763849 31.714838 50.000000
v 20.000000 38.000000 50.000000
v 21.128557 37.972294 50.000000
v 22.000000 29.000000 50.000000
v 22.196270 28.995180 50.000000
v 22.392069 28.980740 50.000000
v 22.586922 28.956703 50.000000
v 22.780361 28.923141 50.000000
v 22.971920 28.880125 50.000000
v 23.161139 28.827761 50.000000
v 23.347559 28.766176 50.000000
v 23.530733 28.695520 50.000000
v 23.710220 28.615959 50.000000
v 23.885588 28.527687 50.000000
v 24.056412 28.430916 50.000000
v 26.000000 25.000000 50.000000
v 25.995182 25.196270 50.000000
v 25.980740 25.392069 50.000000
v 25.766176 26.347559 50.000000
v 25.827761 26.161139 50.000000
v 25.956705 25.586922 50.000000
v 25.923141 25.780361 50.000000
v 25.880125 25.971920 50.000000
v 24.382797 28.212830 50.000000
v 24.686235 27.963804 50.000000
v 24.537573 28.092041 50.000000
v 24.828426 27.828426 50.000000
v 25.325878 27.222282 50.000000
v 25.430914 27.056414 50.000000
v 25.527685 26.885588 50.000000
v 24.963804 27.686237 50.000000
v 25.092041 27.537575 50.000000
v 25.212830 27.382797 50.000000
v 24.222281 28.325878 50.000000
v 25.695518 26.530733 50.000000
v 25.615957 26.710220 50.000000
v 22.254395 37.889248 50.000000
v 23.374802 37.751060 50.000000
v 24.487078 37.558060 50.000000
v 25.588545 37.310719 50.000000
v 26.676548 37.009628 50.000000
v 27.748466 36.655514 50.000000
v 28.801718 36.249229 50.000000
v 29.833767 35.791752 50.000000
v 30.842125 35.284187 50.000000
v 31.824366 34.727757 50.000000
v 43.000000 15.000000 50.000000
v 42.972294 16.128557 50.000000
v 42.889248 17.254395 50.000000
v 42.751060 18.374802 50.000000
v 42.558060 19.487078 50.000000
v 42.310719 20.588545 50.000000
v 42.009628 21.676548 50.000000
v 32.778114 34.123802 50.000000
v 33.701084 33.473774 50.000000
v 34.591045 32.779240 50.000000
v 35.445854 32.041878 50.000000
v 36.263454 31.263456 50.000000
v 37.041878 30.445856 50.000000
v 40.284187 25.842125 50.000000
v 37.779240 29.591047 50.000000
v 38.473774 28.701084 50.000000
v 39.123802 27.778114 50.000000
v 39.727757 26.824364 50.000000
v 41.655514 22.748466 50.000000
v 41.249229 23.801720 50.000000
v 40.791752 24.833767 50.000000
f 2 3 32
f 9 27 10
f 10 42 11
f 6 33 7
f 4 36 5
f 5 35 6
f 1 30 8
f 4 8 28
f 1 2 31
f 7 37 9
f 4 29 36
f 5 36 35
f 1 31 30
f 2 32 31
f 3 50 32
f 8 30 28
f 4 28 29
f 3 15 51
f 15 16 52
f 16 17 53
f 17 18 54
f 18 19 56
f 3 51 50
f 15 52 51
f 16 53 52
f 17 54 53
f 18 55 54
f 18 56 55
f 19 57 56
f 19 20 72
f 20 21 66
f 11 44 12
f 10 27 41
f 10 41 42
f 11 42 43
f 11 43 44
f 12 44 47
f 12 47 48
f 6 35 33
f 7 33 34
f 7 34 37
f 9 37 27
f 12 48 49
f 12 49 100
f 19 58 57
f 19 59 58
f 19 72 59
f 72 60 59
f 60 73 61
f 61 76 62
f 62 80 63
f 63 83 64
f 64 84 117
f 1 8 131
f 1 132 2
f 2 133 3
f 4 5 134
f 6 7 136
f 5 6 135
f 4 138 8
f 9 10 139
f 11 12 141
f 10 11 140
f 14 22 144
f 12 13 142
f 13 14 143
f 7 9 137
f 3 145 15
f 15 146 16
f 16 147 17
f 17 148 18
f 18 149 19
f 19 150 20
f 20 151 21
f 22 23 152
f 23 24 153
f 25 26 155
f 24 25 154
f 26 38 156
f 38 39 168
f 39 40 169
f 40 45 170
f 45 46 175
f 46 98 176
f 21 261 94
f 20 66 67
f 20 67 69
f 21 90 88
f 21 89 90
f 21 91 89
f 21 93 91
f 21 95 97
f 21 86 96
f 21 96 95
f 21 65 66
f 21 97 65
f 21 87 86
f 21 85 87
f 21 92 85
f 21 88 92
f 20 69 71
f 20 71 70
f 20 70 72
f 21 94 93
f 68 60 72
f 60 68 73
f 74 61 73
f 61 75 76
f 75 61 74
f 77 62 76
f 78 62 77
f 62 78 79
f 62 79 80
f 81 63 80
f 82 63 81
f 63 82 83
f 84 64 83
f 12 556 13
f 12 100 528
f 22 920 23
f 25 727 26
f 26 726 38
f 24 728 25
f 23 919 24
f 13 922 14
f 14 921 22
f 39 715 40
f 38 716 39
f 40 582 45
f 45 581 46
f 46 580 98
f 98 554 99
f 528 100 101
f 528 101 102
f 103 528 102
f 529 103 104
f 110 615 109
f 538 110 111
f 115 542 114
f 116 540 115
f 130 646 116
f 117 940 118
f 118 940 119
f 119 940 120
f 127 549 126
f 126 548 129
f 98 99 228
f 99 523 229
f 117 84 940
f 8 138 131
f 1 131 132
f 2 132 133
f 4 134 138
f 5 135 134
f 6 136 135
f 7 137 136
f 10 140 139
f 11 141 140
f 12 142 141
f 13 143 142
f 14 144 143
f 9 139 137
f 3 133 145
f 15 145 146
f 16 146 147
f 17 147 148
f 18 148 149
f 19 149 150
f 20 150 151
f 22 152 144
f 23 153 152
f 24 154 153
f 25 155 154
f 26 156 155
f 38 168 156
f 39 169 168
f 40 170 169
f 45 175 170
f 46 176 175
f 98 228 176
f 132 180 133
f 139 140 167
f 140 141 171
f 136 137 165
f 135 136 166
f 134 135 159
f 131 138 161
f 134 160 138
f 131 162 132
f 137 139 164
f 136 165 166
f 135 166 159
f 131 161 162
f 132 162 180
f 134 158 160
f 134 159 158
f 138 160 161
f 133 181 145
f 145 182 146
f 146 184 147
f 147 185 148
f 148 187 149
f 133 180 181
f 145 181 182
f 146 182 183
f 146 183 184
f 147 184 185
f 148 185 186
f 148 186 187
f 149 200 150
f 150 195 151
f 141 142 173
f 140 157 167
f 140 171 157
f 141 172 171
f 141 173 172
f 142 177 174
f 142 178 177
f 142 174 173
f 137 163 165
f 137 164 163
f 139 167 164
f 142 179 178
f 142 230 179
f 149 187 188
f 149 188 189
f 149 189 190
f 149 190 200
f 191 198 190
f 192 205 191
f 193 208 192
f 194 212 193
f 247 214 194
f 21 151 392
f 151 224 392
f 150 197 196
f 150 199 197
f 151 218 220
f 151 220 219
f 151 219 221
f 151 221 223
f 151 227 225
f 151 226 216
f 151 225 226
f 150 196 195
f 151 195 227
f 151 216 217
f 151 217 215
f 151 215 222
f 151 222 218
f 150 201 199
f 150 200 201
f 151 223 224
f 190 202 200
f 202 190 198
f 191 203 198
f 191 204 203
f 204 191 205
f 192 206 205
f 192 207 206
f 207 192 208
f 193 209 208
f 193 210 209
f 210 193 211
f 211 193 212
f 194 213 212
f 213 194 214
f 99 229 228
f 142 143 1005
f 142 979 230
f 248 214 247
f 249 214 248
f 250 214 249
f 251 214 250
f 152 153 1370
f 155 156 1177
f 156 168 1176
f 154 155 1178
f 153 154 1369
f 143 144 1372
f 144 152 1371
f 169 170 1165
f 168 169 1166
f 170 175 1032
f 175 176 1031
f 176 228 1030
f 228 229 1004
f 979 231 230
f 979 232 231
f 232 980 233
f 238 982 239
f 239 1071 240
f 1071 241 240
f 243 991 244
f 244 989 245
f 1259 246 245
f 257 256 1001
f 996 259 258
f 259 1000 256
f 251 1390 214
f 261 262 94
f 262 263 94
f 263 264 94
f 264 265 94
f 265 266 94
f 266 267 94
f 267 268 94
f 268 269 94
f 269 270 94
f 270 287 94
f 21 392 261
f 270 271 288
f 271 272 294
f 272 273 299
f 273 274 306
f 270 288 287
f 271 289 288
f 271 290 289
f 271 291 290
f 271 292 291
f 271 293 292
f 271 294 293
f 272 295 294
f 272 296 295
f 272 297 296
f 272 298 297
f 272 299 298
f 273 300 299
f 273 301 300
f 273 302 301
f 273 303 302
f 273 304 303
f 273 305 304
f 273 306 305
f 274 307 306
f 274 308 307
f 274 309 308
f 274 310 309
f 274 311 310
f 274 312 311
f 274 313 312
f 274 275 368
f 275 276 331
f 274 314 313
f 274 315 314
f 274 316 315
f 274 317 316
f 274 318 317
f 276 277 345
f 277 278 381
f 261 393 262
f 262 394 263
f 263 395 264
f 264 396 265
f 265 397 266
f 266 398 267
f 267 399 268
f 268 400 269
f 269 401 270
f 270 402 271
f 271 403 272
f 272 404 273
f 273 405 274
f 274 406 275
f 275 407 276
f 276 408 277
f 277 409 278
f 278 410 279
f 279 411 280
f 280 412 281
f 281 413 282
f 282 414 283
f 283 415 284
f 284 416 285
f 285 417 286
f 286 451 320
f 320 452 321
f 321 453 322
f 322 454 323
f 323 455 324
f 324 456 325
f 275 330 334
f 275 331 330
f 274 368 369
f 275 357 356
f 275 354 357
f 275 333 355
f 275 332 333
f 275 334 332
f 275 355 354
f 275 361 359
f 275 360 361
f 275 356 360
f 275 362 363
f 275 358 362
f 275 359 358
f 274 370 371
f 274 369 370
f 274 371 372
f 275 366 367
f 275 367 368
f 275 364 365
f 275 363 364
f 275 365 366
f 274 1423 318
f 276 336 328
f 276 337 336
f 276 338 337
f 276 335 331
f 276 327 335
f 276 329 327
f 276 328 329
f 276 340 339
f 276 339 338
f 276 341 340
f 276 344 343
f 276 343 342
f 276 342 341
f 276 345 344
f 277 347 346
f 277 346 345
f 277 350 349
f 277 349 348
f 277 348 347
f 277 351 350
f 277 373 353
f 277 353 352
f 277 352 351
f 277 374 373
f 277 376 375
f 277 375 374
f 277 377 376
f 277 379 378
f 277 378 377
f 277 381 380
f 277 380 379
f 324 325 326
f 278 382 381
f 278 383 382
f 278 384 383
f 278 385 384
f 278 386 385
f 278 387 386
f 278 388 387
f 278 389 388
f 278 390 389
f 274 372 1423
f 1423 319 318
f 278 279 1540
f 279 280 1532
f 280 281 1531
f 281 282 1530
f 282 283 1529
f 283 284 1528
f 284 285 1527
f 285 286 1526
f 286 320 1525
f 320 321 1524
f 321 322 1523
f 322 323 1489
f 323 324 1488
f 324 326 1488
f 278 1541 390
f 325 457 326
f 392 224 418
f 261 392 393
f 262 393 394
f 263 394 395
f 264 395 396
f 265 396 397
f 266 397 398
f 267 398 399
f 268 399 400
f 269 400 401
f 270 401 402
f 271 402 403
f 272 403 404
f 273 404 405
f 274 405 406
f 275 406 407
f 276 407 408
f 277 408 409
f 278 409 410
f 279 410 411
f 280 411 412
f 281 412 413
f 282 413 414
f 283 414 415
f 284 415 416
f 285 416 417
f 286 417 451
f 320 451 452
f 321 452 453
f 322 453 454
f 323 454 455
f 324 455 456
f 392 418 393
f 393 418 394
f 394 418 395
f 395 418 396
f 396 418 397
f 397 418 398
f 398 418 399
f 399 418 400
f 400 418 401
f 401 420 402
f 402 426 403
f 403 431 404
f 404 438 405
f 401 418 419
f 401 419 420
f 402 420 421
f 402 421 422
f 402 422 423
f 402 423 424
f 402 424 425
f 402 425 426
f 403 426 427
f 403 427 428
f 403 428 429
f 403 429 430
f 403 430 431
f 404 431 432
f 404 432 433
f 404 433 434
f 404 434 435
f 404 435 436
f 404 436 437
f 404 437 438
f 405 438 439
f 405 439 440
f 405 440 441
f 405 441 442
f 405 442 443
f 405 443 444
f 405 499 406
f 406 466 407
f 405 444 445
f 405 445 446
f 405 446 447
f 405 447 448
f 405 448 449
f 407 477 408
f 408 513 409
f 405 449 503
f 325 456 457
f 326 457 1619
f 406 465 461
f 406 461 462
f 406 462 466
f 405 500 499
f 406 487 488
f 406 488 485
f 406 486 464
f 406 464 463
f 406 463 465
f 406 485 486
f 406 490 492
f 406 492 491
f 406 491 487
f 406 494 493
f 406 493 489
f 406 489 490
f 405 502 501
f 405 501 500
f 405 503 502
f 406 498 497
f 406 499 498
f 406 496 495
f 406 495 494
f 406 497 496
f 503 449 450
f 407 459 467
f 407 467 468
f 407 468 469
f 407 466 458
f 407 458 460
f 407 460 459
f 407 471 472
f 407 470 471
f 407 469 470
f 407 474 475
f 407 473 474
f 407 472 473
f 407 475 476
f 407 476 477
f 408 477 478
f 408 480 481
f 408 479 480
f 408 478 479
f 408 481 482
f 408 484 504
f 408 483 484
f 408 482 483
f 408 505 506
f 408 504 505
f 408 506 507
f 408 507 508
f 408 509 510
f 408 508 509
f 408 512 513
f 408 511 512
f 408 510 511
f 455 457 456
f 409 513 514
f 409 514 515
f 409 515 516
f 409 516 517
f 409 517 518
f 409 518 519
f 409 519 520
f 409 520 521
f 409 1671 410
f 410 1663 411
f 411 1662 412
f 412 1661 413
f 413 1660 414
f 414 1659 415
f 415 1658 416
f 416 1657 417
f 417 1656 451
f 451 1655 452
f 452 1654 453
f 453 1620 454
f 454 1619 455
f 455 1619 457
f 1621 503 450
f 409 521 1672
f 925 104 105
f 12 528 527
f 13 556 557
f 13 557 558
f 13 558 559
f 12 555 556
f 12 525 526
f 12 527 525
f 12 526 555
f 13 559 593
f 925 105 106
f 926 106 107
f 926 107 108
f 927 108 109
f 929 111 112
f 930 112 113
f 931 113 114
f 99 553 523
f 13 593 594
f 13 594 595
f 13 595 731
f 103 529 528
f 99 554 553
f 98 580 554
f 46 581 580
f 45 582 581
f 40 715 582
f 39 716 715
f 38 726 716
f 13 731 732
f 529 104 530
f 104 531 530
f 104 561 531
f 104 562 561
f 104 563 562
f 104 564 563
f 104 565 564
f 13 732 922
f 109 615 616
f 109 616 617
f 110 536 532
f 110 533 536
f 110 532 615
f 110 534 533
f 110 535 534
f 110 537 535
f 110 538 537
f 109 617 618
f 109 618 619
f 111 621 538
f 111 622 621
f 111 635 622
f 111 636 635
f 111 637 636
f 114 542 640
f 115 541 542
f 114 640 641
f 114 641 642
f 114 642 643
f 114 643 644
f 115 539 541
f 115 540 539
f 116 543 540
f 116 544 543
f 116 545 544
f 116 646 545
f 939 121 120
f 939 122 121
f 934 130 128
f 935 128 129
f 938 123 122
f 938 124 123
f 937 125 124
f 937 127 125
f 127 550 549
f 126 546 548
f 126 549 546
f 127 551 550
f 127 552 551
f 127 831 552
f 127 832 831
f 127 833 832
f 130 809 646
f 130 810 809
f 130 811 810
f 130 812 811
f 129 548 547
f 129 547 820
f 129 820 821
f 129 821 816
f 129 816 817
f 129 817 818
f 127 834 833
f 127 835 834
f 26 727 726
f 25 728 727
f 24 919 728
f 23 920 919
f 22 921 920
f 14 922 921
f 925 565 104
f 109 619 670
f 109 670 772
f 109 772 773
f 929 637 111
f 523 553 524
f 927 109 773
f 931 114 644
f 925 106 926
f 926 108 927
f 129 818 857
f 129 857 898
f 939 120 943
f 933 812 130
f 937 835 127
f 935 129 898
f 523 524 973
f 120 940 941
f 120 941 942
f 120 942 943
f 593 559 560
f 593 560 567
f 593 567 568
f 569 592 568
f 565 599 566
f 573 590 578
f 572 597 574
f 566 598 572
f 574 591 573
f 570 584 569
f 571 585 570
f 575 583 571
f 576 586 575
f 577 587 576
f 588 577 579
f 589 579 578
f 570 585 584
f 571 583 585
f 593 568 592
f 569 584 592
f 586 576 587
f 575 586 583
f 577 588 587
f 588 579 589
f 578 590 589
f 573 591 590
f 574 597 591
f 572 598 597
f 566 599 598
f 565 600 599
f 623 669 620
f 620 670 619
f 624 668 623
f 625 667 624
f 672 627 639
f 628 665 634
f 627 666 628
f 658 626 629
f 626 659 625
f 630 660 629
f 631 661 630
f 632 662 631
f 633 663 632
f 634 664 633
f 929 112 930
f 930 113 931
f 637 695 638
f 638 694 639
f 647 701 645
f 648 700 647
f 649 699 648
f 650 692 655
f 652 689 651
f 651 685 649
f 653 686 652
f 654 687 653
f 657 688 654
f 656 690 657
f 655 691 656
f 626 658 659
f 624 667 668
f 669 623 668
f 670 620 669
f 667 625 659
f 658 629 660
f 660 630 661
f 631 662 661
f 632 663 662
f 633 664 663
f 634 665 664
f 628 666 665
f 627 672 666
f 672 639 694
f 638 695 694
f 637 696 695
f 648 699 700
f 699 649 685
f 701 647 700
f 702 645 701
f 651 689 685
f 652 686 689
f 654 688 687
f 686 653 687
f 657 690 688
f 656 691 690
f 655 692 691
f 650 693 692
f 596 731 595
f 602 731 596
f 603 730 602
f 604 729 603
f 605 718 604
f 601 735 607
f 600 736 601
f 613 723 614
f 608 724 613
f 607 734 609
f 609 725 608
f 606 719 605
f 610 717 606
f 611 721 610
f 612 720 611
f 614 722 612
f 604 718 729
f 718 605 719
f 606 717 719
f 603 729 730
f 731 602 730
f 610 721 717
f 721 611 720
f 612 722 720
f 614 723 722
f 723 613 724
f 608 725 724
f 609 734 725
f 607 735 734
f 601 736 735
f 600 737 736
f 922 732 733
f 922 733 739
f 922 739 740
f 922 740 741
f 922 741 742
f 671 772 670
f 673 772 671
f 674 771 673
f 675 770 674
f 676 753 675
f 684 758 683
f 678 759 684
f 677 760 678
f 679 752 676
f 754 679 680
f 755 680 681
f 682 756 681
f 683 757 682
f 925 600 565
f 770 675 753
f 753 676 752
f 674 770 771
f 772 673 771
f 754 680 755
f 679 754 752
f 755 681 756
f 682 757 756
f 683 758 757
f 684 759 758
f 678 760 759
f 677 775 760
f 775 677 788
f 703 796 702
f 704 795 703
f 705 794 704
f 706 793 705
f 708 761 706
f 713 767 714
f 707 768 713
f 709 765 708
f 762 709 710
f 711 764 710
f 712 763 711
f 714 766 712
f 788 677 789
f 789 677 790
f 929 696 637
f 931 644 645
f 793 706 761
f 705 793 794
f 795 704 794
f 796 703 795
f 761 708 765
f 709 762 765
f 762 710 764
f 764 711 763
f 712 766 763
f 714 767 766
f 713 768 767
f 707 769 768
f 925 737 600
f 929 697 696
f 929 698 697
f 931 645 702
f 929 677 698
f 929 790 677
f 815 693 650
f 933 130 934
f 934 128 935
f 822 856 819
f 819 857 818
f 823 855 822
f 824 859 823
f 825 844 824
f 826 843 825
f 827 841 826
f 842 827 829
f 830 845 829
f 846 830 828
f 840 847 828
f 938 122 939
f 835 873 836
f 837 871 838
f 839 869 840
f 838 870 839
f 836 872 837
f 937 124 938
f 815 848 693
f 815 849 848
f 815 850 849
f 815 851 850
f 823 859 855
f 856 822 855
f 857 819 856
f 844 825 843
f 826 841 843
f 827 842 841
f 842 829 845
f 830 846 845
f 846 828 847
f 840 869 847
f 859 824 844
f 839 870 869
f 838 871 870
f 837 872 871
f 836 873 872
f 835 874 873
f 852 890 853
f 851 891 852
f 853 889 854
f 854 769 707
f 858 898 857
f 860 897 858
f 861 896 860
f 862 900 861
f 863 883 862
f 886 868 879
f 864 882 863
f 865 880 864
f 866 881 865
f 867 885 866
f 868 885 867
f 854 889 769
f 853 890 889
f 852 891 890
f 851 892 891
f 933 813 812
f 933 814 813
f 933 815 814
f 861 900 896
f 897 860 896
f 898 858 897
f 900 862 883
f 883 863 882
f 880 865 881
f 864 880 882
f 866 884 881
f 884 866 885
f 868 886 885
f 879 887 886
f 875 911 876
f 874 912 875
f 876 910 877
f 878 887 879
f 877 888 878
f 878 888 887
f 877 910 888
f 876 911 910
f 875 912 911
f 874 913 912
f 933 851 815
f 937 874 835
f 923 742 743
f 923 743 747
f 923 747 748
f 923 748 749
f 923 750 751
f 923 749 750
f 924 751 746
f 922 742 923
f 923 751 924
f 925 738 737
f 925 744 738
f 925 745 744
f 925 746 745
f 927 773 774
f 927 774 776
f 927 777 778
f 927 776 777
f 927 778 779
f 927 779 782
f 927 782 783
f 928 783 784
f 928 784 785
f 928 786 787
f 928 785 786
f 929 791 790
f 929 792 791
f 931 702 796
f 929 780 792
f 929 781 780
f 929 787 781
f 931 796 797
f 931 797 798
f 931 798 799
f 931 799 800
f 931 802 803
f 931 800 802
f 931 803 804
f 932 804 805
f 932 805 806
f 932 806 807
f 924 746 925
f 927 783 928
f 928 787 929
f 931 804 932
f 933 892 851
f 933 893 892
f 933 894 893
f 933 895 894
f 933 807 808
f 933 808 801
f 933 801 895
f 935 898 899
f 935 899 901
f 935 901 902
f 935 902 903
f 935 904 905
f 935 903 904
f 935 905 906
f 935 907 909
f 935 906 907
f 935 909 908
f 937 913 874
f 937 914 913
f 937 916 914
f 937 915 916
f 937 917 915
f 936 908 918
f 937 918 917
f 932 807 933
f 935 908 936
f 936 918 937
f 524 553 974
f 553 554 1003
f 554 580 1004
f 580 581 1030
f 581 582 1031
f 582 715 1032
f 715 716 1165
f 716 726 1166
f 726 727 1176
f 727 728 1177
f 728 919 1178
f 919 920 1369
f 920 921 1370
f 921 922 1371
f 922 923 1372
f 923 924 1373
f 924 925 1374
f 925 926 1375
f 926 927 1376
f 927 928 1377
f 928 929 1378
f 929 930 1379
f 930 931 1380
f 931 932 1381
f 932 933 1382
f 933 934 1383
f 934 935 1384
f 935 936 1385
f 936 937 1386
f 937 938 1387
f 938 939 1388
f 939 943 944
f 939 944 945
f 939 945 946
f 939 946 947
f 939 947 948
f 939 948 949
f 939 949 950
f 939 950 951
f 939 951 952
f 939 952 953
f 939 953 954
f 939 954 955
f 939 955 956
f 939 956 957
f 939 957 958
f 939 958 959
f 939 959 960
f 939 960 961
f 939 961 962
f 939 962 963
f 939 963 964
f 939 964 965
f 939 965 966
f 939 966 967
f 939 967 968
f 939 968 969
f 939 969 970
f 939 970 971
f 939 971 972
f 939 972 1533
f 939 1533 1389
f 229 523 973
f 524 974 973
f 1375 234 233
f 1375 235 234
f 142 977 978
f 142 978 979
f 143 1007 1006
f 143 1008 1007
f 143 1009 1008
f 142 976 975
f 142 975 977
f 142 1005 976
f 143 1006 1005
f 143 1043 1009
f 1376 236 235
f 1376 237 236
f 1377 238 237
f 1380 242 241
f 1381 243 242
f 229 973 1003
f 143 1044 1043
f 143 1045 1044
f 143 1181 1045
f 232 979 980
f 233 980 981
f 233 981 1011
f 229 1003 1004
f 228 1004 1030
f 176 1030 1031
f 175 1031 1032
f 170 1032 1165
f 169 1165 1166
f 168 1166 1176
f 143 1182 1181
f 233 1011 1012
f 233 1012 1013
f 233 1013 1014
f 233 1014 1015
f 143 1372 1182
f 238 1066 1065
f 238 1067 1066
f 238 1065 982
f 238 1068 1067
f 238 1069 1068
f 239 986 983
f 239 982 986
f 239 983 984
f 239 985 987
f 239 984 985
f 239 987 988
f 239 988 1071
f 241 1071 1072
f 241 1072 1085
f 241 1085 1086
f 241 1086 1087
f 243 1091 1090
f 243 1090 992
f 243 992 991
f 244 991 989
f 243 1092 1091
f 243 1093 1092
f 243 1094 1093
f 245 989 990
f 245 990 993
f 245 994 995
f 245 993 994
f 245 995 1096
f 245 1096 1259
f 246 1259 1260
f 246 1260 1261
f 246 1261 1262
f 1389 251 252
f 1384 260 246
f 1385 258 260
f 1388 253 254
f 1388 254 255
f 1387 255 257
f 1389 252 253
f 259 996 999
f 259 999 1000
f 256 1000 1001
f 257 1001 1002
f 257 1002 1281
f 257 1281 1282
f 257 1282 1283
f 258 997 998
f 258 1270 997
f 258 1271 1270
f 258 1266 1271
f 996 258 998
f 258 1267 1266
f 258 1268 1267
f 257 1283 1284
f 257 1284 1285
f 156 1176 1177
f 155 1177 1178
f 154 1178 1369
f 153 1369 1370
f 152 1370 1371
f 144 1371 1372
f 1375 233 1015
f 238 1120 1069
f 238 1222 1120
f 238 1223 1222
f 1379 241 1087
f 973 974 1003
f 1377 1223 238
f 1381 1094 243
f 1375 1376 235
f 1376 1377 237
f 258 1307 1268
f 258 1348 1307
f 1389 1390 251
f 1383 246 1262
f 1387 257 1285
f 1385 1348 258
f 553 1003 974
f 554 1004 1003
f 580 1030 1004
f 581 1031 1030
f 582 1032 1031
f 715 1165 1032
f 716 1166 1165
f 726 1176 1166
f 727 1177 1176
f 728 1178 1177
f 919 1369 1178
f 920 1370 1369
f 921 1371 1370
f 922 1372 1371
f 923 1373 1372
f 924 1374 1373
f 925 1375 1374
f 926 1376 1375
f 927 1377 1376
f 928 1378 1377
f 929 1379 1378
f 930 1380 1379
f 931 1381 1380
f 932 1382 1381
f 933 1383 1382
f 934 1384 1383
f 935 1385 1384
f 936 1386 1385
f 937 1387 1386
f 938 1388 1387
f 939 1389 1388
f 1043 1010 1009
f 1043 1017 1010
f 1043 1018 1017
f 1035 1019 1018
f 1019 1035 1020
f 1022 1049 1016
f 1016 1050 1015
f 1023 1047 1024
f 1024 1048 1022
f 1020 1033 1021
f 1021 1036 1025
f 1025 1037 1026
f 1026 1039 1027
f 1027 1040 1029
f 1029 1040 1028
f 1028 1041 1023
f 1018 1034 1035
f 1018 1042 1034
f 1021 1033 1036
f 1020 1035 1033
f 1043 1042 1018
f 1025 1036 1037
f 1026 1037 1038
f 1026 1038 1039
f 1027 1039 1040
f 1041 1028 1040
f 1023 1041 1047
f 1024 1047 1048
f 1022 1048 1049
f 1050 1016 1049
f 1069 1119 1070
f 1073 1117 1074
f 1070 1118 1073
f 1074 1109 1075
f 1075 1110 1076
f 1076 1110 1079
f 1111 1080 1079
f 1080 1112 1081
f 1081 1113 1082
f 1082 1114 1083
f 1083 1115 1084
f 1084 1116 1078
f 1144 1077 1078
f 1379 1380 241
f 1380 1381 242
f 1089 1145 1088
f 1088 1146 1087
f 1144 1089 1077
f 1097 1149 1098
f 1095 1150 1097
f 1098 1135 1099
f 1136 1101 1099
f 1101 1136 1102
f 1137 1103 1102
f 1103 1138 1104
f 1104 1140 1107
f 1107 1141 1106
f 1106 1142 1105
f 1105 1143 1100
f 1075 1108 1110
f 1074 1117 1109
f 1075 1109 1108
f 1073 1118 1117
f 1070 1119 1118
f 1069 1120 1119
f 1111 1079 1110
f 1080 1111 1112
f 1113 1081 1112
f 1114 1082 1113
f 1083 1114 1115
f 1084 1115 1116
f 1078 1116 1122
f 1078 1122 1144
f 1089 1144 1145
f 1146 1088 1145
f 1098 1149 1135
f 1097 1150 1149
f 1095 1151 1150
f 1151 1095 1152
f 1099 1139 1136
f 1099 1135 1139
f 1137 1102 1136
f 1103 1137 1138
f 1140 1104 1138
f 1141 1107 1140
f 1106 1141 1142
f 1143 1105 1142
f 1046 1180 1052
f 1045 1181 1046
f 1052 1179 1053
f 1169 1054 1053
f 1169 1055 1054
f 1055 1167 1056
f 1051 1187 1050
f 1063 1175 1058
f 1057 1186 1051
f 1058 1184 1059
f 1059 1185 1057
f 1056 1171 1060
f 1060 1170 1061
f 1061 1172 1062
f 1062 1174 1064
f 1174 1063 1064
f 1053 1168 1169
f 1052 1180 1179
f 1053 1179 1168
f 1055 1169 1167
f 1056 1167 1171
f 1046 1181 1180
f 1060 1171 1170
f 1061 1170 1172
f 1062 1172 1173
f 1062 1173 1174
f 1175 1063 1174
f 1058 1175 1184
f 1059 1184 1185
f 1057 1185 1186
f 1187 1051 1186
f 1372 1183 1182
f 1372 1189 1183
f 1372 1190 1189
f 1372 1191 1190
f 1121 1221 1123
f 1120 1222 1121
f 1123 1220 1124
f 1124 1203 1125
f 1125 1202 1126
f 1126 1205 1129
f 1129 1206 1130
f 1134 1210 1128
f 1128 1225 1127
f 1206 1131 1130
f 1131 1207 1132
f 1132 1208 1133
f 1133 1209 1134
f 1375 1015 1050
f 1123 1221 1220
f 1126 1202 1204
f 1124 1220 1203
f 1125 1203 1202
f 1121 1222 1221
f 1126 1204 1205
f 1129 1205 1206
f 1207 1131 1206
f 1208 1132 1207
f 1133 1208 1209
f 1210 1134 1209
f 1128 1210 1225
f 1238 1127 1225
f 1153 1244 1154
f 1152 1245 1153
f 1154 1243 1155
f 1155 1211 1156
f 1156 1215 1158
f 1158 1214 1159
f 1163 1219 1157
f 1159 1214 1160
f 1213 1161 1160
f 1161 1216 1162
f 1162 1217 1164
f 1164 1218 1163
f 1239 1127 1238
f 1240 1127 1239
f 1379 1087 1146
f 1381 1095 1094
f 1154 1244 1243
f 1155 1243 1211
f 1153 1245 1244
f 1152 1246 1245
f 1158 1215 1212
f 1158 1212 1214
f 1156 1211 1215
f 1213 1160 1214
f 1216 1161 1213
f 1217 1162 1216
f 1164 1217 1218
f 1219 1163 1218
f 1375 1050 1187
f 1379 1146 1147
f 1379 1147 1148
f 1381 1152 1095
f 1379 1148 1127
f 1379 1127 1240
f 1265 1100 1298
f 1383 1384 246
f 1384 1385 260
f 1268 1306 1269
f 1272 1309 1273
f 1269 1305 1272
f 1273 1294 1274
f 1274 1293 1275
f 1275 1291 1276
f 1276 1295 1277
f 1295 1279 1277
f 1279 1297 1280
f 1280 1297 1278
f 1278 1319 1290
f 1289 1321 1288
f 1287 1323 1286
f 1286 1324 1285
f 1288 1322 1287
f 1387 1388 255
f 1290 1320 1289
f 1388 1389 253
f 1100 1143 1298
f 1265 1298 1299
f 1265 1299 1300
f 1265 1300 1301
f 1272 1305 1309
f 1269 1306 1305
f 1268 1307 1306
f 1273 1309 1294
f 1274 1294 1293
f 1276 1292 1295
f 1276 1291 1292
f 1275 1293 1291
f 1279 1295 1296
f 1279 1296 1297
f 1278 1297 1319
f 1320 1290 1319
f 1289 1320 1321
f 1288 1321 1322
f 1287 1322 1323
f 1324 1286 1323
f 1302 1342 1301
f 1303 1341 1302
f 1157 1339 1304
f 1304 1340 1303
f 1308 1346 1310
f 1307 1347 1308
f 1310 1350 1311
f 1311 1333 1312
f 1312 1332 1313
f 1313 1330 1314
f 1314 1331 1315
f 1335 1316 1315
f 1316 1335 1317
f 1317 1337 1318
f 1318 1337 1329
f 1157 1219 1339
f 1304 1339 1340
f 1303 1340 1341
f 1342 1302 1341
f 1383 1262 1263
f 1383 1263 1264
f 1383 1264 1265
f 1310 1346 1350
f 1308 1347 1346
f 1307 1348 1347
f 1311 1350 1333
f 1312 1333 1332
f 1313 1332 1330
f 1314 1330 1331
f 1315 1334 1335
f 1315 1331 1334
f 1317 1335 1336
f 1317 1336 1337
f 1325 1363 1324
f 1329 1338 1328
f 1328 1360 1327
f 1326 1362 1325
f 1327 1361 1326
f 1338 1329 1337
f 1328 1338 1360
f 1327 1360 1361
f 1326 1361 1362
f 1363 1325 1362
f 1383 1265 1301
f 1387 1285 1324
f 1373 1192 1191
f 1373 1193 1192
f 1373 1197 1193
f 1373 1198 1197
f 1373 1199 1198
f 1373 1200 1199
f 1374 1196 1201
f 1374 1201 1200
f 1372 1373 1191
f 1373 1374 1200
f 1375 1187 1188
f 1375 1188 1194
f 1375 1194 1195
f 1375 1195 1196
f 1377 1224 1223
f 1377 1226 1224
f 1377 1228 1227
f 1377 1227 1226
f 1377 1229 1228
f 1377 1232 1229
f 1378 1233 1232
f 1378 1234 1233
f 1378 1235 1234
f 1378 1236 1235
f 1379 1237 1236
f 1379 1240 1241
f 1379 1241 1242
f 1381 1246 1152
f 1379 1242 1230
f 1379 1230 1231
f 1379 1231 1237
f 1381 1247 1246
f 1381 1248 1247
f 1381 1249 1248
f 1381 1250 1249
f 1381 1253 1252
f 1381 1252 1250
f 1382 1254 1253
f 1382 1255 1254
f 1382 1256 1255
f 1382 1257 1256
f 1374 1375 1196
f 1377 1378 1232
f 1378 1379 1236
f 1381 1382 1253
f 1383 1301 1342
f 1383 1342 1343
f 1383 1343 1344
f 1383 1344 1345
f 1383 1258 1257
f 1383 1251 1258
f 1383 1345 1251
f 1385 1349 1348
f 1385 1351 1349
f 1385 1352 1351
f 1385 1353 1352
f 1385 1355 1354
f 1385 1354 1353
f 1385 1356 1355
f 1385 1359 1357
f 1385 1357 1356
f 1386 1358 1359
f 1387 1324 1363
f 1387 1363 1364
f 1387 1364 1366
f 1387 1366 1365
f 1387 1365 1367
f 1387 1368 1358
f 1387 1367 1368
f 1382 1383 1257
f 1385 1386 1359
f 1386 1387 1358
f 1389 1391 1390
f 1389 1392 1391
f 1389 1393 1392
f 1389 1394 1393
f 1389 1395 1394
f 1389 1396 1395
f 1389 1397 1396
f 1389 1398 1397
f 1389 1399 1398
f 1389 1400 1399
f 1389 1401 1400
f 1389 1402 1401
f 1389 1403 1402
f 1389 1404 1403
f 1389 1405 1404
f 1389 1406 1405
f 1389 1407 1406
f 1389 1408 1407
f 1389 1409 1408
f 1389 1410 1409
f 1389 1411 1410
f 1389 1412 1411
f 1389 1413 1412
f 1389 1414 1413
f 1389 1415 1414
f 1389 1416 1415
f 1389 1417 1416
f 1389 1418 1417
f 1389 1419 1418
f 1389 1420 1419
f 1389 1421 1420
f 1389 1422 1421
f 1389 1664 1422
f 1541 391 390
f 1545 319 1423
f 323 1488 1489
f 322 1489 1523
f 321 1523 1524
f 320 1524 1525
f 285 1526 1527
f 286 1525 1526
f 279 1532 1540
f 278 1540 1541
f 281 1530 1531
f 282 1529 1530
f 284 1527 1528
f 283 1528 1529
f 280 1531 1532
f 1547 1490 319
f 1542 1458 391
f 1545 1547 319
f 1545 1425 1426
f 1545 1423 1424
f 1545 1424 1425
f 1545 1426 1427
f 1545 1427 1428
f 1545 1428 1429
f 1542 1454 1455
f 1542 1456 1454
f 1542 1480 1487
f 1542 1457 1456
f 1542 1487 1457
f 1542 1479 1480
f 1542 1482 1479
f 1542 1481 1482
f 1542 1459 1458
f 1542 1460 1459
f 1542 1442 1460
f 1542 1443 1442
f 1542 1444 1443
f 1542 1445 1444
f 1542 1446 1445
f 1542 1447 1446
f 1542 1448 1447
f 1542 1449 1448
f 1542 1451 1449
f 1542 1452 1451
f 1542 1453 1452
f 1542 1450 1453
f 1542 1455 1450
f 1544 1429 1430
f 1544 1430 1431
f 1544 1431 1432
f 1544 1432 1433
f 1544 1433 1434
f 1544 1434 1435
f 1544 1435 1436
f 1544 1436 1437
f 1544 1437 1438
f 1543 1469 1470
f 1543 1470 1471
f 1544 1438 1439
f 1544 1439 1440
f 1544 1440 1441
f 1544 1441 1461
f 1544 1461 1462
f 1544 1462 1463
f 1544 1464 1465
f 1544 1463 1464
f 1544 1465 1466
f 1544 1466 1467
f 1544 1467 1468
f 1544 1468 1469
f 1543 1471 1472
f 1543 1472 1473
f 1543 1473 1474
f 1543 1476 1477
f 1543 1475 1476
f 1543 1474 1475
f 1543 1483 1485
f 1543 1484 1483
f 1543 1477 1484
f 1543 1478 1481
f 1543 1486 1478
f 1543 1485 1486
f 1541 1542 391
f 326 1619 1488
f 1488 1620 1489
f 1533 972 1502
f 1547 1491 1490
f 1547 1492 1491
f 1547 1493 1492
f 1547 1494 1493
f 1547 1495 1494
f 1547 1496 1495
f 1547 1497 1496
f 1548 1511 1512
f 1548 1513 1511
f 1548 1518 1517
f 1548 1517 1513
f 1547 1498 1497
f 1547 1499 1498
f 1547 1500 1499
f 1547 1501 1500
f 1548 1520 1501
f 1548 1510 1520
f 1548 1512 1510
f 1546 1502 1503
f 1550 1507 1508
f 1550 1509 1506
f 1550 1508 1509
f 1546 1503 1504
f 1546 1504 1507
f 1549 1516 1515
f 1549 1521 1522
f 1549 1522 1516
f 1549 1519 1518
f 1549 1514 1519
f 1549 1515 1514
f 1550 1505 1521
f 1550 1506 1505
f 1542 1543 1481
f 1544 1545 1429
f 1543 1544 1469
f 1534 1502 1535
f 1533 1502 1534
f 1535 1502 1536
f 1538 1502 1539
f 1536 1502 1537
f 1537 1502 1538
f 1547 1548 1501
f 1548 1549 1518
f 1549 1550 1521
f 1546 1507 1550
f 1546 1553 1502
f 1552 1502 1553
f 1539 1502 1551
f 1551 1502 1552
f 1489 1654 1523
f 1523 1655 1524
f 1524 1656 1525
f 1525 1657 1526
f 1526 1658 1527
f 1527 1659 1528
f 1529 1661 1530
f 1528 1660 1529
f 1530 1662 1531
f 1531 1663 1532
f 1533 1534 1664
f 1534 1535 1665
f 1535 1536 1666
f 1536 1537 1667
f 1537 1538 1668
f 1538 1539 1669
f 1539 1551 1670
f 1545 1678 1547
f 1540 1672 1541
f 1541 1673 1542
f 1532 1671 1540
f 1543 1675 1544
f 1542 1674 1543
f 1544 1676 1545
f 1546 1550 1677
f 1548 1680 1549
f 1547 1679 1548
f 1549 1681 1550
f 1551 1552 1682
f 1552 1553 1683
f 1546 1684 1553
f 1488 1619 1620
f 1672 521 522
f 1621 1554 503
f 454 1620 1619
f 453 1654 1620
f 452 1655 1654
f 451 1656 1655
f 416 1658 1657
f 417 1657 1656
f 410 1671 1663
f 409 1672 1671
f 412 1662 1661
f 413 1661 1660
f 415 1659 1658
f 414 1660 1659
f 411 1663 1662
f 1672 522 1589
f 1676 1557 1556
f 1676 1555 1554
f 1676 1556 1555
f 1676 1558 1557
f 1676 1559 1558
f 1676 1560 1559
f 1673 1586 1585
f 1673 1585 1587
f 1673 1612 1609
f 1673 1618 1611
f 1673 1587 1588
f 1673 1588 1618
f 1673 1611 1610
f 1673 1610 1613
f 1673 1613 1612
f 1673 1589 1590
f 1673 1590 1591
f 1673 1591 1573
f 1673 1573 1574
f 1673 1574 1575
f 1673 1575 1576
f 1673 1576 1577
f 1673 1577 1578
f 1673 1578 1579
f 1673 1579 1580
f 1673 1580 1582
f 1673 1582 1583
f 1673 1583 1584
f 1673 1584 1581
f 1673 1581 1586
f 1675 1561 1560
f 1675 1562 1561
f 1675 1563 1562
f 1675 1564 1563
f 1675 1565 1564
f 1675 1566 1565
f 1675 1567 1566
f 1675 1568 1567
f 1675 1569 1568
f 1674 1600 1599
f 1674 1601 1600
f 1674 1602 1601
f 1675 1570 1569
f 1675 1571 1570
f 1675 1572 1571
f 1675 1592 1572
f 1675 1593 1592
f 1675 1594 1593
f 1675 1595 1594
f 1675 1596 1595
f 1675 1597 1596
f 1675 1598 1597
f 1675 1599 1598
f 1674 1603 1602
f 1674 1604 1603
f 1674 1605 1604
f 1674 1608 1607
f 1674 1607 1606
f 1674 1606 1605
f 1674 1616 1614
f 1674 1614 1615
f 1674 1615 1608
f 1674 1609 1617
f 1674 1617 1616
f 1389 1533 1664
f 1677 1633 1422
f 1665 1666 1422
f 1664 1665 1422
f 1666 1667 1422
f 1669 1670 1422
f 1667 1668 1422
f 1668 1669 1422
f 1677 1422 1684
f 1683 1684 1422
f 1670 1682 1422
f 1682 1683 1422
f 1489 1620 1654
f 1523 1654 1655
f 1524 1655 1656
f 1525 1656 1657
f 1526 1657 1658
f 1527 1658 1659
f 1528 1659 1660
f 1529 1660 1661
f 1530 1661 1662
f 1531 1662 1663
f 1532 1663 1671
f 1534 1665 1664
f 1535 1666 1665
f 1536 1667 1666
f 1537 1668 1667
f 1538 1669 1668
f 1539 1670 1669
f 1551 1682 1670
f 1545 1676 1678
f 1540 1671 1672
f 1541 1672 1673
f 1542 1673 1674
f 1543 1674 1675
f 1544 1675 1676
f 1547 1678 1679
f 1548 1679 1680
f 1549 1680 1681
f 1550 1681 1677
f 1552 1683 1682
f 1553 1684 1683
f 1546 1677 1684
f 1676 1554 1621
f 1672 1589 1673
f 1678 1621 1622
f 1678 1622 1623
f 1678 1623 1624
f 1678 1624 1625
f 1678 1625 1626
f 1678 1626 1627
f 1678 1627 1628
f 1679 1643 1642
f 1679 1642 1644
f 1679 1648 1649
f 1679 1644 1648
f 1678 1628 1629
f 1678 1629 1630
f 1678 1630 1631
f 1678 1632 1651
f 1678 1631 1632
f 1679 1651 1641
f 1679 1641 1643
f 1677 1634 1633
f 1681 1638 1635
f 1681 1639 1638
f 1681 1637 1640
f 1681 1640 1639
f 1677 1635 1634
f 1680 1646 1647
f 1680 1653 1652
f 1680 1652 1636
f 1680 1647 1653
f 1680 1650 1645
f 1679 1649 1650
f 1680 1645 1646
f 1681 1636 1637
f 1673 1609 1674
f 1675 1560 1676
f 1674 1599 1675
f 1676 1621 1678
f 1678 1651 1679
f 1680 1636 1681
f 1679 1650 1680
f 1677 1681 1635
f 65 97 227
f 67 66 196
f 66 65 195
f 69 67 197
f 68 72 202
f 71 69 199
f 70 71 201
f 72 70 200
f 73 68 198
f 74 73 203
f 75 74 204
f 76 75 205
f 77 76 206
f 78 77 207
f 79 78 208
f 80 79 209
f 81 80 210
f 82 81 211
f 83 82 212
f 84 83 213
f 96 86 216
f 87 85 215
f 86 87 217
f 88 90 220
f 90 89 219
f 89 91 221
f 85 92 222
f 92 88 218
f 91 93 223
f 93 94 224
f 97 95 225
f 95 96 226
f 84 214 940
f 65 227 195
f 69 197 199
f 195 196 66
f 196 197 67
f 68 202 198
f 71 199 201
f 70 201 200
f 72 200 202
f 73 198 203
f 74 203 204
f 75 204 205
f 76 205 206
f 77 206 207
f 78 207 208
f 79 208 209
f 80 209 210
f 81 210 211
f 82 211 212
f 83 212 213
f 84 213 214
f 96 216 226
f 85 222 215
f 87 215 217
f 86 217 216
f 88 220 218
f 90 219 220
f 89 221 219
f 91 223 221
f 92 218 222
f 93 224 223
f 95 226 225
f 97 225 227
f 94 287 418
f 287 288 419
f 288 289 420
f 289 290 421
f 290 291 422
f 291 292 423
f 292 293 424
f 293 294 425
f 294 295 426
f 295 296 427
f 296 297 428
f 297 298 429
f 298 299 430
f 299 300 431
f 300 301 432
f 301 302 433
f 302 303 434
f 303 304 435
f 304 305 436
f 305 306 437
f 306 307 438
f 307 308 439
f 308 309 440
f 309 310 441
f 310 311 442
f 311 312 443
f 312 313 444
f 313 314 445
f 314 315 446
f 315 316 447
f 316 317 448
f 317 318 449
f 318 319 450
f 94 418 224
f 287 419 418
f 420 419 288
f 289 421 420
f 290 422 421
f 291 423 422
f 292 424 423
f 425 424 293
f 426 425 294
f 295 427 426
f 296 428 427
f 297 429 428
f 298 430 429
f 299 431 430
f 300 432 431
f 301 433 432
f 302 434 433
f 303 435 434
f 304 436 435
f 437 436 305
f 306 438 437
f 307 439 438
f 308 440 439
f 309 441 440
f 310 442 441
f 311 443 442
f 312 444 443
f 313 445 444
f 314 446 445
f 315 447 446
f 316 448 447
f 317 449 448
f 318 450 449
f 1621 450 319
f 941 940 1390
f 942 941 1391
f 943 942 1392
f 944 943 1393
f 945 944 1394
f 946 945 1395
f 947 946 1396
f 948 947 1397
f 949 948 1398
f 950 949 1399
f 951 950 1400
f 952 951 1401
f 953 952 1402
f 954 953 1403
f 955 954 1404
f 956 955 1405
f 957 956 1406
f 958 957 1407
f 959 958 1408
f 960 959 1409
f 961 960 1410
f 962 961 1411
f 963 962 1412
f 964 963 1413
f 965 964 1414
f 966 965 1415
f 967 966 1416
f 968 967 1417
f 969 968 1418
f 970 969 1419
f 971 970 1420
f 972 971 1421
f 940 214 1390
f 941 1390 1391
f 942 1391 1392
f 943 1392 1393
f 944 1393 1394
f 945 1394 1395
f 946 1395 1396
f 947 1396 1397
f 948 1397 1398
f 949 1398 1399
f 950 1399 1400
f 951 1400 1401
f 952 1401 1402
f 953 1402 1403
f 954 1403 1404
f 955 1404 1405
f 956 1405 1406
f 957 1406 1407
f 958 1407 1408
f 959 1408 1409
f 960 1409 1410
f 961 1410 1411
f 962 1411 1412
f 963 1412 1413
f 964 1413 1414
f 965 1414 1415
f 966 1415 1416
f 967 1416 1417
f 968 1417 1418
f 969 1418 1419
f 970 1419 1420
f 971 1420 1421
f 972 1421 1422
f 319 1490 1621
f 1502 972 1422
f 1490 1491 1622
f 1491 1492 1623
f 1492 1493 1624
f 1493 1494 1625
f 1494 1495 1626
f 1495 1496 1627
f 1496 1497 1628
f 1497 1498 1629
f 1498 1499 1630
f 1499 1500 1631
f 1500 1501 1632
f 1501 1520 1651
f 1503 1502 1633
f 1504 1503 1634
f 1506 1509 1640
f 1505 1506 1637
f 1507 1504 1635
f 1508 1507 1638
f 1509 1508 1639
f 1520 1510 1641
f 1510 1512 1643
f 1512 1511 1642
f 1511 1513 1644
f 1519 1514 1645
f 1515 1516 1647
f 1514 1515 1646
f 1513 1517 1648
f 1518 1519 1650
f 1517 1518 1649
f 1522 1521 1652
f 1516 1522 1653
f 1521 1505 1636
f 1422 1633 1502
f 1490 1622 1621
f 1491 1623 1622
f 1492 1624 1623
f 1493 1625 1624
f 1494 1626 1625
f 1495 1627 1626
f 1497 1629 1628
f 1496 1628 1627
f 1498 1630 1629
f 1499 1631 1630
f 1500 1632 1631
f 1501 1651 1632
f 1503 1633 1634
f 1634 1635 1504
f 1506 1640 1637
f 1637 1636 1505
f 1635 1638 1507
f 1508 1638 1639
f 1509 1639 1640
f 1520 1641 1651
f 1643 1641 1510
f 1512 1642 1643
f 1511 1644 1642
f 1519 1645 1650
f 1514 1646 1645
f 1515 1647 1646
f 1513 1648 1644
f 1517 1649 1648
f 1650 1649 1518
f 1516 1653 1647
f 1522 1652 1653
f 1636 1652 1521
f 41 27 157
f 36 29 159
f 29 28 158
f 28 30 160
f 30 31 161
f 31 32 162
f 32 50 180
f 34 33 163
f 35 36 166
f 33 35 165
f 37 34 164
f 27 37 167
f 42 41 171
f 43 42 172
f 44 43 173
f 47 44 174
f 48 47 177
f 49 48 178
f 100 49 179
f 50 51 181
f 51 52 182
f 52 53 183
f 53 54 184
f 54 55 185
f 55 56 186
f 56 57 187
f 57 58 188
f 58 59 189
f 59 60 190
f 60 61 191
f 61 62 192
f 62 63 193
f 63 64 194
f 101 100 230
f 102 101 231
f 103 102 232
f 104 103 233
f 105 104 234
f 106 105 235
f 107 106 236
f 108 107 237
f 109 108 238
f 110 109 239
f 111 110 240
f 112 111 241
f 113 112 242
f 114 113 243
f 115 114 244
f 116 115 245
f 130 116 246
f 64 117 247
f 117 118 248
f 118 119 249
f 119 120 250
f 120 121 251
f 121 122 252
f 122 123 253
f 123 124 254
f 124 125 255
f 127 126 256
f 125 127 257
f 126 129 259
f 129 128 258
f 128 130 260
f 36 159 166
f 29 158 159
f 160 158 28
f 161 160 30
f 162 161 31
f 32 180 162
f 34 163 164
f 166 165 35
f 165 163 33
f 37 164 167
f 167 157 27
f 41 157 171
f 171 172 42
f 43 172 173
f 173 174 44
f 47 174 177
f 48 177 178
f 49 178 179
f 181 180 50
f 182 181 51
f 52 183 182
f 184 183 53
f 185 184 54
f 55 186 185
f 187 186 56
f 57 188 187
f 58 189 188
f 190 189 59
f 60 191 190
f 61 192 191
f 62 193 192
f 63 194 193
f 64 247 194
f 100 179 230
f 101 230 231
f 102 231 232
f 232 233 103
f 104 233 234
f 234 235 105
f 235 236 106
f 236 237 107
f 108 237 238
f 238 239 109
f 239 240 110
f 241 111 240
f 241 242 112
f 242 243 113
f 243 244 114
f 244 245 115
f 116 245 246
f 246 260 130
f 117 248 247
f 118 249 248
f 119 250 249
f 121 252 251
f 251 250 120
f 253 252 122
f 123 254 253
f 125 257 255
f 257 127 256
f 260 258 128
f 258 259 129
f 259 256 126
f 255 254 124
f 335 327 458
f 327 329 460
f 329 328 459
f 334 330 461
f 330 331 462
f 333 332 463
f 332 334 465
f 355 333 464
f 331 335 466
f 328 336 467
f 336 337 468
f 337 338 469
f 338 339 470
f 339 340 471
f 340 341 472
f 341 342 473
f 342 343 474
f 343 344 475
f 344 345 476
f 345 346 477
f 346 347 478
f 347 348 479
f 348 349 480
f 349 350 481
f 350 351 482
f 351 352 483
f 352 353 484
f 357 354 485
f 354 355 486
f 360 356 487
f 356 357 488
f 358 359 490
f 361 360 491
f 359 361 492
f 362 358 489
f 363 362 493
f 364 363 494
f 366 365 496
f 365 364 495
f 367 366 497
f 368 367 498
f 369 368 499
f 370 369 500
f 371 370 501
f 372 371 502
f 353 373 504
f 373 374 505
f 374 375 506
f 375 376 507
f 376 377 508
f 377 378 509
f 378 379 510
f 379 380 511
f 380 381 512
f 381 382 513
f 382 383 514
f 383 384 515
f 384 385 516
f 385 386 517
f 386 387 518
f 387 388 519
f 388 389 520
f 389 390 521
f 390 391 522
f 1423 372 503
f 327 460 458
f 328 467 459
f 329 459 460
f 334 461 465
f 330 462 461
f 332 465 463
f 333 463 464
f 335 458 466
f 466 462 331
f 336 468 467
f 337 469 468
f 338 470 469
f 339 471 470
f 472 471 340
f 341 473 472
f 342 474 473
f 343 475 474
f 344 476 475
f 477 476 345
f 346 478 477
f 347 479 478
f 348 480 479
f 349 481 480
f 350 482 481
f 351 483 482
f 352 484 483
f 353 504 484
f 486 485 354
f 356 488 487
f 357 485 488
f 358 490 489
f 360 487 491
f 361 491 492
f 359 492 490
f 362 489 493
f 363 493 494
f 364 494 495
f 365 495 496
f 366 496 497
f 367 497 498
f 368 498 499
f 369 499 500
f 370 500 501
f 371 501 502
f 372 502 503
f 355 464 486
f 373 505 504
f 506 505 374
f 375 507 506
f 376 508 507
f 377 509 508
f 378 510 509
f 379 511 510
f 380 512 511
f 381 513 512
f 382 514 513
f 383 515 514
f 384 516 515
f 385 517 516
f 386 518 517
f 387 519 518
f 388 520 519
f 389 521 520
f 390 522 521
f 1589 522 391
f 391 1458 1589
f 1424 1423 1554
f 1425 1424 1555
f 1426 1425 1556
f 1427 1426 1557
f 1428 1427 1558
f 1429 1428 1559
f 1430 1429 1560
f 1431 1430 1561
f 1432 1431 1562
f 1433 1432 1563
f 1434 1433 1564
f 1435 1434 1565
f 1436 1435 1566
f 1437 1436 1567
f 1438 1437 1568
f 1439 1438 1569
f 1440 1439 1570
f 1441 1440 1571
f 1442 1443 1574
f 1443 1444 1575
f 1461 1441 1572
f 1444 1445 1576
f 1445 1446 1577
f 1446 1447 1578
f 1447 1448 1579
f 1449 1451 1582
f 1448 1449 1580
f 1453 1450 1581
f 1451 1452 1583
f 1452 1453 1584
f 1450 1455 1586
f 1455 1454 1585
f 1456 1457 1588
f 1454 1456 1587
f 1458 1459 1590
f 1459 1460 1591
f 1460 1442 1573
f 1462 1461 1592
f 1463 1462 1593
f 1464 1463 1594
f 1465 1464 1595
f 1466 1465 1596
f 1467 1466 1597
f 1468 1467 1598
f 1469 1468 1599
f 1470 1469 1600
f 1471 1470 1601
f 1472 1471 1602
f 1473 1472 1603
f 1474 1473 1604
f 1475 1474 1605
f 1476 1475 1606
f 1477 1476 1607
f 1484 1477 1608
f 1487 1480 1611
f 1480 1479 1610
f 1481 1478 1609
f 1482 1481 1612
f 1479 1482 1613
f 1485 1483 1614
f 1483 1484 1615
f 1486 1485 1616
f 1478 1486 1617
f 1457 1487 1618
f 503 1554 1423
f 1424 1554 1555
f 1425 1555 1556
f 1426 1556 1557
f 1557 1558 1427
f 1428 1558 1559
f 1429 1559 1560
f 1430 1560 1561
f 1431 1561 1562
f 1432 1562 1563
f 1433 1563 1564
f 1434 1564 1565
f 1435 1565 1566
f 1436 1566 1567
f 1437 1567 1568
f 1438 1568 1569
f 1439 1569 1570
f 1440 1570 1571
f 1441 1571 1572
f 1442 1574 1573
f 1443 1575 1574
f 1444 1576 1575
f 1445 1577 1576
f 1446 1578 1577
f 1447 1579 1578
f 1449 1582 1580
f 1448 1580 1579
f 1450 1586 1581
f 1451 1583 1582
f 1584 1583 1452
f 1453 1581 1584
f 1454 1587 1585
f 1455 1585 1586
f 1456 1588 1587
f 1457 1618 1588
f 1458 1590 1589
f 1459 1591 1590
f 1460 1573 1591
f 1461 1572 1592
f 1462 1592 1593
f 1463 1593 1594
f 1464 1594 1595
f 1465 1595 1596
f 1466 1596 1597
f 1467 1597 1598
f 1468 1598 1599
f 1599 1600 1469
f 1470 1600 1601
f 1471 1601 1602
f 1472 1602 1603
f 1473 1603 1604
f 1474 1604 1605
f 1475 1605 1606
f 1476 1606 1607
f 1477 1607 1608
f 1608 1615 1484
f 1478 1617 1609
f 1487 1611 1618
f 1480 1610 1611
f 1609 1612 1481
f 1482 1612 1613
f 1479 1613 1610
f 1483 1615 1614
f 1485 1614 1616
f 1486 1616 1617
f 526 525 975
f 555 526 976
f 525 527 977
f 527 528 978
f 528 529 979
f 529 530 980
f 530 531 981
f 531 561 1011
f 556 555 1005
f 557 556 1006
f 558 557 1007
f 559 558 1008
f 560 559 1009
f 561 562 1012
f 562 563 1013
f 563 564 1014
f 564 565 1015
f 565 566 1016
f 567 560 1010
f 568 567 1017
f 569 568 1018
f 570 569 1019
f 571 570 1020
f 575 571 1021
f 566 572 1022
f 572 574 1024
f 574 573 1023
f 579 577 1027
f 576 575 1025
f 577 576 1026
f 573 578 1028
f 578 579 1029
f 526 975 976
f 525 977 975
f 555 976 1005
f 527 978 977
f 979 978 528
f 980 979 529
f 530 981 980
f 531 1011 981
f 1005 1006 556
f 557 1006 1007
f 558 1007 1008
f 559 1008 1009
f 560 1009 1010
f 561 1012 1011
f 562 1013 1012
f 563 1014 1013
f 564 1015 1014
f 565 1016 1015
f 567 1010 1017
f 568 1017 1018
f 569 1018 1019
f 570 1019 1020
f 571 1020 1021
f 566 1022 1016
f 572 1024 1022
f 574 1023 1024
f 575 1021 1025
f 1027 1029 579
f 576 1025 1026
f 1026 1027 577
f 573 1028 1023
f 578 1029 1028
f 615 532 982
f 536 533 983
f 533 534 984
f 534 535 985
f 532 536 986
f 535 537 987
f 537 538 988
f 538 621 1071
f 617 616 1066
f 616 615 1065
f 618 617 1067
f 619 618 1068
f 620 619 1069
f 621 622 1072
f 623 620 1070
f 624 623 1073
f 625 624 1074
f 626 625 1075
f 629 626 1076
f 639 627 1077
f 627 628 1078
f 630 629 1079
f 631 630 1080
f 632 631 1081
f 633 632 1082
f 634 633 1083
f 628 634 1084
f 622 635 1085
f 635 636 1086
f 636 637 1087
f 637 638 1088
f 638 639 1089
f 532 986 982
f 982 1065 615
f 533 984 983
f 534 985 984
f 983 986 536
f 535 987 985
f 537 988 987
f 538 1071 988
f 616 1065 1066
f 617 1066 1067
f 618 1067 1068
f 619 1068 1069
f 620 1069 1070
f 621 1072 1071
f 622 1085 1072
f 623 1070 1073
f 624 1073 1074
f 625 1074 1075
f 1075 1076 626
f 627 1078 1077
f 629 1076 1079
f 630 1079 1080
f 631 1080 1081
f 632 1081 1082
f 633 1082 1083
f 634 1083 1084
f 628 1084 1078
f 635 1086 1085
f 636 1087 1086
f 637 1088 1087
f 638 1089 1088
f 639 1077 1089
f 541 539 989
f 539 540 990
f 542 541 991
f 640 542 992
f 540 543 993
f 543 544 994
f 544 545 995
f 545 646 1096
f 641 640 1090
f 642 641 1091
f 643 642 1092
f 644 643 1093
f 645 644 1094
f 647 645 1095
f 648 647 1097
f 649 648 1098
f 651 649 1099
f 652 651 1101
f 653 652 1102
f 654 653 1103
f 656 657 1107
f 650 655 1105
f 655 656 1106
f 657 654 1104
f 646 809 1259
f 809 810 1260
f 810 811 1261
f 811 812 1262
f 812 813 1263
f 813 814 1264
f 814 815 1265
f 815 650 1100
f 539 990 989
f 542 991 992
f 640 992 1090
f 989 991 541
f 540 993 990
f 543 994 993
f 544 995 994
f 545 1096 995
f 641 1090 1091
f 642 1091 1092
f 643 1092 1093
f 644 1093 1094
f 645 1094 1095
f 647 1095 1097
f 648 1097 1098
f 649 1098 1099
f 651 1099 1101
f 652 1101 1102
f 653 1102 1103
f 654 1103 1104
f 656 1107 1106
f 650 1105 1100
f 655 1106 1105
f 657 1104 1107
f 1259 1096 646
f 809 1260 1259
f 810 1261 1260
f 811 1262 1261
f 812 1263 1262
f 813 1264 1263
f 814 1265 1264
f 1265 815 1100
f 548 546 996
f 820 547 997
f 547 548 998
f 546 549 999
f 549 550 1000
f 550 551 1001
f 551 552 1002
f 552 831 1281
f 816 821 1271
f 817 816 1266
f 818 817 1267
f 819 818 1268
f 821 820 1270
f 822 819 1269
f 823 822 1272
f 824 823 1273
f 825 824 1274
f 826 825 1275
f 827 826 1276
f 828 830 1280
f 840 828 1278
f 829 827 1277
f 830 829 1279
f 831 832 1282
f 832 833 1283
f 833 834 1284
f 834 835 1285
f 835 836 1286
f 836 837 1287
f 837 838 1288
f 838 839 1289
f 839 840 1290
f 820 997 1270
f 547 998 997
f 996 998 548
f 546 999 996
f 1000 999 549
f 550 1001 1000
f 551 1002 1001
f 552 1281 1002
f 816 1271 1266
f 817 1266 1267
f 818 1267 1268
f 819 1268 1269
f 821 1270 1271
f 822 1269 1272
f 823 1272 1273
f 824 1273 1274
f 825 1274 1275
f 826 1275 1276
f 1276 1277 827
f 828 1280 1278
f 840 1278 1290
f 829 1277 1279
f 1279 1280 830
f 831 1282 1281
f 832 1283 1282
f 833 1284 1283
f 834 1285 1284
f 835 1286 1285
f 836 1287 1286
f 837 1288 1287
f 838 1289 1288
f 839 1290 1289
f 584 585 1035
f 585 583 1033
f 583 586 1036
f 586 587 1037
f 587 588 1038
f 588 589 1039
f 589 590 1040
f 590 591 1041
f 592 584 1034
f 593 592 1042
f 594 593 1043
f 595 594 1044
f 596 595 1045
f 602 596 1046
f 591 597 1047
f 597 598 1048
f 598 599 1049
f 599 600 1050
f 600 601 1051
f 603 602 1052
f 604 603 1053
f 605 604 1054
f 606 605 1055
f 610 606 1056
f 601 607 1057
f 607 609 1059
f 609 608 1058
f 611 610 1060
f 612 611 1061
f 614 612 1062
f 608 613 1063
f 613 614 1064
f 583 1036 1033
f 585 1033 1035
f 1035 1034 584
f 586 1037 1036
f 587 1038 1037
f 1039 1038 588
f 1040 1039 589
f 590 1041 1040
f 592 1034 1042
f 1043 593 1042
f 594 1043 1044
f 595 1044 1045
f 596 1045 1046
f 591 1047 1041
f 597 1048 1047
f 598 1049 1048
f 599 1050 1049
f 600 1051 1050
f 601 1057 1051
f 602 1046 1052
f 603 1052 1053
f 604 1053 1054
f 605 1054 1055
f 606 1055 1056
f 607 1059 1057
f 608 1063 1058
f 609 1058 1059
f 610 1056 1060
f 611 1060 1061
f 612 1061 1062
f 1062 1064 614
f 1064 1063 613
f 659 658 1108
f 660 661 1111
f 661 662 1112
f 662 663 1113
f 658 660 1110
f 663 664 1114
f 664 665 1115
f 665 666 1116
f 668 667 1117
f 667 659 1109
f 669 668 1118
f 670 669 1119
f 671 670 1120
f 673 671 1121
f 666 672 1122
f 674 673 1123
f 675 674 1124
f 676 675 1125
f 679 676 1126
f 698 677 1127
f 677 678 1128
f 680 679 1129
f 681 680 1130
f 682 681 1131
f 683 682 1132
f 684 683 1133
f 678 684 1134
f 672 694 1144
f 694 695 1145
f 695 696 1146
f 696 697 1147
f 697 698 1148
f 1110 1108 658
f 659 1108 1109
f 660 1111 1110
f 661 1112 1111
f 662 1113 1112
f 663 1114 1113
f 664 1115 1114
f 665 1116 1115
f 668 1117 1118
f 667 1109 1117
f 669 1118 1119
f 670 1119 1120
f 671 1120 1121
f 666 1122 1116
f 672 1144 1122
f 673 1121 1123
f 674 1123 1124
f 675 1124 1125
f 676 1125 1126
f 677 1128 1127
f 678 1134 1128
f 1126 1129 679
f 1129 1130 680
f 681 1130 1131
f 682 1131 1132
f 684 1133 1134
f 683 1132 1133
f 694 1145 1144
f 695 1146 1145
f 696 1147 1146
f 697 1148 1147
f 698 1127 1148
f 686 687 1137
f 687 688 1138
f 685 689 1139
f 689 686 1136
f 688 690 1140
f 690 691 1141
f 691 692 1142
f 692 693 1143
f 699 685 1135
f 700 699 1149
f 701 700 1150
f 702 701 1151
f 703 702 1152
f 704 703 1153
f 705 704 1154
f 706 705 1155
f 708 706 1156
f 709 708 1158
f 710 709 1159
f 711 710 1160
f 712 711 1161
f 714 712 1162
f 707 713 1163
f 713 714 1164
f 693 848 1298
f 848 849 1299
f 849 850 1300
f 850 851 1301
f 851 852 1302
f 852 853 1303
f 853 854 1304
f 854 707 1157
f 686 1137 1136
f 687 1138 1137
f 1136 1139 689
f 685 1139 1135
f 688 1140 1138
f 690 1141 1140
f 691 1142 1141
f 692 1143 1142
f 699 1135 1149
f 700 1149 1150
f 701 1150 1151
f 702 1151 1152
f 703 1152 1153
f 704 1153 1154
f 705 1154 1155
f 706 1155 1156
f 707 1163 1157
f 708 1156 1158
f 1158 1159 709
f 710 1159 1160
f 711 1160 1161
f 712 1161 1162
f 714 1162 1164
f 713 1164 1163
f 693 1298 1143
f 848 1299 1298
f 849 1300 1299
f 850 1301 1300
f 851 1302 1301
f 852 1303 1302
f 853 1304 1303
f 854 1157 1304
f 841 842 1292
f 844 843 1293
f 843 841 1291
f 842 845 1295
f 845 846 1296
f 846 847 1297
f 847 869 1319
f 855 859 1309
f 856 855 1305
f 857 856 1306
f 858 857 1307
f 860 858 1308
f 859 844 1294
f 861 860 1310
f 862 861 1311
f 863 862 1312
f 864 863 1313
f 865 864 1314
f 866 865 1315
f 867 866 1316
f 868 867 1317
f 879 868 1318
f 869 870 1320
f 870 871 1321
f 871 872 1322
f 872 873 1323
f 873 874 1324
f 874 875 1325
f 876 877 1327
f 875 876 1326
f 877 878 1328
f 878 879 1329
f 841 1292 1291
f 844 1293 1294
f 843 1291 1293
f 1295 1292 842
f 845 1296 1295
f 1297 1296 846
f 847 1319 1297
f 855 1309 1305
f 856 1305 1306
f 857 1306 1307
f 858 1307 1308
f 859 1294 1309
f 860 1308 1310
f 861 1310 1311
f 862 1311 1312
f 863 1312 1313
f 864 1313 1314
f 865 1314 1315
f 1315 1316 866
f 867 1316 1317
f 879 1318 1329
f 1317 1318 868
f 869 1320 1319
f 870 1321 1320
f 871 1322 1321
f 872 1323 1322
f 873 1324 1323
f 874 1325 1324
f 875 1326 1325
f 876 1327 1326
f 877 1328 1327
f 878 1329 1328
f 719 717 1167
f 729 718 1168
f 718 719 1169
f 721 720 1170
f 717 721 1171
f 720 722 1172
f 722 723 1173
f 723 724 1174
f 724 725 1175
f 730 729 1179
f 731 730 1180
f 732 731 1181
f 733 732 1182
f 739 733 1183
f 725 734 1184
f 734 735 1185
f 735 736 1186
f 736 737 1187
f 737 738 1188
f 738 744 1194
f 740 739 1189
f 741 740 1190
f 742 741 1191
f 743 742 1192
f 747 743 1193
f 744 745 1195
f 746 751 1201
f 745 746 1196
f 748 747 1197
f 749 748 1198
f 750 749 1199
f 751 750 1200
f 717 1171 1167
f 719 1167 1169
f 1169 1168 718
f 721 1170 1171
f 720 1172 1170
f 722 1173 1172
f 1174 1173 723
f 724 1175 1174
f 725 1184 1175
f 729 1168 1179
f 730 1179 1180
f 731 1180 1181
f 732 1181 1182
f 733 1182 1183
f 739 1183 1189
f 734 1185 1184
f 735 1186 1185
f 736 1187 1186
f 737 1188 1187
f 738 1194 1188
f 740 1189 1190
f 741 1190 1191
f 1191 1192 742
f 743 1192 1193
f 744 1195 1194
f 746 1201 1196
f 745 1196 1195
f 747 1193 1197
f 748 1197 1198
f 749 1198 1199
f 750 1199 1200
f 1200 1201 751
f 753 752 1202
f 770 753 1203
f 752 754 1204
f 754 755 1205
f 755 756 1206
f 756 757 1207
f 757 758 1208
f 758 759 1209
f 759 760 1210
f 771 770 1220
f 772 771 1221
f 773 772 1222
f 774 773 1223
f 776 774 1224
f 760 775 1225
f 777 776 1226
f 778 777 1227
f 779 778 1228
f 782 779 1229
f 792 780 1230
f 780 781 1231
f 781 787 1237
f 783 782 1232
f 784 783 1233
f 785 784 1234
f 787 786 1236
f 786 785 1235
f 775 788 1238
f 788 789 1239
f 789 790 1240
f 790 791 1241
f 791 792 1242
f 752 1204 1202
f 753 1202 1203
f 1205 1204 754
f 1206 1205 755
f 756 1207 1206
f 757 1208 1207
f 758 1209 1208
f 759 1210 1209
f 760 1225 1210
f 771 1220 1221
f 770 1203 1220
f 772 1221 1222
f 773 1222 1223
f 774 1223 1224
f 776 1224 1226
f 775 1238 1225
f 777 1226 1227
f 778 1227 1228
f 779 1228 1229
f 780 1231 1230
f 781 1237 1231
f 782 1229 1232
f 1232 1233 783
f 1233 1234 784
f 785 1234 1235
f 787 1236 1237
f 786 1235 1236
f 788 1239 1238
f 789 1240 1239
f 790 1241 1240
f 791 1242 1241
f 792 1230 1242
f 793 761 1211
f 765 762 1212
f 764 763 1213
f 762 764 1214
f 761 765 1215
f 763 766 1216
f 766 767 1217
f 767 768 1218
f 768 769 1219
f 794 793 1243
f 795 794 1244
f 796 795 1245
f 797 796 1246
f 798 797 1247
f 799 798 1248
f 800 799 1249
f 802 800 1250
f 801 808 1258
f 803 802 1252
f 804 803 1253
f 805 804 1254
f 806 805 1255
f 807 806 1256
f 808 807 1257
f 769 889 1339
f 889 890 1340
f 890 891 1341
f 891 892 1342
f 892 893 1343
f 893 894 1344
f 894 895 1345
f 895 801 1251
f 1213 1214 764
f 1214 1212 762
f 761 1215 1211
f 765 1212 1215
f 763 1216 1213
f 766 1217 1216
f 767 1218 1217
f 768 1219 1218
f 793 1211 1243
f 794 1243 1244
f 795 1244 1245
f 796 1245 1246
f 797 1246 1247
f 798 1247 1248
f 799 1248 1249
f 800 1249 1250
f 802 1250 1252
f 801 1258 1251
f 803 1252 1253
f 1253 1254 804
f 1254 1255 805
f 806 1255 1256
f 807 1256 1257
f 808 1257 1258
f 769 1339 1219
f 889 1340 1339
f 890 1341 1340
f 891 1342 1341
f 892 1343 1342
f 893 1344 1343
f 894 1345 1344
f 895 1251 1345
f 882 880 1330
f 880 881 1331
f 883 882 1332
f 900 883 1333
f 881 884 1334
f 884 885 1335
f 885 886 1336
f 886 887 1337
f 887 888 1338
f 896 900 1350
f 897 896 1346
f 898 897 1347
f 899 898 1348
f 901 899 1349
f 902 901 1351
f 903 902 1352
f 904 903 1353
f 905 904 1354
f 906 905 1355
f 907 906 1356
f 909 907 1357
f 918 908 1358
f 908 909 1359
f 888 910 1360
f 910 911 1361
f 911 912 1362
f 912 913 1363
f 913 914 1364
f 914 916 1366
f 916 915 1365
f 915 917 1367
f 917 918 1368
f 880 1331 1330
f 883 1332 1333
f 882 1330 1332
f 881 1334 1331
f 884 1335 1334
f 885 1336 1335
f 1337 1336 886
f 887 1338 1337
f 888 1360 1338
f 896 1350 1346
f 897 1346 1347
f 898 1347 1348
f 899 1348 1349
f 901 1349 1351
f 900 1333 1350
f 902 1351 1352
f 903 1352 1353
f 904 1353 1354
f 905 1354 1355
f 906 1355 1356
f 907 1356 1357
f 909 1357 1359
f 1358 1368 918
f 908 1359 1358
f 910 1361 1360
f 911 1362 1361
f 912 1363 1362
f 913 1364 1363
f 914 1366 1364
f 916 1365 1366
f 915 1367 1365
f 917 1368 1367
