# DataCat thin soft-front enclosure Rev H; coordinates in millimetres
mtllib rounded_enclosure.mtl
o 01_front_fascia
usemtl 01_front_fascia
v -53.030888 -87.948311 68.000000
v -55.330219 -82.397224 68.000000
v -55.731457 -80.947342 68.000000
v -54.858322 -83.825676 68.000000
v -53.707272 -86.604561 68.000000
v -54.316910 -85.229248 68.000000
v -52.794331 -81.627968 68.000000
v -48.710152 -94.083282 68.000000
v -47.672821 -95.172821 68.000000
v -46.583282 -96.210152 68.000000
v -45.444153 -97.192772 68.000000
v -52.289383 -89.257248 68.000000
v -51.484543 -90.528229 68.000000
v -49.692772 -92.944153 68.000000
v -50.618309 -91.758186 68.000000
v -50.016399 -87.894875 68.000000
v -49.281151 -89.055969 68.000000
v -51.868626 -84.215134 68.000000
v -50.693794 -86.699112 68.000000
v -51.311699 -85.471542 68.000000
v -52.363235 -82.932915 68.000000
v -47.644291 -91.263016 68.000000
v -48.489811 -90.179581 68.000000
v -46.746632 -92.303650 68.000000
v -45.798988 -93.298988 68.000000
v -56.318260 -77.997292 68.000000
v -56.502415 -76.504227 68.000000
v -56.613083 -75.003922 68.000000
v -56.650002 -73.500000 68.000000
v -56.061069 -79.479515 68.000000
v -53.461987 -78.962532 68.000000
v -53.696941 -77.608452 68.000000
v -53.160873 -80.303444 68.000000
v -53.865170 -76.244476 68.000000
v -53.966270 -74.873894 68.000000
v -54.000000 -73.500000 68.000000
v -51.674183 -60.498402 68.000000
v -51.096954 -61.362286 68.000000
v -51.406788 -60.944527 68.000000
v -50.747665 -61.747665 68.000000
v -49.944523 -62.406792 68.000000
v -50.362286 -62.096954 68.000000
v -49.498402 -62.674183 68.000000
v -49.028221 -62.896564 68.000000
v -52.071785 -59.538509 68.000000
v -52.198162 -59.033978 68.000000
v -51.896561 -60.028225 68.000000
v -52.274479 -58.519489 68.000000
v -52.299999 -58.000000 68.000000
v -52.274479 -57.480511 68.000000
v -52.198162 -56.966022 68.000000
v -52.071785 -56.461491 68.000000
v -51.896561 -55.971775 68.000000
v -51.674183 -55.501598 68.000000
v -51.406788 -55.055473 68.000000
v -51.096954 -54.637714 68.000000
v -50.747665 -54.252335 68.000000
v -50.349998 -58.000000 68.000000
v -50.362286 -53.903046 68.000000
v -48.538509 -63.071781 68.000000
v -48.033978 -63.198162 68.000000
v -48.674999 -60.901184 68.000000
v -47.519489 -63.274475 68.000000
v -47.000000 -63.299999 68.000000
v -46.480511 -63.274475 68.000000
v -45.966022 -63.198162 68.000000
v -45.461491 -63.071781 68.000000
v -45.325001 -60.901184 68.000000
v -48.674999 -55.098816 68.000000
v -45.325001 -55.098816 68.000000
v -44.258183 -98.118309 68.000000
v -44.803650 -94.246628 68.000000
v -43.763012 -95.144295 68.000000
v -43.028229 -98.984543 68.000000
v -41.757248 -99.789383 68.000000
v -42.679581 -95.989807 68.000000
v -41.555965 -96.781151 68.000000
v -39.104565 -101.207275 68.000000
v -37.729248 -101.816910 68.000000
v -40.448311 -100.530884 68.000000
v -40.394878 -97.516403 68.000000
v -39.199108 -98.193794 68.000000
v -37.971542 -98.811699 68.000000
v -36.325672 -102.358322 68.000000
v -34.897224 -102.830223 68.000000
v -36.715137 -99.368629 68.000000
v -35.432915 -99.863235 68.000000
v -34.127972 -100.294327 68.000000
v -33.447342 -103.231461 68.000000
v -31.979521 -103.561066 68.000000
v -31.462528 -100.961990 68.000000
v -30.497290 -103.818260 68.000000
v -30.108454 -101.196945 68.000000
v -32.803444 -100.660873 68.000000
v -44.971779 -62.896564 68.000000
v -44.501598 -62.674183 68.000000
v -44.055477 -62.406792 68.000000
v -43.637714 -62.096954 68.000000
v -43.252335 -61.747665 68.000000
v -42.903046 -61.362286 68.000000
v -42.593212 -60.944527 68.000000
v -42.325817 -60.498402 68.000000
v -43.650002 -58.000000 68.000000
v -43.637714 -53.903046 68.000000
v -43.252335 -54.252335 68.000000
v -42.103439 -60.028225 68.000000
v -41.928215 -59.538509 68.000000
v -41.801838 -59.033978 68.000000
v -41.725521 -58.519489 68.000000
v -41.725521 -57.480511 68.000000
v -41.700001 -58.000000 68.000000
v -42.325817 -55.501598 68.000000
v -42.903046 -54.637714 68.000000
v -42.593212 -55.055473 68.000000
v -41.801838 -56.966022 68.000000
v -41.928215 -56.461491 68.000000
v -42.103439 -55.971775 68.000000
v -56.735634 -88.036873 71.000000
v -58.535973 -83.369682 71.000000
v -58.981064 -81.761330 71.000000
v -57.411903 -86.511238 71.000000
v -58.012501 -84.954254 71.000000
v -55.162769 -90.979492 71.000000
v -55.985325 -89.527489 71.000000
v -54.269966 -92.389389 71.000000
v -53.309055 -93.753777 71.000000
v -53.030888 -87.948311 71.000000
v -55.330219 -82.397224 71.000000
v -55.731457 -80.947342 71.000000
v -54.858322 -83.825676 71.000000
v -53.707272 -86.604561 71.000000
v -54.316910 -85.229248 71.000000
v -52.794331 -81.627968 71.000000
v -52.282356 -95.069374 71.000000
v -51.192337 -96.333008 71.000000
v -50.041630 -97.541634 71.000000
v -48.833004 -98.692337 71.000000
v -46.253777 -100.809059 71.000000
v -47.569370 -99.782356 71.000000
v -48.710152 -94.083282 71.000000
v -47.672821 -95.172821 71.000000
v -46.583282 -96.210152 71.000000
v -45.444153 -97.192772 71.000000
v -52.289383 -89.257248 71.000000
v -51.484543 -90.528229 71.000000
v -49.692772 -92.944153 71.000000
v -50.618309 -91.758186 71.000000
v -50.016399 -87.894875 71.000000
v -49.281151 -89.055969 71.000000
v -51.868626 -84.215134 71.000000
v -50.693794 -86.699112 71.000000
v -51.311699 -85.471542 71.000000
v -52.363235 -82.932915 71.000000
v -47.644291 -91.263016 71.000000
v -48.489811 -90.179581 71.000000
v -46.746632 -92.303650 71.000000
v -45.798988 -93.298988 71.000000
v -45.276981 -87.796783 71.000000
v -47.166111 -84.813522 71.000000
v -48.173107 -82.684402 71.000000
v -48.597057 -81.585358 71.000000
v -47.695744 -83.761322 71.000000
v -46.585487 -85.838463 71.000000
v -45.955269 -86.833687 71.000000
v -56.648575 -87.995697 71.588104
v -58.443813 -83.341721 71.588104
v -58.887642 -81.737923 71.588104
v -57.322929 -86.474380 71.588104
v -57.921825 -84.921814 71.588104
v -55.080173 -90.929985 71.588104
v -55.900391 -89.482094 71.588104
v -54.189896 -92.335884 71.588104
v -53.231701 -93.696404 71.588104
v -56.388237 -87.872566 72.170544
v -58.168224 -83.258125 72.170544
v -58.608280 -81.667953 72.170544
v -57.650669 -84.824791 72.170544
v -57.056866 -86.364174 72.170544
v -54.833153 -90.781929 72.170544
v -55.646408 -89.346336 72.170544
v -53.950439 -92.175888 72.170544
v -53.000389 -93.524849 72.170544
v -52.207909 -95.008278 71.588104
v -51.120979 -96.268333 71.588104
v -49.973534 -97.473534 71.588104
v -48.768330 -98.620979 71.588104
v -47.508278 -99.707909 71.588104
v -46.196407 -100.731705 71.588104
v -51.985291 -94.825577 72.170544
v -50.907597 -96.074928 72.170544
v -49.769894 -97.269890 72.170544
v -48.574928 -98.407593 72.170544
v -47.325577 -99.485291 72.170544
v -46.024853 -100.500389 72.170544
v -59.346703 -80.133072 71.000000
v -59.632000 -78.488838 71.000000
v -59.836281 -76.832581 71.000000
v -59.959045 -75.168304 71.000000
v -56.318260 -77.997292 71.000000
v -56.502415 -76.504227 71.000000
v -56.613083 -75.003922 71.000000
v -60.000000 -73.500000 71.000000
v -56.650002 -73.500000 71.000000
v -56.061069 -79.479515 71.000000
v -53.461987 -78.962532 71.000000
v -53.696941 -77.608452 71.000000
v -53.160873 -80.303444 71.000000
v -53.865170 -76.244476 71.000000
v -53.966270 -74.873894 71.000000
v -54.000000 -73.500000 71.000000
v -49.280750 -79.331528 71.000000
v -48.966568 -80.466835 71.000000
v -49.538845 -78.182167 71.000000
v -49.740234 -77.021530 71.000000
v -49.884434 -75.852409 71.000000
v -49.971092 -74.677628 71.000000
v -50.000000 -73.500000 71.000000
v -51.674183 -60.498402 71.000000
v -51.096954 -61.362286 71.000000
v -51.406788 -60.944527 71.000000
v -50.747665 -61.747665 71.000000
v -50.000000 -62.365646 71.000000
v -50.362286 -62.096954 71.000000
v -52.071785 -59.538509 71.000000
v -52.198162 -59.033978 71.000000
v -51.896561 -60.028225 71.000000
v -52.274479 -58.519489 71.000000
v -52.299999 -58.000000 71.000000
v -52.274479 -57.480511 71.000000
v -52.198162 -56.966022 71.000000
v -52.071785 -56.461491 71.000000
v -51.896561 -55.971775 71.000000
v -51.674183 -55.501598 71.000000
v -51.406788 -55.055473 71.000000
v -51.096954 -54.637714 71.000000
v -50.747665 -54.252335 71.000000
v -50.362286 -53.903046 71.000000
v -59.252243 -80.114281 71.588104
v -59.536743 -78.474709 71.588104
v -59.740440 -76.823143 71.588104
v -59.862862 -75.163574 71.588104
v -59.903694 -73.500000 71.588104
v -59.251865 -78.432449 72.170544
v -58.969784 -80.058098 72.170544
v -59.453838 -76.794914 72.170544
v -59.575214 -75.149445 72.170544
v -59.615707 -73.500000 72.170544
v -50.349998 -58.000000 71.500000
v -48.674999 -60.901184 71.500000
v -45.325001 -60.901184 71.500000
v -48.499268 -58.801376 71.500000
v -48.413498 -58.944466 71.500000
v -48.314117 -59.078472 71.500000
v -48.078468 -59.314117 71.500000
v -48.202080 -59.202080 71.500000
v -47.944469 -59.413498 71.500000
v -48.570595 -58.650558 71.500000
v -48.626797 -58.493484 71.500000
v -48.691814 -58.166630 71.500000
v -48.667336 -58.331654 71.500000
v -48.700001 -58.000000 71.500000
v -48.691814 -57.833370 71.500000
v -48.667336 -57.668346 71.500000
v -48.626797 -57.506516 71.500000
v -48.570595 -57.349442 71.500000
v -48.499268 -57.198624 71.500000
v -47.801376 -59.499271 71.500000
v -47.650562 -59.570591 71.500000
v -47.493484 -59.626797 71.500000
v -47.331654 -59.667336 71.500000
v -47.166630 -59.691814 71.500000
v -47.000000 -59.700001 71.500000
v -48.413498 -57.055534 71.500000
v -48.314117 -56.921528 71.500000
v -48.202080 -56.797920 71.500000
v -48.078468 -56.685883 71.500000
v -47.944469 -56.586502 71.500000
v -48.674999 -55.098816 71.500000
v -47.801376 -56.500729 71.500000
v -47.650562 -56.429409 71.500000
v -47.493484 -56.373203 71.500000
v -47.331654 -56.332664 71.500000
v -47.166630 -56.308186 71.500000
v -47.000000 -56.299999 71.500000
v -46.833370 -59.691814 71.500000
v -46.668346 -59.667336 71.500000
v -46.506516 -59.626797 71.500000
v -46.349438 -59.570591 71.500000
v -46.198624 -59.499271 71.500000
v -46.055531 -59.413498 71.500000
v -45.921532 -59.314117 71.500000
v -45.797920 -59.202080 71.500000
v -45.685883 -59.078472 71.500000
v -45.586502 -58.944466 71.500000
v -45.500732 -58.801376 71.500000
v -45.500732 -57.198624 71.500000
v -45.429405 -58.650558 71.500000
v -45.373203 -58.493484 71.500000
v -45.332664 -58.331654 71.500000
v -45.308186 -58.166630 71.500000
v -45.299999 -58.000000 71.500000
v -45.308186 -57.833370 71.500000
v -45.332664 -57.668346 71.500000
v -45.429405 -57.349442 71.500000
v -45.373203 -57.506516 71.500000
v -46.833370 -56.308186 71.500000
v -46.668346 -56.332664 71.500000
v -46.506516 -56.373203 71.500000
v -46.349438 -56.429409 71.500000
v -46.198624 -56.500729 71.500000
v -46.055531 -56.586502 71.500000
v -45.797920 -56.797920 71.500000
v -45.921532 -56.685883 71.500000
v -45.685883 -56.921528 71.500000
v -45.586502 -57.055534 71.500000
v -45.325001 -55.098816 71.500000
v -44.889389 -101.769966 71.000000
v -43.479492 -102.662773 71.000000
v -42.027489 -103.485321 71.000000
v -44.258183 -98.118309 71.000000
v -44.803650 -94.246628 71.000000
v -43.763012 -95.144295 71.000000
v -43.028229 -98.984543 71.000000
v -41.757248 -99.789383 71.000000
v -42.679581 -95.989807 71.000000
v -41.555965 -96.781151 71.000000
v -40.536873 -104.235634 71.000000
v -39.011238 -104.911903 71.000000
v -39.104565 -101.207275 71.000000
v -37.729248 -101.816910 71.000000
v -40.448311 -100.530884 71.000000
v -40.394878 -97.516403 71.000000
v -39.199108 -98.193794 71.000000
v -37.971542 -98.811699 71.000000
v -38.338467 -94.085487 71.000000
v -44.552250 -88.725441 71.000000
v -43.782825 -89.617416 71.000000
v -42.117416 -91.282829 71.000000
v -42.970562 -90.470566 71.000000
v -41.225437 -92.052254 71.000000
v -40.296783 -92.776978 71.000000
v -39.333687 -93.455269 71.000000
v -37.454254 -105.512497 71.000000
v -35.869678 -106.035973 71.000000
v -36.325672 -102.358322 71.000000
v -34.261326 -106.481064 71.000000
v -34.897224 -102.830223 71.000000
v -36.715137 -99.368629 71.000000
v -37.313522 -94.666107 71.000000
v -36.261322 -95.195740 71.000000
v -35.432915 -99.863235 71.000000
v -34.127972 -100.294327 71.000000
v -35.184402 -95.673111 71.000000
v -34.085358 -96.097061 71.000000
v -32.633072 -106.846703 71.000000
v -33.447342 -103.231461 71.000000
v -31.979521 -103.561066 71.000000
v -30.988834 -107.132004 71.000000
v -31.462528 -100.961990 71.000000
v -30.497290 -103.818260 71.000000
v -30.108454 -101.196945 71.000000
v -32.803444 -100.660873 71.000000
v -32.966831 -96.466568 71.000000
v -31.831524 -96.780746 71.000000
v -30.682167 -97.038849 71.000000
v -44.835884 -101.689888 71.588104
v -43.429981 -102.580170 71.588104
v -41.982090 -103.400391 71.588104
v -40.495697 -104.148575 71.588104
v -38.974380 -104.822929 71.588104
v -44.675884 -101.450439 72.170544
v -43.281925 -102.333153 72.170544
v -41.846333 -103.146408 72.170544
v -40.372566 -103.888237 72.170544
v -38.864174 -104.556862 72.170544
v -37.421810 -105.421822 71.588104
v -35.841724 -105.943810 71.588104
v -34.237926 -106.387642 71.588104
v -32.614285 -106.752243 71.588104
v -30.974705 -107.036736 71.588104
v -37.324791 -105.150665 72.170544
v -35.758125 -105.668228 72.170544
v -34.167950 -106.108284 72.170544
v -32.558098 -106.469788 72.170544
v -30.932447 -106.751869 72.170544
v -43.650002 -58.000000 71.500000
v -49.944523 -53.593212 68.000000
v -49.498402 -53.325817 68.000000
v -49.028221 -53.103439 68.000000
v -48.538509 -52.928215 68.000000
v -48.033978 -52.801838 68.000000
v -47.519489 -52.725521 68.000000
v -47.000000 -52.700001 68.000000
v -46.480511 -52.725521 68.000000
v -45.966022 -52.801838 68.000000
v -45.461491 -52.928215 68.000000
v -44.971779 -53.103439 68.000000
v -44.501598 -53.325817 68.000000
v -44.055477 -53.593212 68.000000
v -50.000000 -53.634357 71.000000
v -29.004225 -104.002411 68.000000
v -28.744480 -101.365173 68.000000
v -27.503923 -104.113083 68.000000
v -27.373894 -101.466270 68.000000
v -26.000000 -104.150002 68.000000
v -26.000000 -101.500000 68.000000
v -29.332582 -107.336281 71.000000
v -29.004225 -104.002411 71.000000
v -28.744480 -101.365173 71.000000
v -27.668301 -107.459045 71.000000
v -27.503923 -104.113083 71.000000
v -27.373894 -101.466270 71.000000
v -29.521532 -97.240234 71.000000
v -28.352413 -97.384430 71.000000
v -27.177622 -97.471092 71.000000
v -26.000000 -107.500008 71.000000
v -26.000000 -104.150002 71.000000
v -26.000000 -101.500000 71.000000
v -26.000000 -97.500000 71.000000
v -29.323143 -107.240440 71.588104
v -27.663578 -107.362854 71.588104
v -26.000000 -107.403702 71.588104
v -29.294916 -106.953835 72.170544
v -27.649443 -107.075211 72.170544
v -26.000000 -107.115707 72.170544
v -58.145676 -81.552071 72.741707
v -57.201645 -84.664131 72.741707
v -56.616261 -86.181671 72.741707
v -57.711861 -83.119690 72.741707
v -55.957127 -87.668663 72.741707
v -55.225819 -89.121529 72.741707
v -54.424103 -90.536751 72.741707
v -53.553909 -91.910934 72.741707
v -52.617340 -93.240761 72.741707
v -56.579086 -84.441368 73.296101
v -57.504276 -81.391411 73.296101
v -57.079117 -82.927750 73.296101
v -55.359390 -87.385956 73.296101
v -54.642673 -88.809830 73.296101
v -53.004131 -91.543579 73.296101
v -53.856960 -90.196815 73.296101
v -56.005383 -85.928635 73.296101
v -51.616646 -94.523033 72.741707
v -50.554237 -95.754662 72.741707
v -49.432674 -96.932678 72.741707
v -48.254662 -98.054237 72.741707
v -47.023037 -99.116646 72.741707
v -45.740765 -100.117340 72.741707
v -51.105518 -94.103569 73.296101
v -50.064308 -95.310616 73.296101
v -48.965126 -96.465126 73.296101
v -47.810616 -97.564308 73.296101
v -46.603565 -98.605515 73.296101
v -45.346878 -99.586243 73.296101
v -52.086246 -92.846878 73.296101
v -56.276085 -82.684151 73.828381
v -56.690258 -81.187508 73.828381
v -53.902599 -88.414253 73.828381
v -53.137184 -89.765404 73.828381
v -55.788971 -84.158661 73.828381
v -54.600800 -87.027168 73.828381
v -55.230091 -85.607498 73.828381
v -53.012711 -87.938599 74.333420
v -55.711468 -80.942337 74.333420
v -55.310501 -82.391243 74.333420
v -54.838917 -83.818733 74.333420
v -53.688648 -86.595749 74.333420
v -54.297871 -85.221359 74.333420
v -49.442528 -94.747070 73.828381
v -48.371746 -95.871742 73.828381
v -47.247066 -96.942528 73.828381
v -46.071205 -97.956833 73.828381
v -48.694881 -94.069443 74.333420
v -47.658253 -95.158249 74.333420
v -46.569443 -96.194885 74.333420
v -45.431080 -97.176842 74.333420
v -52.306389 -91.077370 73.828381
v -51.412220 -92.346985 73.828381
v -50.456833 -93.571205 73.828381
v -45.276981 -87.796783 74.000000
v -47.166111 -84.813522 74.000000
v -48.173107 -82.684402 74.000000
v -48.597057 -81.585358 74.000000
v -47.695744 -83.761322 74.000000
v -46.585487 -85.838463 74.000000
v -45.955269 -86.833687 74.000000
v -52.271706 -89.246658 74.333420
v -51.467407 -90.516777 74.333420
v -50.601757 -91.745911 74.333420
v -49.676842 -92.931084 74.333420
v -58.502056 -79.965057 72.741707
v -58.780128 -78.362473 72.741707
v -59.098885 -75.126045 72.741707
v -58.979233 -76.748169 72.741707
v -59.138802 -73.500000 72.741707
v -58.126068 -78.265450 73.296101
v -58.321201 -76.683357 73.296101
v -58.438469 -75.093597 73.296101
v -57.853542 -79.836067 73.296101
v -58.477592 -73.500000 73.296101
v -49.944523 -62.406792 73.000000
v -50.000000 -62.365646 73.000000
v -49.498402 -62.674183 73.000000
v -49.028221 -62.896564 73.000000
v -48.538509 -63.071781 73.000000
v -48.033978 -63.198162 73.000000
v -47.519489 -63.274475 73.000000
v -47.000000 -63.299999 73.000000
v -46.480511 -63.274475 73.000000
v -45.966022 -63.198162 73.000000
v -45.461491 -63.071781 73.000000
v -48.413498 -58.944466 73.000000
v -48.499268 -58.801376 73.000000
v -48.314117 -59.078472 73.000000
v -48.078468 -59.314117 73.000000
v -48.202080 -59.202080 73.000000
v -47.944469 -59.413498 73.000000
v -48.570595 -58.650558 73.000000
v -48.626797 -58.493484 73.000000
v -48.667336 -58.331654 73.000000
v -48.691814 -58.166630 73.000000
v -48.700001 -58.000000 73.000000
v -48.691814 -57.833370 73.000000
v -48.667336 -57.668346 73.000000
v -48.626797 -57.506516 73.000000
v -48.570595 -57.349442 73.000000
v -48.499268 -57.198624 73.000000
v -47.801376 -59.499271 73.000000
v -47.650562 -59.570591 73.000000
v -47.493484 -59.626797 73.000000
v -47.331654 -59.667336 73.000000
v -47.166630 -59.691814 73.000000
v -47.000000 -59.700001 73.000000
v -48.413498 -57.055534 73.000000
v -48.314117 -56.921528 73.000000
v -48.202080 -56.797920 73.000000
v -48.078468 -56.685883 73.000000
v -47.944469 -56.586502 73.000000
v -47.801376 -56.500729 73.000000
v -47.650562 -56.429409 73.000000
v -47.493484 -56.373203 73.000000
v -47.331654 -56.332664 73.000000
v -47.166630 -56.308186 73.000000
v -47.000000 -56.299999 73.000000
v -46.833370 -59.691814 73.000000
v -46.668346 -59.667336 73.000000
v -46.506516 -59.626797 73.000000
v -46.349438 -59.570591 73.000000
v -46.198624 -59.499271 73.000000
v -46.055531 -59.413498 73.000000
v -45.921532 -59.314117 73.000000
v -45.797920 -59.202080 73.000000
v -45.685883 -59.078472 73.000000
v -45.586502 -58.944466 73.000000
v -45.500732 -58.801376 73.000000
v -45.500732 -57.198624 73.000000
v -45.429405 -58.650558 73.000000
v -45.373203 -58.493484 73.000000
v -45.332664 -58.331654 73.000000
v -45.308186 -58.166630 73.000000
v -45.299999 -58.000000 73.000000
v -45.308186 -57.833370 73.000000
v -45.332664 -57.668346 73.000000
v -45.373203 -57.506516 73.000000
v -45.429405 -57.349442 73.000000
v -46.833370 -56.308186 73.000000
v -46.668346 -56.332664 73.000000
v -46.506516 -56.373203 73.000000
v -46.349438 -56.429409 73.000000
v -46.198624 -56.500729 73.000000
v -46.055531 -56.586502 73.000000
v -45.797920 -56.797920 73.000000
v -45.921532 -56.685883 73.000000
v -45.685883 -56.921528 73.000000
v -45.586502 -57.055534 73.000000
v -57.295986 -78.142319 73.828381
v -57.030502 -79.672348 73.828381
v -57.486073 -76.601105 73.828381
v -57.600315 -75.052422 73.828381
v -57.638424 -73.500000 73.828381
v -56.297874 -77.994263 74.333420
v -56.481899 -76.502205 74.333420
v -56.592499 -75.002914 74.333420
v -56.629387 -73.500000 74.333420
v -56.040859 -79.475494 74.333420
v -49.280750 -79.331528 74.000000
v -48.966568 -80.466835 74.000000
v -49.538845 -78.182167 74.000000
v -49.740234 -77.021530 74.000000
v -49.884434 -75.852409 74.000000
v -49.971092 -74.677628 74.000000
v -50.000000 -73.500000 74.000000
v -44.410934 -101.053909 72.741707
v -43.036751 -101.924103 72.741707
v -41.621525 -102.725815 72.741707
v -40.168667 -103.457123 72.741707
v -38.681671 -104.116264 72.741707
v -42.696819 -101.356956 73.296101
v -41.309830 -102.142677 73.296101
v -44.043583 -100.504128 73.296101
v -39.885960 -102.859398 73.296101
v -38.428635 -103.505379 73.296101
v -37.164127 -104.701645 72.741707
v -35.619686 -105.211861 72.741707
v -34.052074 -105.645676 72.741707
v -32.465061 -106.002052 72.741707
v -30.862474 -106.280128 72.741707
v -36.941372 -104.079086 73.296101
v -35.427746 -104.579117 73.296101
v -33.891411 -105.004280 73.296101
v -32.336063 -105.353546 73.296101
v -30.765453 -105.626068 73.296101
v -44.846989 -98.912224 73.828381
v -43.577366 -99.806389 73.828381
v -42.265400 -100.637184 73.828381
v -40.914249 -101.402603 73.828381
v -39.527168 -102.100800 73.828381
v -38.107502 -102.730095 73.828381
v -38.338467 -94.085487 74.000000
v -44.245907 -98.101761 74.333420
v -43.016777 -98.967407 74.333420
v -41.746655 -99.771706 74.333420
v -39.095753 -101.188644 74.333420
v -37.721359 -101.797867 74.333420
v -40.438595 -100.512711 74.333420
v -44.552250 -88.725441 74.000000
v -43.782825 -89.617416 74.000000
v -42.117416 -91.282829 74.000000
v -42.970562 -90.470566 74.000000
v -41.225437 -92.052254 74.000000
v -40.296783 -92.776978 74.000000
v -39.333687 -93.455269 74.000000
v -36.658665 -103.288971 73.828381
v -35.184151 -103.776085 73.828381
v -37.313522 -94.666107 74.000000
v -36.261322 -95.195740 74.000000
v -35.184402 -95.673111 74.000000
v -34.085358 -96.097061 74.000000
v -33.687511 -104.190262 73.828381
v -32.172352 -104.530502 73.828381
v -30.642321 -104.795990 73.828381
v -32.966831 -96.466568 74.000000
v -31.831524 -96.780746 74.000000
v -30.682167 -97.038849 74.000000
v -36.318733 -102.338921 74.333420
v -34.891243 -102.810501 74.333420
v -33.442337 -103.211472 74.333420
v -31.975498 -103.540855 74.333420
v -30.494267 -103.797874 74.333420
v -44.971779 -62.896564 73.000000
v -44.501598 -62.674183 73.000000
v -44.055477 -62.406792 73.000000
v -43.637714 -62.096954 73.000000
v -43.252335 -61.747665 73.000000
v -42.903046 -61.362286 73.000000
v -42.593212 -60.944527 73.000000
v -42.325817 -60.498402 73.000000
v -43.637714 -53.903046 73.000000
v -43.252335 -54.252335 73.000000
v -42.103439 -60.028225 73.000000
v -41.928215 -59.538509 73.000000
v -41.801838 -59.033978 73.000000
v -41.725521 -58.519489 73.000000
v -41.725521 -57.480511 73.000000
v -41.700001 -58.000000 73.000000
v -42.325817 -55.501598 73.000000
v -42.903046 -54.637714 73.000000
v -42.593212 -55.055473 73.000000
v -41.801838 -56.966022 73.000000
v -41.928215 -56.461491 73.000000
v -42.103439 -55.971775 73.000000
v -30.110756 -72.798843 74.000000
v -30.150000 -72.000000 74.000000
v -30.110756 -71.201157 74.000000
v -54.577324 -80.658249 74.806358
v -52.631714 -86.095863 74.806358
v -53.217686 -84.773933 74.806358
v -53.738087 -83.424843 74.806358
v -54.191662 -82.051849 74.806358
v -52.930344 -81.669228 75.242641
v -46.831512 -94.331512 74.806358
v -45.784267 -95.328575 74.806358
v -51.981586 -87.387444 74.806358
v -51.268864 -88.645576 74.806358
v -49.662663 -91.049423 74.806358
v -48.773048 -92.189362 74.806358
v -50.495270 -89.867218 74.806358
v -50.138313 -87.967949 75.242641
v -49.399330 -89.134933 75.242641
v -51.999943 -84.269531 75.242641
v -50.819149 -86.766113 75.242641
v -51.440189 -85.532310 75.242641
v -52.497063 -82.980797 75.242641
v -47.828575 -93.284264 74.806358
v -47.754166 -91.353180 75.242641
v -48.603973 -90.264252 75.242641
v -46.851948 -92.399101 75.242641
v -45.899494 -93.399498 75.242641
v -51.127800 -82.490868 75.638062
v -50.656372 -83.713005 75.638062
v -51.538696 -81.247078 75.638062
v -50.125546 -84.910530 75.638062
v -49.536594 -86.080574 75.638062
v -48.890945 -87.220306 75.638062
v -48.190151 -88.326981 75.638062
v -47.435894 -89.397942 75.638062
v -45.774403 -91.422478 75.638062
v -46.629997 -90.430603 75.638062
v -50.030117 -80.789459 75.988819
v -49.199913 -83.109718 75.988819
v -49.643494 -81.959778 75.988819
v -46.879372 -87.451149 75.988819
v -46.169670 -88.458847 75.988819
v -45.411377 -89.430504 75.988819
v -48.700439 -84.236511 75.988819
v -48.146282 -85.337433 75.988819
v -47.538769 -86.409843 75.988819
v -48.058434 -81.392632 76.291527
v -47.644588 -82.465485 76.291527
v -47.178600 -83.516731 76.291527
v -46.661594 -84.543854 76.291527
v -46.094810 -85.544365 76.291527
v -45.479614 -86.515862 76.291527
v -46.005383 -81.786499 76.543278
v -46.387882 -80.794899 76.543278
v -45.574684 -82.758133 76.543278
v -45.096832 -83.707466 76.543278
v -54.894138 -79.247398 74.806358
v -55.141342 -77.822708 74.806358
v -55.318348 -76.387604 74.806358
v -55.424725 -74.945541 74.806358
v -53.601391 -78.990257 75.242641
v -53.837543 -77.629311 75.242641
v -53.298752 -80.337982 75.242641
v -54.006622 -76.258415 75.242641
v -54.108238 -74.880867 75.242641
v -55.460213 -73.500000 74.806358
v -54.142139 -73.500000 75.242641
v -52.559357 -76.115868 75.638062
v -52.655720 -74.809509 75.638062
v -52.687866 -73.500000 75.638062
v -51.888065 -79.984619 75.638062
v -52.175064 -78.706543 75.638062
v -52.399010 -77.415924 75.638062
v -50.628895 -78.398994 75.988819
v -50.839611 -77.184608 75.988819
v -50.990486 -75.961349 75.988819
v -51.081158 -74.732155 75.988819
v -50.358849 -79.601570 75.988819
v -48.977772 -78.070564 76.291527
v -49.315125 -75.796341 76.291527
v -49.174362 -76.937592 76.291527
v -49.399715 -74.649551 76.291527
v -51.111404 -73.500000 75.988819
v -49.427937 -73.500000 76.291527
v -48.419136 -80.300774 76.291527
v -48.725830 -79.192520 76.291527
v -47.004734 -78.761414 76.543278
v -47.237598 -77.724419 76.543278
v -47.419300 -76.677254 76.543278
v -47.549400 -75.622429 76.543278
v -47.627586 -74.562492 76.543278
v -46.721268 -79.785728 76.543278
v -45.212143 -78.312393 76.741642
v -45.425133 -77.363899 76.741642
v -45.591328 -76.406097 76.741642
v -45.710323 -75.441299 76.741642
v -45.781837 -74.471817 76.741642
v -47.653667 -73.500000 76.543278
v -45.805695 -73.500000 76.741642
v -44.689358 -96.273048 74.806358
v -43.549427 -97.162659 74.806358
v -42.367214 -97.995270 74.806358
v -44.899105 -94.351944 75.242641
v -43.853184 -95.254166 75.242641
v -42.764252 -96.103973 75.242641
v -41.634933 -96.899330 75.242641
v -41.145573 -98.768867 74.806358
v -39.887447 -99.481583 74.806358
v -38.595863 -100.131714 74.806358
v -40.467949 -97.638313 75.242641
v -39.266109 -98.319145 75.242641
v -38.032314 -98.940186 75.242641
v -42.930603 -94.129997 75.638062
v -41.897942 -94.935898 75.638062
v -40.826984 -95.690147 75.638062
v -39.720306 -96.390945 75.638062
v -38.580574 -97.036598 75.638062
v -44.871170 -92.371170 75.638062
v -43.922474 -93.274406 75.638062
v -35.924847 -101.238083 74.806358
v -34.551846 -101.691666 74.806358
v -37.273933 -100.717682 74.806358
v -36.769527 -99.499947 75.242641
v -35.480801 -99.997063 75.242641
v -34.169231 -100.430344 75.242641
v -33.158245 -102.077324 74.806358
v -31.747402 -102.394142 74.806358
v -30.322710 -102.641350 74.806358
v -32.837982 -100.798752 75.242641
v -31.490259 -101.101395 75.242641
v -30.129309 -101.337540 75.242641
v -37.410534 -97.625542 75.638062
v -36.213005 -98.156372 75.638062
v -34.990871 -98.627800 75.638062
v -33.747078 -99.038696 75.638062
v -32.484623 -99.388062 75.638062
v -31.206545 -99.675064 75.638062
v -34.813084 -81.049797 75.599998
v -33.909580 -81.754898 75.599998
v -32.972565 -82.414818 75.599998
v -32.004299 -83.027962 75.599998
v -31.007114 -83.592865 75.599998
v -39.951149 -94.379372 75.988819
v -38.909843 -95.038773 75.988819
v -37.837433 -95.646278 75.988819
v -43.756443 -91.256447 75.988819
v -44.606323 -90.363792 75.988819
v -42.863789 -92.106323 75.988819
v -41.930508 -92.911377 75.988819
v -44.817493 -87.456001 76.291527
v -44.110039 -88.362526 76.291527
v -43.358955 -89.233238 76.291527
v -41.733238 -90.858955 76.291527
v -42.566051 -90.066055 76.291527
v -40.958847 -93.669670 75.988819
v -40.862526 -91.610039 76.291527
v -39.956005 -92.317497 76.291527
v -39.015862 -92.979614 76.291527
v -38.044365 -93.594810 76.291527
v -42.044312 -88.041718 76.543278
v -41.311455 -88.811455 76.543278
v -44.572971 -84.632210 76.543278
v -43.392391 -86.399078 76.543278
v -44.004368 -85.530136 76.543278
v -42.738514 -87.236938 76.543278
v -44.298077 -81.079308 76.741642
v -43.467064 -82.836342 76.741642
v -43.904137 -81.968025 76.741642
v -42.467831 -84.503456 76.741642
v -41.310009 -86.064598 76.741642
v -41.908081 -85.298241 76.741642
v -42.987911 -83.682159 76.741642
v -41.354893 -82.703369 76.884712
v -41.787983 -81.938850 76.884712
v -42.183041 -81.154007 76.884712
v -40.541714 -89.544312 76.543278
v -39.736942 -90.238510 76.543278
v -38.899075 -90.892387 76.543278
v -38.030132 -91.504364 76.543278
v -40.004742 -87.504738 76.741642
v -39.300690 -88.175049 76.741642
v -38.564598 -88.810005 76.741642
v -37.798237 -89.408081 76.741642
v -40.675053 -86.800690 76.741642
v -40.378864 -84.164093 76.884712
v -39.838284 -84.856789 76.884712
v -40.884808 -83.445709 76.884712
v -40.075768 -81.023651 76.971107
v -39.689644 -81.705254 76.971107
v -38.658489 -86.158485 76.884712
v -39.264362 -85.522118 76.884712
v -38.022118 -86.764366 76.884712
v -37.825832 -84.218307 76.971107
v -39.270538 -82.367088 76.971107
v -38.819469 -83.007568 76.971107
v -38.337513 -83.625137 76.971107
v -38.008202 -80.697441 77.000000
v -37.640575 -81.277985 77.000000
v -36.736507 -96.200439 75.988819
v -35.609718 -96.699913 75.988819
v -34.459778 -97.143494 75.988819
v -37.043854 -94.161591 76.291527
v -36.016731 -94.678604 76.291527
v -34.965481 -95.144592 76.291527
v -33.892635 -95.558434 76.291527
v -33.289455 -97.530113 75.988819
v -32.101574 -97.858849 75.988819
v -30.898993 -98.128899 75.988819
v -32.800770 -95.919136 76.291527
v -31.692524 -96.225830 76.291527
v -30.570562 -96.477776 76.291527
v -32.285728 -94.221268 76.543278
v -31.261412 -94.504738 76.543278
v -30.224419 -94.737602 76.543278
v -37.132210 -92.072968 76.543278
v -36.207470 -92.596832 76.543278
v -35.258137 -93.074684 76.543278
v -34.286499 -93.505379 76.543278
v -37.003452 -89.967834 76.741642
v -36.182163 -90.487907 76.741642
v -36.664093 -87.878868 76.884712
v -35.945709 -88.384811 76.884712
v -35.336338 -90.967064 76.741642
v -34.468025 -91.404137 76.741642
v -35.203369 -88.854889 76.884712
v -34.438854 -89.287987 76.884712
v -37.356785 -87.338280 76.884712
v -37.285667 -84.785667 76.971107
v -36.718311 -85.325836 76.971107
v -36.125134 -85.837509 76.971107
v -36.822147 -82.381508 77.000000
v -37.244904 -81.839790 77.000000
v -36.373314 -82.901825 77.000000
v -35.899494 -83.399498 77.000000
v -35.507565 -86.319466 76.971107
v -34.867092 -86.770538 76.971107
v -34.881508 -84.322144 77.000000
v -34.205257 -87.189644 76.971107
v -34.339790 -84.744904 77.000000
v -33.777985 -85.140572 77.000000
v -35.401825 -83.873314 77.000000
v -34.813084 -81.049797 77.000000
v -33.909580 -81.754898 77.000000
v -33.294903 -93.887886 76.543278
v -33.579311 -91.798073 76.741642
v -32.672337 -92.147934 76.741642
v -33.654007 -89.683044 76.884712
v -32.850723 -90.039116 76.884712
v -33.523655 -87.575768 76.971107
v -32.823925 -87.927979 76.971107
v -32.030937 -90.355339 76.884712
v -32.107758 -88.245438 76.971107
v -31.749290 -92.452866 76.741642
v -30.812391 -92.712143 76.741642
v -30.349785 -90.865311 76.884712
v -31.196621 -90.630959 76.884712
v -31.376877 -88.527367 76.971107
v -30.633043 -88.773094 76.971107
v -33.197437 -85.508202 77.000000
v -32.599556 -85.846901 77.000000
v -31.985769 -86.155853 77.000000
v -32.972565 -82.414818 77.000000
v -32.004299 -83.027962 77.000000
v -31.357569 -86.434311 77.000000
v -30.716457 -86.681618 77.000000
v -30.063988 -86.897163 77.000000
v -31.007114 -83.592865 77.000000
v -41.985054 -70.866379 75.599998
v -41.572586 -71.935661 75.599998
v -42.344559 -69.778145 75.599998
v -42.901337 -67.555359 75.599998
v -42.650230 -68.673584 75.599998
v -40.592861 -74.007111 75.599998
v -39.414814 -75.972565 75.599998
v -40.027962 -75.004295 75.599998
v -38.049793 -77.813080 75.599998
v -38.754894 -76.909576 75.599998
v -41.108150 -72.983414 75.599998
v -43.237564 -65.288704 75.599998
v -43.321873 -64.145729 75.599998
v -43.349998 -63.000000 75.599998
v -43.097271 -66.426155 75.599998
v -37.301208 -78.680901 75.599998
v -36.510944 -79.510941 75.599998
v -35.680901 -80.301208 75.599998
v -30.110756 -72.798843 75.599998
v -30.150000 -72.000000 75.599998
v -30.110756 -71.201157 75.599998
v -44.647934 -80.172340 76.741642
v -44.952866 -79.249290 76.741642
v -43.130962 -78.696617 76.884712
v -43.365311 -77.849785 76.884712
v -43.708046 -76.126740 76.884712
v -43.557827 -76.992470 76.884712
v -43.815605 -75.254684 76.884712
v -43.880241 -74.378403 76.884712
v -42.855339 -79.530937 76.884712
v -42.539112 -80.350723 76.884712
v -41.273094 -78.133041 76.971107
v -41.482033 -77.378044 76.971107
v -41.787598 -75.841866 76.971107
v -41.653667 -76.613708 76.971107
v -41.883488 -75.064384 76.971107
v -41.941116 -74.283134 76.971107
v -43.901806 -73.500000 76.884712
v -41.960342 -73.500000 76.971107
v -41.960342 -70.930443 76.971107
v -41.985054 -70.866379 76.970009
v -41.572586 -71.935661 76.976822
v -42.344559 -69.778145 76.954010
v -42.901337 -67.555359 76.929234
v -42.650230 -68.673584 76.940407
v -40.427979 -80.323929 76.971107
v -40.745434 -79.607758 76.971107
v -41.027367 -78.876877 76.971107
v -39.397163 -77.563988 77.000000
v -40.592861 -74.007111 76.991077
v -40.477234 -74.211220 76.992710
v -39.580437 -76.901726 77.000000
v -39.730995 -76.231262 77.000000
v -39.414814 -75.972565 77.000000
v -40.093781 -74.888115 76.997612
v -39.848473 -75.554230 77.000000
v -39.889290 -75.223289 77.000000
v -40.027962 -75.004295 76.998367
v -38.655849 -79.485771 77.000000
v -39.181618 -78.216461 77.000000
v -38.934315 -78.857567 77.000000
v -38.346897 -80.099556 77.000000
v -38.049793 -77.813080 77.000000
v -38.754894 -76.909576 77.000000
v -40.848122 -73.500000 76.987499
v -41.108150 -72.983414 76.983669
v -43.237564 -65.288704 76.914272
v -43.321873 -64.145729 76.910519
v -43.349998 -63.000000 76.909267
v -43.097271 -66.426155 76.920513
v -37.301208 -78.680901 77.000000
v -36.510944 -79.510941 77.000000
v -35.680901 -80.301208 77.000000
v -49.944523 -53.593212 73.000000
v -50.000000 -53.634357 73.000000
v -49.498402 -53.325817 73.000000
v -49.028221 -53.103439 73.000000
v -48.538509 -52.928215 73.000000
v -48.033978 -52.801838 73.000000
v -47.519489 -52.725521 73.000000
v -47.000000 -52.700001 73.000000
v -46.480511 -52.725521 73.000000
v -45.966022 -52.801838 73.000000
v -45.461491 -52.928215 73.000000
v -44.971779 -53.103439 73.000000
v -44.501598 -53.325817 73.000000
v -44.055477 -53.593212 73.000000
v -29.248169 -106.479233 72.741707
v -27.626045 -106.598892 72.741707
v -26.000000 -106.638809 72.741707
v -29.183359 -105.821205 73.296101
v -27.593599 -105.938469 73.296101
v -26.000000 -105.977592 73.296101
v -29.101107 -104.986076 73.828381
v -27.552422 -105.100319 73.828381
v -29.521532 -97.240234 74.000000
v -28.352413 -97.384430 74.000000
v -27.177622 -97.471092 74.000000
v -26.000000 -105.138428 73.828381
v -26.000000 -97.500000 74.000000
v -29.002205 -103.981903 74.333420
v -27.502913 -104.092499 74.333420
v -26.000000 -104.129395 74.333420
v -29.187658 -75.841881 74.000000
v -29.799067 -74.365822 74.000000
v -29.529615 -75.118874 74.000000
v -28.776476 -76.527901 74.000000
v -28.300035 -77.170303 74.000000
v -27.762922 -77.762917 74.000000
v -27.170303 -78.300034 74.000000
v -26.527897 -78.776474 74.000000
v -29.993402 -73.589989 74.000000
v -29.993402 -70.410011 74.000000
v -29.799067 -69.634178 74.000000
v -29.529615 -68.881126 74.000000
v -29.187658 -68.158119 74.000000
v -28.776476 -67.472099 74.000000
v -25.841883 -79.187660 74.000000
v -25.118870 -79.529617 74.000000
v -24.365820 -79.799065 74.000000
v -23.589987 -79.993401 74.000000
v -22.798840 -80.110756 74.000000
v -28.300035 -66.829697 74.000000
v -27.762922 -66.237083 74.000000
v -27.170303 -65.699966 74.000000
v -26.527897 -65.223526 74.000000
v -25.841883 -64.812340 74.000000
v -25.118870 -64.470383 74.000000
v -24.365820 -64.200935 74.000000
v -23.589987 -64.006599 74.000000
v -22.798840 -63.889240 74.000000
v -22.000000 -80.150002 74.000000
v -21.201160 -80.110756 74.000000
v -20.410013 -79.993401 74.000000
v -19.634180 -79.799065 74.000000
v -18.881130 -79.529617 74.000000
v -18.158117 -79.187660 74.000000
v -17.472103 -78.776474 74.000000
v -16.829695 -78.300034 74.000000
v -16.237080 -77.762917 74.000000
v -15.699965 -77.170303 74.000000
v -15.223521 -76.527901 74.000000
v -15.223521 -67.472099 74.000000
v -22.000000 -63.849998 74.000000
v -21.201160 -63.889240 74.000000
v -20.410013 -64.006599 74.000000
v -19.634180 -64.200935 74.000000
v -18.881130 -64.470383 74.000000
v -18.158117 -64.812340 74.000000
v -17.472103 -65.223526 74.000000
v -16.829695 -65.699966 74.000000
v -16.237080 -66.237083 74.000000
v -15.699965 -66.829697 74.000000
v -14.812343 -75.841881 74.000000
v -14.470383 -75.118874 74.000000
v -14.200936 -74.365822 74.000000
v -14.006600 -73.589989 74.000000
v -13.889245 -72.798843 74.000000
v -13.850000 -72.000000 74.000000
v -13.889245 -71.201157 74.000000
v -14.470383 -68.881126 74.000000
v -14.200936 -69.634178 74.000000
v -14.812343 -68.158119 74.000000
v -14.006600 -70.410011 74.000000
v -28.887606 -102.818352 74.806358
v -27.445543 -102.924721 74.806358
v -28.758413 -101.506622 75.242641
v -27.380871 -101.608238 75.242641
v -26.000000 -102.960213 74.806358
v -26.000000 -101.642136 75.242641
v -29.915924 -99.899010 75.638062
v -28.615870 -100.059357 75.638062
v -27.309511 -100.155716 75.638062
v -26.000000 -100.187866 75.638062
v -29.983412 -84.108147 75.599998
v -28.935658 -84.572586 75.599998
v -27.866377 -84.985054 75.599998
v -26.778147 -85.344559 75.599998
v -25.673588 -85.650230 75.599998
v -24.555359 -85.901337 75.599998
v -23.426157 -86.097275 75.599998
v -22.288700 -86.237564 75.599998
v -21.145731 -86.321877 75.599998
v -20.000000 -86.349998 75.599998
v -29.684608 -98.339615 75.988819
v -28.461348 -98.490486 75.988819
v -27.232161 -98.581154 75.988819
v -29.437590 -96.674362 76.291527
v -28.296339 -96.815125 76.291527
v -27.149555 -96.899712 76.291527
v -26.000000 -98.611404 75.988819
v -26.000000 -96.927933 76.291527
v -29.177254 -94.919304 76.543278
v -28.122433 -95.049400 76.543278
v -27.062492 -95.127586 76.543278
v -26.000000 -95.153671 76.543278
v -29.863901 -92.925133 76.741642
v -28.906099 -93.091324 76.741642
v -29.492470 -91.057831 76.884712
v -28.626743 -91.208046 76.884712
v -29.113708 -89.153671 76.971107
v -29.878044 -88.982033 76.971107
v -28.341869 -89.287598 76.971107
v -27.941296 -93.210327 76.741642
v -26.971817 -93.281837 76.741642
v -27.754684 -91.315605 76.884712
v -26.878401 -91.380241 76.884712
v -27.564386 -89.383492 76.971107
v -28.054228 -87.348473 77.000000
v -27.372240 -87.432587 77.000000
v -26.783136 -89.441116 76.971107
v -26.686947 -87.483139 77.000000
v -29.401722 -87.080437 77.000000
v -29.983412 -84.108147 77.000000
v -28.731264 -87.230995 77.000000
v -28.935658 -84.572586 77.000000
v -27.866377 -84.985054 77.000000
v -26.778147 -85.344559 77.000000
v -26.000000 -93.305695 76.741642
v -26.000000 -91.401810 76.884712
v -26.000000 -89.460342 76.971107
v -26.000000 -87.500000 77.000000
v -25.673588 -85.650230 77.000000
v -24.555359 -85.901337 77.000000
v -23.426157 -86.097275 77.000000
v -22.288700 -86.237564 77.000000
v -21.145731 -86.321877 77.000000
v -20.000000 -86.349998 77.000000
v -29.187658 -75.841881 75.599998
v -29.799067 -74.365822 75.599998
v -29.529615 -75.118874 75.599998
v -28.776476 -76.527901 75.599998
v -28.300035 -77.170303 75.599998
v -27.762922 -77.762917 75.599998
v -27.170303 -78.300034 75.599998
v -26.527897 -78.776474 75.599998
v -29.993402 -73.589989 75.599998
v -29.993402 -70.410011 75.599998
v -29.799067 -69.634178 75.599998
v -29.529615 -68.881126 75.599998
v -29.187658 -68.158119 75.599998
v -28.776476 -67.472099 75.599998
v -25.841883 -79.187660 75.599998
v -25.118870 -79.529617 75.599998
v -24.365820 -79.799065 75.599998
v -23.589987 -79.993401 75.599998
v -22.798840 -80.110756 75.599998
v -28.300035 -66.829697 75.599998
v -27.762922 -66.237083 75.599998
v -27.170303 -65.699966 75.599998
v -26.527897 -65.223526 75.599998
v -25.841883 -64.812340 75.599998
v -25.118870 -64.470383 75.599998
v -24.365820 -64.200935 75.599998
v -23.589987 -64.006599 75.599998
v -22.798840 -63.889240 75.599998
v -22.000000 -80.150002 75.599998
v -21.201160 -80.110756 75.599998
v -20.410013 -79.993401 75.599998
v -19.634180 -79.799065 75.599998
v -18.881130 -79.529617 75.599998
v -18.158117 -79.187660 75.599998
v -17.472103 -78.776474 75.599998
v -16.829695 -78.300034 75.599998
v -16.237080 -77.762917 75.599998
v -15.699965 -77.170303 75.599998
v -15.223521 -76.527901 75.599998
v -15.223521 -67.472099 75.599998
v -22.000000 -63.849998 75.599998
v -21.201160 -63.889240 75.599998
v -20.410013 -64.006599 75.599998
v -19.634180 -64.200935 75.599998
v -18.881130 -64.470383 75.599998
v -18.158117 -64.812340 75.599998
v -17.472103 -65.223526 75.599998
v -16.829695 -65.699966 75.599998
v -16.237080 -66.237083 75.599998
v -15.699965 -66.829697 75.599998
v -14.812343 -75.841881 75.599998
v -14.470383 -75.118874 75.599998
v -14.200936 -74.365822 75.599998
v -14.006600 -73.589989 75.599998
v -13.889245 -72.798843 75.599998
v -13.850000 -72.000000 75.599998
v -13.889245 -71.201157 75.599998
v -14.470383 -68.881126 75.599998
v -14.200936 -69.634178 75.599998
v -14.812343 -68.158119 75.599998
v -14.006600 -70.410011 75.599998
v -24.973011 -47.134392 74.000000
v -25.003208 -47.095699 74.000000
v -25.031469 -47.055569 74.000000
v -24.871559 -47.240952 74.000000
v -24.940950 -47.171558 74.000000
v -24.907106 -47.207108 74.000000
v -24.795700 -47.303207 74.000000
v -24.834393 -47.273010 74.000000
v -24.755569 -47.331470 74.000000
v -24.714104 -47.357727 74.000000
v -24.671396 -47.381920 74.000000
v -24.627556 -47.403988 74.000000
v -24.442980 -47.470032 74.000000
v -24.395090 -47.480785 74.000000
v -24.490284 -47.456940 74.000000
v -24.582684 -47.423878 74.000000
v -24.536890 -47.441544 74.000000
v -24.346731 -47.489178 74.000000
v -24.298018 -47.495186 74.000000
v -24.249067 -47.498795 74.000000
v -24.200001 -47.500000 74.000000
v -25.081921 -46.971397 74.000000
v -25.103989 -46.927555 74.000000
v -25.123880 -46.882683 74.000000
v -25.141544 -46.836891 74.000000
v -25.189177 -46.646732 74.000000
v -25.180786 -46.695091 74.000000
v -25.156940 -46.790283 74.000000
v -25.170031 -46.742981 74.000000
v -25.198795 -46.549068 74.000000
v -25.200001 -46.500000 74.000000
v -25.195185 -46.598019 74.000000
v -25.057728 -47.014103 74.000000
v -25.003208 -47.095699 75.599998
v -25.031469 -47.055569 75.599998
v -24.973011 -47.134392 75.599998
v -24.940950 -47.171558 75.599998
v -24.907106 -47.207108 75.599998
v -24.871559 -47.240952 75.599998
v -24.795700 -47.303207 75.599998
v -24.834393 -47.273010 75.599998
v -24.755569 -47.331470 75.599998
v -24.714104 -47.357727 75.599998
v -24.671396 -47.381920 75.599998
v -24.627556 -47.403988 75.599998
v -24.490284 -47.456940 75.599998
v -24.442980 -47.470032 75.599998
v -24.395090 -47.480785 75.599998
v -24.582684 -47.423878 75.599998
v -24.536890 -47.441544 75.599998
v -24.346731 -47.489178 75.599998
v -24.298018 -47.495186 75.599998
v -24.249067 -47.498795 75.599998
v -24.200001 -47.500000 75.599998
v -25.081921 -46.971397 75.599998
v -25.103989 -46.927555 75.599998
v -25.123880 -46.882683 75.599998
v -25.141544 -46.836891 75.599998
v -25.189177 -46.646732 75.599998
v -25.180786 -46.695091 75.599998
v -25.156940 -46.790283 75.599998
v -25.170031 -46.742981 75.599998
v -25.198795 -46.549068 75.599998
v -25.200001 -46.500000 75.599998
v -25.195185 -46.598019 75.599998
v -25.057728 -47.014103 75.599998
v -49.944523 53.593212 68.000000
v -49.498402 53.325817 68.000000
v -49.028221 53.103439 68.000000
v -48.538509 52.928215 68.000000
v -48.033978 52.801838 68.000000
v -47.519489 52.725521 68.000000
v -47.000000 52.700001 68.000000
v -46.480511 52.725521 68.000000
v -45.966022 52.801838 68.000000
v -45.461491 52.928215 68.000000
v -44.971779 53.103439 68.000000
v -44.501598 53.325817 68.000000
v -44.055477 53.593212 68.000000
v -50.000000 53.634357 71.000000
v -56.650002 73.500000 68.000000
v -56.613083 75.003922 68.000000
v -56.502415 76.504227 68.000000
v -56.318260 77.997292 68.000000
v -54.000000 73.500000 68.000000
v -56.061069 79.479515 68.000000
v -53.966270 74.873894 68.000000
v -53.865170 76.244476 68.000000
v -53.696941 77.608452 68.000000
v -53.461987 78.962532 68.000000
v -53.160873 80.303444 68.000000
v -52.071785 56.461491 68.000000
v -52.198162 56.966022 68.000000
v -51.896561 55.971775 68.000000
v -51.674183 55.501598 68.000000
v -51.406788 55.055473 68.000000
v -51.096954 54.637714 68.000000
v -50.747665 54.252335 68.000000
v -52.274479 57.480511 68.000000
v -52.299999 58.000000 68.000000
v -52.274479 58.519489 68.000000
v -52.198162 59.033978 68.000000
v -52.071785 59.538509 68.000000
v -51.896561 60.028225 68.000000
v -50.362286 53.903046 68.000000
v -50.349998 58.000000 68.000000
v -51.674183 60.498402 68.000000
v -51.406788 60.944527 68.000000
v -51.096954 61.362286 68.000000
v -50.747665 61.747665 68.000000
v -50.362286 62.096954 68.000000
v -49.944523 62.406792 68.000000
v -49.498402 62.674183 68.000000
v -49.028221 62.896564 68.000000
v -48.674999 55.098816 68.000000
v -45.325001 55.098816 68.000000
v -48.674999 60.901184 68.000000
v -48.538509 63.071781 68.000000
v -48.033978 63.198162 68.000000
v -47.519489 63.274475 68.000000
v -47.000000 63.299999 68.000000
v -46.480511 63.274475 68.000000
v -45.966022 63.198162 68.000000
v -45.325001 60.901184 68.000000
v -45.461491 63.071781 68.000000
v -55.731457 80.947342 68.000000
v -55.330219 82.397224 68.000000
v -54.858322 83.825676 68.000000
v -52.794331 81.627968 68.000000
v -54.316910 85.229248 68.000000
v -53.707272 86.604561 68.000000
v -53.030888 87.948311 68.000000
v -52.363235 82.932915 68.000000
v -51.868626 84.215134 68.000000
v -51.311699 85.471542 68.000000
v -50.693794 86.699112 68.000000
v -52.289383 89.257248 68.000000
v -51.484543 90.528229 68.000000
v -50.016399 87.894875 68.000000
v -49.281151 89.055969 68.000000
v -50.618309 91.758186 68.000000
v -49.692772 92.944153 68.000000
v -48.489811 90.179581 68.000000
v -47.644291 91.263016 68.000000
v -46.746632 92.303650 68.000000
v -45.798988 93.298988 68.000000
v -48.710152 94.083282 68.000000
v -47.672821 95.172821 68.000000
v -46.583282 96.210152 68.000000
v -45.444153 97.192772 68.000000
v -43.637714 53.903046 68.000000
v -43.252335 54.252335 68.000000
v -43.650002 58.000000 68.000000
v -42.903046 54.637714 68.000000
v -42.593212 55.055473 68.000000
v -42.325817 55.501598 68.000000
v -42.103439 55.971775 68.000000
v -41.928215 56.461491 68.000000
v -41.801838 56.966022 68.000000
v -41.725521 57.480511 68.000000
v -41.725521 58.519489 68.000000
v -41.700001 58.000000 68.000000
v -41.801838 59.033978 68.000000
v -41.928215 59.538509 68.000000
v -42.103439 60.028225 68.000000
v -44.971779 62.896564 68.000000
v -44.501598 62.674183 68.000000
v -43.637714 62.096954 68.000000
v -43.252335 61.747665 68.000000
v -44.055477 62.406792 68.000000
v -42.903046 61.362286 68.000000
v -42.593212 60.944527 68.000000
v -42.325817 60.498402 68.000000
v -44.803650 94.246628 68.000000
v -43.763012 95.144295 68.000000
v -44.258183 98.118309 68.000000
v -42.679581 95.989807 68.000000
v -41.555965 96.781151 68.000000
v -43.028229 98.984543 68.000000
v -41.757248 99.789383 68.000000
v -40.394878 97.516403 68.000000
v -40.448311 100.530884 68.000000
v -39.199108 98.193794 68.000000
v -37.971542 98.811699 68.000000
v -39.104565 101.207275 68.000000
v -37.729248 101.816910 68.000000
v -36.715137 99.368629 68.000000
v -35.432915 99.863235 68.000000
v -34.127972 100.294327 68.000000
v -36.325672 102.358322 68.000000
v -34.897224 102.830223 68.000000
v -32.803444 100.660873 68.000000
v -33.447342 103.231461 68.000000
v -31.979521 103.561066 68.000000
v -31.462528 100.961990 68.000000
v -30.108454 101.196945 68.000000
v -30.497290 103.818260 68.000000
v -60.000000 73.500000 71.000000
v -56.650002 73.500000 71.000000
v -59.959045 75.168304 71.000000
v -59.836281 76.832581 71.000000
v -59.632000 78.488838 71.000000
v -59.346703 80.133072 71.000000
v -56.613083 75.003922 71.000000
v -56.502415 76.504227 71.000000
v -56.318260 77.997292 71.000000
v -54.000000 73.500000 71.000000
v -56.061069 79.479515 71.000000
v -53.966270 74.873894 71.000000
v -53.865170 76.244476 71.000000
v -53.696941 77.608452 71.000000
v -53.461987 78.962532 71.000000
v -53.160873 80.303444 71.000000
v -52.071785 56.461491 71.000000
v -52.198162 56.966022 71.000000
v -51.896561 55.971775 71.000000
v -51.674183 55.501598 71.000000
v -51.406788 55.055473 71.000000
v -51.096954 54.637714 71.000000
v -50.747665 54.252335 71.000000
v -52.274479 57.480511 71.000000
v -52.299999 58.000000 71.000000
v -52.274479 58.519489 71.000000
v -52.198162 59.033978 71.000000
v -52.071785 59.538509 71.000000
v -51.896561 60.028225 71.000000
v -50.362286 53.903046 71.000000
v -51.674183 60.498402 71.000000
v -51.406788 60.944527 71.000000
v -51.096954 61.362286 71.000000
v -50.747665 61.747665 71.000000
v -50.362286 62.096954 71.000000
v -50.000000 62.365646 71.000000
v -50.000000 73.500000 71.000000
v -49.971092 74.677628 71.000000
v -49.884434 75.852409 71.000000
v -49.740234 77.021530 71.000000
v -49.538845 78.182167 71.000000
v -49.280750 79.331528 71.000000
v -48.966568 80.466835 71.000000
v -59.903694 73.500000 71.588104
v -59.862862 75.163574 71.588104
v -59.740440 76.823143 71.588104
v -59.536743 78.474709 71.588104
v -59.252243 80.114281 71.588104
v -59.615707 73.500000 72.170544
v -59.575214 75.149445 72.170544
v -59.453838 76.794914 72.170544
v -59.251865 78.432449 72.170544
v -58.969784 80.058098 72.170544
v -50.349998 58.000000 71.500000
v -48.674999 55.098816 71.500000
v -48.413498 57.055534 71.500000
v -48.314117 56.921528 71.500000
v -48.078468 56.685883 71.500000
v -48.202080 56.797920 71.500000
v -47.944469 56.586502 71.500000
v -47.801376 56.500729 71.500000
v -47.650562 56.429409 71.500000
v -47.493484 56.373203 71.500000
v -47.331654 56.332664 71.500000
v -47.166630 56.308186 71.500000
v -47.000000 56.299999 71.500000
v -48.626797 57.506516 71.500000
v -48.570595 57.349442 71.500000
v -48.667336 57.668346 71.500000
v -48.691814 57.833370 71.500000
v -48.499268 57.198624 71.500000
v -48.700001 58.000000 71.500000
v -48.691814 58.166630 71.500000
v -48.667336 58.331654 71.500000
v -48.626797 58.493484 71.500000
v -48.570595 58.650558 71.500000
v -48.499268 58.801376 71.500000
v -48.413498 58.944466 71.500000
v -48.314117 59.078472 71.500000
v -48.202080 59.202080 71.500000
v -48.078468 59.314117 71.500000
v -47.944469 59.413498 71.500000
v -47.801376 59.499271 71.500000
v -47.650562 59.570591 71.500000
v -47.493484 59.626797 71.500000
v -47.331654 59.667336 71.500000
v -47.166630 59.691814 71.500000
v -47.000000 59.700001 71.500000
v -46.833370 56.308186 71.500000
v -46.668346 56.332664 71.500000
v -46.506516 56.373203 71.500000
v -46.349438 56.429409 71.500000
v -46.198624 56.500729 71.500000
v -46.055531 56.586502 71.500000
v -45.325001 55.098816 71.500000
v -45.921532 56.685883 71.500000
v -45.797920 56.797920 71.500000
v -45.685883 56.921528 71.500000
v -45.586502 57.055534 71.500000
v -46.506516 59.626797 71.500000
v -46.833370 59.691814 71.500000
v -46.668346 59.667336 71.500000
v -46.349438 59.570591 71.500000
v -46.198624 59.499271 71.500000
v -46.055531 59.413498 71.500000
v -45.500732 57.198624 71.500000
v -45.429405 57.349442 71.500000
v -45.373203 57.506516 71.500000
v -45.332664 57.668346 71.500000
v -45.308186 57.833370 71.500000
v -45.299999 58.000000 71.500000
v -45.308186 58.166630 71.500000
v -45.332664 58.331654 71.500000
v -45.373203 58.493484 71.500000
v -45.429405 58.650558 71.500000
v -45.797920 59.202080 71.500000
v -45.921532 59.314117 71.500000
v -45.586502 58.944466 71.500000
v -45.685883 59.078472 71.500000
v -45.500732 58.801376 71.500000
v -48.674999 60.901184 71.500000
v -45.325001 60.901184 71.500000
v -58.981064 81.761330 71.000000
v -58.535973 83.369682 71.000000
v -58.012501 84.954254 71.000000
v -57.411903 86.511238 71.000000
v -56.735634 88.036873 71.000000
v -55.731457 80.947342 71.000000
v -55.330219 82.397224 71.000000
v -54.858322 83.825676 71.000000
v -52.794331 81.627968 71.000000
v -54.316910 85.229248 71.000000
v -53.707272 86.604561 71.000000
v -55.985325 89.527489 71.000000
v -55.162769 90.979492 71.000000
v -53.030888 87.948311 71.000000
v -54.269966 92.389389 71.000000
v -53.309055 93.753777 71.000000
v -52.363235 82.932915 71.000000
v -51.868626 84.215134 71.000000
v -51.311699 85.471542 71.000000
v -50.693794 86.699112 71.000000
v -52.289383 89.257248 71.000000
v -51.484543 90.528229 71.000000
v -50.016399 87.894875 71.000000
v -49.281151 89.055969 71.000000
v -50.618309 91.758186 71.000000
v -49.692772 92.944153 71.000000
v -48.597057 81.585358 71.000000
v -48.173107 82.684402 71.000000
v -47.695744 83.761322 71.000000
v -47.166111 84.813522 71.000000
v -46.585487 85.838463 71.000000
v -45.955269 86.833687 71.000000
v -48.489811 90.179581 71.000000
v -47.644291 91.263016 71.000000
v -45.276981 87.796783 71.000000
v -46.746632 92.303650 71.000000
v -45.798988 93.298988 71.000000
v -52.282356 95.069374 71.000000
v -51.192337 96.333008 71.000000
v -50.041630 97.541634 71.000000
v -48.833004 98.692337 71.000000
v -48.710152 94.083282 71.000000
v -47.672821 95.172821 71.000000
v -47.569370 99.782356 71.000000
v -46.583282 96.210152 71.000000
v -45.444153 97.192772 71.000000
v -46.253777 100.809059 71.000000
v -58.887642 81.737923 71.588104
v -58.443813 83.341721 71.588104
v -57.921825 84.921814 71.588104
v -57.322929 86.474380 71.588104
v -56.648575 87.995697 71.588104
v -55.900391 89.482094 71.588104
v -55.080173 90.929985 71.588104
v -54.189896 92.335884 71.588104
v -53.231701 93.696404 71.588104
v -58.608280 81.667953 72.170544
v -58.168224 83.258125 72.170544
v -57.650669 84.824791 72.170544
v -57.056866 86.364174 72.170544
v -56.388237 87.872566 72.170544
v -55.646408 89.346336 72.170544
v -54.833153 90.781929 72.170544
v -53.950439 92.175888 72.170544
v -53.000389 93.524849 72.170544
v -52.207909 95.008278 71.588104
v -51.120979 96.268333 71.588104
v -49.973534 97.473534 71.588104
v -48.768330 98.620979 71.588104
v -47.508278 99.707909 71.588104
v -46.196407 100.731705 71.588104
v -51.985291 94.825577 72.170544
v -50.907597 96.074928 72.170544
v -49.769894 97.269890 72.170544
v -48.574928 98.407593 72.170544
v -47.325577 99.485291 72.170544
v -46.024853 100.500389 72.170544
v -43.650002 58.000000 71.500000
v -44.552250 88.725441 71.000000
v -43.782825 89.617416 71.000000
v -42.970562 90.470566 71.000000
v -42.117416 91.282829 71.000000
v -41.225437 92.052254 71.000000
v -40.296783 92.776978 71.000000
v -39.333687 93.455269 71.000000
v -44.803650 94.246628 71.000000
v -43.763012 95.144295 71.000000
v -44.258183 98.118309 71.000000
v -42.679581 95.989807 71.000000
v -41.555965 96.781151 71.000000
v -43.028229 98.984543 71.000000
v -41.757248 99.789383 71.000000
v -44.889389 101.769966 71.000000
v -43.479492 102.662773 71.000000
v -42.027489 103.485321 71.000000
v -40.394878 97.516403 71.000000
v -40.448311 100.530884 71.000000
v -38.338467 94.085487 71.000000
v -39.199108 98.193794 71.000000
v -37.971542 98.811699 71.000000
v -40.536873 104.235634 71.000000
v -39.104565 101.207275 71.000000
v -37.729248 101.816910 71.000000
v -39.011238 104.911903 71.000000
v -37.313522 94.666107 71.000000
v -36.261322 95.195740 71.000000
v -36.715137 99.368629 71.000000
v -35.184402 95.673111 71.000000
v -34.085358 96.097061 71.000000
v -35.432915 99.863235 71.000000
v -34.127972 100.294327 71.000000
v -36.325672 102.358322 71.000000
v -37.454254 105.512497 71.000000
v -35.869678 106.035973 71.000000
v -34.897224 102.830223 71.000000
v -34.261326 106.481064 71.000000
v -32.966831 96.466568 71.000000
v -32.803444 100.660873 71.000000
v -31.831524 96.780746 71.000000
v -30.682167 97.038849 71.000000
v -33.447342 103.231461 71.000000
v -31.979521 103.561066 71.000000
v -32.633072 106.846703 71.000000
v -31.462528 100.961990 71.000000
v -30.108454 101.196945 71.000000
v -30.497290 103.818260 71.000000
v -30.988834 107.132004 71.000000
v -44.835884 101.689888 71.588104
v -43.429981 102.580170 71.588104
v -41.982090 103.400391 71.588104
v -40.495697 104.148575 71.588104
v -38.974380 104.822929 71.588104
v -44.675884 101.450439 72.170544
v -43.281925 102.333153 72.170544
v -41.846333 103.146408 72.170544
v -40.372566 103.888237 72.170544
v -38.864174 104.556862 72.170544
v -37.421810 105.421822 71.588104
v -35.841724 105.943810 71.588104
v -34.237926 106.387642 71.588104
v -32.614285 106.752243 71.588104
v -30.974705 107.036736 71.588104
v -37.324791 105.150665 72.170544
v -35.758125 105.668228 72.170544
v -34.167950 106.108284 72.170544
v -32.558098 106.469788 72.170544
v -30.932447 106.751869 72.170544
v -28.744480 101.365173 68.000000
v -29.004225 104.002411 68.000000
v -27.373894 101.466270 68.000000
v -27.503923 104.113083 68.000000
v -26.000000 101.500000 68.000000
v -26.000000 104.150002 68.000000
v -29.521532 97.240234 71.000000
v -28.352413 97.384430 71.000000
v -27.177622 97.471092 71.000000
v -28.744480 101.365173 71.000000
v -29.004225 104.002411 71.000000
v -29.332582 107.336281 71.000000
v -27.373894 101.466270 71.000000
v -27.503923 104.113083 71.000000
v -27.668301 107.459045 71.000000
v -26.000000 97.500000 71.000000
v -26.000000 101.500000 71.000000
v -26.000000 104.150002 71.000000
v -26.000000 107.500008 71.000000
v -29.323143 107.240440 71.588104
v -27.663578 107.362854 71.588104
v -26.000000 107.403702 71.588104
v -29.294916 106.953835 72.170544
v -27.649443 107.075211 72.170544
v -26.000000 107.115707 72.170544
v -49.944523 53.593212 73.000000
v -50.000000 53.634357 73.000000
v -49.498402 53.325817 73.000000
v -49.028221 53.103439 73.000000
v -48.538509 52.928215 73.000000
v -48.033978 52.801838 73.000000
v -47.519489 52.725521 73.000000
v -47.000000 52.700001 73.000000
v -46.480511 52.725521 73.000000
v -45.966022 52.801838 73.000000
v -45.461491 52.928215 73.000000
v -44.971779 53.103439 73.000000
v -44.501598 53.325817 73.000000
v -44.055477 53.593212 73.000000
v -43.349998 15.000000 75.599998
v -43.321873 16.145731 75.599998
v -43.237564 17.288700 75.599998
v -43.097271 18.426157 75.599998
v -42.901337 19.555359 75.599998
v -42.650230 20.673588 75.599998
v -42.344559 21.778147 75.599998
v -41.985054 22.866379 75.599998
v -41.572586 23.935658 75.599998
v -41.108150 24.983412 75.599998
v -40.592861 26.007114 75.599998
v -43.349998 15.000000 76.909267
v -43.321873 16.145731 76.910519
v -43.237564 17.288700 76.914272
v -43.097271 18.426157 76.920513
v -42.901337 19.555359 76.929234
v -42.650230 20.673588 76.940407
v -42.344559 21.778147 76.954010
v -41.985054 22.866379 76.970009
v -41.960342 22.930441 76.971107
v -41.572586 23.935658 76.976822
v -41.108150 24.983412 76.983669
v -40.592861 26.007114 76.991261
v -40.027962 27.004297 75.599998
v -39.414814 27.972563 75.599998
v -38.754894 28.909578 75.599998
v -38.049793 29.813086 75.599998
v -37.301208 30.680902 75.599998
v -36.510944 31.510944 75.599998
v -35.680901 32.301208 75.599998
v -34.813084 33.049793 75.599998
v -33.909580 33.754894 75.599998
v -32.972565 34.414814 75.599998
v -32.004299 35.027962 75.599998
v -31.007114 35.592861 75.599998
v -40.000000 27.048458 77.000000
v -40.027962 27.004297 76.999588
v -39.414814 27.972563 77.000000
v -38.754894 28.909578 77.000000
v -38.049793 29.813086 77.000000
v -37.301208 30.680902 77.000000
v -36.510944 31.510944 77.000000
v -35.680901 32.301208 77.000000
v -34.813084 33.049793 77.000000
v -33.909580 33.754894 77.000000
v -32.972565 34.414814 77.000000
v -32.004299 35.027962 77.000000
v -31.007114 35.592861 77.000000
v -59.138802 73.500000 72.741707
v -59.098885 75.126045 72.741707
v -58.979233 76.748169 72.741707
v -58.780128 78.362473 72.741707
v -58.502056 79.965057 72.741707
v -58.477592 73.500000 73.296101
v -58.438469 75.093597 73.296101
v -58.321201 76.683357 73.296101
v -58.126068 78.265450 73.296101
v -57.853542 79.836067 73.296101
v -49.944523 62.406792 73.000000
v -50.000000 62.365646 73.000000
v -49.498402 62.674183 73.000000
v -49.028221 62.896564 73.000000
v -48.413498 57.055534 73.000000
v -48.314117 56.921528 73.000000
v -48.078468 56.685883 73.000000
v -48.202080 56.797920 73.000000
v -47.944469 56.586502 73.000000
v -47.801376 56.500729 73.000000
v -47.650562 56.429409 73.000000
v -47.493484 56.373203 73.000000
v -47.331654 56.332664 73.000000
v -47.166630 56.308186 73.000000
v -47.000000 56.299999 73.000000
v -48.570595 57.349442 73.000000
v -48.626797 57.506516 73.000000
v -48.667336 57.668346 73.000000
v -48.691814 57.833370 73.000000
v -48.499268 57.198624 73.000000
v -48.700001 58.000000 73.000000
v -48.691814 58.166630 73.000000
v -48.667336 58.331654 73.000000
v -48.626797 58.493484 73.000000
v -48.570595 58.650558 73.000000
v -48.499268 58.801376 73.000000
v -48.413498 58.944466 73.000000
v -48.314117 59.078472 73.000000
v -48.202080 59.202080 73.000000
v -48.078468 59.314117 73.000000
v -47.944469 59.413498 73.000000
v -47.801376 59.499271 73.000000
v -47.650562 59.570591 73.000000
v -47.493484 59.626797 73.000000
v -47.331654 59.667336 73.000000
v -47.166630 59.691814 73.000000
v -47.000000 59.700001 73.000000
v -46.833370 56.308186 73.000000
v -46.668346 56.332664 73.000000
v -46.506516 56.373203 73.000000
v -46.349438 56.429409 73.000000
v -46.198624 56.500729 73.000000
v -46.055531 56.586502 73.000000
v -45.921532 56.685883 73.000000
v -45.797920 56.797920 73.000000
v -45.685883 56.921528 73.000000
v -45.586502 57.055534 73.000000
v -46.506516 59.626797 73.000000
v -46.833370 59.691814 73.000000
v -46.668346 59.667336 73.000000
v -46.349438 59.570591 73.000000
v -46.198624 59.499271 73.000000
v -46.055531 59.413498 73.000000
v -45.500732 57.198624 73.000000
v -45.429405 57.349442 73.000000
v -45.373203 57.506516 73.000000
v -45.332664 57.668346 73.000000
v -45.308186 57.833370 73.000000
v -45.299999 58.000000 73.000000
v -45.308186 58.166630 73.000000
v -45.332664 58.331654 73.000000
v -45.373203 58.493484 73.000000
v -45.429405 58.650558 73.000000
v -45.797920 59.202080 73.000000
v -45.921532 59.314117 73.000000
v -45.586502 58.944466 73.000000
v -45.685883 59.078472 73.000000
v -45.500732 58.801376 73.000000
v -48.538509 63.071781 73.000000
v -48.033978 63.198162 73.000000
v -47.519489 63.274475 73.000000
v -47.000000 63.299999 73.000000
v -46.480511 63.274475 73.000000
v -45.966022 63.198162 73.000000
v -45.461491 63.071781 73.000000
v -57.638424 73.500000 73.828381
v -57.600315 75.052422 73.828381
v -57.486073 76.601105 73.828381
v -57.295986 78.142319 73.828381
v -57.030502 79.672348 73.828381
v -56.629387 73.500000 74.333420
v -56.592499 75.002914 74.333420
v -56.481899 76.502205 74.333420
v -56.297874 77.994263 74.333420
v -56.040859 79.475494 74.333420
v -50.000000 73.500000 74.000000
v -49.971092 74.677628 74.000000
v -49.884434 75.852409 74.000000
v -49.740234 77.021530 74.000000
v -49.538845 78.182167 74.000000
v -49.280750 79.331528 74.000000
v -48.966568 80.466835 74.000000
v -58.145676 81.552071 72.741707
v -57.711861 83.119690 72.741707
v -57.201645 84.664131 72.741707
v -56.616261 86.181671 72.741707
v -55.957127 87.668663 72.741707
v -55.225819 89.121529 72.741707
v -54.424103 90.536751 72.741707
v -53.553909 91.910934 72.741707
v -52.617340 93.240761 72.741707
v -57.504276 81.391411 73.296101
v -57.079117 82.927750 73.296101
v -56.579086 84.441368 73.296101
v -56.005383 85.928635 73.296101
v -55.359390 87.385956 73.296101
v -54.642673 88.809830 73.296101
v -53.856960 90.196815 73.296101
v -53.004131 91.543579 73.296101
v -52.086246 92.846878 73.296101
v -51.616646 94.523033 72.741707
v -50.554237 95.754662 72.741707
v -49.432674 96.932678 72.741707
v -48.254662 98.054237 72.741707
v -47.023037 99.116646 72.741707
v -45.740765 100.117340 72.741707
v -51.105518 94.103569 73.296101
v -50.064308 95.310616 73.296101
v -48.965126 96.465126 73.296101
v -47.810616 97.564308 73.296101
v -46.603565 98.605515 73.296101
v -45.346878 99.586243 73.296101
v -56.690258 81.187508 73.828381
v -56.276085 82.684151 73.828381
v -55.788971 84.158661 73.828381
v -55.230091 85.607498 73.828381
v -54.600800 87.027168 73.828381
v -53.902599 88.414253 73.828381
v -53.137184 89.765404 73.828381
v -55.711468 80.942337 74.333420
v -55.310501 82.391243 74.333420
v -54.838917 83.818733 74.333420
v -54.297871 85.221359 74.333420
v -53.688648 86.595749 74.333420
v -53.012711 87.938599 74.333420
v -52.306389 91.077370 73.828381
v -51.412220 92.346985 73.828381
v -50.456833 93.571205 73.828381
v -48.597057 81.585358 74.000000
v -48.173107 82.684402 74.000000
v -47.695744 83.761322 74.000000
v -47.166111 84.813522 74.000000
v -46.585487 85.838463 74.000000
v -45.955269 86.833687 74.000000
v -45.276981 87.796783 74.000000
v -52.271706 89.246658 74.333420
v -51.467407 90.516777 74.333420
v -50.601757 91.745911 74.333420
v -49.676842 92.931084 74.333420
v -49.442528 94.747070 73.828381
v -48.371746 95.871742 73.828381
v -47.247066 96.942528 73.828381
v -46.071205 97.956833 73.828381
v -48.694881 94.069443 74.333420
v -47.658253 95.158249 74.333420
v -46.569443 96.194885 74.333420
v -45.431080 97.176842 74.333420
v -43.637714 53.903046 73.000000
v -43.252335 54.252335 73.000000
v -42.903046 54.637714 73.000000
v -42.593212 55.055473 73.000000
v -42.325817 55.501598 73.000000
v -42.103439 55.971775 73.000000
v -41.928215 56.461491 73.000000
v -41.801838 56.966022 73.000000
v -41.725521 57.480511 73.000000
v -41.725521 58.519489 73.000000
v -41.700001 58.000000 73.000000
v -41.801838 59.033978 73.000000
v -41.928215 59.538509 73.000000
v -42.103439 60.028225 73.000000
v -44.971779 62.896564 73.000000
v -44.501598 62.674183 73.000000
v -43.637714 62.096954 73.000000
v -43.252335 61.747665 73.000000
v -44.055477 62.406792 73.000000
v -42.903046 61.362286 73.000000
v -42.593212 60.944527 73.000000
v -42.325817 60.498402 73.000000
v -44.410934 101.053909 72.741707
v -43.036751 101.924103 72.741707
v -41.621525 102.725815 72.741707
v -40.168667 103.457123 72.741707
v -38.681671 104.116264 72.741707
v -44.043583 100.504128 73.296101
v -42.696819 101.356956 73.296101
v -41.309830 102.142677 73.296101
v -39.885960 102.859398 73.296101
v -38.428635 103.505379 73.296101
v -37.164127 104.701645 72.741707
v -35.619686 105.211861 72.741707
v -34.052074 105.645676 72.741707
v -32.465061 106.002052 72.741707
v -30.862474 106.280128 72.741707
v -36.941372 104.079086 73.296101
v -35.427746 104.579117 73.296101
v -33.891411 105.004280 73.296101
v -32.336063 105.353546 73.296101
v -30.765453 105.626068 73.296101
v -44.552250 88.725441 74.000000
v -43.782825 89.617416 74.000000
v -42.970562 90.470566 74.000000
v -42.117416 91.282829 74.000000
v -41.225437 92.052254 74.000000
v -40.296783 92.776978 74.000000
v -39.333687 93.455269 74.000000
v -44.846989 98.912224 73.828381
v -43.577366 99.806389 73.828381
v -42.265400 100.637184 73.828381
v -38.338467 94.085487 74.000000
v -40.914249 101.402603 73.828381
v -39.527168 102.100800 73.828381
v -38.107502 102.730095 73.828381
v -44.245907 98.101761 74.333420
v -43.016777 98.967407 74.333420
v -41.746655 99.771706 74.333420
v -40.438595 100.512711 74.333420
v -39.095753 101.188644 74.333420
v -37.721359 101.797867 74.333420
v -37.313522 94.666107 74.000000
v -36.261322 95.195740 74.000000
v -35.184402 95.673111 74.000000
v -34.085358 96.097061 74.000000
v -36.658665 103.288971 73.828381
v -35.184151 103.776085 73.828381
v -32.966831 96.466568 74.000000
v -31.831524 96.780746 74.000000
v -30.682167 97.038849 74.000000
v -33.687511 104.190262 73.828381
v -32.172352 104.530502 73.828381
v -30.642321 104.795990 73.828381
v -36.318733 102.338921 74.333420
v -34.891243 102.810501 74.333420
v -33.442337 103.211472 74.333420
v -31.975498 103.540855 74.333420
v -30.494267 103.797874 74.333420
v -55.460213 73.500000 74.806358
v -54.142139 73.500000 75.242641
v -55.424725 74.945541 74.806358
v -55.318348 76.387604 74.806358
v -55.141342 77.822708 74.806358
v -54.894138 79.247398 74.806358
v -54.108238 74.880867 75.242641
v -54.006622 76.258415 75.242641
v -53.837543 77.629311 75.242641
v -53.601391 78.990257 75.242641
v -53.298752 80.337982 75.242641
v -52.687866 73.500000 75.638062
v -52.655720 74.809509 75.638062
v -52.559357 76.115868 75.638062
v -52.399010 77.415924 75.638062
v -52.175064 78.706543 75.638062
v -51.888065 79.984619 75.638062
v -51.111404 73.500000 75.988819
v -49.427937 73.500000 76.291527
v -51.081158 74.732155 75.988819
v -50.990486 75.961349 75.988819
v -50.839611 77.184608 75.988819
v -50.628895 78.398994 75.988819
v -50.358849 79.601570 75.988819
v -49.399715 74.649551 76.291527
v -49.315125 75.796341 76.291527
v -49.174362 76.937592 76.291527
v -48.977772 78.070564 76.291527
v -48.725830 79.192520 76.291527
v -48.419136 80.300774 76.291527
v -47.653667 73.500000 76.543278
v -45.805695 73.500000 76.741642
v -47.627586 74.562492 76.543278
v -47.549400 75.622429 76.543278
v -47.419300 76.677254 76.543278
v -47.237598 77.724419 76.543278
v -47.004734 78.761414 76.543278
v -46.721268 79.785728 76.543278
v -45.781837 74.471817 76.741642
v -45.710323 75.441299 76.741642
v -45.591328 76.406097 76.741642
v -45.425133 77.363899 76.741642
v -45.212143 78.312393 76.741642
v -54.577324 80.658249 74.806358
v -54.191662 82.051849 74.806358
v -53.738087 83.424843 74.806358
v -53.217686 84.773933 74.806358
v -52.631714 86.095863 74.806358
v -52.930344 81.669228 75.242641
v -52.497063 82.980797 75.242641
v -51.999943 84.269531 75.242641
v -51.440189 85.532310 75.242641
v -50.819149 86.766113 75.242641
v -51.981586 87.387444 74.806358
v -51.268864 88.645576 74.806358
v -50.495270 89.867218 74.806358
v -49.662663 91.049423 74.806358
v -48.773048 92.189362 74.806358
v -50.138313 87.967949 75.242641
v -49.399330 89.134933 75.242641
v -47.828575 93.284264 74.806358
v -48.603973 90.264252 75.242641
v -47.754166 91.353180 75.242641
v -46.851948 92.399101 75.242641
v -45.899494 93.399498 75.242641
v -51.538696 81.247078 75.638062
v -51.127800 82.490868 75.638062
v -50.656372 83.713005 75.638062
v -50.125546 84.910530 75.638062
v -49.536594 86.080574 75.638062
v -48.890945 87.220306 75.638062
v -48.190151 88.326981 75.638062
v -47.435894 89.397942 75.638062
v -46.629997 90.430603 75.638062
v -45.774403 91.422478 75.638062
v -46.831512 94.331512 74.806358
v -45.784267 95.328575 74.806358
v -50.030117 80.789459 75.988819
v -49.643494 81.959778 75.988819
v -49.199913 83.109718 75.988819
v -48.700439 84.236511 75.988819
v -48.146282 85.337433 75.988819
v -47.538769 86.409843 75.988819
v -48.058434 81.392632 76.291527
v -47.644588 82.465485 76.291527
v -47.178600 83.516731 76.291527
v -46.661594 84.543854 76.291527
v -46.094810 85.544365 76.291527
v -45.479614 86.515862 76.291527
v -46.879372 87.451149 75.988819
v -46.169670 88.458847 75.988819
v -45.411377 89.430504 75.988819
v -46.387882 80.794899 76.543278
v -46.005383 81.786499 76.543278
v -45.574684 82.758133 76.543278
v -45.096832 83.707466 76.543278
v -32.293755 66.849251 75.599998
v -31.834759 66.453323 75.599998
v -31.356886 66.080383 75.599998
v -30.349169 65.407051 75.599998
v -30.861292 65.731354 75.599998
v -35.628071 71.839409 75.599998
v -36.112698 73.590637 75.599998
v -35.979885 72.999191 75.599998
v -35.818214 72.414986 75.599998
v -34.891727 70.178253 75.599998
v -33.919613 68.643112 75.599998
v -34.592949 69.650833 75.599998
v -34.268650 69.138710 75.599998
v -35.409912 71.273857 75.599998
v -35.164268 70.719696 75.599998
v -36.216331 74.187881 75.599998
v -36.335125 75.394012 75.599998
v -36.290531 74.789490 75.599998
v -36.349998 76.000000 75.599998
v -36.335125 76.605988 75.599998
v -36.290531 77.210510 75.599998
v -36.216331 77.812119 75.599998
v -36.112698 78.409363 75.599998
v -35.979885 79.000809 75.599998
v -35.818214 79.585014 75.599998
v -35.628071 80.160591 75.599998
v -33.546680 68.165245 75.599998
v -33.150745 67.706245 75.599998
v -32.732769 67.267235 75.599998
v -43.901806 73.500000 76.884712
v -41.960342 73.500000 76.971107
v -43.880241 74.378403 76.884712
v -43.815605 75.254684 76.884712
v -43.708046 76.126740 76.884712
v -43.557827 76.992470 76.884712
v -44.952866 79.249290 76.741642
v -44.647934 80.172340 76.741642
v -43.365311 77.849785 76.884712
v -43.130962 78.696617 76.884712
v -41.941116 74.283134 76.971107
v -41.883488 75.064384 76.971107
v -41.787598 75.841866 76.971107
v -41.653667 76.613708 76.971107
v -42.855339 79.530937 76.884712
v -42.539112 80.350723 76.884712
v -41.482033 77.378044 76.971107
v -41.273094 78.133041 76.971107
v -40.000000 73.500000 77.000000
v -39.983135 74.186951 77.000000
v -39.932587 74.872238 77.000000
v -39.848473 75.554230 77.000000
v -39.730995 76.231262 77.000000
v -39.580437 76.901726 77.000000
v -41.027367 78.876877 76.971107
v -40.745434 79.607758 76.971107
v -40.427979 80.323929 76.971107
v -39.397163 77.563988 77.000000
v -39.181618 78.216461 77.000000
v -38.934315 78.857567 77.000000
v -38.655849 79.485771 77.000000
v -38.346897 80.099556 77.000000
v -32.293755 66.849251 77.000000
v -31.834759 66.453323 77.000000
v -31.356886 66.080383 77.000000
v -30.349169 65.407051 77.000000
v -30.861292 65.731354 77.000000
v -35.628071 71.839409 77.000000
v -36.112698 73.590637 77.000000
v -35.979885 72.999191 77.000000
v -35.818214 72.414986 77.000000
v -34.891727 70.178253 77.000000
v -33.919613 68.643112 77.000000
v -34.592949 69.650833 77.000000
v -34.268650 69.138710 77.000000
v -35.409912 71.273857 77.000000
v -35.164268 70.719696 77.000000
v -36.216331 74.187881 77.000000
v -36.335125 75.394012 77.000000
v -36.290531 74.789490 77.000000
v -36.349998 76.000000 77.000000
v -36.335125 76.605988 77.000000
v -36.290531 77.210510 77.000000
v -36.216331 77.812119 77.000000
v -36.112698 78.409363 77.000000
v -35.979885 79.000809 77.000000
v -35.818214 79.585014 77.000000
v -35.628071 80.160591 77.000000
v -33.546680 68.165245 77.000000
v -33.150745 67.706245 77.000000
v -32.732769 67.267235 77.000000
v -44.871170 92.371170 75.638062
v -43.922474 93.274406 75.638062
v -44.689358 96.273048 74.806358
v -43.549427 97.162659 74.806358
v -42.367214 97.995270 74.806358
v -44.899105 94.351944 75.242641
v -43.853184 95.254166 75.242641
v -42.764252 96.103973 75.242641
v -41.634933 96.899330 75.242641
v -41.145573 98.768867 74.806358
v -39.887447 99.481583 74.806358
v -38.595863 100.131714 74.806358
v -40.467949 97.638313 75.242641
v -39.266109 98.319145 75.242641
v -38.032314 98.940186 75.242641
v -42.930603 94.129997 75.638062
v -41.897942 94.935898 75.638062
v -40.826984 95.690147 75.638062
v -39.720306 96.390945 75.638062
v -38.580574 97.036598 75.638062
v -35.409912 80.726143 75.599998
v -35.164268 81.280304 75.599998
v -34.891727 81.821747 75.599998
v -34.592949 82.349167 75.599998
v -34.268650 82.861290 75.599998
v -33.919613 83.356888 75.599998
v -33.546680 83.834755 75.599998
v -33.150745 84.293755 75.599998
v -32.732769 84.732765 75.599998
v -32.293755 85.150749 75.599998
v -31.834759 85.546677 75.599998
v -31.356886 85.919617 75.599998
v -30.861292 86.268646 75.599998
v -30.349169 86.592949 75.599998
v -37.273933 100.717682 74.806358
v -36.769527 99.499947 75.242641
v -35.480801 99.997063 75.242641
v -34.169231 100.430344 75.242641
v -35.924847 101.238083 74.806358
v -34.551846 101.691666 74.806358
v -33.158245 102.077324 74.806358
v -31.747402 102.394142 74.806358
v -30.322710 102.641350 74.806358
v -32.837982 100.798752 75.242641
v -31.490259 101.101395 75.242641
v -30.129309 101.337540 75.242641
v -37.410534 97.625542 75.638062
v -36.213005 98.156372 75.638062
v -34.990871 98.627800 75.638062
v -33.747078 99.038696 75.638062
v -32.484623 99.388062 75.638062
v -31.206545 99.675064 75.638062
v -44.606323 90.363792 75.988819
v -43.756443 91.256447 75.988819
v -42.863789 92.106323 75.988819
v -41.930508 92.911377 75.988819
v -44.817493 87.456001 76.291527
v -44.110039 88.362526 76.291527
v -43.358955 89.233238 76.291527
v -42.566051 90.066055 76.291527
v -41.733238 90.858955 76.291527
v -40.958847 93.669670 75.988819
v -40.862526 91.610039 76.291527
v -39.956005 92.317497 76.291527
v -39.015862 92.979614 76.291527
v -38.044365 93.594810 76.291527
v -44.572971 84.632210 76.543278
v -44.004368 85.530136 76.543278
v -43.392391 86.399078 76.543278
v -42.738514 87.236938 76.543278
v -44.298077 81.079308 76.741642
v -43.904137 81.968025 76.741642
v -43.467064 82.836342 76.741642
v -42.987911 83.682159 76.741642
v -42.183041 81.154007 76.884712
v -41.787983 81.938850 76.884712
v -41.354893 82.703369 76.884712
v -42.467831 84.503456 76.741642
v -41.908081 85.298241 76.741642
v -41.310009 86.064598 76.741642
v -42.044312 88.041718 76.543278
v -41.311455 88.811455 76.543278
v -40.884808 83.445709 76.884712
v -40.075768 81.023651 76.971107
v -39.689644 81.705254 76.971107
v -40.675053 86.800690 76.741642
v -40.378864 84.164093 76.884712
v -39.838284 84.856789 76.884712
v -39.270538 82.367088 76.971107
v -38.819469 83.007568 76.971107
v -38.008202 80.697441 77.000000
v -37.640575 81.277985 77.000000
v -38.337513 83.625137 76.971107
v -39.264362 85.522118 76.884712
v -38.658489 86.158485 76.884712
v -37.825832 84.218307 76.971107
v -38.022118 86.764366 76.884712
v -40.541714 89.544312 76.543278
v -39.736942 90.238510 76.543278
v -38.899075 90.892387 76.543278
v -38.030132 91.504364 76.543278
v -40.004742 87.504738 76.741642
v -39.300690 88.175049 76.741642
v -38.564598 88.810005 76.741642
v -37.798237 89.408081 76.741642
v -39.951149 94.379372 75.988819
v -38.909843 95.038773 75.988819
v -37.837433 95.646278 75.988819
v -37.244904 81.839790 77.000000
v -36.822147 82.381508 77.000000
v -36.373314 82.901825 77.000000
v -35.899494 83.399498 77.000000
v -37.285667 84.785667 76.971107
v -36.718311 85.325836 76.971107
v -37.356785 87.338280 76.884712
v -36.125134 85.837509 76.971107
v -35.409912 80.726143 77.000000
v -35.164268 81.280304 77.000000
v -34.891727 81.821747 77.000000
v -35.401825 83.873314 77.000000
v -34.592949 82.349167 77.000000
v -34.268650 82.861290 77.000000
v -33.919613 83.356888 77.000000
v -34.881508 84.322144 77.000000
v -35.507565 86.319466 76.971107
v -34.867092 86.770538 76.971107
v -34.339790 84.744904 77.000000
v -33.777985 85.140572 77.000000
v -34.205257 87.189644 76.971107
v -37.132210 92.072968 76.543278
v -36.207470 92.596832 76.543278
v -35.258137 93.074684 76.543278
v -34.286499 93.505379 76.543278
v -37.003452 89.967834 76.741642
v -36.182163 90.487907 76.741642
v -36.664093 87.878868 76.884712
v -35.945709 88.384811 76.884712
v -35.203369 88.854889 76.884712
v -34.438854 89.287987 76.884712
v -35.336338 90.967064 76.741642
v -34.468025 91.404137 76.741642
v -33.546680 83.834755 77.000000
v -33.150745 84.293755 77.000000
v -33.197437 85.508202 77.000000
v -32.732769 84.732765 77.000000
v -32.293755 85.150749 77.000000
v -32.599556 85.846901 77.000000
v -31.985769 86.155853 77.000000
v -31.834759 85.546677 77.000000
v -31.356886 85.919617 77.000000
v -31.357569 86.434311 77.000000
v -30.861292 86.268646 77.000000
v -30.716457 86.681618 77.000000
v -30.349169 86.592949 77.000000
v -30.063988 86.897163 77.000000
v -33.294903 93.887886 76.543278
v -33.523655 87.575768 76.971107
v -32.823925 87.927979 76.971107
v -33.654007 89.683044 76.884712
v -32.850723 90.039116 76.884712
v -32.107758 88.245438 76.971107
v -32.030937 90.355339 76.884712
v -33.579311 91.798073 76.741642
v -32.672337 92.147934 76.741642
v -31.376877 88.527367 76.971107
v -31.196621 90.630959 76.884712
v -30.633043 88.773094 76.971107
v -31.749290 92.452866 76.741642
v -30.812391 92.712143 76.741642
v -30.349785 90.865311 76.884712
v -36.736507 96.200439 75.988819
v -35.609718 96.699913 75.988819
v -34.459778 97.143494 75.988819
v -37.043854 94.161591 76.291527
v -36.016731 94.678604 76.291527
v -34.965481 95.144592 76.291527
v -33.892635 95.558434 76.291527
v -33.289455 97.530113 75.988819
v -32.101574 97.858849 75.988819
v -30.898993 98.128899 75.988819
v -32.800770 95.919136 76.291527
v -31.692524 96.225830 76.291527
v -30.570562 96.477776 76.291527
v -32.285728 94.221268 76.543278
v -31.261412 94.504738 76.543278
v -30.224419 94.737602 76.543278
v -25.200001 26.500000 74.000000
v -25.198795 26.549068 74.000000
v -25.195185 26.598017 74.000000
v -25.189177 26.646730 74.000000
v -25.180786 26.695091 74.000000
v -25.170031 26.742981 74.000000
v -25.156940 26.790285 74.000000
v -25.141544 26.836889 74.000000
v -25.123880 26.882681 74.000000
v -25.103989 26.927555 74.000000
v -25.081921 26.971399 74.000000
v -25.057728 27.014103 74.000000
v -25.031469 27.055571 74.000000
v -25.003208 27.095699 74.000000
v -24.973011 27.134394 74.000000
v -24.940950 27.171558 74.000000
v -24.907106 27.207108 74.000000
v -24.871559 27.240950 74.000000
v -24.834393 27.273010 74.000000
v -24.795700 27.303205 74.000000
v -24.755569 27.331472 74.000000
v -24.714104 27.357727 74.000000
v -24.627556 27.403990 74.000000
v -24.671396 27.381924 74.000000
v -24.582684 27.423878 74.000000
v -24.536890 27.441542 74.000000
v -24.490284 27.456942 74.000000
v -24.442980 27.470032 74.000000
v -24.395090 27.480783 74.000000
v -24.346731 27.489174 74.000000
v -24.298018 27.495184 74.000000
v -24.249067 27.498793 74.000000
v -24.200001 27.500000 74.000000
v -24.617346 47.670021 74.000000
v -24.686550 47.863438 74.000000
v -24.669859 47.796803 74.000000
v -24.646715 47.732121 74.000000
v -24.388899 47.417973 74.000000
v -24.582029 47.611099 74.000000
v -24.494974 47.505024 74.000000
v -24.541107 47.555923 74.000000
v -24.444075 47.458893 74.000000
v -24.696629 47.931389 74.000000
v -24.700001 48.000000 74.000000
v -24.696629 48.068611 74.000000
v -24.686550 48.136562 74.000000
v -24.669859 48.203197 74.000000
v -24.646715 48.267879 74.000000
v -24.617346 48.329979 74.000000
v -24.582029 48.388901 74.000000
v -24.541107 48.444077 74.000000
v -24.494974 48.494976 74.000000
v -24.444075 48.541107 74.000000
v -24.388899 48.582027 74.000000
v -24.329977 47.382656 74.000000
v -24.267878 47.353283 74.000000
v -24.203199 47.330143 74.000000
v -24.136562 47.313450 74.000000
v -24.068611 47.303371 74.000000
v -24.000000 47.299999 74.000000
v -23.931389 47.303371 74.000000
v -24.329977 48.617344 74.000000
v -24.267878 48.646717 74.000000
v -24.203199 48.669857 74.000000
v -24.136562 48.686550 74.000000
v -24.068611 48.696629 74.000000
v -24.000000 48.700001 74.000000
v -23.931389 48.696629 74.000000
v -23.863438 47.313450 74.000000
v -23.796801 47.330143 74.000000
v -23.732122 47.353283 74.000000
v -23.670023 47.382656 74.000000
v -23.611101 47.417973 74.000000
v -23.555925 47.458893 74.000000
v -23.505026 47.505024 74.000000
v -23.458893 47.555923 74.000000
v -23.863438 48.686550 74.000000
v -23.796801 48.669857 74.000000
v -23.732122 48.646717 74.000000
v -23.670023 48.617344 74.000000
v -23.555925 48.541107 74.000000
v -23.611101 48.582027 74.000000
v -23.458893 48.444077 74.000000
v -23.505026 48.494976 74.000000
v -23.417971 47.611099 74.000000
v -23.382654 47.670021 74.000000
v -23.353285 47.732121 74.000000
v -23.330141 47.796803 74.000000
v -23.313450 47.863438 74.000000
v -23.330141 48.203197 74.000000
v -23.353285 48.267879 74.000000
v -23.303371 47.931389 74.000000
v -23.299999 48.000000 74.000000
v -23.303371 48.068611 74.000000
v -23.313450 48.136562 74.000000
v -23.417971 48.388901 74.000000
v -23.382654 48.329979 74.000000
v -10.689141 30.194132 74.000000
v -10.648528 30.151472 74.000000
v -10.561272 30.072388 74.000000
v -10.605871 30.110857 74.000000
v -10.466684 30.002237 74.000000
v -10.514839 30.036150 74.000000
v -10.416924 29.970726 74.000000
v -10.313066 29.915213 74.000000
v -10.365676 29.941692 74.000000
v -10.259220 29.891344 74.000000
v -10.204268 29.870148 74.000000
v -10.148341 29.851671 74.000000
v -10.091577 29.835962 74.000000
v -9.976076 29.812988 74.000000
v -9.917621 29.805779 74.000000
v -9.858881 29.801447 74.000000
v -10.034108 29.823055 74.000000
v -9.800000 29.799999 74.000000
v -10.929852 30.595732 74.000000
v -10.948328 30.651657 74.000000
v -10.908655 30.540777 74.000000
v -10.829274 30.383078 74.000000
v -10.858306 30.434322 74.000000
v -10.797764 30.333315 74.000000
v -10.884788 30.486935 74.000000
v -10.964038 30.708422 74.000000
v -10.976942 30.765892 74.000000
v -10.987012 30.823923 74.000000
v -10.994222 30.882381 74.000000
v -10.998554 30.941116 74.000000
v -11.000000 31.000000 74.000000
v -10.998554 31.058884 74.000000
v -10.994222 31.117619 74.000000
v -10.987012 31.176077 74.000000
v -10.976942 31.234108 74.000000
v -10.964038 31.291578 74.000000
v -10.948328 31.348343 74.000000
v -10.929852 31.404268 74.000000
v -10.908655 31.459223 74.000000
v -10.884788 31.513065 74.000000
v -10.858306 31.565678 74.000000
v -10.829274 31.616922 74.000000
v -10.797764 31.666685 74.000000
v -10.727612 30.238726 74.000000
v -10.763849 30.285162 74.000000
v -10.763849 31.714838 74.000000
v -10.727612 31.761274 74.000000
v -10.689141 31.805868 74.000000
v -10.648528 31.848528 74.000000
v -10.605871 31.889143 74.000000
v -10.561272 31.927612 74.000000
v -10.514839 31.963850 74.000000
v -10.466684 31.997763 74.000000
v -10.416924 32.029274 74.000000
v -10.365676 32.058304 74.000000
v -10.313066 32.084785 74.000000
v -10.259220 32.108654 74.000000
v -10.204268 32.129852 74.000000
v -10.148341 32.148327 74.000000
v -10.091577 32.164036 74.000000
v -10.034108 32.176941 74.000000
v -9.976076 32.187012 74.000000
v -9.917621 32.194221 74.000000
v -9.858881 32.198555 74.000000
v -9.800000 32.200001 74.000000
v -25.200001 26.500000 75.599998
v -25.198795 26.549068 75.599998
v -25.195185 26.598017 75.599998
v -25.189177 26.646730 75.599998
v -25.180786 26.695091 75.599998
v -25.170031 26.742981 75.599998
v -25.156940 26.790285 75.599998
v -25.141544 26.836889 75.599998
v -29.983412 36.108150 75.599998
v -28.935658 36.572586 75.599998
v -27.866377 36.985054 75.599998
v -26.778147 37.344559 75.599998
v -25.123880 26.882681 75.599998
v -25.103989 26.927555 75.599998
v -25.081921 26.971399 75.599998
v -25.057728 27.014103 75.599998
v -25.031469 27.055571 75.599998
v -25.003208 27.095699 75.599998
v -24.973011 27.134394 75.599998
v -24.940950 27.171558 75.599998
v -24.907106 27.207108 75.599998
v -24.871559 27.240950 75.599998
v -24.834393 27.273010 75.599998
v -24.795700 27.303205 75.599998
v -24.755569 27.331472 75.599998
v -24.714104 27.357727 75.599998
v -24.627556 27.403990 75.599998
v -24.671396 27.381924 75.599998
v -24.582684 27.423878 75.599998
v -24.536890 27.441542 75.599998
v -24.490284 27.456942 75.599998
v -24.442980 27.470032 75.599998
v -24.395090 27.480783 75.599998
v -24.346731 27.489174 75.599998
v -24.298018 27.495184 75.599998
v -24.249067 27.498793 75.599998
v -24.200001 27.500000 75.599998
v -25.673588 37.650230 75.599998
v -24.555359 37.901337 75.599998
v -23.426157 38.097271 75.599998
v -22.288700 38.237564 75.599998
v -21.145731 38.321873 75.599998
v -20.000000 38.349998 75.599998
v -29.983412 36.108150 77.000000
v -28.935658 36.572586 77.000000
v -27.866377 36.985054 77.000000
v -26.778147 37.344559 77.000000
v -25.673588 37.650230 77.000000
v -24.555359 37.901337 77.000000
v -23.426157 38.097271 77.000000
v -24.617346 47.670021 77.000000
v -24.686550 47.863438 77.000000
v -24.669859 47.796803 77.000000
v -24.646715 47.732121 77.000000
v -24.388899 47.417973 77.000000
v -24.582029 47.611099 77.000000
v -24.494974 47.505024 77.000000
v -24.541107 47.555923 77.000000
v -24.444075 47.458893 77.000000
v -24.696629 47.931389 77.000000
v -24.700001 48.000000 77.000000
v -24.696629 48.068611 77.000000
v -24.686550 48.136562 77.000000
v -24.669859 48.203197 77.000000
v -24.646715 48.267879 77.000000
v -24.617346 48.329979 77.000000
v -24.582029 48.388901 77.000000
v -24.541107 48.444077 77.000000
v -24.494974 48.494976 77.000000
v -24.444075 48.541107 77.000000
v -24.388899 48.582027 77.000000
v -24.329977 47.382656 77.000000
v -24.267878 47.353283 77.000000
v -24.203199 47.330143 77.000000
v -24.136562 47.313450 77.000000
v -24.068611 47.303371 77.000000
v -24.000000 47.299999 77.000000
v -23.931389 47.303371 77.000000
v -24.329977 48.617344 77.000000
v -24.267878 48.646717 77.000000
v -24.203199 48.669857 77.000000
v -24.136562 48.686550 77.000000
v -24.068611 48.696629 77.000000
v -24.000000 48.700001 77.000000
v -23.931389 48.696629 77.000000
v -23.863438 47.313450 77.000000
v -23.796801 47.330143 77.000000
v -23.732122 47.353283 77.000000
v -23.670023 47.382656 77.000000
v -23.611101 47.417973 77.000000
v -23.555925 47.458893 77.000000
v -23.505026 47.505024 77.000000
v -23.458893 47.555923 77.000000
v -23.863438 48.686550 77.000000
v -23.796801 48.669857 77.000000
v -23.732122 48.646717 77.000000
v -23.670023 48.617344 77.000000
v -23.555925 48.541107 77.000000
v -23.611101 48.582027 77.000000
v -23.458893 48.444077 77.000000
v -23.505026 48.494976 77.000000
v -23.417971 47.611099 77.000000
v -23.382654 47.670021 77.000000
v -23.353285 47.732121 77.000000
v -23.330141 47.796803 77.000000
v -23.313450 47.863438 77.000000
v -23.330141 48.203197 77.000000
v -23.353285 48.267879 77.000000
v -23.303371 47.931389 77.000000
v -23.299999 48.000000 77.000000
v -23.303371 48.068611 77.000000
v -23.313450 48.136562 77.000000
v -23.417971 48.388901 77.000000
v -23.382654 48.329979 77.000000
v -22.288700 38.237564 77.000000
v -21.145731 38.321873 77.000000
v -20.000000 38.349998 77.000000
v -10.689141 30.194132 75.599998
v -10.648528 30.151472 75.599998
v -10.561272 30.072388 75.599998
v -10.605871 30.110857 75.599998
v -10.466684 30.002237 75.599998
v -10.514839 30.036150 75.599998
v -10.416924 29.970726 75.599998
v -10.365676 29.941692 75.599998
v -10.313066 29.915213 75.599998
v -10.259220 29.891344 75.599998
v -10.204268 29.870148 75.599998
v -10.148341 29.851671 75.599998
v -10.091577 29.835962 75.599998
v -9.976076 29.812988 75.599998
v -9.917621 29.805779 75.599998
v -9.858881 29.801447 75.599998
v -10.034108 29.823055 75.599998
v -9.800000 29.799999 75.599998
v -10.929852 30.595732 75.599998
v -10.948328 30.651657 75.599998
v -10.908655 30.540777 75.599998
v -10.797764 30.333315 75.599998
v -10.829274 30.383078 75.599998
v -10.858306 30.434322 75.599998
v -10.884788 30.486935 75.599998
v -10.964038 30.708422 75.599998
v -10.976942 30.765892 75.599998
v -10.987012 30.823923 75.599998
v -10.994222 30.882381 75.599998
v -10.998554 30.941116 75.599998
v -11.000000 31.000000 75.599998
v -10.998554 31.058884 75.599998
v -10.994222 31.117619 75.599998
v -10.987012 31.176077 75.599998
v -10.976942 31.234108 75.599998
v -10.964038 31.291578 75.599998
v -10.948328 31.348343 75.599998
v -10.929852 31.404268 75.599998
v -10.908655 31.459223 75.599998
v -10.884788 31.513065 75.599998
v -10.858306 31.565678 75.599998
v -10.829274 31.616922 75.599998
v -10.797764 31.666685 75.599998
v -10.727612 30.238726 75.599998
v -10.763849 30.285162 75.599998
v -10.763849 31.714838 75.599998
v -10.727612 31.761274 75.599998
v -10.689141 31.805868 75.599998
v -10.648528 31.848528 75.599998
v -10.605871 31.889143 75.599998
v -10.561272 31.927612 75.599998
v -10.514839 31.963850 75.599998
v -10.466684 31.997763 75.599998
v -10.416924 32.029274 75.599998
v -10.365676 32.058304 75.599998
v -10.313066 32.084785 75.599998
v -10.259220 32.108654 75.599998
v -10.204268 32.129852 75.599998
v -10.148341 32.148327 75.599998
v -10.091577 32.164036 75.599998
v -10.034108 32.176941 75.599998
v -9.976076 32.187012 75.599998
v -9.917621 32.194221 75.599998
v -9.858881 32.198555 75.599998
v -9.800000 32.200001 75.599998
v -25.314917 72.555847 74.000000
v -25.612463 73.387436 74.000000
v -24.937292 71.757431 74.000000
v -24.483227 70.999870 74.000000
v -23.957094 70.290459 74.000000
v -23.363960 69.636040 74.000000
v -22.709539 69.042908 74.000000
v -25.827068 74.244186 74.000000
v -25.956663 75.117844 74.000000
v -26.000000 76.000000 74.000000
v -25.956663 76.882156 74.000000
v -25.827068 77.755814 74.000000
v -25.612463 78.612564 74.000000
v -25.314917 79.444153 74.000000
v -24.937292 80.242569 74.000000
v -18.755814 67.172935 74.000000
v -17.882154 67.043335 74.000000
v -17.000000 67.000000 74.000000
v -16.117846 67.043335 74.000000
v -15.244187 67.172935 74.000000
v -22.000132 68.516777 74.000000
v -21.242571 68.062706 74.000000
v -20.444151 67.685081 74.000000
v -19.612562 67.387535 74.000000
v -29.248169 106.479233 72.741707
v -27.626045 106.598892 72.741707
v -26.000000 106.638809 72.741707
v -29.183359 105.821205 73.296101
v -27.593599 105.938469 73.296101
v -26.000000 105.977592 73.296101
v -24.483227 81.000130 74.000000
v -23.957094 81.709541 74.000000
v -23.363960 82.363960 74.000000
v -22.709539 82.957092 74.000000
v -29.521532 97.240234 74.000000
v -28.352413 97.384430 74.000000
v -27.177622 97.471092 74.000000
v -29.101107 104.986076 73.828381
v -27.552422 105.100319 73.828381
v -26.000000 97.500000 74.000000
v -26.000000 105.138428 73.828381
v -29.002205 103.981903 74.333420
v -27.502913 104.092499 74.333420
v -26.000000 104.129395 74.333420
v -22.000132 83.483223 74.000000
v -21.242571 83.937294 74.000000
v -20.444151 84.314919 74.000000
v -19.612562 84.612465 74.000000
v -18.755814 84.827065 74.000000
v -17.882154 84.956665 74.000000
v -17.000000 85.000000 74.000000
v -16.117846 84.956665 74.000000
v -15.244187 84.827065 74.000000
v -14.387439 67.387535 74.000000
v -13.555850 67.685081 74.000000
v -12.757429 68.062706 74.000000
v -11.999867 68.516777 74.000000
v -11.290461 69.042908 74.000000
v -10.636039 69.636040 74.000000
v -10.042906 70.290459 74.000000
v -9.516773 70.999870 74.000000
v -9.062709 71.757431 74.000000
v -8.685084 72.555847 74.000000
v -8.387537 73.387436 74.000000
v -8.172933 74.244186 74.000000
v -8.043338 75.117844 74.000000
v -8.000000 76.000000 74.000000
v -8.043338 76.882156 74.000000
v -9.062709 80.242569 74.000000
v -8.685084 79.444153 74.000000
v -8.172933 77.755814 74.000000
v -8.387537 78.612564 74.000000
v -14.387439 84.612465 74.000000
v -13.555850 84.314919 74.000000
v -12.757429 83.937294 74.000000
v -11.999867 83.483223 74.000000
v -11.290461 82.957092 74.000000
v -10.636039 82.363960 74.000000
v -10.042906 81.709541 74.000000
v -9.516773 81.000130 74.000000
v -29.821751 65.108269 75.599998
v -29.280308 64.835732 75.599998
v -28.726141 64.590088 75.599998
v -28.160589 64.371933 75.599998
v -27.585018 64.181786 75.599998
v -27.000807 64.020111 75.599998
v -26.409365 63.887302 75.599998
v -25.812120 63.783669 75.599998
v -25.210512 63.709473 75.599998
v -24.605986 63.664875 75.599998
v -24.000000 63.650002 75.599998
v -25.314917 72.555847 75.599998
v -25.612463 73.387436 75.599998
v -24.937292 71.757431 75.599998
v -24.483227 70.999870 75.599998
v -23.957094 70.290459 75.599998
v -23.363960 69.636040 75.599998
v -22.709539 69.042908 75.599998
v -25.827068 74.244186 75.599998
v -25.956663 75.117844 75.599998
v -26.000000 76.000000 75.599998
v -25.956663 76.882156 75.599998
v -25.827068 77.755814 75.599998
v -25.612463 78.612564 75.599998
v -25.314917 79.444153 75.599998
v -24.937292 80.242569 75.599998
v -18.755814 67.172935 75.599998
v -17.882154 67.043335 75.599998
v -17.000000 67.000000 75.599998
v -16.117846 67.043335 75.599998
v -15.244187 67.172935 75.599998
v -22.000132 68.516777 75.599998
v -21.242571 68.062706 75.599998
v -20.444151 67.685081 75.599998
v -19.612562 67.387535 75.599998
v -29.821751 65.108269 77.000000
v -29.280308 64.835732 77.000000
v -28.726141 64.590088 77.000000
v -28.160589 64.371933 77.000000
v -27.585018 64.181786 77.000000
v -27.000807 64.020111 77.000000
v -26.409365 63.887302 77.000000
v -25.812120 63.783669 77.000000
v -25.210512 63.709473 77.000000
v -24.605986 63.664875 77.000000
v -24.000000 63.650002 77.000000
v -29.821751 86.891731 75.599998
v -29.280308 87.164268 75.599998
v -28.726141 87.409912 75.599998
v -28.160589 87.628067 75.599998
v -27.585018 87.818214 75.599998
v -27.000807 87.979889 75.599998
v -26.409365 88.112701 75.599998
v -24.483227 81.000130 75.599998
v -23.957094 81.709541 75.599998
v -23.363960 82.363960 75.599998
v -22.709539 82.957092 75.599998
v -25.812120 88.216331 75.599998
v -25.210512 88.290535 75.599998
v -24.605986 88.335121 75.599998
v -24.000000 88.349998 75.599998
v -28.887606 102.818352 74.806358
v -27.445543 102.924721 74.806358
v -28.758413 101.506622 75.242641
v -27.380871 101.608238 75.242641
v -26.000000 102.960213 74.806358
v -26.000000 101.642136 75.242641
v -29.915924 99.899010 75.638062
v -28.615870 100.059357 75.638062
v -27.309511 100.155716 75.638062
v -26.000000 100.187866 75.638062
v -22.000132 83.483223 75.599998
v -21.242571 83.937294 75.599998
v -20.444151 84.314919 75.599998
v -19.612562 84.612465 75.599998
v -18.755814 84.827065 75.599998
v -17.882154 84.956665 75.599998
v -17.000000 85.000000 75.599998
v -16.117846 84.956665 75.599998
v -15.244187 84.827065 75.599998
v -29.821751 86.891731 77.000000
v -29.501959 87.052696 77.000000
v -29.406775 87.100609 76.999695
v -29.280308 87.164268 76.999187
v -29.878044 88.982033 76.971107
v -29.113708 89.153671 76.971107
v -28.763556 87.393326 76.997562
v -28.726141 87.409912 76.997414
v -28.160589 87.628067 76.995670
v -28.341869 89.287598 76.971107
v -29.863901 92.925133 76.741642
v -28.906099 93.091324 76.741642
v -29.492470 91.057831 76.884712
v -28.626743 91.208046 76.884712
v -28.098732 87.648506 76.995529
v -27.585018 87.818214 76.993973
v -27.414858 87.865303 76.993591
v -27.564386 89.383492 76.971107
v -27.000807 87.979889 76.992355
v -26.714508 88.044174 76.991722
v -26.409365 88.112701 76.990822
v -26.783136 89.441116 76.971107
v -27.941296 93.210327 76.741642
v -26.971817 93.281837 76.741642
v -27.754684 91.315605 76.884712
v -26.878401 91.380241 76.884712
v -26.000000 88.183731 76.989922
v -25.812120 88.216331 76.989441
v -26.000000 89.460342 76.971107
v -25.210512 88.290535 76.988350
v -24.605986 88.335121 76.987690
v -26.000000 93.305695 76.741642
v -26.000000 91.401810 76.884712
v -24.000000 88.349998 76.987473
v -29.684608 98.339615 75.988819
v -28.461348 98.490486 75.988819
v -27.232161 98.581154 75.988819
v -29.437590 96.674362 76.291527
v -28.296339 96.815125 76.291527
v -27.149555 96.899712 76.291527
v -26.000000 98.611404 75.988819
v -26.000000 96.927933 76.291527
v -29.177254 94.919304 76.543278
v -28.122433 95.049400 76.543278
v -27.062492 95.127586 76.543278
v -26.000000 95.153671 76.543278
v -14.387439 67.387535 75.599998
v -13.555850 67.685081 75.599998
v -12.757429 68.062706 75.599998
v -11.999867 68.516777 75.599998
v -11.290461 69.042908 75.599998
v -10.636039 69.636040 75.599998
v -10.042906 70.290459 75.599998
v -9.516773 70.999870 75.599998
v -9.062709 71.757431 75.599998
v -8.685084 72.555847 75.599998
v -8.387537 73.387436 75.599998
v -8.172933 74.244186 75.599998
v -8.043338 75.117844 75.599998
v -8.000000 76.000000 75.599998
v -8.043338 76.882156 75.599998
v -9.062709 80.242569 75.599998
v -8.685084 79.444153 75.599998
v -8.172933 77.755814 75.599998
v -8.387537 78.612564 75.599998
v -14.387439 84.612465 75.599998
v -13.555850 84.314919 75.599998
v -12.757429 83.937294 75.599998
v -11.999867 83.483223 75.599998
v -11.290461 82.957092 75.599998
v -10.636039 82.363960 75.599998
v -10.042906 81.709541 75.599998
v -9.516773 81.000130 75.599998
v 26.000000 -104.150002 68.000000
v 26.000000 -101.500000 68.000000
v 27.503923 -104.113083 68.000000
v 27.373894 -101.466270 68.000000
v 29.004225 -104.002411 68.000000
v 28.744480 -101.365173 68.000000
v 26.000000 -107.500008 71.000000
v 26.000000 -104.150002 71.000000
v 26.000000 -101.500000 71.000000
v 26.000000 -97.500000 71.000000
v 27.668301 -107.459045 71.000000
v 27.503923 -104.113083 71.000000
v 27.373894 -101.466270 71.000000
v 29.332582 -107.336281 71.000000
v 29.004225 -104.002411 71.000000
v 28.744480 -101.365173 71.000000
v 27.177622 -97.471092 71.000000
v 28.352413 -97.384430 71.000000
v 29.521532 -97.240234 71.000000
v 26.000000 -107.403702 71.588104
v 27.663578 -107.362854 71.588104
v 29.323143 -107.240440 71.588104
v 26.000000 -107.115707 72.170544
v 27.649443 -107.075211 72.170544
v 29.294916 -106.953835 72.170544
v 30.497290 -103.818260 68.000000
v 30.108454 -101.196945 68.000000
v 31.462528 -100.961990 68.000000
v 31.979521 -103.561066 68.000000
v 33.447342 -103.231461 68.000000
v 32.803444 -100.660873 68.000000
v 34.897224 -102.830223 68.000000
v 36.325672 -102.358322 68.000000
v 34.127972 -100.294327 68.000000
v 35.432915 -99.863235 68.000000
v 36.715137 -99.368629 68.000000
v 37.729248 -101.816910 68.000000
v 39.104565 -101.207275 68.000000
v 37.971542 -98.811699 68.000000
v 39.199108 -98.193794 68.000000
v 40.448311 -100.530884 68.000000
v 40.394878 -97.516403 68.000000
v 41.757248 -99.789383 68.000000
v 43.028229 -98.984543 68.000000
v 41.555965 -96.781151 68.000000
v 42.679581 -95.989807 68.000000
v 44.258183 -98.118309 68.000000
v 43.763012 -95.144295 68.000000
v 44.803650 -94.246628 68.000000
v 42.325817 -60.498402 68.000000
v 42.593212 -60.944527 68.000000
v 42.903046 -61.362286 68.000000
v 44.055477 -62.406792 68.000000
v 43.252335 -61.747665 68.000000
v 43.637714 -62.096954 68.000000
v 44.501598 -62.674183 68.000000
v 44.971779 -62.896564 68.000000
v 42.103439 -60.028225 68.000000
v 41.928215 -59.538509 68.000000
v 41.801838 -59.033978 68.000000
v 41.700001 -58.000000 68.000000
v 41.725521 -58.519489 68.000000
v 41.725521 -57.480511 68.000000
v 41.801838 -56.966022 68.000000
v 41.928215 -56.461491 68.000000
v 42.103439 -55.971775 68.000000
v 42.325817 -55.501598 68.000000
v 42.593212 -55.055473 68.000000
v 42.903046 -54.637714 68.000000
v 43.650002 -58.000000 68.000000
v 43.252335 -54.252335 68.000000
v 43.637714 -53.903046 68.000000
v 45.444153 -97.192772 68.000000
v 46.583282 -96.210152 68.000000
v 47.672821 -95.172821 68.000000
v 48.710152 -94.083282 68.000000
v 45.798988 -93.298988 68.000000
v 46.746632 -92.303650 68.000000
v 47.644291 -91.263016 68.000000
v 48.489811 -90.179581 68.000000
v 49.692772 -92.944153 68.000000
v 50.618309 -91.758186 68.000000
v 49.281151 -89.055969 68.000000
v 50.016399 -87.894875 68.000000
v 51.484543 -90.528229 68.000000
v 52.289383 -89.257248 68.000000
v 50.693794 -86.699112 68.000000
v 51.311699 -85.471542 68.000000
v 51.868626 -84.215134 68.000000
v 52.363235 -82.932915 68.000000
v 53.030888 -87.948311 68.000000
v 53.707272 -86.604561 68.000000
v 54.316910 -85.229248 68.000000
v 52.794331 -81.627968 68.000000
v 54.858322 -83.825676 68.000000
v 55.330219 -82.397224 68.000000
v 55.731457 -80.947342 68.000000
v 45.461491 -63.071781 68.000000
v 45.325001 -60.901184 68.000000
v 45.966022 -63.198162 68.000000
v 46.480511 -63.274475 68.000000
v 47.000000 -63.299999 68.000000
v 47.519489 -63.274475 68.000000
v 48.033978 -63.198162 68.000000
v 48.538509 -63.071781 68.000000
v 48.674999 -60.901184 68.000000
v 45.325001 -55.098816 68.000000
v 48.674999 -55.098816 68.000000
v 49.028221 -62.896564 68.000000
v 49.498402 -62.674183 68.000000
v 49.944523 -62.406792 68.000000
v 50.362286 -62.096954 68.000000
v 50.747665 -61.747665 68.000000
v 51.096954 -61.362286 68.000000
v 51.406788 -60.944527 68.000000
v 51.674183 -60.498402 68.000000
v 50.349998 -58.000000 68.000000
v 50.362286 -53.903046 68.000000
v 51.896561 -60.028225 68.000000
v 52.071785 -59.538509 68.000000
v 52.198162 -59.033978 68.000000
v 52.274479 -58.519489 68.000000
v 52.299999 -58.000000 68.000000
v 52.274479 -57.480511 68.000000
v 50.747665 -54.252335 68.000000
v 51.096954 -54.637714 68.000000
v 51.406788 -55.055473 68.000000
v 51.674183 -55.501598 68.000000
v 51.896561 -55.971775 68.000000
v 52.198162 -56.966022 68.000000
v 52.071785 -56.461491 68.000000
v 53.160873 -80.303444 68.000000
v 53.461987 -78.962532 68.000000
v 53.696941 -77.608452 68.000000
v 53.865170 -76.244476 68.000000
v 53.966270 -74.873894 68.000000
v 56.061069 -79.479515 68.000000
v 54.000000 -73.500000 68.000000
v 56.318260 -77.997292 68.000000
v 56.502415 -76.504227 68.000000
v 56.613083 -75.003922 68.000000
v 56.650002 -73.500000 68.000000
v 30.988834 -107.132004 71.000000
v 30.497290 -103.818260 71.000000
v 30.108454 -101.196945 71.000000
v 31.462528 -100.961990 71.000000
v 32.633072 -106.846703 71.000000
v 31.979521 -103.561066 71.000000
v 33.447342 -103.231461 71.000000
v 30.682167 -97.038849 71.000000
v 31.831524 -96.780746 71.000000
v 32.803444 -100.660873 71.000000
v 32.966831 -96.466568 71.000000
v 34.261326 -106.481064 71.000000
v 34.897224 -102.830223 71.000000
v 35.869678 -106.035973 71.000000
v 37.454254 -105.512497 71.000000
v 36.325672 -102.358322 71.000000
v 34.127972 -100.294327 71.000000
v 35.432915 -99.863235 71.000000
v 34.085358 -96.097061 71.000000
v 35.184402 -95.673111 71.000000
v 36.715137 -99.368629 71.000000
v 36.261322 -95.195740 71.000000
v 37.313522 -94.666107 71.000000
v 39.011238 -104.911903 71.000000
v 37.729248 -101.816910 71.000000
v 39.104565 -101.207275 71.000000
v 40.536873 -104.235634 71.000000
v 37.971542 -98.811699 71.000000
v 39.199108 -98.193794 71.000000
v 38.338467 -94.085487 71.000000
v 40.448311 -100.530884 71.000000
v 40.394878 -97.516403 71.000000
v 42.027489 -103.485321 71.000000
v 43.479492 -102.662773 71.000000
v 44.889389 -101.769966 71.000000
v 41.757248 -99.789383 71.000000
v 43.028229 -98.984543 71.000000
v 41.555965 -96.781151 71.000000
v 42.679581 -95.989807 71.000000
v 44.258183 -98.118309 71.000000
v 43.763012 -95.144295 71.000000
v 44.803650 -94.246628 71.000000
v 39.333687 -93.455269 71.000000
v 40.296783 -92.776978 71.000000
v 41.225437 -92.052254 71.000000
v 42.117416 -91.282829 71.000000
v 42.970562 -90.470566 71.000000
v 43.782825 -89.617416 71.000000
v 44.552250 -88.725441 71.000000
v 30.974705 -107.036736 71.588104
v 32.614285 -106.752243 71.588104
v 34.237926 -106.387642 71.588104
v 35.841724 -105.943810 71.588104
v 37.421810 -105.421822 71.588104
v 30.932447 -106.751869 72.170544
v 32.558098 -106.469788 72.170544
v 34.167950 -106.108284 72.170544
v 35.758125 -105.668228 72.170544
v 37.324791 -105.150665 72.170544
v 38.974380 -104.822929 71.588104
v 40.495697 -104.148575 71.588104
v 41.982090 -103.400391 71.588104
v 43.429981 -102.580170 71.588104
v 44.835884 -101.689888 71.588104
v 38.864174 -104.556862 72.170544
v 40.372566 -103.888237 72.170544
v 41.846333 -103.146408 72.170544
v 43.281925 -102.333153 72.170544
v 44.675884 -101.450439 72.170544
v 43.650002 -58.000000 71.500000
v 46.253777 -100.809059 71.000000
v 45.444153 -97.192772 71.000000
v 46.583282 -96.210152 71.000000
v 47.569370 -99.782356 71.000000
v 47.672821 -95.172821 71.000000
v 48.710152 -94.083282 71.000000
v 48.833004 -98.692337 71.000000
v 50.041630 -97.541634 71.000000
v 51.192337 -96.333008 71.000000
v 52.282356 -95.069374 71.000000
v 45.798988 -93.298988 71.000000
v 46.746632 -92.303650 71.000000
v 45.276981 -87.796783 71.000000
v 47.644291 -91.263016 71.000000
v 48.489811 -90.179581 71.000000
v 45.955269 -86.833687 71.000000
v 46.585487 -85.838463 71.000000
v 47.166111 -84.813522 71.000000
v 47.695744 -83.761322 71.000000
v 48.173107 -82.684402 71.000000
v 48.597057 -81.585358 71.000000
v 49.692772 -92.944153 71.000000
v 50.618309 -91.758186 71.000000
v 49.281151 -89.055969 71.000000
v 50.016399 -87.894875 71.000000
v 51.484543 -90.528229 71.000000
v 52.289383 -89.257248 71.000000
v 50.693794 -86.699112 71.000000
v 51.311699 -85.471542 71.000000
v 51.868626 -84.215134 71.000000
v 52.363235 -82.932915 71.000000
v 53.309055 -93.753777 71.000000
v 54.269966 -92.389389 71.000000
v 53.030888 -87.948311 71.000000
v 55.162769 -90.979492 71.000000
v 55.985325 -89.527489 71.000000
v 53.707272 -86.604561 71.000000
v 54.316910 -85.229248 71.000000
v 52.794331 -81.627968 71.000000
v 54.858322 -83.825676 71.000000
v 55.330219 -82.397224 71.000000
v 55.731457 -80.947342 71.000000
v 56.735634 -88.036873 71.000000
v 57.411903 -86.511238 71.000000
v 58.012501 -84.954254 71.000000
v 58.535973 -83.369682 71.000000
v 58.981064 -81.761330 71.000000
v 46.196407 -100.731705 71.588104
v 47.508278 -99.707909 71.588104
v 48.768330 -98.620979 71.588104
v 49.973534 -97.473534 71.588104
v 51.120979 -96.268333 71.588104
v 52.207909 -95.008278 71.588104
v 46.024853 -100.500389 72.170544
v 47.325577 -99.485291 72.170544
v 48.574928 -98.407593 72.170544
v 49.769894 -97.269890 72.170544
v 50.907597 -96.074928 72.170544
v 51.985291 -94.825577 72.170544
v 53.231701 -93.696404 71.588104
v 54.189896 -92.335884 71.588104
v 55.080173 -90.929985 71.588104
v 55.900391 -89.482094 71.588104
v 56.648575 -87.995697 71.588104
v 57.322929 -86.474380 71.588104
v 57.921825 -84.921814 71.588104
v 58.443813 -83.341721 71.588104
v 58.887642 -81.737923 71.588104
v 53.000389 -93.524849 72.170544
v 53.950439 -92.175888 72.170544
v 54.833153 -90.781929 72.170544
v 55.646408 -89.346336 72.170544
v 56.388237 -87.872566 72.170544
v 57.056866 -86.364174 72.170544
v 57.650669 -84.824791 72.170544
v 58.168224 -83.258125 72.170544
v 58.608280 -81.667953 72.170544
v 48.966568 -80.466835 71.000000
v 49.280750 -79.331528 71.000000
v 49.538845 -78.182167 71.000000
v 49.740234 -77.021530 71.000000
v 49.884434 -75.852409 71.000000
v 49.971092 -74.677628 71.000000
v 50.000000 -73.500000 71.000000
v 50.000000 -62.365646 71.000000
v 50.362286 -62.096954 71.000000
v 50.747665 -61.747665 71.000000
v 51.096954 -61.362286 71.000000
v 51.406788 -60.944527 71.000000
v 51.674183 -60.498402 71.000000
v 50.362286 -53.903046 71.000000
v 51.896561 -60.028225 71.000000
v 52.071785 -59.538509 71.000000
v 52.198162 -59.033978 71.000000
v 52.274479 -58.519489 71.000000
v 52.299999 -58.000000 71.000000
v 52.274479 -57.480511 71.000000
v 50.747665 -54.252335 71.000000
v 51.096954 -54.637714 71.000000
v 51.406788 -55.055473 71.000000
v 51.674183 -55.501598 71.000000
v 51.896561 -55.971775 71.000000
v 52.198162 -56.966022 71.000000
v 52.071785 -56.461491 71.000000
v 53.160873 -80.303444 71.000000
v 53.461987 -78.962532 71.000000
v 53.696941 -77.608452 71.000000
v 53.865170 -76.244476 71.000000
v 53.966270 -74.873894 71.000000
v 56.061069 -79.479515 71.000000
v 54.000000 -73.500000 71.000000
v 56.318260 -77.997292 71.000000
v 56.502415 -76.504227 71.000000
v 56.613083 -75.003922 71.000000
v 59.346703 -80.133072 71.000000
v 59.632000 -78.488838 71.000000
v 59.836281 -76.832581 71.000000
v 59.959045 -75.168304 71.000000
v 56.650002 -73.500000 71.000000
v 60.000000 -73.500000 71.000000
v 45.325001 -60.901184 71.500000
v 48.674999 -60.901184 71.500000
v 45.500732 -58.801376 71.500000
v 45.685883 -59.078472 71.500000
v 45.586502 -58.944466 71.500000
v 45.921532 -59.314117 71.500000
v 45.797920 -59.202080 71.500000
v 45.429405 -58.650558 71.500000
v 45.373203 -58.493484 71.500000
v 45.332664 -58.331654 71.500000
v 45.308186 -58.166630 71.500000
v 45.299999 -58.000000 71.500000
v 45.308186 -57.833370 71.500000
v 45.332664 -57.668346 71.500000
v 45.373203 -57.506516 71.500000
v 45.429405 -57.349442 71.500000
v 45.500732 -57.198624 71.500000
v 46.055531 -59.413498 71.500000
v 46.198624 -59.499271 71.500000
v 46.349438 -59.570591 71.500000
v 46.668346 -59.667336 71.500000
v 46.833370 -59.691814 71.500000
v 46.506516 -59.626797 71.500000
v 45.586502 -57.055534 71.500000
v 45.685883 -56.921528 71.500000
v 45.797920 -56.797920 71.500000
v 45.921532 -56.685883 71.500000
v 45.325001 -55.098816 71.500000
v 46.055531 -56.586502 71.500000
v 46.198624 -56.500729 71.500000
v 46.349438 -56.429409 71.500000
v 46.506516 -56.373203 71.500000
v 46.668346 -56.332664 71.500000
v 46.833370 -56.308186 71.500000
v 47.000000 -59.700001 71.500000
v 47.166630 -59.691814 71.500000
v 47.331654 -59.667336 71.500000
v 47.493484 -59.626797 71.500000
v 47.650562 -59.570591 71.500000
v 47.801376 -59.499271 71.500000
v 47.944469 -59.413498 71.500000
v 48.078468 -59.314117 71.500000
v 48.202080 -59.202080 71.500000
v 48.314117 -59.078472 71.500000
v 48.413498 -58.944466 71.500000
v 48.499268 -58.801376 71.500000
v 48.570595 -58.650558 71.500000
v 48.626797 -58.493484 71.500000
v 48.667336 -58.331654 71.500000
v 48.691814 -58.166630 71.500000
v 48.700001 -58.000000 71.500000
v 48.499268 -57.198624 71.500000
v 48.691814 -57.833370 71.500000
v 48.667336 -57.668346 71.500000
v 48.570595 -57.349442 71.500000
v 48.626797 -57.506516 71.500000
v 47.000000 -56.299999 71.500000
v 47.166630 -56.308186 71.500000
v 47.331654 -56.332664 71.500000
v 47.493484 -56.373203 71.500000
v 47.650562 -56.429409 71.500000
v 47.801376 -56.500729 71.500000
v 47.944469 -56.586502 71.500000
v 48.202080 -56.797920 71.500000
v 48.078468 -56.685883 71.500000
v 48.314117 -56.921528 71.500000
v 48.413498 -57.055534 71.500000
v 48.674999 -55.098816 71.500000
v 50.349998 -58.000000 71.500000
v 59.252243 -80.114281 71.588104
v 59.536743 -78.474709 71.588104
v 59.740440 -76.823143 71.588104
v 59.862862 -75.163574 71.588104
v 59.903694 -73.500000 71.588104
v 58.969784 -80.058098 72.170544
v 59.251865 -78.432449 72.170544
v 59.453838 -76.794914 72.170544
v 59.575214 -75.149445 72.170544
v 59.615707 -73.500000 72.170544
v 44.055477 -53.593212 68.000000
v 44.501598 -53.325817 68.000000
v 44.971779 -53.103439 68.000000
v 45.461491 -52.928215 68.000000
v 45.966022 -52.801838 68.000000
v 46.480511 -52.725521 68.000000
v 47.000000 -52.700001 68.000000
v 47.519489 -52.725521 68.000000
v 48.033978 -52.801838 68.000000
v 48.538509 -52.928215 68.000000
v 49.028221 -53.103439 68.000000
v 49.498402 -53.325817 68.000000
v 49.944523 -53.593212 68.000000
v 50.000000 -53.634357 71.000000
v 26.000000 -106.638809 72.741707
v 27.626045 -106.598892 72.741707
v 29.248169 -106.479233 72.741707
v 26.000000 -105.977592 73.296101
v 27.593599 -105.938469 73.296101
v 29.183359 -105.821205 73.296101
v 26.000000 -105.138428 73.828381
v 26.000000 -97.500000 74.000000
v 27.552422 -105.100319 73.828381
v 29.101107 -104.986076 73.828381
v 27.177622 -97.471092 74.000000
v 28.352413 -97.384430 74.000000
v 29.521532 -97.240234 74.000000
v 26.000000 -104.129395 74.333420
v 27.502913 -104.092499 74.333420
v 29.002205 -103.981903 74.333420
v 21.313450 -79.136566 74.000000
v 21.299999 -79.000000 74.000000
v 21.417971 -79.388901 74.000000
v 21.505026 -79.494972 74.000000
v 21.353285 -79.267876 74.000000
v 21.313450 -78.863434 74.000000
v 21.353285 -78.732124 74.000000
v 21.417971 -78.611099 74.000000
v 21.505026 -78.505028 74.000000
v 21.611101 -79.582031 74.000000
v 21.732122 -79.646713 74.000000
v 21.863438 -79.686546 74.000000
v 22.000000 -79.699997 74.000000
v 22.136562 -79.686546 74.000000
v 22.267878 -79.646713 74.000000
v 22.388899 -79.582031 74.000000
v 22.494974 -79.494972 74.000000
v 21.611101 -78.417969 74.000000
v 21.732122 -78.353287 74.000000
v 21.863438 -78.313454 74.000000
v 22.000000 -78.300003 74.000000
v 22.136562 -78.313454 74.000000
v 22.267878 -78.353287 74.000000
v 22.494974 -78.505028 74.000000
v 22.388899 -78.417969 74.000000
v 21.313450 -75.136566 74.000000
v 21.299999 -75.000000 74.000000
v 21.313450 -74.863434 74.000000
v 21.417971 -75.388901 74.000000
v 21.353285 -75.267876 74.000000
v 21.505026 -75.494972 74.000000
v 21.353285 -74.732124 74.000000
v 21.417971 -74.611099 74.000000
v 21.505026 -74.505028 74.000000
v 21.732122 -75.646713 74.000000
v 21.863438 -75.686546 74.000000
v 22.000000 -75.699997 74.000000
v 22.136562 -75.686546 74.000000
v 22.267878 -75.646713 74.000000
v 21.611101 -75.582031 74.000000
v 21.611101 -74.417969 74.000000
v 21.732122 -74.353287 74.000000
v 21.863438 -74.313454 74.000000
v 22.000000 -74.300003 74.000000
v 22.388899 -75.582031 74.000000
v 22.494974 -75.494972 74.000000
v 22.136562 -74.313454 74.000000
v 22.267878 -74.353287 74.000000
v 22.388899 -74.417969 74.000000
v 22.494974 -74.505028 74.000000
v 21.417971 -71.388901 74.000000
v 21.505026 -71.494972 74.000000
v 21.313450 -71.136566 74.000000
v 21.299999 -71.000000 74.000000
v 21.313450 -70.863434 74.000000
v 21.353285 -71.267876 74.000000
v 21.353285 -70.732124 74.000000
v 21.417971 -70.611099 74.000000
v 21.611101 -71.582031 74.000000
v 21.732122 -71.646713 74.000000
v 21.863438 -71.686546 74.000000
v 22.000000 -71.699997 74.000000
v 22.136562 -71.686546 74.000000
v 22.267878 -71.646713 74.000000
v 22.388899 -71.582031 74.000000
v 22.494974 -71.494972 74.000000
v 21.505026 -70.505028 74.000000
v 21.417971 -67.388901 74.000000
v 21.353285 -67.267876 74.000000
v 21.505026 -67.494972 74.000000
v 21.611101 -70.417969 74.000000
v 21.732122 -70.353287 74.000000
v 21.863438 -70.313454 74.000000
v 22.000000 -70.300003 74.000000
v 22.136562 -70.313454 74.000000
v 22.267878 -70.353287 74.000000
v 22.388899 -70.417969 74.000000
v 22.494974 -70.505028 74.000000
v 21.732122 -67.646713 74.000000
v 21.611101 -67.582031 74.000000
v 21.863438 -67.686546 74.000000
v 22.000000 -67.699997 74.000000
v 22.136562 -67.686546 74.000000
v 22.267878 -67.646713 74.000000
v 22.388899 -67.582031 74.000000
v 22.494974 -67.494972 74.000000
v 21.313450 -67.136566 74.000000
v 21.299999 -67.000000 74.000000
v 21.313450 -66.863434 74.000000
v 21.353285 -66.732124 74.000000
v 21.417971 -66.611099 74.000000
v 21.505026 -66.505028 74.000000
v 21.611101 -66.417969 74.000000
v 21.732122 -66.353287 74.000000
v 21.863438 -66.313454 74.000000
v 22.000000 -66.300003 74.000000
v 22.267878 -66.353287 74.000000
v 22.388899 -66.417969 74.000000
v 22.494974 -66.505028 74.000000
v 22.136562 -66.313454 74.000000
v 22.582029 -79.388901 74.000000
v 22.646715 -79.267876 74.000000
v 22.686550 -79.136566 74.000000
v 22.700001 -79.000000 74.000000
v 22.582029 -78.611099 74.000000
v 22.686550 -78.863434 74.000000
v 22.646715 -78.732124 74.000000
v 22.582029 -75.388901 74.000000
v 22.646715 -75.267876 74.000000
v 22.686550 -75.136566 74.000000
v 22.700001 -75.000000 74.000000
v 22.686550 -74.863434 74.000000
v 22.582029 -74.611099 74.000000
v 22.646715 -74.732124 74.000000
v 25.299999 -79.000000 74.000000
v 25.417971 -79.388901 74.000000
v 25.505026 -79.494972 74.000000
v 25.353285 -79.267876 74.000000
v 25.313450 -79.136566 74.000000
v 25.611101 -79.582031 74.000000
v 25.732122 -79.646713 74.000000
v 25.863438 -79.686546 74.000000
v 26.000000 -79.699997 74.000000
v 26.136562 -79.686546 74.000000
v 25.313450 -78.863434 74.000000
v 25.353285 -78.732124 74.000000
v 25.417971 -78.611099 74.000000
v 25.505026 -78.505028 74.000000
v 25.611101 -78.417969 74.000000
v 25.732122 -78.353287 74.000000
v 25.863438 -78.313454 74.000000
v 26.000000 -78.300003 74.000000
v 26.136562 -78.313454 74.000000
v 25.299999 -75.000000 74.000000
v 25.732122 -75.646713 74.000000
v 25.863438 -75.686546 74.000000
v 26.000000 -75.699997 74.000000
v 26.136562 -75.686546 74.000000
v 25.417971 -75.388901 74.000000
v 25.353285 -75.267876 74.000000
v 25.505026 -75.494972 74.000000
v 25.313450 -75.136566 74.000000
v 25.313450 -74.863434 74.000000
v 25.611101 -75.582031 74.000000
v 25.353285 -74.732124 74.000000
v 25.417971 -74.611099 74.000000
v 25.505026 -74.505028 74.000000
v 25.611101 -74.417969 74.000000
v 25.732122 -74.353287 74.000000
v 25.863438 -74.313454 74.000000
v 26.000000 -74.300003 74.000000
v 26.136562 -74.313454 74.000000
v 22.582029 -71.388901 74.000000
v 22.646715 -71.267876 74.000000
v 22.686550 -71.136566 74.000000
v 22.700001 -71.000000 74.000000
v 22.582029 -70.611099 74.000000
v 22.686550 -70.863434 74.000000
v 22.646715 -70.732124 74.000000
v 22.582029 -67.388901 74.000000
v 22.646715 -67.267876 74.000000
v 25.299999 -71.000000 74.000000
v 25.417971 -71.388901 74.000000
v 25.505026 -71.494972 74.000000
v 25.611101 -71.582031 74.000000
v 25.732122 -71.646713 74.000000
v 25.353285 -71.267876 74.000000
v 25.313450 -71.136566 74.000000
v 25.313450 -70.863434 74.000000
v 25.353285 -70.732124 74.000000
v 25.417971 -70.611099 74.000000
v 25.863438 -71.686546 74.000000
v 26.000000 -71.699997 74.000000
v 26.136562 -71.686546 74.000000
v 25.505026 -70.505028 74.000000
v 25.611101 -70.417969 74.000000
v 25.732122 -70.353287 74.000000
v 25.863438 -70.313454 74.000000
v 26.000000 -70.300003 74.000000
v 26.136562 -70.313454 74.000000
v 25.417971 -67.388901 74.000000
v 25.353285 -67.267876 74.000000
v 25.505026 -67.494972 74.000000
v 25.732122 -67.646713 74.000000
v 25.611101 -67.582031 74.000000
v 25.863438 -67.686546 74.000000
v 26.000000 -67.699997 74.000000
v 26.136562 -67.686546 74.000000
v 26.267878 -79.646713 74.000000
v 26.388899 -79.582031 74.000000
v 26.494974 -79.494972 74.000000
v 26.582029 -79.388901 74.000000
v 26.646715 -79.267876 74.000000
v 26.686550 -79.136566 74.000000
v 26.700001 -79.000000 74.000000
v 26.267878 -78.353287 74.000000
v 26.388899 -78.417969 74.000000
v 26.582029 -78.611099 74.000000
v 26.686550 -78.863434 74.000000
v 26.646715 -78.732124 74.000000
v 26.494974 -78.505028 74.000000
v 26.267878 -75.646713 74.000000
v 26.388899 -75.582031 74.000000
v 26.494974 -75.494972 74.000000
v 26.582029 -75.388901 74.000000
v 26.646715 -75.267876 74.000000
v 26.686550 -75.136566 74.000000
v 26.700001 -75.000000 74.000000
v 26.686550 -74.863434 74.000000
v 26.267878 -74.353287 74.000000
v 26.388899 -74.417969 74.000000
v 26.582029 -74.611099 74.000000
v 26.494974 -74.505028 74.000000
v 26.646715 -74.732124 74.000000
v 29.417971 -79.388901 74.000000
v 29.505028 -79.494972 74.000000
v 29.353287 -79.267876 74.000000
v 29.299999 -79.000000 74.000000
v 29.313450 -79.136566 74.000000
v 29.611101 -79.582031 74.000000
v 29.732122 -79.646713 74.000000
v 29.863438 -79.686546 74.000000
v 29.313450 -78.863434 74.000000
v 29.353287 -78.732124 74.000000
v 29.417971 -78.611099 74.000000
v 29.505028 -78.505028 74.000000
v 29.611101 -78.417969 74.000000
v 29.732122 -78.353287 74.000000
v 29.863438 -78.313454 74.000000
v 29.732122 -75.646713 74.000000
v 29.863438 -75.686546 74.000000
v 29.353287 -75.267876 74.000000
v 29.505028 -75.494972 74.000000
v 29.417971 -75.388901 74.000000
v 29.299999 -75.000000 74.000000
v 29.313450 -75.136566 74.000000
v 29.313450 -74.863434 74.000000
v 29.353287 -74.732124 74.000000
v 29.417971 -74.611099 74.000000
v 29.505028 -74.505028 74.000000
v 29.611101 -75.582031 74.000000
v 29.611101 -74.417969 74.000000
v 29.732122 -74.353287 74.000000
v 29.863438 -74.313454 74.000000
v 26.267878 -71.646713 74.000000
v 26.388899 -71.582031 74.000000
v 26.494974 -71.494972 74.000000
v 26.582029 -71.388901 74.000000
v 26.646715 -71.267876 74.000000
v 26.686550 -71.136566 74.000000
v 26.700001 -71.000000 74.000000
v 26.582029 -70.611099 74.000000
v 26.686550 -70.863434 74.000000
v 26.646715 -70.732124 74.000000
v 26.267878 -70.353287 74.000000
v 26.388899 -70.417969 74.000000
v 26.494974 -70.505028 74.000000
v 26.267878 -67.646713 74.000000
v 26.388899 -67.582031 74.000000
v 26.494974 -67.494972 74.000000
v 26.582029 -67.388901 74.000000
v 26.646715 -67.267876 74.000000
v 29.417971 -71.388901 74.000000
v 29.505028 -71.494972 74.000000
v 29.353287 -71.267876 74.000000
v 29.299999 -71.000000 74.000000
v 29.313450 -71.136566 74.000000
v 29.313450 -70.863434 74.000000
v 29.353287 -70.732124 74.000000
v 29.417971 -70.611099 74.000000
v 29.611101 -71.582031 74.000000
v 29.732122 -71.646713 74.000000
v 29.863438 -71.686546 74.000000
v 29.505028 -70.505028 74.000000
v 29.611101 -70.417969 74.000000
v 29.732122 -70.353287 74.000000
v 29.863438 -70.313454 74.000000
v 29.353287 -67.267876 74.000000
v 29.505028 -67.494972 74.000000
v 29.417971 -67.388901 74.000000
v 29.732122 -67.646713 74.000000
v 29.611101 -67.582031 74.000000
v 29.863438 -67.686546 74.000000
v 22.686550 -67.136566 74.000000
v 22.700001 -67.000000 74.000000
v 22.686550 -66.863434 74.000000
v 22.582029 -66.611099 74.000000
v 22.646715 -66.732124 74.000000
v 25.299999 -67.000000 74.000000
v 25.313450 -67.136566 74.000000
v 25.313450 -66.863434 74.000000
v 25.353285 -66.732124 74.000000
v 25.417971 -66.611099 74.000000
v 25.505026 -66.505028 74.000000
v 25.611101 -66.417969 74.000000
v 25.732122 -66.353287 74.000000
v 25.863438 -66.313454 74.000000
v 26.000000 -66.300003 74.000000
v 26.136562 -66.313454 74.000000
v 26.267878 -66.353287 74.000000
v 26.388899 -66.417969 74.000000
v 26.686550 -67.136566 74.000000
v 26.700001 -67.000000 74.000000
v 26.686550 -66.863434 74.000000
v 26.582029 -66.611099 74.000000
v 26.494974 -66.505028 74.000000
v 26.646715 -66.732124 74.000000
v 29.299999 -67.000000 74.000000
v 29.313450 -67.136566 74.000000
v 29.313450 -66.863434 74.000000
v 29.353287 -66.732124 74.000000
v 29.417971 -66.611099 74.000000
v 29.505028 -66.505028 74.000000
v 29.611101 -66.417969 74.000000
v 29.732122 -66.353287 74.000000
v 29.863438 -66.313454 74.000000
v 20.000000 -86.349998 75.599998
v 21.145731 -86.321877 75.599998
v 22.288700 -86.237564 75.599998
v 26.000000 -102.960213 74.806358
v 26.000000 -101.642136 75.242641
v 27.445543 -102.924721 74.806358
v 28.887606 -102.818352 74.806358
v 27.380871 -101.608238 75.242641
v 28.758413 -101.506622 75.242641
v 26.000000 -100.187866 75.638062
v 27.309511 -100.155716 75.638062
v 28.615870 -100.059357 75.638062
v 29.915924 -99.899010 75.638062
v 23.426157 -86.097275 75.599998
v 24.555359 -85.901337 75.599998
v 25.673588 -85.650230 75.599998
v 26.778147 -85.344559 75.599998
v 27.866377 -84.985054 75.599998
v 28.935658 -84.572586 75.599998
v 29.983412 -84.108147 75.599998
v 20.000000 -86.349998 77.000000
v 21.145731 -86.321877 77.000000
v 22.288700 -86.237564 77.000000
v 26.000000 -98.611404 75.988819
v 26.000000 -96.927933 76.291527
v 27.232161 -98.581154 75.988819
v 28.461348 -98.490486 75.988819
v 29.684608 -98.339615 75.988819
v 27.149555 -96.899712 76.291527
v 28.296339 -96.815125 76.291527
v 29.437590 -96.674362 76.291527
v 26.000000 -95.153671 76.543278
v 27.062492 -95.127586 76.543278
v 28.122433 -95.049400 76.543278
v 29.177254 -94.919304 76.543278
v 26.000000 -93.305695 76.741642
v 26.000000 -91.401810 76.884712
v 26.000000 -89.460342 76.971107
v 26.000000 -87.500000 77.000000
v 23.426157 -86.097275 77.000000
v 24.555359 -85.901337 77.000000
v 25.673588 -85.650230 77.000000
v 26.971817 -93.281837 76.741642
v 27.941296 -93.210327 76.741642
v 26.878401 -91.380241 76.884712
v 27.754684 -91.315605 76.884712
v 26.783136 -89.441116 76.971107
v 26.686947 -87.483139 77.000000
v 27.564386 -89.383492 76.971107
v 27.372240 -87.432587 77.000000
v 28.054228 -87.348473 77.000000
v 28.906099 -93.091324 76.741642
v 29.863901 -92.925133 76.741642
v 28.626743 -91.208046 76.884712
v 29.492470 -91.057831 76.884712
v 28.341869 -89.287598 76.971107
v 29.113708 -89.153671 76.971107
v 29.878044 -88.982033 76.971107
v 26.778147 -85.344559 77.000000
v 27.866377 -84.985054 77.000000
v 28.731264 -87.230995 77.000000
v 28.935658 -84.572586 77.000000
v 29.401722 -87.080437 77.000000
v 29.983412 -84.108147 77.000000
v 21.313450 -79.136566 75.599998
v 21.299999 -79.000000 75.599998
v 21.417971 -79.388901 75.599998
v 21.505026 -79.494972 75.599998
v 21.353285 -79.267876 75.599998
v 21.313450 -78.863434 75.599998
v 21.353285 -78.732124 75.599998
v 21.417971 -78.611099 75.599998
v 21.505026 -78.505028 75.599998
v 21.611101 -79.582031 75.599998
v 21.732122 -79.646713 75.599998
v 21.863438 -79.686546 75.599998
v 22.000000 -79.699997 75.599998
v 22.136562 -79.686546 75.599998
v 22.267878 -79.646713 75.599998
v 22.388899 -79.582031 75.599998
v 22.494974 -79.494972 75.599998
v 21.611101 -78.417969 75.599998
v 21.732122 -78.353287 75.599998
v 21.863438 -78.313454 75.599998
v 22.000000 -78.300003 75.599998
v 22.136562 -78.313454 75.599998
v 22.267878 -78.353287 75.599998
v 22.388899 -78.417969 75.599998
v 22.494974 -78.505028 75.599998
v 21.313450 -75.136566 75.599998
v 21.299999 -75.000000 75.599998
v 21.313450 -74.863434 75.599998
v 21.417971 -75.388901 75.599998
v 21.353285 -75.267876 75.599998
v 21.505026 -75.494972 75.599998
v 21.353285 -74.732124 75.599998
v 21.417971 -74.611099 75.599998
v 21.505026 -74.505028 75.599998
v 21.732122 -75.646713 75.599998
v 21.863438 -75.686546 75.599998
v 22.000000 -75.699997 75.599998
v 22.136562 -75.686546 75.599998
v 22.267878 -75.646713 75.599998
v 21.611101 -75.582031 75.599998
v 21.611101 -74.417969 75.599998
v 21.732122 -74.353287 75.599998
v 21.863438 -74.313454 75.599998
v 22.000000 -74.300003 75.599998
v 22.388899 -75.582031 75.599998
v 22.494974 -75.494972 75.599998
v 22.136562 -74.313454 75.599998
v 22.267878 -74.353287 75.599998
v 22.388899 -74.417969 75.599998
v 22.494974 -74.505028 75.599998
v 21.417971 -71.388901 75.599998
v 21.505026 -71.494972 75.599998
v 21.313450 -71.136566 75.599998
v 21.299999 -71.000000 75.599998
v 21.313450 -70.863434 75.599998
v 21.353285 -71.267876 75.599998
v 21.353285 -70.732124 75.599998
v 21.417971 -70.611099 75.599998
v 21.611101 -71.582031 75.599998
v 21.732122 -71.646713 75.599998
v 21.863438 -71.686546 75.599998
v 22.000000 -71.699997 75.599998
v 22.136562 -71.686546 75.599998
v 22.267878 -71.646713 75.599998
v 22.388899 -71.582031 75.599998
v 22.494974 -71.494972 75.599998
v 21.505026 -70.505028 75.599998
v 21.417971 -67.388901 75.599998
v 21.353285 -67.267876 75.599998
v 21.505026 -67.494972 75.599998
v 21.611101 -70.417969 75.599998
v 21.732122 -70.353287 75.599998
v 21.863438 -70.313454 75.599998
v 22.000000 -70.300003 75.599998
v 22.136562 -70.313454 75.599998
v 22.267878 -70.353287 75.599998
v 22.388899 -70.417969 75.599998
v 22.494974 -70.505028 75.599998
v 21.732122 -67.646713 75.599998
v 21.611101 -67.582031 75.599998
v 21.863438 -67.686546 75.599998
v 22.000000 -67.699997 75.599998
v 22.136562 -67.686546 75.599998
v 22.267878 -67.646713 75.599998
v 22.388899 -67.582031 75.599998
v 22.494974 -67.494972 75.599998
v 21.313450 -67.136566 75.599998
v 21.299999 -67.000000 75.599998
v 21.313450 -66.863434 75.599998
v 21.353285 -66.732124 75.599998
v 21.417971 -66.611099 75.599998
v 21.505026 -66.505028 75.599998
v 21.611101 -66.417969 75.599998
v 21.732122 -66.353287 75.599998
v 21.863438 -66.313454 75.599998
v 22.000000 -66.300003 75.599998
v 22.267878 -66.353287 75.599998
v 22.388899 -66.417969 75.599998
v 22.494974 -66.505028 75.599998
v 22.136562 -66.313454 75.599998
v 22.582029 -79.388901 75.599998
v 22.646715 -79.267876 75.599998
v 22.686550 -79.136566 75.599998
v 22.700001 -79.000000 75.599998
v 22.582029 -78.611099 75.599998
v 22.686550 -78.863434 75.599998
v 22.646715 -78.732124 75.599998
v 22.582029 -75.388901 75.599998
v 22.646715 -75.267876 75.599998
v 22.686550 -75.136566 75.599998
v 22.700001 -75.000000 75.599998
v 22.686550 -74.863434 75.599998
v 22.582029 -74.611099 75.599998
v 22.646715 -74.732124 75.599998
v 25.299999 -79.000000 75.599998
v 25.417971 -79.388901 75.599998
v 25.505026 -79.494972 75.599998
v 25.353285 -79.267876 75.599998
v 25.313450 -79.136566 75.599998
v 25.611101 -79.582031 75.599998
v 25.732122 -79.646713 75.599998
v 25.863438 -79.686546 75.599998
v 26.000000 -79.699997 75.599998
v 26.136562 -79.686546 75.599998
v 25.313450 -78.863434 75.599998
v 25.353285 -78.732124 75.599998
v 25.417971 -78.611099 75.599998
v 25.505026 -78.505028 75.599998
v 25.611101 -78.417969 75.599998
v 25.732122 -78.353287 75.599998
v 25.863438 -78.313454 75.599998
v 26.000000 -78.300003 75.599998
v 26.136562 -78.313454 75.599998
v 25.299999 -75.000000 75.599998
v 25.732122 -75.646713 75.599998
v 25.863438 -75.686546 75.599998
v 26.000000 -75.699997 75.599998
v 26.136562 -75.686546 75.599998
v 25.417971 -75.388901 75.599998
v 25.353285 -75.267876 75.599998
v 25.505026 -75.494972 75.599998
v 25.313450 -75.136566 75.599998
v 25.313450 -74.863434 75.599998
v 25.611101 -75.582031 75.599998
v 25.353285 -74.732124 75.599998
v 25.417971 -74.611099 75.599998
v 25.505026 -74.505028 75.599998
v 25.611101 -74.417969 75.599998
v 25.732122 -74.353287 75.599998
v 25.863438 -74.313454 75.599998
v 26.000000 -74.300003 75.599998
v 26.136562 -74.313454 75.599998
v 22.582029 -71.388901 75.599998
v 22.646715 -71.267876 75.599998
v 22.686550 -71.136566 75.599998
v 22.700001 -71.000000 75.599998
v 22.582029 -70.611099 75.599998
v 22.686550 -70.863434 75.599998
v 22.646715 -70.732124 75.599998
v 22.582029 -67.388901 75.599998
v 22.646715 -67.267876 75.599998
v 25.299999 -71.000000 75.599998
v 25.417971 -71.388901 75.599998
v 25.505026 -71.494972 75.599998
v 25.611101 -71.582031 75.599998
v 25.732122 -71.646713 75.599998
v 25.353285 -71.267876 75.599998
v 25.313450 -71.136566 75.599998
v 25.313450 -70.863434 75.599998
v 25.353285 -70.732124 75.599998
v 25.417971 -70.611099 75.599998
v 25.863438 -71.686546 75.599998
v 26.000000 -71.699997 75.599998
v 26.136562 -71.686546 75.599998
v 25.505026 -70.505028 75.599998
v 25.611101 -70.417969 75.599998
v 25.732122 -70.353287 75.599998
v 25.863438 -70.313454 75.599998
v 26.000000 -70.300003 75.599998
v 26.136562 -70.313454 75.599998
v 25.353285 -67.267876 75.599998
v 25.417971 -67.388901 75.599998
v 25.505026 -67.494972 75.599998
v 25.732122 -67.646713 75.599998
v 25.611101 -67.582031 75.599998
v 25.863438 -67.686546 75.599998
v 26.000000 -67.699997 75.599998
v 26.136562 -67.686546 75.599998
v 26.267878 -79.646713 75.599998
v 26.388899 -79.582031 75.599998
v 26.494974 -79.494972 75.599998
v 26.582029 -79.388901 75.599998
v 26.646715 -79.267876 75.599998
v 26.686550 -79.136566 75.599998
v 26.700001 -79.000000 75.599998
v 26.267878 -78.353287 75.599998
v 26.388899 -78.417969 75.599998
v 26.582029 -78.611099 75.599998
v 26.686550 -78.863434 75.599998
v 26.646715 -78.732124 75.599998
v 26.494974 -78.505028 75.599998
v 26.267878 -75.646713 75.599998
v 26.388899 -75.582031 75.599998
v 26.494974 -75.494972 75.599998
v 26.582029 -75.388901 75.599998
v 26.646715 -75.267876 75.599998
v 26.686550 -75.136566 75.599998
v 26.700001 -75.000000 75.599998
v 26.686550 -74.863434 75.599998
v 26.267878 -74.353287 75.599998
v 26.388899 -74.417969 75.599998
v 26.582029 -74.611099 75.599998
v 26.494974 -74.505028 75.599998
v 26.646715 -74.732124 75.599998
v 29.417971 -79.388901 75.599998
v 29.505028 -79.494972 75.599998
v 29.353287 -79.267876 75.599998
v 29.299999 -79.000000 75.599998
v 29.313450 -79.136566 75.599998
v 29.611101 -79.582031 75.599998
v 29.732122 -79.646713 75.599998
v 29.863438 -79.686546 75.599998
v 29.313450 -78.863434 75.599998
v 29.353287 -78.732124 75.599998
v 29.417971 -78.611099 75.599998
v 29.505028 -78.505028 75.599998
v 29.611101 -78.417969 75.599998
v 29.732122 -78.353287 75.599998
v 29.863438 -78.313454 75.599998
v 29.732122 -75.646713 75.599998
v 29.863438 -75.686546 75.599998
v 29.353287 -75.267876 75.599998
v 29.505028 -75.494972 75.599998
v 29.417971 -75.388901 75.599998
v 29.299999 -75.000000 75.599998
v 29.313450 -75.136566 75.599998
v 29.313450 -74.863434 75.599998
v 29.353287 -74.732124 75.599998
v 29.417971 -74.611099 75.599998
v 29.505028 -74.505028 75.599998
v 29.611101 -75.582031 75.599998
v 29.611101 -74.417969 75.599998
v 29.732122 -74.353287 75.599998
v 29.863438 -74.313454 75.599998
v 26.267878 -71.646713 75.599998
v 26.388899 -71.582031 75.599998
v 26.494974 -71.494972 75.599998
v 26.582029 -71.388901 75.599998
v 26.646715 -71.267876 75.599998
v 26.686550 -71.136566 75.599998
v 26.700001 -71.000000 75.599998
v 26.582029 -70.611099 75.599998
v 26.686550 -70.863434 75.599998
v 26.646715 -70.732124 75.599998
v 26.267878 -70.353287 75.599998
v 26.388899 -70.417969 75.599998
v 26.494974 -70.505028 75.599998
v 26.267878 -67.646713 75.599998
v 26.388899 -67.582031 75.599998
v 26.494974 -67.494972 75.599998
v 26.582029 -67.388901 75.599998
v 26.646715 -67.267876 75.599998
v 29.417971 -71.388901 75.599998
v 29.505028 -71.494972 75.599998
v 29.353287 -71.267876 75.599998
v 29.299999 -71.000000 75.599998
v 29.313450 -71.136566 75.599998
v 29.313450 -70.863434 75.599998
v 29.353287 -70.732124 75.599998
v 29.417971 -70.611099 75.599998
v 29.611101 -71.582031 75.599998
v 29.732122 -71.646713 75.599998
v 29.863438 -71.686546 75.599998
v 29.505028 -70.505028 75.599998
v 29.611101 -70.417969 75.599998
v 29.732122 -70.353287 75.599998
v 29.863438 -70.313454 75.599998
v 29.353287 -67.267876 75.599998
v 29.505028 -67.494972 75.599998
v 29.417971 -67.388901 75.599998
v 29.732122 -67.646713 75.599998
v 29.611101 -67.582031 75.599998
v 29.863438 -67.686546 75.599998
v 22.686550 -67.136566 75.599998
v 22.700001 -67.000000 75.599998
v 22.686550 -66.863434 75.599998
v 22.582029 -66.611099 75.599998
v 22.646715 -66.732124 75.599998
v 25.299999 -67.000000 75.599998
v 25.313450 -67.136566 75.599998
v 25.313450 -66.863434 75.599998
v 25.353285 -66.732124 75.599998
v 25.417971 -66.611099 75.599998
v 25.505026 -66.505028 75.599998
v 25.611101 -66.417969 75.599998
v 25.732122 -66.353287 75.599998
v 25.863438 -66.313454 75.599998
v 26.000000 -66.300003 75.599998
v 26.136562 -66.313454 75.599998
v 26.267878 -66.353287 75.599998
v 26.388899 -66.417969 75.599998
v 26.686550 -67.136566 75.599998
v 26.700001 -67.000000 75.599998
v 26.686550 -66.863434 75.599998
v 26.582029 -66.611099 75.599998
v 26.494974 -66.505028 75.599998
v 26.646715 -66.732124 75.599998
v 29.299999 -67.000000 75.599998
v 29.313450 -67.136566 75.599998
v 29.313450 -66.863434 75.599998
v 29.353287 -66.732124 75.599998
v 29.417971 -66.611099 75.599998
v 29.505028 -66.505028 75.599998
v 29.611101 -66.417969 75.599998
v 29.732122 -66.353287 75.599998
v 29.863438 -66.313454 75.599998
v 24.200001 -47.500000 74.000000
v 24.249067 -47.498795 74.000000
v 24.298018 -47.495186 74.000000
v 24.346731 -47.489178 74.000000
v 24.395090 -47.480785 74.000000
v 24.442980 -47.470032 74.000000
v 24.490284 -47.456940 74.000000
v 24.536890 -47.441544 74.000000
v 24.582684 -47.423878 74.000000
v 24.627556 -47.403988 74.000000
v 24.671396 -47.381920 74.000000
v 24.714104 -47.357727 74.000000
v 24.755569 -47.331470 74.000000
v 24.795700 -47.303207 74.000000
v 24.834393 -47.273010 74.000000
v 24.871559 -47.240952 74.000000
v 24.907106 -47.207108 74.000000
v 24.940950 -47.171558 74.000000
v 24.973011 -47.134392 74.000000
v 25.003208 -47.095699 74.000000
v 25.031469 -47.055569 74.000000
v 25.057728 -47.014103 74.000000
v 25.081921 -46.971397 74.000000
v 25.103989 -46.927555 74.000000
v 25.123880 -46.882683 74.000000
v 25.141544 -46.836891 74.000000
v 25.156940 -46.790283 74.000000
v 25.170031 -46.742981 74.000000
v 25.180786 -46.695091 74.000000
v 25.189177 -46.646732 74.000000
v 25.195185 -46.598019 74.000000
v 25.198795 -46.549068 74.000000
v 25.200001 -46.500000 74.000000
v 24.200001 -47.500000 75.599998
v 24.249067 -47.498795 75.599998
v 24.298018 -47.495186 75.599998
v 24.346731 -47.489178 75.599998
v 24.395090 -47.480785 75.599998
v 24.442980 -47.470032 75.599998
v 24.490284 -47.456940 75.599998
v 24.536890 -47.441544 75.599998
v 24.582684 -47.423878 75.599998
v 24.627556 -47.403988 75.599998
v 24.671396 -47.381920 75.599998
v 24.714104 -47.357727 75.599998
v 24.755569 -47.331470 75.599998
v 24.795700 -47.303207 75.599998
v 24.834393 -47.273010 75.599998
v 24.871559 -47.240952 75.599998
v 24.907106 -47.207108 75.599998
v 24.940950 -47.171558 75.599998
v 24.973011 -47.134392 75.599998
v 25.003208 -47.095699 75.599998
v 25.031469 -47.055569 75.599998
v 25.057728 -47.014103 75.599998
v 25.081921 -46.971397 75.599998
v 25.103989 -46.927555 75.599998
v 25.123880 -46.882683 75.599998
v 25.141544 -46.836891 75.599998
v 25.156940 -46.790283 75.599998
v 25.170031 -46.742981 75.599998
v 25.180786 -46.695091 75.599998
v 25.189177 -46.646732 75.599998
v 25.195185 -46.598019 75.599998
v 25.198795 -46.549068 75.599998
v 25.200001 -46.500000 75.599998
v 30.862474 -106.280128 72.741707
v 32.465061 -106.002052 72.741707
v 34.052074 -105.645676 72.741707
v 35.619686 -105.211861 72.741707
v 37.164127 -104.701645 72.741707
v 30.765453 -105.626068 73.296101
v 32.336063 -105.353546 73.296101
v 33.891411 -105.004280 73.296101
v 35.427746 -104.579117 73.296101
v 36.941372 -104.079086 73.296101
v 38.681671 -104.116264 72.741707
v 40.168667 -103.457123 72.741707
v 41.621525 -102.725815 72.741707
v 43.036751 -101.924103 72.741707
v 44.410934 -101.053909 72.741707
v 38.428635 -103.505379 73.296101
v 39.885960 -102.859398 73.296101
v 41.309830 -102.142677 73.296101
v 42.696819 -101.356956 73.296101
v 44.043583 -100.504128 73.296101
v 30.642321 -104.795990 73.828381
v 32.172352 -104.530502 73.828381
v 33.687511 -104.190262 73.828381
v 30.682167 -97.038849 74.000000
v 31.831524 -96.780746 74.000000
v 32.966831 -96.466568 74.000000
v 35.184151 -103.776085 73.828381
v 36.658665 -103.288971 73.828381
v 34.085358 -96.097061 74.000000
v 35.184402 -95.673111 74.000000
v 36.261322 -95.195740 74.000000
v 37.313522 -94.666107 74.000000
v 30.494267 -103.797874 74.333420
v 31.975498 -103.540855 74.333420
v 33.442337 -103.211472 74.333420
v 34.891243 -102.810501 74.333420
v 36.318733 -102.338921 74.333420
v 38.107502 -102.730095 73.828381
v 39.527168 -102.100800 73.828381
v 40.914249 -101.402603 73.828381
v 38.338467 -94.085487 74.000000
v 42.265400 -100.637184 73.828381
v 43.577366 -99.806389 73.828381
v 44.846989 -98.912224 73.828381
v 37.721359 -101.797867 74.333420
v 39.095753 -101.188644 74.333420
v 40.438595 -100.512711 74.333420
v 41.746655 -99.771706 74.333420
v 43.016777 -98.967407 74.333420
v 44.245907 -98.101761 74.333420
v 39.333687 -93.455269 74.000000
v 40.296783 -92.776978 74.000000
v 41.225437 -92.052254 74.000000
v 42.117416 -91.282829 74.000000
v 42.970562 -90.470566 74.000000
v 43.782825 -89.617416 74.000000
v 44.552250 -88.725441 74.000000
v 42.325817 -60.498402 73.000000
v 42.593212 -60.944527 73.000000
v 42.903046 -61.362286 73.000000
v 44.055477 -62.406792 73.000000
v 43.252335 -61.747665 73.000000
v 43.637714 -62.096954 73.000000
v 44.501598 -62.674183 73.000000
v 44.971779 -62.896564 73.000000
v 42.103439 -60.028225 73.000000
v 41.928215 -59.538509 73.000000
v 41.801838 -59.033978 73.000000
v 41.700001 -58.000000 73.000000
v 41.725521 -58.519489 73.000000
v 41.725521 -57.480511 73.000000
v 41.801838 -56.966022 73.000000
v 41.928215 -56.461491 73.000000
v 42.103439 -55.971775 73.000000
v 42.325817 -55.501598 73.000000
v 42.593212 -55.055473 73.000000
v 42.903046 -54.637714 73.000000
v 43.252335 -54.252335 73.000000
v 43.637714 -53.903046 73.000000
v 30.000000 -79.699997 74.000000
v 30.136562 -79.686546 74.000000
v 30.267878 -79.646713 74.000000
v 30.388899 -79.582031 74.000000
v 30.494972 -79.494972 74.000000
v 30.582029 -79.388901 74.000000
v 30.646713 -79.267876 74.000000
v 30.686550 -79.136566 74.000000
v 30.700001 -79.000000 74.000000
v 30.000000 -78.300003 74.000000
v 30.136562 -78.313454 74.000000
v 30.267878 -78.353287 74.000000
v 30.388899 -78.417969 74.000000
v 30.582029 -78.611099 74.000000
v 30.686550 -78.863434 74.000000
v 30.646713 -78.732124 74.000000
v 30.494972 -78.505028 74.000000
v 30.000000 -75.699997 74.000000
v 30.136562 -75.686546 74.000000
v 30.267878 -75.646713 74.000000
v 30.388899 -75.582031 74.000000
v 30.000000 -74.300003 74.000000
v 30.136562 -74.313454 74.000000
v 30.267878 -74.353287 74.000000
v 30.388899 -74.417969 74.000000
v 30.494972 -75.494972 74.000000
v 30.582029 -75.388901 74.000000
v 30.646713 -75.267876 74.000000
v 30.686550 -75.136566 74.000000
v 30.700001 -75.000000 74.000000
v 30.686550 -74.863434 74.000000
v 30.582029 -74.611099 74.000000
v 30.494972 -74.505028 74.000000
v 30.646713 -74.732124 74.000000
v 30.000000 -71.699997 74.000000
v 30.136562 -71.686546 74.000000
v 30.267878 -71.646713 74.000000
v 30.388899 -71.582031 74.000000
v 30.494972 -71.494972 74.000000
v 30.582029 -71.388901 74.000000
v 30.646713 -71.267876 74.000000
v 30.686550 -71.136566 74.000000
v 30.700001 -71.000000 74.000000
v 30.582029 -70.611099 74.000000
v 30.686550 -70.863434 74.000000
v 30.646713 -70.732124 74.000000
v 30.000000 -70.300003 74.000000
v 30.136562 -70.313454 74.000000
v 30.267878 -70.353287 74.000000
v 30.388899 -70.417969 74.000000
v 30.494972 -70.505028 74.000000
v 30.000000 -67.699997 74.000000
v 30.136562 -67.686546 74.000000
v 30.267878 -67.646713 74.000000
v 30.388899 -67.582031 74.000000
v 30.494972 -67.494972 74.000000
v 30.582029 -67.388901 74.000000
v 30.646713 -67.267876 74.000000
v 30.267878 -66.353287 74.000000
v 30.388899 -66.417969 74.000000
v 30.000000 -66.300003 74.000000
v 30.136562 -66.313454 74.000000
v 30.686550 -67.136566 74.000000
v 30.700001 -67.000000 74.000000
v 30.686550 -66.863434 74.000000
v 30.582029 -66.611099 74.000000
v 30.494972 -66.505028 74.000000
v 30.646713 -66.732124 74.000000
v 45.740765 -100.117340 72.741707
v 47.023037 -99.116646 72.741707
v 48.254662 -98.054237 72.741707
v 49.432674 -96.932678 72.741707
v 50.554237 -95.754662 72.741707
v 51.616646 -94.523033 72.741707
v 45.346878 -99.586243 73.296101
v 46.603565 -98.605515 73.296101
v 47.810616 -97.564308 73.296101
v 48.965126 -96.465126 73.296101
v 50.064308 -95.310616 73.296101
v 51.105518 -94.103569 73.296101
v 52.086246 -92.846878 73.296101
v 52.617340 -93.240761 72.741707
v 53.553909 -91.910934 72.741707
v 54.424103 -90.536751 72.741707
v 55.225819 -89.121529 72.741707
v 55.957127 -87.668663 72.741707
v 56.616261 -86.181671 72.741707
v 57.201645 -84.664131 72.741707
v 57.711861 -83.119690 72.741707
v 58.145676 -81.552071 72.741707
v 53.004131 -91.543579 73.296101
v 53.856960 -90.196815 73.296101
v 54.642673 -88.809830 73.296101
v 55.359390 -87.385956 73.296101
v 56.005383 -85.928635 73.296101
v 56.579086 -84.441368 73.296101
v 57.079117 -82.927750 73.296101
v 57.504276 -81.391411 73.296101
v 46.071205 -97.956833 73.828381
v 47.247066 -96.942528 73.828381
v 48.371746 -95.871742 73.828381
v 49.442528 -94.747070 73.828381
v 45.431080 -97.176842 74.333420
v 46.569443 -96.194885 74.333420
v 47.658253 -95.158249 74.333420
v 48.694881 -94.069443 74.333420
v 45.276981 -87.796783 74.000000
v 45.955269 -86.833687 74.000000
v 46.585487 -85.838463 74.000000
v 47.166111 -84.813522 74.000000
v 47.695744 -83.761322 74.000000
v 48.173107 -82.684402 74.000000
v 48.597057 -81.585358 74.000000
v 50.456833 -93.571205 73.828381
v 51.412220 -92.346985 73.828381
v 52.306389 -91.077370 73.828381
v 49.676842 -92.931084 74.333420
v 50.601757 -91.745911 74.333420
v 51.467407 -90.516777 74.333420
v 52.271706 -89.246658 74.333420
v 53.137184 -89.765404 73.828381
v 53.902599 -88.414253 73.828381
v 54.600800 -87.027168 73.828381
v 55.230091 -85.607498 73.828381
v 55.788971 -84.158661 73.828381
v 56.276085 -82.684151 73.828381
v 56.690258 -81.187508 73.828381
v 53.012711 -87.938599 74.333420
v 53.688648 -86.595749 74.333420
v 54.297871 -85.221359 74.333420
v 54.838917 -83.818733 74.333420
v 55.310501 -82.391243 74.333420
v 55.711468 -80.942337 74.333420
v 45.461491 -63.071781 73.000000
v 45.966022 -63.198162 73.000000
v 46.480511 -63.274475 73.000000
v 47.000000 -63.299999 73.000000
v 47.519489 -63.274475 73.000000
v 48.033978 -63.198162 73.000000
v 48.538509 -63.071781 73.000000
v 45.500732 -58.801376 73.000000
v 45.685883 -59.078472 73.000000
v 45.586502 -58.944466 73.000000
v 45.921532 -59.314117 73.000000
v 45.797920 -59.202080 73.000000
v 45.429405 -58.650558 73.000000
v 45.373203 -58.493484 73.000000
v 45.332664 -58.331654 73.000000
v 45.308186 -58.166630 73.000000
v 45.299999 -58.000000 73.000000
v 45.308186 -57.833370 73.000000
v 45.332664 -57.668346 73.000000
v 45.373203 -57.506516 73.000000
v 45.429405 -57.349442 73.000000
v 45.500732 -57.198624 73.000000
v 46.055531 -59.413498 73.000000
v 46.198624 -59.499271 73.000000
v 46.349438 -59.570591 73.000000
v 46.668346 -59.667336 73.000000
v 46.833370 -59.691814 73.000000
v 46.506516 -59.626797 73.000000
v 45.586502 -57.055534 73.000000
v 45.685883 -56.921528 73.000000
v 45.797920 -56.797920 73.000000
v 45.921532 -56.685883 73.000000
v 46.055531 -56.586502 73.000000
v 46.198624 -56.500729 73.000000
v 46.349438 -56.429409 73.000000
v 46.506516 -56.373203 73.000000
v 46.668346 -56.332664 73.000000
v 46.833370 -56.308186 73.000000
v 47.000000 -59.700001 73.000000
v 47.166630 -59.691814 73.000000
v 47.331654 -59.667336 73.000000
v 47.493484 -59.626797 73.000000
v 47.650562 -59.570591 73.000000
v 47.801376 -59.499271 73.000000
v 47.944469 -59.413498 73.000000
v 48.078468 -59.314117 73.000000
v 48.202080 -59.202080 73.000000
v 48.314117 -59.078472 73.000000
v 48.413498 -58.944466 73.000000
v 48.499268 -58.801376 73.000000
v 48.570595 -58.650558 73.000000
v 48.626797 -58.493484 73.000000
v 48.667336 -58.331654 73.000000
v 48.691814 -58.166630 73.000000
v 48.700001 -58.000000 73.000000
v 48.499268 -57.198624 73.000000
v 48.691814 -57.833370 73.000000
v 48.667336 -57.668346 73.000000
v 48.626797 -57.506516 73.000000
v 48.570595 -57.349442 73.000000
v 47.000000 -56.299999 73.000000
v 47.166630 -56.308186 73.000000
v 47.331654 -56.332664 73.000000
v 47.493484 -56.373203 73.000000
v 47.650562 -56.429409 73.000000
v 47.801376 -56.500729 73.000000
v 47.944469 -56.586502 73.000000
v 48.202080 -56.797920 73.000000
v 48.078468 -56.685883 73.000000
v 48.314117 -56.921528 73.000000
v 48.413498 -57.055534 73.000000
v 49.028221 -62.896564 73.000000
v 49.498402 -62.674183 73.000000
v 49.944523 -62.406792 73.000000
v 50.000000 -62.365646 73.000000
v 58.502056 -79.965057 72.741707
v 58.780128 -78.362473 72.741707
v 58.979233 -76.748169 72.741707
v 59.098885 -75.126045 72.741707
v 59.138802 -73.500000 72.741707
v 57.853542 -79.836067 73.296101
v 58.126068 -78.265450 73.296101
v 58.321201 -76.683357 73.296101
v 58.438469 -75.093597 73.296101
v 58.477592 -73.500000 73.296101
v 48.966568 -80.466835 74.000000
v 49.280750 -79.331528 74.000000
v 49.538845 -78.182167 74.000000
v 49.740234 -77.021530 74.000000
v 49.884434 -75.852409 74.000000
v 49.971092 -74.677628 74.000000
v 50.000000 -73.500000 74.000000
v 57.030502 -79.672348 73.828381
v 57.295986 -78.142319 73.828381
v 57.486073 -76.601105 73.828381
v 57.600315 -75.052422 73.828381
v 57.638424 -73.500000 73.828381
v 56.040859 -79.475494 74.333420
v 56.297874 -77.994263 74.333420
v 56.481899 -76.502205 74.333420
v 56.592499 -75.002914 74.333420
v 56.629387 -73.500000 74.333420
v 30.322710 -102.641350 74.806358
v 31.747402 -102.394142 74.806358
v 33.158245 -102.077324 74.806358
v 30.129309 -101.337540 75.242641
v 31.490259 -101.101395 75.242641
v 32.837982 -100.798752 75.242641
v 34.551846 -101.691666 74.806358
v 35.924847 -101.238083 74.806358
v 37.273933 -100.717682 74.806358
v 34.169231 -100.430344 75.242641
v 35.480801 -99.997063 75.242641
v 36.769527 -99.499947 75.242641
v 31.206545 -99.675064 75.638062
v 32.484623 -99.388062 75.638062
v 33.747078 -99.038696 75.638062
v 34.990871 -98.627800 75.638062
v 36.213005 -98.156372 75.638062
v 37.410534 -97.625542 75.638062
v 31.007114 -83.592865 75.599998
v 32.004299 -83.027962 75.599998
v 32.972565 -82.414818 75.599998
v 33.909580 -81.754898 75.599998
v 34.813084 -81.049797 75.599998
v 38.595863 -100.131714 74.806358
v 39.887447 -99.481583 74.806358
v 41.145573 -98.768867 74.806358
v 38.032314 -98.940186 75.242641
v 39.266109 -98.319145 75.242641
v 40.467949 -97.638313 75.242641
v 42.367214 -97.995270 74.806358
v 43.549427 -97.162659 74.806358
v 44.689358 -96.273048 74.806358
v 41.634933 -96.899330 75.242641
v 42.764252 -96.103973 75.242641
v 43.853184 -95.254166 75.242641
v 44.899105 -94.351944 75.242641
v 38.580574 -97.036598 75.638062
v 39.720306 -96.390945 75.638062
v 40.826984 -95.690147 75.638062
v 41.897942 -94.935898 75.638062
v 42.930603 -94.129997 75.638062
v 43.922474 -93.274406 75.638062
v 44.871170 -92.371170 75.638062
v 30.898993 -98.128899 75.988819
v 32.101574 -97.858849 75.988819
v 33.289455 -97.530113 75.988819
v 30.570562 -96.477776 76.291527
v 31.692524 -96.225830 76.291527
v 32.800770 -95.919136 76.291527
v 34.459778 -97.143494 75.988819
v 35.609718 -96.699913 75.988819
v 36.736507 -96.200439 75.988819
v 33.892635 -95.558434 76.291527
v 34.965481 -95.144592 76.291527
v 36.016731 -94.678604 76.291527
v 37.043854 -94.161591 76.291527
v 30.224419 -94.737602 76.543278
v 31.261412 -94.504738 76.543278
v 32.285728 -94.221268 76.543278
v 33.294903 -93.887886 76.543278
v 30.812391 -92.712143 76.741642
v 31.749290 -92.452866 76.741642
v 30.349785 -90.865311 76.884712
v 30.633043 -88.773094 76.971107
v 31.196621 -90.630959 76.884712
v 31.376877 -88.527367 76.971107
v 32.672337 -92.147934 76.741642
v 33.579311 -91.798073 76.741642
v 32.030937 -90.355339 76.884712
v 32.107758 -88.245438 76.971107
v 32.850723 -90.039116 76.884712
v 33.654007 -89.683044 76.884712
v 32.823925 -87.927979 76.971107
v 33.523655 -87.575768 76.971107
v 30.063988 -86.897163 77.000000
v 30.716457 -86.681618 77.000000
v 31.357569 -86.434311 77.000000
v 31.007114 -83.592865 77.000000
v 31.985769 -86.155853 77.000000
v 32.599556 -85.846901 77.000000
v 33.197437 -85.508202 77.000000
v 32.004299 -83.027962 77.000000
v 32.972565 -82.414818 77.000000
v 34.286499 -93.505379 76.543278
v 35.258137 -93.074684 76.543278
v 36.207470 -92.596832 76.543278
v 37.132210 -92.072968 76.543278
v 34.468025 -91.404137 76.741642
v 35.336338 -90.967064 76.741642
v 34.438854 -89.287987 76.884712
v 35.203369 -88.854889 76.884712
v 36.182163 -90.487907 76.741642
v 37.003452 -89.967834 76.741642
v 35.945709 -88.384811 76.884712
v 36.664093 -87.878868 76.884712
v 34.205257 -87.189644 76.971107
v 33.777985 -85.140572 77.000000
v 34.339790 -84.744904 77.000000
v 34.867092 -86.770538 76.971107
v 35.507565 -86.319466 76.971107
v 34.881508 -84.322144 77.000000
v 33.909580 -81.754898 77.000000
v 35.401825 -83.873314 77.000000
v 34.813084 -81.049797 77.000000
v 36.125134 -85.837509 76.971107
v 37.356785 -87.338280 76.884712
v 36.718311 -85.325836 76.971107
v 37.285667 -84.785667 76.971107
v 35.899494 -83.399498 77.000000
v 36.373314 -82.901825 77.000000
v 36.822147 -82.381508 77.000000
v 37.244904 -81.839790 77.000000
v 37.837433 -95.646278 75.988819
v 38.909843 -95.038773 75.988819
v 39.951149 -94.379372 75.988819
v 40.958847 -93.669670 75.988819
v 38.044365 -93.594810 76.291527
v 39.015862 -92.979614 76.291527
v 39.956005 -92.317497 76.291527
v 40.862526 -91.610039 76.291527
v 41.930508 -92.911377 75.988819
v 42.863789 -92.106323 75.988819
v 43.756443 -91.256447 75.988819
v 44.606323 -90.363792 75.988819
v 41.733238 -90.858955 76.291527
v 42.566051 -90.066055 76.291527
v 43.358955 -89.233238 76.291527
v 44.110039 -88.362526 76.291527
v 44.817493 -87.456001 76.291527
v 38.030132 -91.504364 76.543278
v 38.899075 -90.892387 76.543278
v 39.736942 -90.238510 76.543278
v 40.541714 -89.544312 76.543278
v 37.798237 -89.408081 76.741642
v 38.564598 -88.810005 76.741642
v 39.300690 -88.175049 76.741642
v 40.004742 -87.504738 76.741642
v 38.022118 -86.764366 76.884712
v 37.825832 -84.218307 76.971107
v 38.658489 -86.158485 76.884712
v 39.264362 -85.522118 76.884712
v 38.337513 -83.625137 76.971107
v 37.640575 -81.277985 77.000000
v 38.008202 -80.697441 77.000000
v 38.819469 -83.007568 76.971107
v 39.270538 -82.367088 76.971107
v 40.675053 -86.800690 76.741642
v 39.838284 -84.856789 76.884712
v 40.378864 -84.164093 76.884712
v 39.689644 -81.705254 76.971107
v 40.075768 -81.023651 76.971107
v 40.884808 -83.445709 76.884712
v 41.311455 -88.811455 76.543278
v 42.044312 -88.041718 76.543278
v 42.738514 -87.236938 76.543278
v 43.392391 -86.399078 76.543278
v 44.004368 -85.530136 76.543278
v 44.572971 -84.632210 76.543278
v 41.310009 -86.064598 76.741642
v 41.908081 -85.298241 76.741642
v 42.467831 -84.503456 76.741642
v 42.987911 -83.682159 76.741642
v 41.354893 -82.703369 76.884712
v 41.787983 -81.938850 76.884712
v 42.183041 -81.154007 76.884712
v 43.467064 -82.836342 76.741642
v 43.904137 -81.968025 76.741642
v 44.298077 -81.079308 76.741642
v 30.000000 -79.699997 75.599998
v 30.136562 -79.686546 75.599998
v 30.267878 -79.646713 75.599998
v 30.388899 -79.582031 75.599998
v 30.494972 -79.494972 75.599998
v 30.582029 -79.388901 75.599998
v 30.646713 -79.267876 75.599998
v 30.686550 -79.136566 75.599998
v 30.700001 -79.000000 75.599998
v 30.000000 -78.300003 75.599998
v 30.136562 -78.313454 75.599998
v 30.267878 -78.353287 75.599998
v 30.388899 -78.417969 75.599998
v 30.582029 -78.611099 75.599998
v 30.686550 -78.863434 75.599998
v 30.646713 -78.732124 75.599998
v 30.494972 -78.505028 75.599998
v 30.000000 -75.699997 75.599998
v 30.136562 -75.686546 75.599998
v 30.267878 -75.646713 75.599998
v 30.388899 -75.582031 75.599998
v 30.000000 -74.300003 75.599998
v 30.136562 -74.313454 75.599998
v 30.267878 -74.353287 75.599998
v 30.388899 -74.417969 75.599998
v 30.494972 -75.494972 75.599998
v 30.582029 -75.388901 75.599998
v 30.646713 -75.267876 75.599998
v 30.686550 -75.136566 75.599998
v 30.700001 -75.000000 75.599998
v 30.686550 -74.863434 75.599998
v 30.582029 -74.611099 75.599998
v 30.494972 -74.505028 75.599998
v 30.646713 -74.732124 75.599998
v 30.000000 -71.699997 75.599998
v 30.136562 -71.686546 75.599998
v 30.267878 -71.646713 75.599998
v 30.388899 -71.582031 75.599998
v 30.494972 -71.494972 75.599998
v 30.582029 -71.388901 75.599998
v 30.646713 -71.267876 75.599998
v 30.686550 -71.136566 75.599998
v 30.700001 -71.000000 75.599998
v 30.582029 -70.611099 75.599998
v 30.686550 -70.863434 75.599998
v 30.646713 -70.732124 75.599998
v 30.000000 -70.300003 75.599998
v 30.136562 -70.313454 75.599998
v 30.267878 -70.353287 75.599998
v 30.388899 -70.417969 75.599998
v 30.494972 -70.505028 75.599998
v 30.000000 -67.699997 75.599998
v 30.136562 -67.686546 75.599998
v 30.267878 -67.646713 75.599998
v 30.388899 -67.582031 75.599998
v 30.494972 -67.494972 75.599998
v 30.582029 -67.388901 75.599998
v 30.646713 -67.267876 75.599998
v 35.680901 -80.301208 75.599998
v 36.510944 -79.510941 75.599998
v 37.301208 -78.680901 75.599998
v 30.267878 -66.353287 75.599998
v 30.388899 -66.417969 75.599998
v 30.000000 -66.300003 75.599998
v 30.136562 -66.313454 75.599998
v 30.686550 -67.136566 75.599998
v 30.700001 -67.000000 75.599998
v 30.686550 -66.863434 75.599998
v 30.582029 -66.611099 75.599998
v 30.494972 -66.505028 75.599998
v 30.646713 -66.732124 75.599998
v 38.049793 -77.813080 75.599998
v 38.754894 -76.909576 75.599998
v 39.414814 -75.972565 75.599998
v 40.027962 -75.004295 75.599998
v 40.592861 -74.007111 75.599998
v 41.108150 -72.983414 75.599998
v 41.572586 -71.935661 75.599998
v 41.985054 -70.866379 75.599998
v 42.344559 -69.778145 75.599998
v 42.650230 -68.673584 75.599998
v 42.901337 -67.555359 75.599998
v 43.097271 -66.426155 75.599998
v 43.237564 -65.288704 75.599998
v 43.321873 -64.145729 75.599998
v 43.349998 -63.000000 75.599998
v 35.680901 -80.301208 77.000000
v 36.510944 -79.510941 77.000000
v 37.301208 -78.680901 77.000000
v 38.346897 -80.099556 77.000000
v 38.049793 -77.813080 77.000000
v 38.655849 -79.485771 77.000000
v 38.934315 -78.857567 77.000000
v 39.181618 -78.216461 77.000000
v 38.754894 -76.909576 77.000000
v 39.397163 -77.563988 77.000000
v 40.427979 -80.323929 76.971107
v 40.745434 -79.607758 76.971107
v 41.027367 -78.876877 76.971107
v 39.580437 -76.901726 77.000000
v 39.414814 -75.972565 77.000000
v 39.730995 -76.231262 77.000000
v 39.848473 -75.554230 77.000000
v 39.889290 -75.223289 77.000000
v 40.027962 -75.004295 76.998367
v 40.093781 -74.888115 76.997612
v 40.477234 -74.211220 76.992710
v 40.592861 -74.007111 76.991077
v 40.848122 -73.500000 76.987499
v 41.108150 -72.983414 76.983669
v 41.273094 -78.133041 76.971107
v 41.482033 -77.378044 76.971107
v 42.539112 -80.350723 76.884712
v 42.855339 -79.530937 76.884712
v 41.653667 -76.613708 76.971107
v 41.787598 -75.841866 76.971107
v 41.883488 -75.064384 76.971107
v 41.941116 -74.283134 76.971107
v 44.647934 -80.172340 76.741642
v 44.952866 -79.249290 76.741642
v 43.130962 -78.696617 76.884712
v 43.365311 -77.849785 76.884712
v 43.557827 -76.992470 76.884712
v 43.708046 -76.126740 76.884712
v 43.815605 -75.254684 76.884712
v 43.880241 -74.378403 76.884712
v 41.960342 -73.500000 76.971107
v 41.572586 -71.935661 76.976822
v 41.960342 -70.930443 76.971107
v 41.985054 -70.866379 76.970009
v 42.344559 -69.778145 76.954010
v 42.901337 -67.555359 76.929234
v 42.650230 -68.673584 76.940407
v 43.901806 -73.500000 76.884712
v 43.097271 -66.426155 76.920513
v 43.237564 -65.288704 76.914272
v 43.321873 -64.145729 76.910519
v 43.349998 -63.000000 76.909267
v 45.784267 -95.328575 74.806358
v 46.831512 -94.331512 74.806358
v 47.828575 -93.284264 74.806358
v 45.899494 -93.399498 75.242641
v 46.851948 -92.399101 75.242641
v 47.754166 -91.353180 75.242641
v 48.603973 -90.264252 75.242641
v 48.773048 -92.189362 74.806358
v 49.662663 -91.049423 74.806358
v 50.495270 -89.867218 74.806358
v 51.268864 -88.645576 74.806358
v 51.981586 -87.387444 74.806358
v 49.399330 -89.134933 75.242641
v 50.138313 -87.967949 75.242641
v 50.819149 -86.766113 75.242641
v 51.440189 -85.532310 75.242641
v 51.999943 -84.269531 75.242641
v 52.497063 -82.980797 75.242641
v 45.774403 -91.422478 75.638062
v 46.629997 -90.430603 75.638062
v 47.435894 -89.397942 75.638062
v 48.190151 -88.326981 75.638062
v 48.890945 -87.220306 75.638062
v 49.536594 -86.080574 75.638062
v 50.125546 -84.910530 75.638062
v 50.656372 -83.713005 75.638062
v 51.127800 -82.490868 75.638062
v 51.538696 -81.247078 75.638062
v 52.631714 -86.095863 74.806358
v 53.217686 -84.773933 74.806358
v 53.738087 -83.424843 74.806358
v 54.191662 -82.051849 74.806358
v 54.577324 -80.658249 74.806358
v 52.930344 -81.669228 75.242641
v 45.411377 -89.430504 75.988819
v 46.169670 -88.458847 75.988819
v 46.879372 -87.451149 75.988819
v 47.538769 -86.409843 75.988819
v 48.146282 -85.337433 75.988819
v 48.700439 -84.236511 75.988819
v 45.479614 -86.515862 76.291527
v 46.094810 -85.544365 76.291527
v 46.661594 -84.543854 76.291527
v 47.178600 -83.516731 76.291527
v 47.644588 -82.465485 76.291527
v 48.058434 -81.392632 76.291527
v 49.199913 -83.109718 75.988819
v 49.643494 -81.959778 75.988819
v 50.030117 -80.789459 75.988819
v 45.096832 -83.707466 76.543278
v 45.574684 -82.758133 76.543278
v 46.005383 -81.786499 76.543278
v 46.387882 -80.794899 76.543278
v 51.888065 -79.984619 75.638062
v 52.175064 -78.706543 75.638062
v 52.399010 -77.415924 75.638062
v 54.894138 -79.247398 74.806358
v 55.141342 -77.822708 74.806358
v 55.318348 -76.387604 74.806358
v 55.424725 -74.945541 74.806358
v 53.298752 -80.337982 75.242641
v 53.601391 -78.990257 75.242641
v 53.837543 -77.629311 75.242641
v 54.006622 -76.258415 75.242641
v 54.108238 -74.880867 75.242641
v 55.460213 -73.500000 74.806358
v 54.142139 -73.500000 75.242641
v 52.559357 -76.115868 75.638062
v 52.655720 -74.809509 75.638062
v 52.687866 -73.500000 75.638062
v 48.419136 -80.300774 76.291527
v 48.725830 -79.192520 76.291527
v 50.358849 -79.601570 75.988819
v 50.628895 -78.398994 75.988819
v 50.839611 -77.184608 75.988819
v 50.990486 -75.961349 75.988819
v 51.081158 -74.732155 75.988819
v 48.977772 -78.070564 76.291527
v 49.174362 -76.937592 76.291527
v 49.315125 -75.796341 76.291527
v 49.399715 -74.649551 76.291527
v 51.111404 -73.500000 75.988819
v 49.427937 -73.500000 76.291527
v 46.721268 -79.785728 76.543278
v 47.004734 -78.761414 76.543278
v 47.237598 -77.724419 76.543278
v 47.419300 -76.677254 76.543278
v 47.549400 -75.622429 76.543278
v 47.627586 -74.562492 76.543278
v 45.212143 -78.312393 76.741642
v 45.425133 -77.363899 76.741642
v 45.591328 -76.406097 76.741642
v 45.710323 -75.441299 76.741642
v 45.781837 -74.471817 76.741642
v 47.653667 -73.500000 76.543278
v 45.805695 -73.500000 76.741642
v 44.055477 -53.593212 73.000000
v 44.501598 -53.325817 73.000000
v 44.971779 -53.103439 73.000000
v 45.461491 -52.928215 73.000000
v 45.966022 -52.801838 73.000000
v 46.480511 -52.725521 73.000000
v 47.000000 -52.700001 73.000000
v 47.519489 -52.725521 73.000000
v 48.033978 -52.801838 73.000000
v 48.538509 -52.928215 73.000000
v 49.028221 -53.103439 73.000000
v 49.498402 -53.325817 73.000000
v 49.944523 -53.593212 73.000000
v 50.000000 -53.634357 73.000000
v 26.000000 101.500000 68.000000
v 26.000000 104.150002 68.000000
v 27.373894 101.466270 68.000000
v 27.503923 104.113083 68.000000
v 28.744480 101.365173 68.000000
v 29.004225 104.002411 68.000000
v 26.000000 97.500000 71.000000
v 26.000000 101.500000 71.000000
v 26.000000 104.150002 71.000000
v 26.000000 107.500008 71.000000
v 27.177622 97.471092 71.000000
v 28.352413 97.384430 71.000000
v 29.521532 97.240234 71.000000
v 27.373894 101.466270 71.000000
v 27.503923 104.113083 71.000000
v 27.668301 107.459045 71.000000
v 28.744480 101.365173 71.000000
v 29.004225 104.002411 71.000000
v 29.332582 107.336281 71.000000
v 26.000000 107.403702 71.588104
v 27.663578 107.362854 71.588104
v 29.323143 107.240440 71.588104
v 26.000000 107.115707 72.170544
v 27.649443 107.075211 72.170544
v 29.294916 106.953835 72.170544
v 44.055477 53.593212 68.000000
v 44.501598 53.325817 68.000000
v 44.971779 53.103439 68.000000
v 45.461491 52.928215 68.000000
v 45.966022 52.801838 68.000000
v 46.480511 52.725521 68.000000
v 47.000000 52.700001 68.000000
v 47.519489 52.725521 68.000000
v 48.033978 52.801838 68.000000
v 48.538509 52.928215 68.000000
v 49.028221 53.103439 68.000000
v 49.498402 53.325817 68.000000
v 49.944523 53.593212 68.000000
v 50.000000 53.634357 71.000000
v 42.103439 55.971775 68.000000
v 41.928215 56.461491 68.000000
v 41.801838 56.966022 68.000000
v 42.593212 55.055473 68.000000
v 42.903046 54.637714 68.000000
v 42.325817 55.501598 68.000000
v 41.700001 58.000000 68.000000
v 41.725521 57.480511 68.000000
v 41.725521 58.519489 68.000000
v 41.801838 59.033978 68.000000
v 41.928215 59.538509 68.000000
v 42.103439 60.028225 68.000000
v 43.252335 54.252335 68.000000
v 43.637714 53.903046 68.000000
v 43.650002 58.000000 68.000000
v 42.325817 60.498402 68.000000
v 42.593212 60.944527 68.000000
v 42.903046 61.362286 68.000000
v 43.252335 61.747665 68.000000
v 43.637714 62.096954 68.000000
v 44.055477 62.406792 68.000000
v 44.501598 62.674183 68.000000
v 44.971779 62.896564 68.000000
v 32.803444 100.660873 68.000000
v 30.108454 101.196945 68.000000
v 30.497290 103.818260 68.000000
v 31.462528 100.961990 68.000000
v 31.979521 103.561066 68.000000
v 33.447342 103.231461 68.000000
v 34.127972 100.294327 68.000000
v 35.432915 99.863235 68.000000
v 36.715137 99.368629 68.000000
v 34.897224 102.830223 68.000000
v 36.325672 102.358322 68.000000
v 37.971542 98.811699 68.000000
v 39.199108 98.193794 68.000000
v 40.394878 97.516403 68.000000
v 40.448311 100.530884 68.000000
v 37.729248 101.816910 68.000000
v 39.104565 101.207275 68.000000
v 41.555965 96.781151 68.000000
v 42.679581 95.989807 68.000000
v 41.757248 99.789383 68.000000
v 43.028229 98.984543 68.000000
v 43.763012 95.144295 68.000000
v 44.803650 94.246628 68.000000
v 44.258183 98.118309 68.000000
v 45.325001 55.098816 68.000000
v 48.674999 55.098816 68.000000
v 45.325001 60.901184 68.000000
v 45.461491 63.071781 68.000000
v 45.966022 63.198162 68.000000
v 46.480511 63.274475 68.000000
v 47.000000 63.299999 68.000000
v 47.519489 63.274475 68.000000
v 48.674999 60.901184 68.000000
v 48.033978 63.198162 68.000000
v 48.538509 63.071781 68.000000
v 50.362286 53.903046 68.000000
v 50.349998 58.000000 68.000000
v 50.747665 54.252335 68.000000
v 51.096954 54.637714 68.000000
v 51.406788 55.055473 68.000000
v 51.674183 55.501598 68.000000
v 51.896561 55.971775 68.000000
v 52.071785 56.461491 68.000000
v 52.198162 56.966022 68.000000
v 52.274479 57.480511 68.000000
v 52.299999 58.000000 68.000000
v 52.274479 58.519489 68.000000
v 51.896561 60.028225 68.000000
v 52.198162 59.033978 68.000000
v 52.071785 59.538509 68.000000
v 49.028221 62.896564 68.000000
v 49.498402 62.674183 68.000000
v 50.362286 62.096954 68.000000
v 49.944523 62.406792 68.000000
v 50.747665 61.747665 68.000000
v 51.406788 60.944527 68.000000
v 51.096954 61.362286 68.000000
v 51.674183 60.498402 68.000000
v 54.000000 73.500000 68.000000
v 53.966270 74.873894 68.000000
v 53.865170 76.244476 68.000000
v 53.160873 80.303444 68.000000
v 53.696941 77.608452 68.000000
v 53.461987 78.962532 68.000000
v 56.061069 79.479515 68.000000
v 56.650002 73.500000 68.000000
v 56.613083 75.003922 68.000000
v 56.502415 76.504227 68.000000
v 56.318260 77.997292 68.000000
v 45.798988 93.298988 68.000000
v 46.746632 92.303650 68.000000
v 48.489811 90.179581 68.000000
v 47.644291 91.263016 68.000000
v 52.363235 82.932915 68.000000
v 51.311699 85.471542 68.000000
v 50.693794 86.699112 68.000000
v 51.868626 84.215134 68.000000
v 49.281151 89.055969 68.000000
v 50.016399 87.894875 68.000000
v 50.618309 91.758186 68.000000
v 49.692772 92.944153 68.000000
v 51.484543 90.528229 68.000000
v 52.289383 89.257248 68.000000
v 45.444153 97.192772 68.000000
v 46.583282 96.210152 68.000000
v 47.672821 95.172821 68.000000
v 48.710152 94.083282 68.000000
v 52.794331 81.627968 68.000000
v 54.316910 85.229248 68.000000
v 53.707272 86.604561 68.000000
v 54.858322 83.825676 68.000000
v 55.731457 80.947342 68.000000
v 55.330219 82.397224 68.000000
v 53.030888 87.948311 68.000000
v 43.650002 58.000000 71.500000
v 30.682167 97.038849 71.000000
v 31.831524 96.780746 71.000000
v 32.966831 96.466568 71.000000
v 32.803444 100.660873 71.000000
v 30.108454 101.196945 71.000000
v 30.497290 103.818260 71.000000
v 31.462528 100.961990 71.000000
v 30.988834 107.132004 71.000000
v 31.979521 103.561066 71.000000
v 33.447342 103.231461 71.000000
v 32.633072 106.846703 71.000000
v 34.085358 96.097061 71.000000
v 35.184402 95.673111 71.000000
v 34.127972 100.294327 71.000000
v 35.432915 99.863235 71.000000
v 36.261322 95.195740 71.000000
v 37.313522 94.666107 71.000000
v 36.715137 99.368629 71.000000
v 34.897224 102.830223 71.000000
v 34.261326 106.481064 71.000000
v 36.325672 102.358322 71.000000
v 35.869678 106.035973 71.000000
v 37.454254 105.512497 71.000000
v 39.333687 93.455269 71.000000
v 40.296783 92.776978 71.000000
v 41.225437 92.052254 71.000000
v 42.970562 90.470566 71.000000
v 42.117416 91.282829 71.000000
v 43.782825 89.617416 71.000000
v 44.552250 88.725441 71.000000
v 38.338467 94.085487 71.000000
v 37.971542 98.811699 71.000000
v 39.199108 98.193794 71.000000
v 40.394878 97.516403 71.000000
v 40.448311 100.530884 71.000000
v 37.729248 101.816910 71.000000
v 39.104565 101.207275 71.000000
v 39.011238 104.911903 71.000000
v 40.536873 104.235634 71.000000
v 41.555965 96.781151 71.000000
v 42.679581 95.989807 71.000000
v 41.757248 99.789383 71.000000
v 43.028229 98.984543 71.000000
v 43.763012 95.144295 71.000000
v 44.803650 94.246628 71.000000
v 44.258183 98.118309 71.000000
v 42.027489 103.485321 71.000000
v 43.479492 102.662773 71.000000
v 44.889389 101.769966 71.000000
v 30.974705 107.036736 71.588104
v 32.614285 106.752243 71.588104
v 34.237926 106.387642 71.588104
v 35.841724 105.943810 71.588104
v 37.421810 105.421822 71.588104
v 30.932447 106.751869 72.170544
v 32.558098 106.469788 72.170544
v 34.167950 106.108284 72.170544
v 35.758125 105.668228 72.170544
v 37.324791 105.150665 72.170544
v 38.974380 104.822929 71.588104
v 40.495697 104.148575 71.588104
v 41.982090 103.400391 71.588104
v 43.429981 102.580170 71.588104
v 44.835884 101.689888 71.588104
v 38.864174 104.556862 72.170544
v 40.372566 103.888237 72.170544
v 41.846333 103.146408 72.170544
v 43.281925 102.333153 72.170544
v 44.675884 101.450439 72.170544
v 50.362286 53.903046 71.000000
v 50.747665 54.252335 71.000000
v 51.096954 54.637714 71.000000
v 51.406788 55.055473 71.000000
v 51.674183 55.501598 71.000000
v 51.896561 55.971775 71.000000
v 52.071785 56.461491 71.000000
v 52.198162 56.966022 71.000000
v 52.274479 57.480511 71.000000
v 52.299999 58.000000 71.000000
v 52.274479 58.519489 71.000000
v 51.896561 60.028225 71.000000
v 52.198162 59.033978 71.000000
v 52.071785 59.538509 71.000000
v 50.362286 62.096954 71.000000
v 50.000000 62.365646 71.000000
v 50.747665 61.747665 71.000000
v 51.406788 60.944527 71.000000
v 51.096954 61.362286 71.000000
v 51.674183 60.498402 71.000000
v 50.000000 73.500000 71.000000
v 49.971092 74.677628 71.000000
v 49.884434 75.852409 71.000000
v 49.740234 77.021530 71.000000
v 49.538845 78.182167 71.000000
v 48.966568 80.466835 71.000000
v 49.280750 79.331528 71.000000
v 54.000000 73.500000 71.000000
v 53.966270 74.873894 71.000000
v 53.865170 76.244476 71.000000
v 53.160873 80.303444 71.000000
v 53.696941 77.608452 71.000000
v 53.461987 78.962532 71.000000
v 56.061069 79.479515 71.000000
v 56.650002 73.500000 71.000000
v 60.000000 73.500000 71.000000
v 56.613083 75.003922 71.000000
v 56.502415 76.504227 71.000000
v 56.318260 77.997292 71.000000
v 59.959045 75.168304 71.000000
v 59.836281 76.832581 71.000000
v 59.632000 78.488838 71.000000
v 59.346703 80.133072 71.000000
v 45.325001 55.098816 71.500000
v 45.586502 57.055534 71.500000
v 45.685883 56.921528 71.500000
v 45.921532 56.685883 71.500000
v 45.797920 56.797920 71.500000
v 46.055531 56.586502 71.500000
v 46.198624 56.500729 71.500000
v 46.349438 56.429409 71.500000
v 46.506516 56.373203 71.500000
v 46.668346 56.332664 71.500000
v 46.833370 56.308186 71.500000
v 45.429405 57.349442 71.500000
v 45.373203 57.506516 71.500000
v 45.332664 57.668346 71.500000
v 45.308186 57.833370 71.500000
v 45.299999 58.000000 71.500000
v 45.308186 58.166630 71.500000
v 45.332664 58.331654 71.500000
v 45.373203 58.493484 71.500000
v 45.429405 58.650558 71.500000
v 45.500732 57.198624 71.500000
v 45.500732 58.801376 71.500000
v 45.586502 58.944466 71.500000
v 45.685883 59.078472 71.500000
v 45.797920 59.202080 71.500000
v 45.921532 59.314117 71.500000
v 46.055531 59.413498 71.500000
v 46.198624 59.499271 71.500000
v 46.349438 59.570591 71.500000
v 46.506516 59.626797 71.500000
v 46.668346 59.667336 71.500000
v 46.833370 59.691814 71.500000
v 47.000000 56.299999 71.500000
v 47.166630 56.308186 71.500000
v 47.331654 56.332664 71.500000
v 47.493484 56.373203 71.500000
v 47.650562 56.429409 71.500000
v 47.801376 56.500729 71.500000
v 48.674999 55.098816 71.500000
v 47.944469 56.586502 71.500000
v 48.078468 56.685883 71.500000
v 48.202080 56.797920 71.500000
v 48.314117 56.921528 71.500000
v 48.413498 57.055534 71.500000
v 47.000000 59.700001 71.500000
v 47.166630 59.691814 71.500000
v 47.331654 59.667336 71.500000
v 47.493484 59.626797 71.500000
v 47.650562 59.570591 71.500000
v 47.801376 59.499271 71.500000
v 48.499268 57.198624 71.500000
v 48.570595 57.349442 71.500000
v 48.626797 57.506516 71.500000
v 48.667336 57.668346 71.500000
v 48.691814 57.833370 71.500000
v 48.700001 58.000000 71.500000
v 48.691814 58.166630 71.500000
v 48.667336 58.331654 71.500000
v 48.626797 58.493484 71.500000
v 48.570595 58.650558 71.500000
v 47.944469 59.413498 71.500000
v 48.202080 59.202080 71.500000
v 48.078468 59.314117 71.500000
v 48.314117 59.078472 71.500000
v 48.413498 58.944466 71.500000
v 48.499268 58.801376 71.500000
v 45.325001 60.901184 71.500000
v 48.674999 60.901184 71.500000
v 50.349998 58.000000 71.500000
v 59.903694 73.500000 71.588104
v 59.862862 75.163574 71.588104
v 59.740440 76.823143 71.588104
v 59.536743 78.474709 71.588104
v 59.252243 80.114281 71.588104
v 59.615707 73.500000 72.170544
v 59.575214 75.149445 72.170544
v 59.453838 76.794914 72.170544
v 58.969784 80.058098 72.170544
v 59.251865 78.432449 72.170544
v 45.955269 86.833687 71.000000
v 46.585487 85.838463 71.000000
v 47.695744 83.761322 71.000000
v 48.597057 81.585358 71.000000
v 48.173107 82.684402 71.000000
v 47.166111 84.813522 71.000000
v 45.276981 87.796783 71.000000
v 45.798988 93.298988 71.000000
v 46.746632 92.303650 71.000000
v 48.489811 90.179581 71.000000
v 47.644291 91.263016 71.000000
v 52.363235 82.932915 71.000000
v 51.311699 85.471542 71.000000
v 50.693794 86.699112 71.000000
v 51.868626 84.215134 71.000000
v 49.281151 89.055969 71.000000
v 50.016399 87.894875 71.000000
v 50.618309 91.758186 71.000000
v 49.692772 92.944153 71.000000
v 51.484543 90.528229 71.000000
v 52.289383 89.257248 71.000000
v 45.444153 97.192772 71.000000
v 46.583282 96.210152 71.000000
v 47.672821 95.172821 71.000000
v 48.710152 94.083282 71.000000
v 47.569370 99.782356 71.000000
v 46.253777 100.809059 71.000000
v 48.833004 98.692337 71.000000
v 50.041630 97.541634 71.000000
v 51.192337 96.333008 71.000000
v 52.282356 95.069374 71.000000
v 52.794331 81.627968 71.000000
v 54.316910 85.229248 71.000000
v 53.707272 86.604561 71.000000
v 54.858322 83.825676 71.000000
v 55.731457 80.947342 71.000000
v 55.330219 82.397224 71.000000
v 53.030888 87.948311 71.000000
v 53.309055 93.753777 71.000000
v 54.269966 92.389389 71.000000
v 55.985325 89.527489 71.000000
v 55.162769 90.979492 71.000000
v 58.012501 84.954254 71.000000
v 57.411903 86.511238 71.000000
v 58.981064 81.761330 71.000000
v 58.535973 83.369682 71.000000
v 56.735634 88.036873 71.000000
v 46.196407 100.731705 71.588104
v 47.508278 99.707909 71.588104
v 48.768330 98.620979 71.588104
v 49.973534 97.473534 71.588104
v 51.120979 96.268333 71.588104
v 52.207909 95.008278 71.588104
v 46.024853 100.500389 72.170544
v 47.325577 99.485291 72.170544
v 48.574928 98.407593 72.170544
v 49.769894 97.269890 72.170544
v 50.907597 96.074928 72.170544
v 51.985291 94.825577 72.170544
v 53.231701 93.696404 71.588104
v 54.189896 92.335884 71.588104
v 55.900391 89.482094 71.588104
v 55.080173 90.929985 71.588104
v 57.921825 84.921814 71.588104
v 57.322929 86.474380 71.588104
v 58.887642 81.737923 71.588104
v 58.443813 83.341721 71.588104
v 56.648575 87.995697 71.588104
v 53.000389 93.524849 72.170544
v 53.950439 92.175888 72.170544
v 55.646408 89.346336 72.170544
v 54.833153 90.781929 72.170544
v 57.056866 86.364174 72.170544
v 57.650669 84.824791 72.170544
v 58.608280 81.667953 72.170544
v 58.168224 83.258125 72.170544
v 56.388237 87.872566 72.170544
v 9.800000 29.799999 74.000000
v 9.858881 29.801447 74.000000
v 9.917621 29.805779 74.000000
v 9.976076 29.812988 74.000000
v 10.034108 29.823055 74.000000
v 10.091577 29.835962 74.000000
v 10.148341 29.851671 74.000000
v 10.204268 29.870148 74.000000
v 10.259220 29.891344 74.000000
v 10.371428 27.500000 74.000000
v 10.313066 29.915213 74.000000
v 10.365676 29.941692 74.000000
v 10.416924 29.970726 74.000000
v 10.466684 30.002237 74.000000
v 10.514839 30.036150 74.000000
v 10.561272 30.072388 74.000000
v 10.605871 30.110857 74.000000
v 10.648528 30.151472 74.000000
v 10.689141 30.194132 74.000000
v 9.800000 32.200001 74.000000
v 9.858881 32.198555 74.000000
v 9.917621 32.194221 74.000000
v 9.976076 32.187012 74.000000
v 10.034108 32.176941 74.000000
v 10.091577 32.164036 74.000000
v 10.148341 32.148327 74.000000
v 10.259220 32.108654 74.000000
v 10.204268 32.129852 74.000000
v 10.727612 30.238726 74.000000
v 10.763849 30.285162 74.000000
v 10.605871 31.889143 74.000000
v 10.648528 31.848528 74.000000
v 10.763849 31.714838 74.000000
v 10.689141 31.805868 74.000000
v 10.727612 31.761274 74.000000
v 10.797764 30.333315 74.000000
v 10.829274 30.383078 74.000000
v 10.858306 30.434322 74.000000
v 10.884788 30.486935 74.000000
v 10.908655 30.540777 74.000000
v 10.929852 30.595732 74.000000
v 10.948328 30.651657 74.000000
v 10.964038 30.708422 74.000000
v 10.976942 30.765892 74.000000
v 10.987012 30.823923 74.000000
v 10.994222 30.882381 74.000000
v 10.998554 30.941116 74.000000
v 11.000000 31.000000 74.000000
v 10.998554 31.058884 74.000000
v 10.994222 31.117619 74.000000
v 10.987012 31.176077 74.000000
v 10.976942 31.234108 74.000000
v 10.964038 31.291578 74.000000
v 10.948328 31.348343 74.000000
v 10.908655 31.459223 74.000000
v 10.929852 31.404268 74.000000
v 10.797764 31.666685 74.000000
v 10.884788 31.513065 74.000000
v 10.858306 31.565678 74.000000
v 10.829274 31.616922 74.000000
v 10.365676 32.058304 74.000000
v 10.313066 32.084785 74.000000
v 10.416924 32.029274 74.000000
v 10.466684 31.997763 74.000000
v 10.514839 31.963850 74.000000
v 10.561272 31.927612 74.000000
v 25.195185 26.598017 74.000000
v 25.189177 26.646730 74.000000
v 25.170031 26.742981 74.000000
v 25.156940 26.790285 74.000000
v 25.141544 26.836889 74.000000
v 25.180786 26.695091 74.000000
v 25.200001 26.500000 74.000000
v 25.198795 26.549068 74.000000
v 24.200001 27.500000 74.000000
v 24.249067 27.498793 74.000000
v 24.346731 27.489174 74.000000
v 24.298018 27.495184 74.000000
v 24.442980 27.470032 74.000000
v 24.395090 27.480783 74.000000
v 24.490284 27.456942 74.000000
v 24.536890 27.441542 74.000000
v 24.582684 27.423878 74.000000
v 24.834393 27.273010 74.000000
v 24.627556 27.403990 74.000000
v 24.671396 27.381924 74.000000
v 24.714104 27.357727 74.000000
v 24.755569 27.331472 74.000000
v 24.795700 27.303205 74.000000
v 24.940950 27.171558 74.000000
v 24.907106 27.207108 74.000000
v 24.871559 27.240950 74.000000
v 25.031469 27.055571 74.000000
v 25.057728 27.014103 74.000000
v 25.003208 27.095699 74.000000
v 24.973011 27.134394 74.000000
v 25.123880 26.882681 74.000000
v 25.103989 26.927555 74.000000
v 25.081921 26.971399 74.000000
v 9.800000 29.799999 75.599998
v 9.858881 29.801447 75.599998
v 9.917621 29.805779 75.599998
v 9.976076 29.812988 75.599998
v 10.034108 29.823055 75.599998
v 10.091577 29.835962 75.599998
v 10.148341 29.851671 75.599998
v 10.204268 29.870148 75.599998
v 10.259220 29.891344 75.599998
v 10.313066 29.915213 75.599998
v 10.365676 29.941692 75.599998
v 10.416924 29.970726 75.599998
v 10.466684 30.002237 75.599998
v 10.514839 30.036150 75.599998
v 10.561272 30.072388 75.599998
v 10.605871 30.110857 75.599998
v 10.648528 30.151472 75.599998
v 10.689141 30.194132 75.599998
v 9.800000 32.200001 75.599998
v 9.858881 32.198555 75.599998
v 9.917621 32.194221 75.599998
v 9.976076 32.187012 75.599998
v 10.034108 32.176941 75.599998
v 10.091577 32.164036 75.599998
v 10.148341 32.148327 75.599998
v 10.259220 32.108654 75.599998
v 10.204268 32.129852 75.599998
v 10.727612 30.238726 75.599998
v 10.763849 30.285162 75.599998
v 10.605871 31.889143 75.599998
v 10.648528 31.848528 75.599998
v 10.689141 31.805868 75.599998
v 10.763849 31.714838 75.599998
v 10.727612 31.761274 75.599998
v 10.797764 30.333315 75.599998
v 10.829274 30.383078 75.599998
v 10.858306 30.434322 75.599998
v 10.884788 30.486935 75.599998
v 10.908655 30.540777 75.599998
v 10.929852 30.595732 75.599998
v 10.948328 30.651657 75.599998
v 10.964038 30.708422 75.599998
v 10.976942 30.765892 75.599998
v 10.987012 30.823923 75.599998
v 10.994222 30.882381 75.599998
v 10.998554 30.941116 75.599998
v 11.000000 31.000000 75.599998
v 10.998554 31.058884 75.599998
v 10.994222 31.117619 75.599998
v 10.987012 31.176077 75.599998
v 10.976942 31.234108 75.599998
v 10.964038 31.291578 75.599998
v 10.948328 31.348343 75.599998
v 10.908655 31.459223 75.599998
v 10.929852 31.404268 75.599998
v 10.797764 31.666685 75.599998
v 10.884788 31.513065 75.599998
v 10.858306 31.565678 75.599998
v 10.829274 31.616922 75.599998
v 10.416924 32.029274 75.599998
v 10.313066 32.084785 75.599998
v 10.365676 32.058304 75.599998
v 10.466684 31.997763 75.599998
v 10.514839 31.963850 75.599998
v 10.561272 31.927612 75.599998
v 3.333333 38.349998 77.000000
v 25.195185 26.598017 75.599998
v 25.189177 26.646730 75.599998
v 25.170031 26.742981 75.599998
v 25.156940 26.790285 75.599998
v 25.141544 26.836889 75.599998
v 25.180786 26.695091 75.599998
v 25.200001 26.500000 75.599998
v 25.198795 26.549068 75.599998
v 20.000000 38.349998 75.599998
v 21.145731 38.321873 75.599998
v 22.288700 38.237564 75.599998
v 24.200001 27.500000 75.599998
v 24.249067 27.498793 75.599998
v 24.346731 27.489174 75.599998
v 24.298018 27.495184 75.599998
v 24.442980 27.470032 75.599998
v 24.395090 27.480783 75.599998
v 24.490284 27.456942 75.599998
v 24.536890 27.441542 75.599998
v 24.582684 27.423878 75.599998
v 24.834393 27.273010 75.599998
v 24.627556 27.403990 75.599998
v 24.671396 27.381924 75.599998
v 24.714104 27.357727 75.599998
v 24.755569 27.331472 75.599998
v 24.795700 27.303205 75.599998
v 24.871559 27.240950 75.599998
v 24.940950 27.171558 75.599998
v 24.907106 27.207108 75.599998
v 25.031469 27.055571 75.599998
v 25.057728 27.014103 75.599998
v 24.973011 27.134394 75.599998
v 25.003208 27.095699 75.599998
v 25.123880 26.882681 75.599998
v 25.103989 26.927555 75.599998
v 25.081921 26.971399 75.599998
v 23.426157 38.097271 75.599998
v 24.555359 37.901337 75.599998
v 25.673588 37.650230 75.599998
v 26.778147 37.344559 75.599998
v 27.866377 36.985054 75.599998
v 28.935658 36.572586 75.599998
v 29.983412 36.108150 75.599998
v 20.000000 38.349998 77.000000
v 21.145731 38.321873 77.000000
v 22.288700 38.237564 77.000000
v 23.426157 38.097271 77.000000
v 24.555359 37.901337 77.000000
v 25.673588 37.650230 77.000000
v 26.778147 37.344559 77.000000
v 27.866377 36.985054 77.000000
v 28.935658 36.572586 77.000000
v 29.983412 36.108150 77.000000
v 14.058456 69.663109 74.000000
v 14.043059 69.709717 74.000000
v 14.029969 69.757019 74.000000
v 14.019215 69.804909 74.000000
v 14.010824 69.853271 74.000000
v 14.004814 69.901985 74.000000
v 14.001204 69.950935 74.000000
v 14.000000 70.000000 74.000000
v 14.168531 69.444427 74.000000
v 14.142270 69.485901 74.000000
v 14.118078 69.528603 74.000000
v 14.076120 69.617317 74.000000
v 14.096011 69.572441 74.000000
v 14.226991 69.365608 74.000000
v 14.259048 69.328438 74.000000
v 14.196792 69.404305 74.000000
v 14.292892 69.292892 74.000000
v 14.365606 69.226990 74.000000
v 14.404301 69.196793 74.000000
v 14.328440 69.259048 74.000000
v 14.444428 69.168533 74.000000
v 14.485898 69.142273 74.000000
v 14.528604 69.118080 74.000000
v 14.617317 69.076118 74.000000
v 14.572445 69.096008 74.000000
v 14.663111 69.058456 74.000000
v 14.709715 69.043060 74.000000
v 14.757019 69.029968 74.000000
v 14.804911 69.019218 74.000000
v 14.853269 69.010826 74.000000
v 14.901984 69.004814 74.000000
v 14.950933 69.001205 74.000000
v 14.000000 82.000000 74.000000
v 14.001204 82.049065 74.000000
v 14.004814 82.098015 74.000000
v 14.010824 82.146729 74.000000
v 14.019215 82.195091 74.000000
v 14.029969 82.242981 74.000000
v 14.043059 82.290283 74.000000
v 14.058456 82.336891 74.000000
v 14.076120 82.382683 74.000000
v 14.096011 82.427559 74.000000
v 14.118078 82.471397 74.000000
v 14.142270 82.514099 74.000000
v 14.168531 82.555573 74.000000
v 14.196792 82.595695 74.000000
v 14.226991 82.634392 74.000000
v 14.259048 82.671562 74.000000
v 14.292892 82.707108 74.000000
v 14.328440 82.740952 74.000000
v 14.365606 82.773010 74.000000
v 14.404301 82.803207 74.000000
v 14.444428 82.831467 74.000000
v 14.485898 82.857727 74.000000
v 14.528604 82.881920 74.000000
v 14.572445 82.903992 74.000000
v 14.617317 82.923882 74.000000
v 14.663111 82.941544 74.000000
v 14.709715 82.956940 74.000000
v 14.757019 82.970032 74.000000
v 14.804911 82.980782 74.000000
v 14.853269 82.989174 74.000000
v 14.901984 82.995186 74.000000
v 14.950933 82.998795 74.000000
v 15.000000 69.000000 74.000000
v 23.000000 69.000000 74.000000
v 23.049068 69.001205 74.000000
v 23.098017 69.004814 74.000000
v 23.146730 69.010826 74.000000
v 23.195091 69.019218 74.000000
v 23.242981 69.029968 74.000000
v 23.290285 69.043060 74.000000
v 23.336889 69.058456 74.000000
v 23.382683 69.076118 74.000000
v 23.427555 69.096008 74.000000
v 23.471397 69.118080 74.000000
v 23.514103 69.142273 74.000000
v 23.555571 69.168533 74.000000
v 23.595699 69.196793 74.000000
v 23.634394 69.226990 74.000000
v 23.671558 69.259048 74.000000
v 23.707108 69.292892 74.000000
v 23.740952 69.328438 74.000000
v 23.773010 69.365608 74.000000
v 23.803207 69.404305 74.000000
v 23.831470 69.444427 74.000000
v 23.857729 69.485901 74.000000
v 23.881922 69.528603 74.000000
v 23.903990 69.572441 74.000000
v 23.923880 69.617317 74.000000
v 23.941544 69.663109 74.000000
v 23.956940 69.709717 74.000000
v 23.970032 69.757019 74.000000
v 23.980785 69.804909 74.000000
v 23.989176 69.853271 74.000000
v 23.995184 69.901985 74.000000
v 23.998795 69.950935 74.000000
v 24.000000 70.000000 74.000000
v 26.000000 106.638809 72.741707
v 27.626045 106.598892 72.741707
v 29.248169 106.479233 72.741707
v 26.000000 105.977592 73.296101
v 27.593599 105.938469 73.296101
v 29.183359 105.821205 73.296101
v 15.000000 83.000000 74.000000
v 23.000000 83.000000 74.000000
v 23.049068 82.998795 74.000000
v 23.098017 82.995186 74.000000
v 23.146730 82.989174 74.000000
v 23.195091 82.980782 74.000000
v 23.242981 82.970032 74.000000
v 23.290285 82.956940 74.000000
v 23.382683 82.923882 74.000000
v 23.427555 82.903992 74.000000
v 23.336889 82.941544 74.000000
v 24.000000 82.000000 74.000000
v 23.998795 82.049065 74.000000
v 23.989176 82.146729 74.000000
v 23.980785 82.195091 74.000000
v 23.956940 82.290283 74.000000
v 23.970032 82.242981 74.000000
v 23.995184 82.098015 74.000000
v 23.471397 82.881920 74.000000
v 23.514103 82.857727 74.000000
v 23.555571 82.831467 74.000000
v 23.634394 82.773010 74.000000
v 23.595699 82.803207 74.000000
v 23.671558 82.740952 74.000000
v 23.740952 82.671562 74.000000
v 23.707108 82.707108 74.000000
v 23.773010 82.634392 74.000000
v 23.857729 82.514099 74.000000
v 23.881922 82.471397 74.000000
v 23.903990 82.427559 74.000000
v 23.831470 82.555573 74.000000
v 23.803207 82.595695 74.000000
v 23.941544 82.336891 74.000000
v 23.923880 82.382683 74.000000
v 26.000000 97.500000 74.000000
v 26.000000 105.138428 73.828381
v 27.177622 97.471092 74.000000
v 28.352413 97.384430 74.000000
v 29.521532 97.240234 74.000000
v 27.552422 105.100319 73.828381
v 29.101107 104.986076 73.828381
v 26.000000 104.129395 74.333420
v 27.502913 104.092499 74.333420
v 29.002205 103.981903 74.333420
v 14.058456 69.663109 75.599998
v 14.043059 69.709717 75.599998
v 14.029969 69.757019 75.599998
v 14.019215 69.804909 75.599998
v 14.010824 69.853271 75.599998
v 14.004814 69.901985 75.599998
v 14.001204 69.950935 75.599998
v 14.000000 70.000000 75.599998
v 14.142270 69.485901 75.599998
v 14.168531 69.444427 75.599998
v 14.118078 69.528603 75.599998
v 14.096011 69.572441 75.599998
v 14.076120 69.617317 75.599998
v 14.196792 69.404305 75.599998
v 14.226991 69.365608 75.599998
v 14.259048 69.328438 75.599998
v 14.292892 69.292892 75.599998
v 14.365606 69.226990 75.599998
v 14.404301 69.196793 75.599998
v 14.328440 69.259048 75.599998
v 14.444428 69.168533 75.599998
v 14.485898 69.142273 75.599998
v 14.528604 69.118080 75.599998
v 14.617317 69.076118 75.599998
v 14.572445 69.096008 75.599998
v 14.663111 69.058456 75.599998
v 14.709715 69.043060 75.599998
v 14.757019 69.029968 75.599998
v 14.804911 69.019218 75.599998
v 14.853269 69.010826 75.599998
v 14.901984 69.004814 75.599998
v 14.950933 69.001205 75.599998
v 14.000000 82.000000 75.599998
v 14.001204 82.049065 75.599998
v 14.004814 82.098015 75.599998
v 14.010824 82.146729 75.599998
v 14.019215 82.195091 75.599998
v 14.029969 82.242981 75.599998
v 14.043059 82.290283 75.599998
v 14.058456 82.336891 75.599998
v 14.076120 82.382683 75.599998
v 14.096011 82.427559 75.599998
v 14.118078 82.471397 75.599998
v 14.142270 82.514099 75.599998
v 14.168531 82.555573 75.599998
v 14.196792 82.595695 75.599998
v 14.226991 82.634392 75.599998
v 14.259048 82.671562 75.599998
v 14.292892 82.707108 75.599998
v 14.328440 82.740952 75.599998
v 14.365606 82.773010 75.599998
v 14.404301 82.803207 75.599998
v 14.444428 82.831467 75.599998
v 14.485898 82.857727 75.599998
v 14.528604 82.881920 75.599998
v 14.572445 82.903992 75.599998
v 14.617317 82.923882 75.599998
v 14.663111 82.941544 75.599998
v 14.709715 82.956940 75.599998
v 14.757019 82.970032 75.599998
v 14.804911 82.980782 75.599998
v 14.853269 82.989174 75.599998
v 14.901984 82.995186 75.599998
v 14.950933 82.998795 75.599998
v 15.000000 69.000000 75.599998
v 24.000000 63.650002 75.599998
v 24.605986 63.664875 75.599998
v 25.210512 63.709473 75.599998
v 25.812120 63.783669 75.599998
v 26.409365 63.887302 75.599998
v 27.000807 64.020111 75.599998
v 27.585018 64.181786 75.599998
v 28.160589 64.371933 75.599998
v 28.726141 64.590088 75.599998
v 29.280308 64.835732 75.599998
v 29.821751 65.108269 75.599998
v 23.000000 69.000000 75.599998
v 23.049068 69.001205 75.599998
v 23.098017 69.004814 75.599998
v 23.146730 69.010826 75.599998
v 23.195091 69.019218 75.599998
v 23.242981 69.029968 75.599998
v 23.290285 69.043060 75.599998
v 23.336889 69.058456 75.599998
v 23.382683 69.076118 75.599998
v 23.427555 69.096008 75.599998
v 23.471397 69.118080 75.599998
v 23.514103 69.142273 75.599998
v 23.555571 69.168533 75.599998
v 23.595699 69.196793 75.599998
v 23.634394 69.226990 75.599998
v 23.671558 69.259048 75.599998
v 23.707108 69.292892 75.599998
v 23.740952 69.328438 75.599998
v 23.773010 69.365608 75.599998
v 23.803207 69.404305 75.599998
v 23.831470 69.444427 75.599998
v 23.857729 69.485901 75.599998
v 23.881922 69.528603 75.599998
v 23.903990 69.572441 75.599998
v 23.923880 69.617317 75.599998
v 23.941544 69.663109 75.599998
v 23.956940 69.709717 75.599998
v 23.970032 69.757019 75.599998
v 23.980785 69.804909 75.599998
v 23.989176 69.853271 75.599998
v 23.995184 69.901985 75.599998
v 23.998795 69.950935 75.599998
v 24.000000 70.000000 75.599998
v 24.000000 63.650002 77.000000
v 24.605986 63.664875 77.000000
v 25.210512 63.709473 77.000000
v 25.812120 63.783669 77.000000
v 26.409365 63.887302 77.000000
v 27.000807 64.020111 77.000000
v 27.585018 64.181786 77.000000
v 28.160589 64.371933 77.000000
v 28.726141 64.590088 77.000000
v 29.280308 64.835732 77.000000
v 29.821751 65.108269 77.000000
v 15.000000 83.000000 75.599998
v 23.000000 83.000000 75.599998
v 23.049068 82.998795 75.599998
v 23.098017 82.995186 75.599998
v 23.146730 82.989174 75.599998
v 23.195091 82.980782 75.599998
v 23.242981 82.970032 75.599998
v 23.290285 82.956940 75.599998
v 23.382683 82.923882 75.599998
v 23.427555 82.903992 75.599998
v 23.336889 82.941544 75.599998
v 24.000000 82.000000 75.599998
v 23.998795 82.049065 75.599998
v 23.989176 82.146729 75.599998
v 23.980785 82.195091 75.599998
v 23.956940 82.290283 75.599998
v 23.970032 82.242981 75.599998
v 23.995184 82.098015 75.599998
v 23.471397 82.881920 75.599998
v 23.514103 82.857727 75.599998
v 23.555571 82.831467 75.599998
v 23.595699 82.803207 75.599998
v 23.634394 82.773010 75.599998
v 23.671558 82.740952 75.599998
v 23.740952 82.671562 75.599998
v 23.707108 82.707108 75.599998
v 23.773010 82.634392 75.599998
v 23.857729 82.514099 75.599998
v 23.881922 82.471397 75.599998
v 23.903990 82.427559 75.599998
v 23.831470 82.555573 75.599998
v 23.803207 82.595695 75.599998
v 23.941544 82.336891 75.599998
v 23.923880 82.382683 75.599998
v 24.000000 88.349998 75.599998
v 24.605986 88.335121 75.599998
v 25.210512 88.290535 75.599998
v 25.812120 88.216331 75.599998
v 29.280308 87.164268 75.599998
v 29.821751 86.891731 75.599998
v 26.409365 88.112701 75.599998
v 27.000807 87.979889 75.599998
v 27.585018 87.818214 75.599998
v 28.160589 87.628067 75.599998
v 28.726141 87.409912 75.599998
v 26.000000 102.960213 74.806358
v 26.000000 101.642136 75.242641
v 27.445543 102.924721 74.806358
v 28.887606 102.818352 74.806358
v 27.380871 101.608238 75.242641
v 28.758413 101.506622 75.242641
v 26.000000 100.187866 75.638062
v 27.309511 100.155716 75.638062
v 28.615870 100.059357 75.638062
v 29.915924 99.899010 75.638062
v 24.000000 88.349998 76.987473
v 24.605986 88.335121 76.987690
v 25.210512 88.290535 76.988350
v 25.812120 88.216331 76.989441
v 26.000000 88.183731 76.989922
v 26.000000 89.460342 76.971107
v 26.000000 93.305695 76.741642
v 26.000000 91.401810 76.884712
v 29.280308 87.164268 76.999187
v 29.406775 87.100609 76.999695
v 29.501959 87.052696 77.000000
v 29.821751 86.891731 77.000000
v 26.409365 88.112701 76.990822
v 26.714508 88.044174 76.991722
v 27.000807 87.979889 76.992355
v 26.783136 89.441116 76.971107
v 27.414858 87.865303 76.993591
v 27.585018 87.818214 76.993973
v 28.098732 87.648506 76.995529
v 27.564386 89.383492 76.971107
v 26.971817 93.281837 76.741642
v 27.941296 93.210327 76.741642
v 26.878401 91.380241 76.884712
v 27.754684 91.315605 76.884712
v 28.160589 87.628067 76.995670
v 28.763556 87.393326 76.997562
v 28.726141 87.409912 76.997414
v 28.341869 89.287598 76.971107
v 29.878044 88.982033 76.971107
v 29.113708 89.153671 76.971107
v 28.906099 93.091324 76.741642
v 29.863901 92.925133 76.741642
v 28.626743 91.208046 76.884712
v 29.492470 91.057831 76.884712
v 26.000000 98.611404 75.988819
v 26.000000 96.927933 76.291527
v 27.232161 98.581154 75.988819
v 28.461348 98.490486 75.988819
v 29.684608 98.339615 75.988819
v 27.149555 96.899712 76.291527
v 28.296339 96.815125 76.291527
v 29.437590 96.674362 76.291527
v 26.000000 95.153671 76.543278
v 27.062492 95.127586 76.543278
v 28.122433 95.049400 76.543278
v 29.177254 94.919304 76.543278
v 44.055477 53.593212 73.000000
v 44.501598 53.325817 73.000000
v 44.971779 53.103439 73.000000
v 45.461491 52.928215 73.000000
v 45.966022 52.801838 73.000000
v 46.480511 52.725521 73.000000
v 47.000000 52.700001 73.000000
v 47.519489 52.725521 73.000000
v 48.033978 52.801838 73.000000
v 48.538509 52.928215 73.000000
v 49.028221 53.103439 73.000000
v 49.498402 53.325817 73.000000
v 49.944523 53.593212 73.000000
v 50.000000 53.634357 73.000000
v 41.108150 24.983412 75.599998
v 40.592861 26.007114 75.599998
v 43.097271 18.426157 75.599998
v 42.901337 19.555359 75.599998
v 43.349998 15.000000 75.599998
v 43.321873 16.145731 75.599998
v 43.237564 17.288700 75.599998
v 41.985054 22.866379 75.599998
v 42.650230 20.673588 75.599998
v 42.344559 21.778147 75.599998
v 41.572586 23.935658 75.599998
v 41.108150 24.983412 76.983669
v 40.592861 26.007114 76.991261
v 43.097271 18.426157 76.920513
v 42.901337 19.555359 76.929234
v 43.349998 15.000000 76.909267
v 43.321873 16.145731 76.910519
v 43.237564 17.288700 76.914272
v 41.985054 22.866379 76.970009
v 41.960342 22.930441 76.971107
v 42.650230 20.673588 76.940407
v 42.344559 21.778147 76.954010
v 41.572586 23.935658 76.976822
v 31.007114 35.592861 75.599998
v 32.004299 35.027962 75.599998
v 32.972565 34.414814 75.599998
v 34.813084 33.049793 75.599998
v 36.510944 31.510944 75.599998
v 35.680901 32.301208 75.599998
v 37.301208 30.680902 75.599998
v 33.909580 33.754894 75.599998
v 38.049793 29.813086 75.599998
v 38.754894 28.909578 75.599998
v 39.414814 27.972563 75.599998
v 40.027962 27.004297 75.599998
v 31.007114 35.592861 77.000000
v 32.004299 35.027962 77.000000
v 32.972565 34.414814 77.000000
v 34.813084 33.049793 77.000000
v 36.510944 31.510944 77.000000
v 35.680901 32.301208 77.000000
v 37.301208 30.680902 77.000000
v 33.909580 33.754894 77.000000
v 38.049793 29.813086 77.000000
v 38.754894 28.909578 77.000000
v 39.414814 27.972563 77.000000
v 40.000000 27.048458 77.000000
v 40.027962 27.004297 76.999588
v 42.103439 55.971775 73.000000
v 41.928215 56.461491 73.000000
v 41.801838 56.966022 73.000000
v 42.593212 55.055473 73.000000
v 42.903046 54.637714 73.000000
v 42.325817 55.501598 73.000000
v 41.700001 58.000000 73.000000
v 41.725521 57.480511 73.000000
v 41.725521 58.519489 73.000000
v 41.801838 59.033978 73.000000
v 41.928215 59.538509 73.000000
v 42.103439 60.028225 73.000000
v 43.252335 54.252335 73.000000
v 43.637714 53.903046 73.000000
v 42.325817 60.498402 73.000000
v 42.593212 60.944527 73.000000
v 42.903046 61.362286 73.000000
v 43.252335 61.747665 73.000000
v 43.637714 62.096954 73.000000
v 44.055477 62.406792 73.000000
v 44.501598 62.674183 73.000000
v 44.971779 62.896564 73.000000
v 30.862474 106.280128 72.741707
v 32.465061 106.002052 72.741707
v 34.052074 105.645676 72.741707
v 35.619686 105.211861 72.741707
v 37.164127 104.701645 72.741707
v 30.765453 105.626068 73.296101
v 32.336063 105.353546 73.296101
v 33.891411 105.004280 73.296101
v 35.427746 104.579117 73.296101
v 36.941372 104.079086 73.296101
v 38.681671 104.116264 72.741707
v 40.168667 103.457123 72.741707
v 41.621525 102.725815 72.741707
v 43.036751 101.924103 72.741707
v 44.410934 101.053909 72.741707
v 38.428635 103.505379 73.296101
v 39.885960 102.859398 73.296101
v 44.043583 100.504128 73.296101
v 41.309830 102.142677 73.296101
v 42.696819 101.356956 73.296101
v 30.682167 97.038849 74.000000
v 31.831524 96.780746 74.000000
v 32.966831 96.466568 74.000000
v 30.642321 104.795990 73.828381
v 32.172352 104.530502 73.828381
v 33.687511 104.190262 73.828381
v 34.085358 96.097061 74.000000
v 35.184402 95.673111 74.000000
v 36.261322 95.195740 74.000000
v 37.313522 94.666107 74.000000
v 35.184151 103.776085 73.828381
v 36.658665 103.288971 73.828381
v 30.494267 103.797874 74.333420
v 31.975498 103.540855 74.333420
v 33.442337 103.211472 74.333420
v 34.891243 102.810501 74.333420
v 36.318733 102.338921 74.333420
v 39.333687 93.455269 74.000000
v 40.296783 92.776978 74.000000
v 41.225437 92.052254 74.000000
v 42.970562 90.470566 74.000000
v 42.117416 91.282829 74.000000
v 43.782825 89.617416 74.000000
v 44.552250 88.725441 74.000000
v 38.338467 94.085487 74.000000
v 38.107502 102.730095 73.828381
v 39.527168 102.100800 73.828381
v 40.914249 101.402603 73.828381
v 42.265400 100.637184 73.828381
v 43.577366 99.806389 73.828381
v 44.846989 98.912224 73.828381
v 40.438595 100.512711 74.333420
v 37.721359 101.797867 74.333420
v 39.095753 101.188644 74.333420
v 41.746655 99.771706 74.333420
v 43.016777 98.967407 74.333420
v 44.245907 98.101761 74.333420
v 45.586502 57.055534 73.000000
v 45.685883 56.921528 73.000000
v 45.921532 56.685883 73.000000
v 45.797920 56.797920 73.000000
v 46.055531 56.586502 73.000000
v 46.198624 56.500729 73.000000
v 46.349438 56.429409 73.000000
v 46.506516 56.373203 73.000000
v 46.668346 56.332664 73.000000
v 46.833370 56.308186 73.000000
v 45.429405 57.349442 73.000000
v 45.373203 57.506516 73.000000
v 45.332664 57.668346 73.000000
v 45.308186 57.833370 73.000000
v 45.299999 58.000000 73.000000
v 45.308186 58.166630 73.000000
v 45.332664 58.331654 73.000000
v 45.373203 58.493484 73.000000
v 45.429405 58.650558 73.000000
v 45.500732 57.198624 73.000000
v 45.500732 58.801376 73.000000
v 45.586502 58.944466 73.000000
v 45.685883 59.078472 73.000000
v 45.797920 59.202080 73.000000
v 45.921532 59.314117 73.000000
v 46.055531 59.413498 73.000000
v 46.198624 59.499271 73.000000
v 46.349438 59.570591 73.000000
v 46.506516 59.626797 73.000000
v 46.668346 59.667336 73.000000
v 46.833370 59.691814 73.000000
v 47.000000 56.299999 73.000000
v 47.166630 56.308186 73.000000
v 47.331654 56.332664 73.000000
v 47.493484 56.373203 73.000000
v 47.650562 56.429409 73.000000
v 47.801376 56.500729 73.000000
v 47.944469 56.586502 73.000000
v 48.078468 56.685883 73.000000
v 48.202080 56.797920 73.000000
v 48.314117 56.921528 73.000000
v 48.413498 57.055534 73.000000
v 47.000000 59.700001 73.000000
v 47.166630 59.691814 73.000000
v 47.331654 59.667336 73.000000
v 47.493484 59.626797 73.000000
v 47.650562 59.570591 73.000000
v 47.801376 59.499271 73.000000
v 48.499268 57.198624 73.000000
v 48.570595 57.349442 73.000000
v 48.626797 57.506516 73.000000
v 48.667336 57.668346 73.000000
v 48.691814 57.833370 73.000000
v 48.700001 58.000000 73.000000
v 48.691814 58.166630 73.000000
v 48.667336 58.331654 73.000000
v 48.626797 58.493484 73.000000
v 48.570595 58.650558 73.000000
v 47.944469 59.413498 73.000000
v 48.202080 59.202080 73.000000
v 48.078468 59.314117 73.000000
v 48.314117 59.078472 73.000000
v 48.413498 58.944466 73.000000
v 48.499268 58.801376 73.000000
v 45.461491 63.071781 73.000000
v 45.966022 63.198162 73.000000
v 46.480511 63.274475 73.000000
v 47.000000 63.299999 73.000000
v 47.519489 63.274475 73.000000
v 48.033978 63.198162 73.000000
v 48.538509 63.071781 73.000000
v 49.028221 62.896564 73.000000
v 49.498402 62.674183 73.000000
v 49.944523 62.406792 73.000000
v 50.000000 62.365646 73.000000
v 59.138802 73.500000 72.741707
v 58.979233 76.748169 72.741707
v 59.098885 75.126045 72.741707
v 58.780128 78.362473 72.741707
v 58.502056 79.965057 72.741707
v 58.477592 73.500000 73.296101
v 57.853542 79.836067 73.296101
v 58.438469 75.093597 73.296101
v 58.321201 76.683357 73.296101
v 58.126068 78.265450 73.296101
v 50.000000 73.500000 74.000000
v 49.971092 74.677628 74.000000
v 49.884434 75.852409 74.000000
v 49.740234 77.021530 74.000000
v 49.538845 78.182167 74.000000
v 48.966568 80.466835 74.000000
v 49.280750 79.331528 74.000000
v 57.638424 73.500000 73.828381
v 57.600315 75.052422 73.828381
v 57.486073 76.601105 73.828381
v 57.030502 79.672348 73.828381
v 57.295986 78.142319 73.828381
v 56.040859 79.475494 74.333420
v 56.629387 73.500000 74.333420
v 56.592499 75.002914 74.333420
v 56.481899 76.502205 74.333420
v 56.297874 77.994263 74.333420
v 52.086246 92.846878 73.296101
v 45.740765 100.117340 72.741707
v 47.023037 99.116646 72.741707
v 48.254662 98.054237 72.741707
v 49.432674 96.932678 72.741707
v 50.554237 95.754662 72.741707
v 51.616646 94.523033 72.741707
v 45.346878 99.586243 73.296101
v 46.603565 98.605515 73.296101
v 47.810616 97.564308 73.296101
v 48.965126 96.465126 73.296101
v 50.064308 95.310616 73.296101
v 51.105518 94.103569 73.296101
v 52.617340 93.240761 72.741707
v 53.553909 91.910934 72.741707
v 54.424103 90.536751 72.741707
v 55.225819 89.121529 72.741707
v 55.957127 87.668663 72.741707
v 57.711861 83.119690 72.741707
v 56.616261 86.181671 72.741707
v 57.201645 84.664131 72.741707
v 58.145676 81.552071 72.741707
v 56.005383 85.928635 73.296101
v 53.856960 90.196815 73.296101
v 53.004131 91.543579 73.296101
v 54.642673 88.809830 73.296101
v 55.359390 87.385956 73.296101
v 57.079117 82.927750 73.296101
v 57.504276 81.391411 73.296101
v 56.579086 84.441368 73.296101
v 45.955269 86.833687 74.000000
v 46.585487 85.838463 74.000000
v 47.695744 83.761322 74.000000
v 48.597057 81.585358 74.000000
v 48.173107 82.684402 74.000000
v 47.166111 84.813522 74.000000
v 45.276981 87.796783 74.000000
v 50.456833 93.571205 73.828381
v 51.412220 92.346985 73.828381
v 52.306389 91.077370 73.828381
v 49.676842 92.931084 74.333420
v 50.601757 91.745911 74.333420
v 51.467407 90.516777 74.333420
v 52.271706 89.246658 74.333420
v 46.071205 97.956833 73.828381
v 47.247066 96.942528 73.828381
v 48.371746 95.871742 73.828381
v 49.442528 94.747070 73.828381
v 45.431080 97.176842 74.333420
v 46.569443 96.194885 74.333420
v 47.658253 95.158249 74.333420
v 48.694881 94.069443 74.333420
v 55.230091 85.607498 73.828381
v 54.600800 87.027168 73.828381
v 55.788971 84.158661 73.828381
v 53.137184 89.765404 73.828381
v 53.902599 88.414253 73.828381
v 56.690258 81.187508 73.828381
v 56.276085 82.684151 73.828381
v 54.297871 85.221359 74.333420
v 53.688648 86.595749 74.333420
v 54.838917 83.818733 74.333420
v 55.310501 82.391243 74.333420
v 55.711468 80.942337 74.333420
v 53.012711 87.938599 74.333420
v 30.349169 65.407051 75.599998
v 30.861292 65.731354 75.599998
v 31.356886 66.080383 75.599998
v 31.834759 66.453323 75.599998
v 32.293755 66.849251 75.599998
v 32.732769 67.267235 75.599998
v 33.150745 67.706245 75.599998
v 33.546680 68.165245 75.599998
v 33.919613 68.643112 75.599998
v 34.268650 69.138710 75.599998
v 34.592949 69.650833 75.599998
v 34.891727 70.178253 75.599998
v 35.164268 70.719696 75.599998
v 35.409912 71.273857 75.599998
v 35.628071 71.839409 75.599998
v 35.818214 72.414986 75.599998
v 35.979885 72.999191 75.599998
v 36.112698 73.590637 75.599998
v 36.216331 74.187881 75.599998
v 36.290531 74.789490 75.599998
v 36.335125 75.394012 75.599998
v 36.349998 76.000000 75.599998
v 36.290531 77.210510 75.599998
v 36.335125 76.605988 75.599998
v 36.216331 77.812119 75.599998
v 36.112698 78.409363 75.599998
v 35.818214 79.585014 75.599998
v 35.979885 79.000809 75.599998
v 35.628071 80.160591 75.599998
v 30.349169 65.407051 77.000000
v 30.861292 65.731354 77.000000
v 31.356886 66.080383 77.000000
v 31.834759 66.453323 77.000000
v 32.293755 66.849251 77.000000
v 32.732769 67.267235 77.000000
v 33.150745 67.706245 77.000000
v 33.546680 68.165245 77.000000
v 33.919613 68.643112 77.000000
v 34.268650 69.138710 77.000000
v 34.592949 69.650833 77.000000
v 34.891727 70.178253 77.000000
v 35.164268 70.719696 77.000000
v 35.409912 71.273857 77.000000
v 35.628071 71.839409 77.000000
v 35.818214 72.414986 77.000000
v 35.979885 72.999191 77.000000
v 36.112698 73.590637 77.000000
v 36.216331 74.187881 77.000000
v 36.290531 74.789490 77.000000
v 36.335125 75.394012 77.000000
v 36.349998 76.000000 77.000000
v 36.290531 77.210510 77.000000
v 36.335125 76.605988 77.000000
v 36.216331 77.812119 77.000000
v 36.112698 78.409363 77.000000
v 35.818214 79.585014 77.000000
v 35.979885 79.000809 77.000000
v 35.628071 80.160591 77.000000
v 40.000000 73.500000 77.000000
v 38.346897 80.099556 77.000000
v 38.934315 78.857567 77.000000
v 39.181618 78.216461 77.000000
v 38.655849 79.485771 77.000000
v 39.983135 74.186951 77.000000
v 39.932587 74.872238 77.000000
v 39.848473 75.554230 77.000000
v 39.730995 76.231262 77.000000
v 39.580437 76.901726 77.000000
v 39.397163 77.563988 77.000000
v 41.027367 78.876877 76.971107
v 40.745434 79.607758 76.971107
v 40.427979 80.323929 76.971107
v 41.960342 73.500000 76.971107
v 43.901806 73.500000 76.884712
v 41.941116 74.283134 76.971107
v 41.883488 75.064384 76.971107
v 41.653667 76.613708 76.971107
v 41.787598 75.841866 76.971107
v 41.482033 77.378044 76.971107
v 41.273094 78.133041 76.971107
v 42.539112 80.350723 76.884712
v 42.855339 79.530937 76.884712
v 43.880241 74.378403 76.884712
v 43.815605 75.254684 76.884712
v 43.557827 76.992470 76.884712
v 43.708046 76.126740 76.884712
v 44.952866 79.249290 76.741642
v 44.647934 80.172340 76.741642
v 43.365311 77.849785 76.884712
v 43.130962 78.696617 76.884712
v 30.349169 86.592949 75.599998
v 30.861292 86.268646 75.599998
v 31.834759 85.546677 75.599998
v 31.356886 85.919617 75.599998
v 33.546680 83.834755 75.599998
v 32.293755 85.150749 75.599998
v 32.732769 84.732765 75.599998
v 33.150745 84.293755 75.599998
v 33.919613 83.356888 75.599998
v 34.268650 82.861290 75.599998
v 34.592949 82.349167 75.599998
v 34.891727 81.821747 75.599998
v 35.164268 81.280304 75.599998
v 35.409912 80.726143 75.599998
v 30.322710 102.641350 74.806358
v 31.747402 102.394142 74.806358
v 33.158245 102.077324 74.806358
v 30.129309 101.337540 75.242641
v 31.490259 101.101395 75.242641
v 32.837982 100.798752 75.242641
v 37.273933 100.717682 74.806358
v 34.169231 100.430344 75.242641
v 35.480801 99.997063 75.242641
v 36.769527 99.499947 75.242641
v 34.551846 101.691666 74.806358
v 35.924847 101.238083 74.806358
v 31.206545 99.675064 75.638062
v 32.484623 99.388062 75.638062
v 33.747078 99.038696 75.638062
v 34.990871 98.627800 75.638062
v 36.213005 98.156372 75.638062
v 37.410534 97.625542 75.638062
v 43.922474 93.274406 75.638062
v 44.871170 92.371170 75.638062
v 38.595863 100.131714 74.806358
v 39.887447 99.481583 74.806358
v 41.145573 98.768867 74.806358
v 38.032314 98.940186 75.242641
v 39.266109 98.319145 75.242641
v 40.467949 97.638313 75.242641
v 42.367214 97.995270 74.806358
v 43.549427 97.162659 74.806358
v 44.689358 96.273048 74.806358
v 41.634933 96.899330 75.242641
v 42.764252 96.103973 75.242641
v 43.853184 95.254166 75.242641
v 44.899105 94.351944 75.242641
v 38.580574 97.036598 75.638062
v 39.720306 96.390945 75.638062
v 40.826984 95.690147 75.638062
v 41.897942 94.935898 75.638062
v 42.930603 94.129997 75.638062
v 30.063988 86.897163 77.000000
v 30.349169 86.592949 77.000000
v 30.861292 86.268646 77.000000
v 30.716457 86.681618 77.000000
v 31.834759 85.546677 77.000000
v 31.356886 85.919617 77.000000
v 31.357569 86.434311 77.000000
v 33.546680 83.834755 77.000000
v 32.293755 85.150749 77.000000
v 32.732769 84.732765 77.000000
v 31.985769 86.155853 77.000000
v 32.599556 85.846901 77.000000
v 33.150745 84.293755 77.000000
v 33.197437 85.508202 77.000000
v 33.294903 93.887886 76.543278
v 30.633043 88.773094 76.971107
v 31.376877 88.527367 76.971107
v 31.196621 90.630959 76.884712
v 30.812391 92.712143 76.741642
v 31.749290 92.452866 76.741642
v 30.349785 90.865311 76.884712
v 32.107758 88.245438 76.971107
v 32.030937 90.355339 76.884712
v 32.823925 87.927979 76.971107
v 33.523655 87.575768 76.971107
v 32.850723 90.039116 76.884712
v 33.654007 89.683044 76.884712
v 32.672337 92.147934 76.741642
v 33.579311 91.798073 76.741642
v 33.919613 83.356888 77.000000
v 34.268650 82.861290 77.000000
v 34.592949 82.349167 77.000000
v 34.891727 81.821747 77.000000
v 35.164268 81.280304 77.000000
v 35.409912 80.726143 77.000000
v 35.401825 83.873314 77.000000
v 33.777985 85.140572 77.000000
v 34.339790 84.744904 77.000000
v 34.205257 87.189644 76.971107
v 34.881508 84.322144 77.000000
v 34.867092 86.770538 76.971107
v 35.507565 86.319466 76.971107
v 35.899494 83.399498 77.000000
v 36.373314 82.901825 77.000000
v 37.244904 81.839790 77.000000
v 36.822147 82.381508 77.000000
v 36.125134 85.837509 76.971107
v 36.718311 85.325836 76.971107
v 37.285667 84.785667 76.971107
v 37.356785 87.338280 76.884712
v 34.286499 93.505379 76.543278
v 35.258137 93.074684 76.543278
v 36.207470 92.596832 76.543278
v 37.132210 92.072968 76.543278
v 34.438854 89.287987 76.884712
v 35.203369 88.854889 76.884712
v 34.468025 91.404137 76.741642
v 35.336338 90.967064 76.741642
v 36.182163 90.487907 76.741642
v 37.003452 89.967834 76.741642
v 35.945709 88.384811 76.884712
v 36.664093 87.878868 76.884712
v 30.898993 98.128899 75.988819
v 32.101574 97.858849 75.988819
v 33.289455 97.530113 75.988819
v 30.570562 96.477776 76.291527
v 31.692524 96.225830 76.291527
v 32.800770 95.919136 76.291527
v 34.459778 97.143494 75.988819
v 35.609718 96.699913 75.988819
v 36.736507 96.200439 75.988819
v 33.892635 95.558434 76.291527
v 34.965481 95.144592 76.291527
v 36.016731 94.678604 76.291527
v 37.043854 94.161591 76.291527
v 30.224419 94.737602 76.543278
v 31.261412 94.504738 76.543278
v 32.285728 94.221268 76.543278
v 40.958847 93.669670 75.988819
v 38.044365 93.594810 76.291527
v 39.015862 92.979614 76.291527
v 39.956005 92.317497 76.291527
v 40.862526 91.610039 76.291527
v 41.930508 92.911377 75.988819
v 42.863789 92.106323 75.988819
v 44.606323 90.363792 75.988819
v 43.756443 91.256447 75.988819
v 42.566051 90.066055 76.291527
v 41.733238 90.858955 76.291527
v 43.358955 89.233238 76.291527
v 44.110039 88.362526 76.291527
v 44.817493 87.456001 76.291527
v 37.640575 81.277985 77.000000
v 38.008202 80.697441 77.000000
v 38.337513 83.625137 76.971107
v 38.819469 83.007568 76.971107
v 39.270538 82.367088 76.971107
v 37.825832 84.218307 76.971107
v 38.022118 86.764366 76.884712
v 39.264362 85.522118 76.884712
v 38.658489 86.158485 76.884712
v 39.689644 81.705254 76.971107
v 40.075768 81.023651 76.971107
v 40.884808 83.445709 76.884712
v 40.675053 86.800690 76.741642
v 39.838284 84.856789 76.884712
v 40.378864 84.164093 76.884712
v 38.030132 91.504364 76.543278
v 38.899075 90.892387 76.543278
v 39.736942 90.238510 76.543278
v 40.541714 89.544312 76.543278
v 37.798237 89.408081 76.741642
v 38.564598 88.810005 76.741642
v 39.300690 88.175049 76.741642
v 40.004742 87.504738 76.741642
v 42.738514 87.236938 76.543278
v 44.004368 85.530136 76.543278
v 43.392391 86.399078 76.543278
v 44.572971 84.632210 76.543278
v 42.987911 83.682159 76.741642
v 42.183041 81.154007 76.884712
v 41.787983 81.938850 76.884712
v 41.354893 82.703369 76.884712
v 41.908081 85.298241 76.741642
v 41.310009 86.064598 76.741642
v 42.467831 84.503456 76.741642
v 43.904137 81.968025 76.741642
v 43.467064 82.836342 76.741642
v 44.298077 81.079308 76.741642
v 41.311455 88.811455 76.543278
v 42.044312 88.041718 76.543278
v 37.837433 95.646278 75.988819
v 38.909843 95.038773 75.988819
v 39.951149 94.379372 75.988819
v 52.399010 77.415924 75.638062
v 52.175064 78.706543 75.638062
v 51.888065 79.984619 75.638062
v 55.460213 73.500000 74.806358
v 54.142139 73.500000 75.242641
v 55.424725 74.945541 74.806358
v 55.318348 76.387604 74.806358
v 55.141342 77.822708 74.806358
v 54.894138 79.247398 74.806358
v 54.108238 74.880867 75.242641
v 54.006622 76.258415 75.242641
v 53.298752 80.337982 75.242641
v 53.837543 77.629311 75.242641
v 53.601391 78.990257 75.242641
v 52.687866 73.500000 75.638062
v 52.655720 74.809509 75.638062
v 52.559357 76.115868 75.638062
v 48.725830 79.192520 76.291527
v 48.419136 80.300774 76.291527
v 51.111404 73.500000 75.988819
v 49.427937 73.500000 76.291527
v 50.358849 79.601570 75.988819
v 51.081158 74.732155 75.988819
v 50.990486 75.961349 75.988819
v 50.839611 77.184608 75.988819
v 50.628895 78.398994 75.988819
v 49.399715 74.649551 76.291527
v 49.174362 76.937592 76.291527
v 49.315125 75.796341 76.291527
v 48.977772 78.070564 76.291527
v 47.653667 73.500000 76.543278
v 45.805695 73.500000 76.741642
v 46.721268 79.785728 76.543278
v 47.627586 74.562492 76.543278
v 47.549400 75.622429 76.543278
v 47.419300 76.677254 76.543278
v 47.237598 77.724419 76.543278
v 47.004734 78.761414 76.543278
v 45.781837 74.471817 76.741642
v 45.710323 75.441299 76.741642
v 45.591328 76.406097 76.741642
v 45.425133 77.363899 76.741642
v 45.212143 78.312393 76.741642
v 47.828575 93.284264 74.806358
v 45.899494 93.399498 75.242641
v 46.851948 92.399101 75.242641
v 48.603973 90.264252 75.242641
v 47.754166 91.353180 75.242641
v 52.497063 82.980797 75.242641
v 51.440189 85.532310 75.242641
v 50.819149 86.766113 75.242641
v 51.999943 84.269531 75.242641
v 50.495270 89.867218 74.806358
v 48.773048 92.189362 74.806358
v 49.662663 91.049423 74.806358
v 51.268864 88.645576 74.806358
v 51.981586 87.387444 74.806358
v 49.399330 89.134933 75.242641
v 50.138313 87.967949 75.242641
v 46.629997 90.430603 75.638062
v 45.774403 91.422478 75.638062
v 47.435894 89.397942 75.638062
v 48.190151 88.326981 75.638062
v 48.890945 87.220306 75.638062
v 49.536594 86.080574 75.638062
v 50.125546 84.910530 75.638062
v 51.538696 81.247078 75.638062
v 50.656372 83.713005 75.638062
v 51.127800 82.490868 75.638062
v 45.784267 95.328575 74.806358
v 46.831512 94.331512 74.806358
v 54.191662 82.051849 74.806358
v 53.738087 83.424843 74.806358
v 53.217686 84.773933 74.806358
v 52.631714 86.095863 74.806358
v 54.577324 80.658249 74.806358
v 52.930344 81.669228 75.242641
v 47.538769 86.409843 75.988819
v 48.146282 85.337433 75.988819
v 48.700439 84.236511 75.988819
v 45.479614 86.515862 76.291527
v 46.094810 85.544365 76.291527
v 46.661594 84.543854 76.291527
v 47.178600 83.516731 76.291527
v 47.644588 82.465485 76.291527
v 48.058434 81.392632 76.291527
v 45.411377 89.430504 75.988819
v 46.169670 88.458847 75.988819
v 46.879372 87.451149 75.988819
v 49.643494 81.959778 75.988819
v 49.199913 83.109718 75.988819
v 50.030117 80.789459 75.988819
v 45.096832 83.707466 76.543278
v 45.574684 82.758133 76.543278
v 46.387882 80.794899 76.543278
v 46.005383 81.786499 76.543278
f 126 134 173
f 118 124 165
f 121 122 130
f 119 128 122
f 119 120 129
f 120 204 129
f 119 129 128
f 120 238 195
f 119 122 166
f 119 167 120
f 121 169 122
f 118 168 121
f 118 131 124
f 123 124 127
f 123 144 125
f 125 147 126
f 125 144 145
f 123 127 144
f 124 131 127
f 123 125 170
f 123 171 124
f 125 126 172
f 118 121 132
f 121 130 132
f 118 132 131
f 122 128 130
f 134 140 135
f 135 141 136
f 135 140 141
f 134 135 183
f 135 136 184
f 136 137 185
f 138 317 188
f 136 142 137
f 137 143 139
f 136 141 142
f 137 142 143
f 138 139 320
f 139 143 320
f 137 139 186
f 138 187 139
f 126 146 134
f 125 145 147
f 126 147 146
f 134 146 140
f 150 153 161
f 133 211 153
f 150 160 152
f 151 152 162
f 148 151 159
f 153 211 212
f 153 212 161
f 150 161 160
f 152 160 162
f 148 163 149
f 149 164 155
f 154 155 336
f 154 337 156
f 156 339 157
f 155 164 158
f 155 158 336
f 154 336 337
f 148 159 163
f 151 162 159
f 149 163 164
f 134 183 173
f 173 183 182
f 118 165 168
f 165 171 174
f 122 169 166
f 119 166 167
f 120 167 238
f 121 168 169
f 166 169 175
f 166 176 167
f 167 244 238
f 168 177 169
f 165 178 168
f 125 172 170
f 123 170 171
f 124 171 165
f 126 173 172
f 170 172 179
f 170 180 171
f 172 173 181
f 165 174 178
f 166 175 176
f 167 176 244
f 168 178 177
f 169 177 175
f 175 426 176
f 177 178 427
f 174 428 178
f 175 177 429
f 171 180 174
f 170 179 180
f 172 181 179
f 173 182 181
f 179 181 432
f 174 180 430
f 179 431 180
f 181 182 433
f 182 189 434
f 135 184 183
f 137 186 185
f 136 185 184
f 183 184 189
f 184 185 190
f 185 186 191
f 188 317 366
f 188 366 194
f 139 187 186
f 138 188 187
f 186 187 192
f 187 188 193
f 182 183 189
f 184 190 189
f 186 192 191
f 185 191 190
f 189 190 443
f 191 192 445
f 190 191 444
f 194 366 371
f 187 193 192
f 188 194 193
f 192 193 446
f 193 194 447
f 194 371 448
f 120 195 204
f 196 197 199
f 195 196 199
f 197 198 200
f 198 202 201
f 195 199 204
f 197 200 199
f 198 201 200
f 201 202 203
f 195 239 196
f 196 240 197
f 197 241 198
f 198 242 202
f 206 208 217
f 208 209 217
f 209 210 217
f 210 226 218
f 210 225 224
f 210 224 226
f 210 227 225
f 210 228 227
f 210 229 228
f 133 207 213
f 205 215 207
f 207 214 213
f 207 215 214
f 205 206 216
f 205 216 215
f 206 217 216
f 133 213 211
f 210 222 217
f 210 219 221
f 210 221 223
f 210 218 220
f 210 220 219
f 210 223 222
f 195 238 239
f 196 239 240
f 197 240 241
f 198 241 242
f 238 243 239
f 239 245 240
f 240 246 241
f 241 247 242
f 238 244 243
f 239 243 245
f 240 245 246
f 241 246 247
f 243 494 245
f 176 491 244
f 243 244 492
f 245 493 246
f 246 495 247
f 317 324 318
f 318 331 319
f 318 324 331
f 317 318 366
f 318 319 367
f 319 327 368
f 138 323 317
f 138 320 323
f 317 323 324
f 322 341 325
f 319 329 327
f 319 331 329
f 328 345 343
f 327 330 328
f 327 329 330
f 328 330 345
f 327 328 369
f 328 343 370
f 325 342 326
f 325 341 342
f 326 335 332
f 326 342 335
f 332 349 333
f 332 335 349
f 333 350 334
f 333 349 350
f 157 338 321
f 156 337 339
f 321 340 322
f 157 339 338
f 321 338 340
f 322 340 341
f 343 347 344
f 343 345 347
f 344 356 346
f 344 347 356
f 343 344 376
f 344 346 377
f 334 353 348
f 334 350 353
f 348 354 351
f 351 363 352
f 351 354 363
f 348 353 354
f 346 357 355
f 346 356 357
f 355 360 358
f 355 357 360
f 358 360 408
f 346 355 378
f 355 358 379
f 358 407 380
f 352 364 362
f 352 363 364
f 359 362 365
f 362 364 365
f 359 413 361
f 359 365 413
f 318 367 366
f 319 368 367
f 366 367 371
f 367 368 372
f 368 369 373
f 328 370 369
f 327 369 368
f 343 376 370
f 369 370 374
f 370 376 375
f 367 372 371
f 368 373 372
f 371 372 593
f 372 373 594
f 373 374 595
f 370 375 374
f 369 374 373
f 375 376 381
f 374 375 596
f 375 381 597
f 344 377 376
f 346 378 377
f 376 377 381
f 377 378 382
f 355 379 378
f 358 380 379
f 378 379 383
f 379 380 384
f 380 420 385
f 377 382 381
f 378 383 382
f 381 382 603
f 382 383 604
f 379 384 383
f 380 385 384
f 383 384 605
f 384 385 606
f 385 423 607
f 202 1425 203
f 210 1434 229
f 229 1434 230
f 230 1434 231
f 231 1434 232
f 232 1434 233
f 233 1434 234
f 234 1434 235
f 235 1434 236
f 236 1434 237
f 237 1434 400
f 202 242 1468
f 242 247 1473
f 358 408 407
f 407 411 410
f 407 408 411
f 410 411 417
f 407 410 420
f 410 416 421
f 361 414 409
f 361 413 414
f 409 415 412
f 409 414 415
f 412 419 418
f 412 415 419
f 380 407 420
f 410 421 420
f 416 422 421
f 420 421 423
f 421 422 424
f 385 420 423
f 421 424 423
f 422 425 424
f 423 424 1026
f 424 425 1027
f 410 2983 416
f 410 417 2983
f 416 2982 422
f 418 419 2985
f 422 2995 425
f 425 2998 1028
f 176 426 491
f 177 427 429
f 178 428 427
f 174 430 428
f 175 429 426
f 427 428 435
f 427 437 429
f 426 429 436
f 180 431 430
f 179 432 431
f 181 433 432
f 182 434 433
f 430 431 438
f 431 432 439
f 432 433 441
f 433 434 440
f 428 430 442
f 427 435 437
f 428 442 435
f 429 437 436
f 426 436 499
f 435 456 437
f 436 437 457
f 431 439 438
f 433 440 441
f 434 455 440
f 432 441 439
f 438 439 461
f 439 441 458
f 440 459 441
f 430 438 442
f 438 462 442
f 435 442 460
f 189 443 434
f 190 444 443
f 192 446 445
f 191 445 444
f 443 444 449
f 444 445 450
f 445 446 451
f 193 447 446
f 194 448 447
f 446 447 452
f 447 448 453
f 448 593 454
f 444 450 449
f 445 451 450
f 449 450 479
f 450 451 469
f 447 453 452
f 446 452 451
f 448 454 453
f 452 453 471
f 451 452 470
f 453 454 472
f 434 443 455
f 443 449 455
f 440 455 477
f 449 478 455
f 436 457 577
f 437 456 457
f 439 458 461
f 440 477 459
f 441 459 458
f 458 467 461
f 459 477 487
f 458 459 463
f 458 463 467
f 459 487 463
f 442 462 460
f 438 461 462
f 435 460 456
f 461 468 462
f 460 462 466
f 462 468 466
f 456 460 465
f 456 464 457
f 460 466 465
f 456 465 464
f 461 467 468
f 465 466 679
f 464 465 675
f 465 679 675
f 466 468 678
f 467 677 468
f 463 676 467
f 468 677 678
f 467 676 677
f 463 683 676
f 466 678 679
f 450 469 479
f 451 470 469
f 469 470 473
f 452 471 470
f 453 472 471
f 454 613 472
f 470 471 474
f 470 474 473
f 471 475 474
f 472 613 476
f 471 472 475
f 472 476 475
f 473 474 694
f 474 475 681
f 474 681 694
f 475 476 682
f 475 682 681
f 476 771 682
f 455 478 477
f 449 479 478
f 477 478 488
f 478 479 489
f 478 489 488
f 477 488 487
f 469 490 479
f 479 490 489
f 469 473 490
f 488 489 687
f 487 488 684
f 463 487 683
f 487 684 683
f 488 687 684
f 489 490 685
f 473 686 490
f 489 685 687
f 490 686 685
f 473 694 686
f 244 491 492
f 243 492 494
f 245 494 493
f 246 493 495
f 426 499 491
f 491 496 492
f 492 497 494
f 493 494 498
f 493 500 495
f 491 499 496
f 492 496 497
f 494 497 498
f 493 498 500
f 498 580 500
f 436 577 499
f 496 499 576
f 496 578 497
f 497 579 498
f 499 577 576
f 496 576 578
f 497 578 579
f 498 579 580
f 457 585 577
f 576 577 581
f 577 585 581
f 576 581 582
f 578 583 579
f 579 584 580
f 576 582 578
f 578 582 583
f 579 583 584
f 457 464 585
f 464 728 585
f 581 585 729
f 585 728 729
f 581 729 730
f 464 675 728
f 581 730 582
f 582 731 583
f 583 737 584
f 582 730 731
f 583 731 737
f 371 593 448
f 372 594 593
f 373 595 594
f 593 594 600
f 594 595 598
f 374 596 595
f 381 603 597
f 375 597 596
f 595 596 599
f 596 597 601
f 597 603 602
f 594 598 600
f 595 599 598
f 598 599 615
f 454 593 600
f 454 600 613
f 598 614 600
f 596 601 599
f 597 602 601
f 602 603 608
f 599 601 616
f 601 602 617
f 602 608 618
f 382 604 603
f 383 605 604
f 603 604 608
f 604 605 609
f 384 606 605
f 385 607 606
f 605 606 610
f 606 607 611
f 607 1026 612
f 604 609 608
f 605 610 609
f 608 609 633
f 609 610 634
f 606 611 610
f 607 612 611
f 610 611 639
f 611 612 640
f 612 1029 641
f 599 616 615
f 600 614 613
f 598 615 614
f 613 614 620
f 476 613 620
f 614 621 620
f 614 615 621
f 615 616 622
f 615 622 621
f 601 617 616
f 602 618 617
f 616 617 625
f 617 623 625
f 617 618 623
f 618 624 623
f 616 625 622
f 620 621 772
f 476 620 771
f 620 772 771
f 621 622 773
f 621 773 772
f 622 778 773
f 623 624 780
f 624 793 780
f 622 625 778
f 623 779 625
f 625 779 778
f 623 780 779
f 608 633 618
f 609 634 633
f 610 639 634
f 618 633 624
f 633 634 645
f 624 633 645
f 634 639 646
f 634 646 645
f 639 647 646
f 611 640 639
f 612 641 640
f 639 640 647
f 640 648 647
f 640 641 648
f 641 1032 649
f 641 649 648
f 624 645 793
f 645 646 791
f 645 791 793
f 646 647 792
f 646 792 791
f 647 648 797
f 647 797 792
f 648 798 797
f 648 649 798
f 649 799 798
f 676 690 677
f 678 680 679
f 675 679 734
f 677 693 678
f 677 690 693
f 679 680 734
f 678 693 680
f 680 742 734
f 681 682 698
f 682 771 774
f 682 774 698
f 683 684 691
f 684 687 688
f 685 686 696
f 685 689 687
f 684 688 691
f 687 689 688
f 685 696 689
f 676 683 692
f 676 692 690
f 683 691 692
f 686 694 695
f 681 697 694
f 686 695 696
f 694 697 695
f 681 698 697
f 688 689 704
f 689 705 704
f 691 702 692
f 690 692 700
f 692 702 700
f 690 699 693
f 680 693 701
f 680 701 742
f 693 699 701
f 690 700 699
f 688 703 691
f 691 703 702
f 688 704 703
f 699 709 701
f 703 704 716
f 702 703 715
f 702 715 710
f 703 716 715
f 699 700 711
f 700 702 710
f 700 710 711
f 699 711 709
f 695 697 708
f 689 696 705
f 695 706 696
f 696 706 705
f 695 708 706
f 697 698 707
f 698 774 789
f 697 707 708
f 698 789 707
f 705 706 712
f 705 712 717
f 707 789 818
f 706 708 713
f 707 714 708
f 708 714 713
f 706 713 712
f 707 818 714
f 704 705 717
f 704 717 716
f 709 711 756
f 710 718 711
f 712 713 723
f 713 714 821
f 713 821 723
f 715 716 720
f 716 717 721
f 710 715 719
f 712 722 717
f 716 721 720
f 710 719 718
f 715 720 719
f 711 718 756
f 719 720 724
f 718 719 725
f 712 723 722
f 717 722 721
f 721 722 727
f 722 723 833
f 720 721 726
f 718 725 763
f 722 833 727
f 720 726 724
f 719 724 725
f 721 727 726
f 724 960 725
f 724 726 837
f 728 733 729
f 729 735 730
f 730 736 731
f 731 738 737
f 675 732 728
f 730 735 736
f 731 736 738
f 675 734 732
f 728 732 733
f 729 733 735
f 732 734 743
f 732 744 733
f 732 743 744
f 733 739 735
f 735 740 736
f 736 741 738
f 735 739 740
f 733 744 739
f 736 740 741
f 734 742 743
f 742 745 743
f 743 746 744
f 701 749 742
f 701 709 749
f 742 749 745
f 743 745 746
f 739 744 747
f 739 748 740
f 740 754 741
f 740 748 754
f 744 746 747
f 739 747 748
f 709 757 749
f 745 752 746
f 745 749 750
f 746 751 747
f 747 753 748
f 748 755 754
f 749 757 750
f 709 756 757
f 745 750 752
f 746 752 751
f 747 751 753
f 748 753 755
f 751 762 753
f 753 769 755
f 756 758 757
f 750 757 759
f 718 763 756
f 750 760 752
f 751 752 761
f 750 759 760
f 756 763 758
f 757 758 759
f 752 760 761
f 751 761 762
f 753 762 769
f 760 767 761
f 761 768 762
f 725 961 763
f 758 763 764
f 758 765 759
f 763 961 764
f 725 960 961
f 758 764 765
f 759 766 760
f 759 765 766
f 760 766 767
f 761 767 768
f 762 768 770
f 766 966 767
f 767 967 768
f 762 770 769
f 768 976 770
f 771 772 775
f 773 778 777
f 772 773 776
f 771 775 774
f 772 776 775
f 773 777 776
f 778 779 781
f 779 780 782
f 780 793 783
f 777 778 781
f 779 782 781
f 780 783 782
f 774 775 790
f 775 776 784
f 775 784 790
f 776 777 785
f 776 785 784
f 777 786 785
f 781 782 787
f 777 781 786
f 781 787 786
f 782 783 788
f 783 803 788
f 782 788 787
f 785 786 826
f 786 814 826
f 786 787 814
f 787 815 814
f 787 788 815
f 788 816 815
f 788 803 816
f 774 790 789
f 789 790 817
f 789 817 818
f 784 819 790
f 790 819 817
f 784 785 820
f 784 820 819
f 785 826 820
f 791 792 795
f 792 797 796
f 791 794 793
f 783 793 794
f 791 795 794
f 792 796 795
f 797 798 800
f 798 799 801
f 796 797 800
f 798 801 800
f 799 802 801
f 783 794 803
f 794 795 804
f 794 804 803
f 795 796 805
f 795 805 804
f 796 806 805
f 803 804 870
f 803 870 816
f 804 871 870
f 804 805 871
f 805 872 871
f 805 806 872
f 806 877 872
f 796 800 806
f 800 801 807
f 800 807 806
f 801 802 808
f 801 808 807
f 802 1109 808
f 806 807 877
f 807 808 878
f 807 878 877
f 808 879 878
f 808 1109 879
f 879 1109 1123
f 814 815 829
f 815 816 830
f 816 873 830
f 714 818 822
f 817 823 818
f 817 819 825
f 820 826 827
f 819 820 824
f 714 822 821
f 818 823 822
f 817 825 823
f 821 822 834
f 822 823 836
f 819 824 825
f 820 827 824
f 823 825 831
f 824 832 825
f 723 821 835
f 814 828 826
f 826 828 827
f 814 829 828
f 827 828 848
f 824 827 847
f 815 830 829
f 828 829 849
f 829 830 850
f 823 831 836
f 825 832 831
f 831 832 855
f 821 834 835
f 723 835 833
f 822 836 834
f 833 835 843
f 834 840 835
f 835 840 843
f 726 727 839
f 727 833 838
f 727 838 839
f 726 839 837
f 724 837 960
f 833 843 838
f 834 836 842
f 834 842 840
f 831 841 836
f 836 841 842
f 831 855 841
f 838 846 839
f 837 839 969
f 840 842 858
f 838 843 845
f 840 844 843
f 839 846 969
f 838 845 846
f 843 844 845
f 840 858 844
f 845 984 846
f 828 849 848
f 824 847 832
f 827 848 847
f 832 847 851
f 832 851 855
f 847 848 852
f 847 852 851
f 829 850 849
f 830 886 850
f 848 849 853
f 848 853 852
f 849 850 854
f 849 854 853
f 850 890 854
f 852 853 863
f 853 898 863
f 853 854 898
f 841 855 857
f 841 856 842
f 842 856 858
f 841 857 856
f 851 862 855
f 855 862 857
f 856 857 866
f 844 858 860
f 844 859 845
f 844 860 859
f 845 859 984
f 856 865 858
f 858 865 860
f 856 866 865
f 851 852 861
f 851 861 862
f 852 863 861
f 857 862 867
f 861 864 862
f 862 864 867
f 861 863 899
f 861 899 864
f 857 867 866
f 860 865 868
f 859 860 1000
f 865 866 869
f 860 868 1000
f 866 867 903
f 864 902 867
f 865 869 868
f 866 903 869
f 816 870 873
f 870 871 874
f 871 872 875
f 872 877 876
f 870 874 873
f 871 875 874
f 872 876 875
f 874 875 888
f 875 876 889
f 877 878 880
f 879 1123 882
f 878 879 881
f 876 877 880
f 878 881 880
f 876 880 915
f 880 881 883
f 879 882 881
f 881 882 884
f 882 1126 885
f 876 915 889
f 880 883 915
f 881 884 883
f 882 885 884
f 830 873 886
f 873 874 887
f 873 887 886
f 874 888 887
f 850 886 890
f 886 891 890
f 886 887 891
f 887 894 891
f 875 889 888
f 887 888 894
f 888 895 894
f 888 889 895
f 889 916 895
f 854 890 892
f 854 892 898
f 890 891 893
f 891 896 893
f 890 893 892
f 892 893 906
f 895 916 918
f 891 894 896
f 894 895 897
f 894 897 896
f 895 918 897
f 893 896 907
f 896 909 907
f 896 897 909
f 897 918 920
f 897 920 909
f 863 898 900
f 892 901 898
f 898 901 900
f 863 900 899
f 899 900 905
f 892 906 901
f 900 901 912
f 900 912 905
f 864 899 904
f 867 902 903
f 864 904 902
f 869 903 1010
f 902 1010 903
f 899 905 904
f 902 904 1011
f 902 1011 1010
f 904 905 1011
f 893 907 906
f 906 907 910
f 901 906 908
f 901 908 912
f 906 910 908
f 907 909 911
f 907 911 910
f 905 912 913
f 908 914 912
f 905 913 1011
f 912 914 913
f 908 910 914
f 889 915 916
f 915 917 916
f 883 917 915
f 883 924 917
f 883 884 924
f 884 925 924
f 884 885 925
f 885 1135 925
f 916 917 919
f 917 922 919
f 917 924 922
f 916 919 918
f 918 919 921
f 918 921 920
f 919 922 923
f 919 923 921
f 921 923 932
f 922 924 927
f 924 925 927
f 925 926 927
f 925 1135 926
f 922 927 928
f 922 928 923
f 927 929 928
f 923 928 935
f 926 929 927
f 926 1140 929
f 928 929 936
f 929 937 936
f 929 1140 937
f 909 920 930
f 909 930 911
f 920 921 931
f 920 931 930
f 910 911 933
f 911 930 933
f 921 932 931
f 930 931 934
f 931 932 934
f 910 933 914
f 930 934 933
f 923 935 932
f 928 936 935
f 932 935 938
f 932 938 934
f 935 936 1152
f 936 937 1152
f 935 1152 938
f 960 962 961
f 764 965 765
f 764 961 963
f 837 968 960
f 837 969 968
f 960 968 962
f 961 962 963
f 764 963 965
f 765 964 766
f 765 965 964
f 766 964 966
f 767 966 967
f 768 967 976
f 964 974 966
f 966 975 967
f 962 971 963
f 962 968 970
f 846 985 969
f 968 969 986
f 969 985 986
f 962 970 971
f 963 971 973
f 968 986 970
f 963 973 965
f 964 965 972
f 965 973 972
f 964 972 974
f 966 974 975
f 967 975 977
f 972 993 974
f 974 989 975
f 967 977 976
f 976 983 982
f 976 982 1008
f 976 1008 1005
f 976 1005 1006
f 976 977 978
f 976 981 983
f 976 979 981
f 976 978 979
f 975 1003 977
f 977 1003 1004
f 977 1004 980
f 977 980 978
f 846 984 985
f 970 986 987
f 985 998 986
f 970 990 971
f 984 999 985
f 859 997 984
f 986 998 987
f 970 987 990
f 985 999 998
f 971 991 973
f 972 973 994
f 973 991 994
f 975 988 1003
f 974 993 989
f 975 989 988
f 972 996 993
f 972 995 996
f 972 994 995
f 971 990 991
f 987 992 990
f 991 995 994
f 991 992 995
f 990 992 991
f 859 1000 997
f 984 997 999
f 998 999 1002
f 987 998 1002
f 997 1001 999
f 999 1001 1002
f 997 1000 1001
f 868 1009 1000
f 868 869 1009
f 1000 1009 1001
f 987 1002 992
f 976 1006 1007
f 869 1010 1009
f 247 495 1781
f 495 500 1786
f 500 580 1866
f 580 584 1871
f 584 737 2027
f 737 738 2028
f 738 741 2038
f 741 754 2044
f 754 755 2045
f 755 769 2057
f 769 770 2058
f 976 1007 1744
f 770 976 2152
f 423 1026 607
f 424 1027 1026
f 425 1028 1027
f 1026 1027 1029
f 1027 1028 1030
f 612 1026 1029
f 1027 1030 1029
f 1028 1031 1030
f 1029 1030 1032
f 1030 1031 1033
f 641 1029 1032
f 1030 1033 1032
f 1031 1037 1033
f 1032 1033 1039
f 649 1032 1039
f 1033 1037 1040
f 1033 1040 1039
f 1037 1041 1040
f 649 1039 799
f 1039 1040 1103
f 799 1039 1103
f 1040 1041 1104
f 1040 1104 1103
f 1041 1107 1104
f 1028 3401 1031
f 1031 3404 1037
f 1037 3407 1041
f 1041 3414 1107
f 799 1103 802
f 1103 1104 1105
f 1104 1107 1106
f 802 1103 1105
f 1104 1106 1105
f 1106 1107 1108
f 802 1105 1109
f 1105 1106 1110
f 1106 1108 1111
f 1105 1110 1109
f 1106 1111 1110
f 1108 1112 1111
f 1109 1110 1123
f 1110 1111 1124
f 1110 1124 1123
f 1111 1125 1124
f 1111 1112 1125
f 1112 1129 1125
f 1123 1124 1126
f 1124 1125 1127
f 1125 1129 1128
f 882 1123 1126
f 1124 1127 1126
f 1126 1127 1131
f 1125 1128 1127
f 1128 1129 1130
f 1127 1128 1132
f 1128 1130 1133
f 885 1126 1131
f 1127 1132 1131
f 885 1131 1135
f 1131 1132 1136
f 1128 1133 1132
f 1130 1134 1133
f 1132 1133 1142
f 1133 1134 1143
f 1131 1136 1135
f 1132 1142 1136
f 1133 1143 1142
f 1134 1157 1143
f 926 1135 1137
f 1135 1136 1137
f 1136 1142 1138
f 1136 1138 1137
f 926 1137 1140
f 1137 1138 1139
f 1137 1139 1140
f 937 1140 1151
f 1139 1151 1140
f 1139 1153 1151
f 1138 1144 1141
f 1138 1141 1139
f 1139 1141 1153
f 1141 1147 1153
f 1142 1143 1144
f 1138 1142 1144
f 1143 1145 1144
f 1143 1157 1145
f 1145 1157 1158
f 1145 1158 1149
f 1144 1145 1146
f 1141 1144 1146
f 1141 1146 1147
f 1146 1148 1147
f 1146 1149 1148
f 1145 1149 1146
f 1149 1158 1159
f 1148 1149 1150
f 1149 1159 1150
f 937 1151 1154
f 937 1154 1152
f 1151 1153 1154
f 1147 1155 1153
f 1153 1155 1154
f 1147 1148 1155
f 1148 1156 1155
f 1148 1150 1156
f 1150 1160 1156
f 1150 1159 1160
f 1160 1161 1156
f 1160 1162 1161
f 1160 1163 1162
f 1160 1164 1163
f 1160 1165 1164
f 1107 3736 1108
f 1108 3737 1112
f 1112 3742 1129
f 1129 3756 1130
f 1130 3757 1134
f 1134 3764 1157
f 1157 3768 1158
f 1158 3769 1159
f 1159 3770 1160
f 1160 3771 1165
f 3771 1166 1165
f 203 1425 1427
f 203 1427 1428
f 202 1468 1425
f 400 1443 1444
f 400 1442 1441
f 400 1441 1443
f 400 1444 1445
f 400 1445 1446
f 400 1446 1447
f 400 1447 1454
f 400 1454 1307
f 400 1448 1442
f 400 1449 1448
f 400 1434 1449
f 242 1473 1468
f 247 1781 1473
f 203 1428 1429
f 203 1429 1430
f 203 1430 1547
f 203 1549 1426
f 203 1547 1548
f 203 1548 1549
f 1434 1450 1449
f 1434 1451 1450
f 1434 1452 1451
f 1434 1453 1452
f 1434 1455 1453
f 1426 1549 1431
f 1431 1549 1432
f 1432 1549 1433
f 1425 1469 1427
f 1427 1470 1428
f 1428 1471 1429
f 1429 1472 1430
f 1434 1436 1461
f 1436 1437 1461
f 1437 1438 1461
f 1434 1456 1455
f 1434 1457 1456
f 1434 1458 1457
f 1434 1459 1458
f 1434 1460 1459
f 1434 1461 1460
f 1438 1439 1461
f 1439 1462 1461
f 1440 1463 1462
f 1439 1440 1462
f 1440 1555 1463
f 1464 1555 1563
f 1463 1555 1464
f 1464 1563 1465
f 1465 1564 1466
f 1425 1468 1469
f 1427 1469 1470
f 1428 1470 1471
f 1429 1471 1472
f 1468 1474 1469
f 1469 1475 1470
f 1470 1476 1471
f 1471 1477 1472
f 1468 1473 1474
f 1469 1474 1475
f 1470 1475 1476
f 1471 1476 1477
f 1472 1477 1603
f 1473 1782 1474
f 1474 1783 1475
f 1475 1784 1476
f 1476 1785 1477
f 1433 1549 1435
f 1435 1549 1552
f 1549 1553 1552
f 1549 1550 1553
f 1550 1551 1554
f 1430 1594 1547
f 1547 1595 1548
f 1548 1596 1549
f 1549 1597 1550
f 1550 1598 1551
f 1550 1554 1553
f 1551 1556 1554
f 1556 1558 1557
f 1551 1558 1556
f 1557 1558 1559
f 1557 1559 1560
f 1559 1561 1560
f 1560 1561 1567
f 1561 1562 1567
f 1551 1599 1558
f 1558 1600 1559
f 1559 1601 1561
f 1561 1602 1562
f 1562 1612 1584
f 1465 1563 1564
f 1467 1564 1565
f 1466 1564 1467
f 1467 1565 1573
f 1566 1574 1573
f 1565 1566 1573
f 1566 1575 1574
f 1566 1569 1575
f 1569 1570 1576
f 1562 1568 1567
f 1562 1584 1568
f 1568 1584 1571
f 1571 1585 1572
f 1569 1576 1575
f 1570 1577 1576
f 1570 1579 1577
f 1577 1579 1578
f 1578 1579 1580
f 1578 1580 1581
f 1580 1582 1581
f 1581 1582 1625
f 1582 1583 1625
f 1571 1584 1585
f 1572 1585 1588
f 1585 1586 1588
f 1586 1589 1588
f 1586 1587 1589
f 1584 1613 1585
f 1585 1614 1586
f 1586 1615 1587
f 1587 1591 1589
f 1587 1590 1591
f 1590 1592 1591
f 1590 1593 1592
f 1592 1593 1634
f 1593 1639 1634
f 1587 1616 1590
f 1590 1617 1593
f 1593 1674 1639
f 1430 1472 1594
f 1547 1594 1595
f 1548 1595 1596
f 1549 1596 1597
f 1550 1597 1598
f 1472 1603 1594
f 1594 1604 1595
f 1595 1605 1596
f 1596 1606 1597
f 1551 1598 1599
f 1597 1607 1598
f 1558 1599 1600
f 1559 1600 1601
f 1561 1601 1602
f 1598 1608 1599
f 1599 1609 1600
f 1600 1610 1601
f 1601 1611 1602
f 1594 1603 1604
f 1595 1604 1605
f 1596 1605 1606
f 1597 1606 1607
f 1477 1883 1603
f 1603 1884 1604
f 1604 1885 1605
f 1605 1886 1606
f 1606 1887 1607
f 1598 1607 1608
f 1599 1608 1609
f 1600 1609 1610
f 1601 1610 1611
f 1602 1611 1618
f 1607 1888 1608
f 1608 1889 1609
f 1609 1890 1610
f 1610 1891 1611
f 1562 1602 1612
f 1584 1612 1613
f 1585 1613 1614
f 1586 1614 1615
f 1602 1618 1612
f 1612 1619 1613
f 1613 1620 1614
f 1614 1621 1615
f 1587 1615 1616
f 1590 1616 1617
f 1615 1622 1616
f 1616 1623 1617
f 1593 1617 1674
f 1617 1679 1674
f 1612 1618 1619
f 1613 1619 1620
f 1614 1620 1621
f 1611 1901 1618
f 1618 1902 1619
f 1619 1903 1620
f 1620 1904 1621
f 1615 1621 1622
f 1616 1622 1623
f 1621 1905 1622
f 1622 1906 1623
f 1617 1623 1679
f 1623 1970 1679
f 1583 1626 1625
f 1583 1632 1626
f 1626 1632 1627
f 1627 1632 1628
f 1628 1632 1633
f 1628 1633 1629
f 1629 1635 1630
f 1634 1639 1637
f 1629 1633 1635
f 1630 1635 1636
f 1637 1640 1638
f 1637 1639 1640
f 1638 1640 1641
f 1638 1641 1643
f 1639 1675 1640
f 1640 1676 1641
f 1630 1636 1631
f 1631 1636 1642
f 1631 1642 1644
f 1642 1645 1644
f 1644 1645 1651
f 1645 1646 1651
f 1641 1647 1643
f 1643 1647 1648
f 1647 1650 1648
f 1648 1650 1649
f 1649 1650 1659
f 1641 1677 1647
f 1647 1678 1650
f 1650 1684 1659
f 1646 1652 1651
f 1652 1653 1654
f 1646 1653 1652
f 1653 1656 1654
f 1654 1656 1655
f 1655 1656 1657
f 1649 1659 1658
f 1658 1660 1661
f 1658 1659 1660
f 1660 1662 1661
f 1661 1662 1667
f 1659 1685 1660
f 1660 1686 1662
f 1655 1657 1663
f 1657 1664 1663
f 1663 1664 1665
f 1664 1670 1665
f 1665 1670 1666
f 1666 1671 1700
f 1666 1670 1671
f 1662 1669 1667
f 1667 1669 1668
f 1668 1673 1672
f 1668 1669 1673
f 1672 1673 1705
f 1662 1687 1669
f 1669 1688 1673
f 1639 1674 1675
f 1640 1675 1676
f 1641 1676 1677
f 1674 1680 1675
f 1675 1681 1676
f 1647 1677 1678
f 1650 1678 1684
f 1676 1682 1677
f 1677 1683 1678
f 1678 1689 1684
f 1674 1679 1680
f 1675 1680 1681
f 1676 1681 1682
f 1679 1971 1680
f 1680 1972 1681
f 1677 1682 1683
f 1678 1683 1689
f 1681 1973 1682
f 1682 1974 1683
f 1683 1980 1689
f 1659 1684 1685
f 1660 1685 1686
f 1684 1690 1685
f 1685 1691 1686
f 1662 1686 1687
f 1669 1687 1688
f 1673 1688 1713
f 1686 1692 1687
f 1687 1693 1688
f 1684 1689 1690
f 1685 1690 1691
f 1689 1981 1690
f 1690 1982 1691
f 1686 1691 1692
f 1687 1692 1693
f 1688 1693 1716
f 1691 1983 1692
f 1692 1984 1693
f 1671 1703 1700
f 1700 1703 1701
f 1701 1703 1706
f 1701 1706 1702
f 1702 1710 1709
f 1702 1706 1710
f 1672 1705 1704
f 1704 1705 1708
f 1704 1708 1707
f 1707 1712 1711
f 1707 1708 1712
f 1673 1713 1705
f 1705 1714 1708
f 1708 1715 1712
f 1705 1713 1714
f 1708 1714 1715
f 1688 1716 1713
f 1713 1717 1714
f 1714 1718 1715
f 1713 1716 1717
f 1714 1717 1718
f 1693 2767 1716
f 1716 2768 1717
f 1717 2769 1718
f 1709 1710 4916
f 1711 1712 4918
f 1712 1715 4928
f 1715 1718 4931
f 495 1786 1781
f 500 1866 1786
f 580 1871 1866
f 584 2027 1871
f 737 2028 2027
f 738 2038 2028
f 741 2044 2038
f 754 2045 2044
f 755 2057 2045
f 769 2058 2057
f 770 2152 2058
f 976 1744 2152
f 2152 1744 1745
f 2152 1745 1746
f 2152 1746 1747
f 2152 1747 1748
f 2152 1748 1749
f 2153 1749 1750
f 2153 1750 1751
f 2153 1751 1752
f 2153 1752 1753
f 2153 1753 1754
f 2153 1754 1755
f 2170 1755 1769
f 2170 1769 1768
f 2170 1768 1770
f 2170 1770 1771
f 2170 1771 1772
f 2170 1772 1773
f 2170 1773 1774
f 2170 1774 1775
f 2170 1775 1776
f 2170 1776 1777
f 2170 1777 1778
f 2170 1778 1779
f 2170 1779 1780
f 2170 1780 2604
f 2170 2604 2605
f 2170 2605 2606
f 2170 2606 2607
f 2170 2607 2608
f 2170 2608 2609
f 1473 1781 1782
f 1474 1782 1783
f 1475 1783 1784
f 1476 1784 1785
f 1477 1785 1883
f 1781 1787 1782
f 1782 1788 1783
f 1783 1789 1784
f 1784 1790 1785
f 1781 1786 1787
f 1782 1787 1788
f 1783 1788 1789
f 1784 1789 1790
f 1785 1790 1892
f 1786 1867 1787
f 1787 1868 1788
f 1788 1869 1789
f 1789 1870 1790
f 1786 1866 1867
f 1787 1867 1868
f 1788 1868 1869
f 1789 1869 1870
f 1790 1870 1913
f 1866 1872 1867
f 1867 1873 1868
f 1866 1871 1872
f 1867 1872 1873
f 1868 1873 1874
f 1868 1874 1869
f 1869 1875 1870
f 1870 1920 1913
f 1869 1874 1875
f 1870 1875 1920
f 1871 2029 1872
f 1872 2030 1873
f 1871 2027 2029
f 1872 2029 2030
f 1873 2030 2031
f 1873 2031 1874
f 1874 2032 1875
f 1875 2070 1920
f 1874 2031 2032
f 1875 2032 2070
f 1603 1883 1884
f 1604 1884 1885
f 1605 1885 1886
f 1606 1886 1887
f 1785 1892 1883
f 1883 1893 1884
f 1884 1894 1885
f 1885 1895 1886
f 1886 1896 1887
f 1607 1887 1888
f 1608 1888 1889
f 1609 1889 1890
f 1610 1890 1891
f 1887 1897 1888
f 1888 1898 1889
f 1889 1899 1890
f 1890 1900 1891
f 1883 1892 1893
f 1884 1893 1894
f 1885 1894 1895
f 1790 1913 1892
f 1892 1914 1893
f 1893 1915 1894
f 1886 1895 1896
f 1894 1916 1895
f 1895 1917 1896
f 1887 1896 1897
f 1888 1897 1898
f 1889 1898 1899
f 1890 1899 1900
f 1896 1918 1897
f 1897 1919 1898
f 1898 1926 1899
f 1611 1891 1901
f 1891 1907 1901
f 1891 1900 1907
f 1899 1927 1900
f 1900 1928 1907
f 1618 1901 1902
f 1619 1902 1903
f 1620 1903 1904
f 1901 1908 1902
f 1902 1909 1903
f 1621 1904 1905
f 1622 1905 1906
f 1623 1906 1970
f 1903 1910 1904
f 1904 1911 1905
f 1905 1912 1906
f 1901 1907 1908
f 1902 1908 1909
f 1907 1940 1908
f 1908 1941 1909
f 1903 1909 1910
f 1904 1910 1911
f 1905 1911 1912
f 1906 1912 1975
f 1909 1942 1910
f 1910 1943 1911
f 1911 1997 1912
f 1892 1913 1914
f 1893 1914 1915
f 1894 1915 1916
f 1895 1916 1917
f 1913 1921 1914
f 1914 1922 1915
f 1913 1920 1921
f 1914 1921 1922
f 1915 1923 1916
f 1916 1924 1917
f 1915 1922 1923
f 1916 1923 1924
f 1917 1924 1925
f 1896 1917 1918
f 1897 1918 1919
f 1898 1919 1926
f 1917 1925 1918
f 1918 1936 1919
f 1918 1925 1936
f 1920 2071 1921
f 1921 2072 1922
f 1920 2070 2071
f 1921 2071 2072
f 1922 2073 1923
f 1923 2074 1924
f 1924 2080 1925
f 1922 2072 2073
f 1923 2073 2074
f 1924 2074 2080
f 1899 1926 1927
f 1900 1927 1928
f 1919 1937 1926
f 1919 1936 1937
f 1926 1938 1927
f 1926 1937 1938
f 1927 1939 1928
f 1927 1938 1939
f 1928 1939 1944
f 1925 2081 1936
f 1936 2082 1937
f 1925 2080 2081
f 1936 2081 2082
f 1937 2082 2083
f 1937 2083 1938
f 1938 2084 1939
f 1938 2083 2084
f 1939 2084 2087
f 1939 2087 1944
f 1944 2087 2102
f 1907 1928 1940
f 1908 1940 1941
f 1928 1944 1940
f 1909 1941 1942
f 1910 1942 1943
f 1911 1943 1997
f 1940 1945 1941
f 1941 1946 1942
f 1940 1944 1945
f 1941 1945 1946
f 1942 1947 1943
f 1942 1946 1947
f 1943 2004 1997
f 1943 1947 2004
f 1944 2102 1945
f 1945 2103 1946
f 1946 2215 1947
f 1945 2102 2103
f 1946 2103 2215
f 1906 1975 1970
f 1679 1970 1971
f 1680 1971 1972
f 1970 1976 1971
f 1971 1977 1972
f 1681 1972 1973
f 1682 1973 1974
f 1683 1974 1980
f 1972 1978 1973
f 1973 1979 1974
f 1974 1985 1980
f 1912 1998 1975
f 1970 1975 1976
f 1971 1976 1977
f 1975 1999 1976
f 1976 2001 1977
f 1972 1977 1978
f 1973 1978 1979
f 1974 1979 1985
f 1977 2002 1978
f 1978 2003 1979
f 1689 1980 1981
f 1690 1981 1982
f 1980 1986 1981
f 1981 1987 1982
f 1691 1982 1983
f 1692 1983 1984
f 1693 1984 2767
f 1982 1988 1983
f 1983 1989 1984
f 1980 1985 1986
f 1981 1986 1987
f 1979 2014 1985
f 1985 2015 1986
f 1986 2019 1987
f 1982 1987 1988
f 1983 1988 1989
f 1984 1989 2770
f 1987 2020 1988
f 1988 2021 1989
f 1912 1997 1998
f 1975 1998 1999
f 1997 2005 1998
f 1997 2004 2005
f 1998 2006 1999
f 1998 2005 2006
f 1999 2006 2007
f 1976 1999 2001
f 1977 2001 2002
f 1978 2002 2003
f 1979 2003 2014
f 1999 2007 2001
f 2001 2008 2002
f 2001 2007 2008
f 2002 2009 2003
f 2002 2008 2009
f 1947 2215 2216
f 1947 2216 2004
f 2004 2217 2005
f 2004 2216 2217
f 2005 2222 2006
f 2005 2217 2222
f 2006 2223 2007
f 2007 2224 2008
f 2006 2222 2223
f 2007 2223 2224
f 2008 2224 2247
f 2008 2247 2009
f 1985 2014 2015
f 1986 2015 2019
f 2003 2022 2014
f 2003 2009 2022
f 2014 2022 2023
f 2014 2023 2015
f 2015 2024 2019
f 2015 2023 2024
f 1987 2019 2020
f 1988 2020 2021
f 1989 2021 2780
f 2019 2025 2020
f 2019 2024 2025
f 2020 2025 2026
f 2020 2026 2021
f 2021 2026 2784
f 2009 2251 2022
f 2009 2247 2251
f 2022 2252 2023
f 2023 2253 2024
f 2022 2251 2252
f 2023 2252 2253
f 2024 2254 2025
f 2024 2253 2254
f 2025 2255 2026
f 2025 2254 2255
f 2027 2033 2029
f 2029 2034 2030
f 2030 2035 2031
f 2031 2036 2032
f 2032 2037 2070
f 2027 2028 2033
f 2029 2033 2034
f 2030 2034 2035
f 2031 2035 2036
f 2032 2036 2037
f 2028 2039 2033
f 2033 2040 2034
f 2034 2041 2035
f 2028 2038 2039
f 2033 2039 2040
f 2034 2040 2041
f 2035 2042 2036
f 2036 2043 2037
f 2035 2041 2042
f 2036 2042 2043
f 2037 2043 2092
f 2038 2046 2039
f 2038 2044 2046
f 2039 2046 2047
f 2039 2047 2040
f 2040 2048 2041
f 2040 2047 2048
f 2041 2049 2042
f 2041 2048 2049
f 2042 2049 2050
f 2042 2050 2043
f 2043 2050 2104
f 2044 2045 2051
f 2044 2051 2046
f 2046 2052 2047
f 2047 2053 2048
f 2048 2054 2049
f 2049 2055 2050
f 2050 2056 2104
f 2046 2051 2052
f 2047 2052 2053
f 2045 2059 2051
f 2051 2060 2052
f 2048 2053 2054
f 2049 2054 2055
f 2050 2055 2056
f 2052 2061 2053
f 2053 2062 2054
f 2054 2063 2055
f 2055 2064 2056
f 2045 2057 2059
f 2057 2058 2065
f 2051 2059 2060
f 2052 2060 2061
f 2053 2061 2062
f 2057 2065 2059
f 2059 2066 2060
f 2054 2062 2063
f 2055 2063 2064
f 2056 2064 2119
f 2059 2065 2066
f 2060 2067 2061
f 2061 2068 2062
f 2060 2066 2067
f 2061 2067 2068
f 2062 2069 2063
f 2062 2068 2069
f 2063 2158 2064
f 2063 2069 2158
f 2064 2159 2119
f 2064 2158 2159
f 2058 2154 2065
f 2065 2155 2066
f 2066 2156 2067
f 2070 2075 2071
f 2071 2076 2072
f 2072 2077 2073
f 2037 2075 2070
f 2071 2075 2076
f 2072 2076 2077
f 2037 2092 2075
f 2073 2078 2074
f 2074 2079 2080
f 2073 2077 2078
f 2074 2078 2079
f 2080 2085 2081
f 2081 2086 2082
f 2082 2088 2083
f 2079 2085 2080
f 2081 2085 2086
f 2082 2086 2088
f 2083 2089 2084
f 2084 2090 2087
f 2087 2091 2102
f 2083 2088 2089
f 2084 2089 2090
f 2087 2090 2091
f 2091 2218 2102
f 2075 2093 2076
f 2076 2094 2077
f 2075 2092 2093
f 2076 2093 2094
f 2077 2095 2078
f 2077 2094 2095
f 2078 2096 2079
f 2079 2097 2085
f 2078 2095 2096
f 2079 2096 2097
f 2043 2104 2092
f 2092 2105 2093
f 2092 2104 2105
f 2093 2106 2094
f 2093 2105 2106
f 2094 2106 2107
f 2094 2107 2095
f 2095 2108 2096
f 2095 2107 2108
f 2085 2098 2086
f 2085 2097 2098
f 2096 2109 2097
f 2096 2108 2109
f 2097 2109 2116
f 2086 2099 2088
f 2088 2100 2089
f 2086 2098 2099
f 2088 2099 2100
f 2089 2101 2090
f 2090 2213 2091
f 2089 2100 2101
f 2090 2101 2213
f 2097 2116 2098
f 2098 2117 2099
f 2098 2116 2117
f 2099 2118 2100
f 2099 2117 2118
f 2100 2118 2265
f 2100 2265 2101
f 2102 2218 2103
f 2104 2110 2105
f 2105 2111 2106
f 2056 2110 2104
f 2106 2112 2107
f 2107 2113 2108
f 2108 2114 2109
f 2109 2115 2116
f 2105 2110 2111
f 2106 2111 2112
f 2056 2119 2110
f 2110 2120 2111
f 2107 2112 2113
f 2108 2113 2114
f 2111 2121 2112
f 2112 2122 2113
f 2109 2114 2115
f 2115 2269 2116
f 2113 2279 2114
f 2114 2280 2115
f 2116 2269 2117
f 2117 2270 2118
f 2117 2269 2270
f 2110 2119 2120
f 2111 2120 2121
f 2112 2121 2122
f 2119 2283 2120
f 2120 2284 2121
f 2119 2159 2283
f 2113 2122 2279
f 2152 1749 2153
f 2153 1755 2170
f 2058 2152 2154
f 2152 2153 2162
f 2065 2154 2155
f 2067 2157 2068
f 2066 2155 2156
f 2067 2156 2157
f 2152 2162 2154
f 2154 2163 2155
f 2068 2160 2069
f 2068 2157 2160
f 2069 2161 2158
f 2158 2166 2159
f 2069 2160 2161
f 2158 2161 2166
f 2159 2167 2283
f 2159 2166 2167
f 2154 2162 2163
f 2155 2163 2164
f 2155 2164 2156
f 2156 2165 2157
f 2156 2164 2165
f 2157 2165 2168
f 2153 2171 2162
f 2162 2172 2163
f 2157 2168 2160
f 2160 2169 2161
f 2161 2176 2166
f 2160 2168 2169
f 2161 2169 2176
f 2166 2177 2167
f 2167 2178 2287
f 2166 2176 2177
f 2153 2170 2171
f 2163 2173 2164
f 2162 2171 2172
f 2163 2172 2173
f 2164 2174 2165
f 2165 2175 2168
f 2164 2173 2174
f 2165 2174 2175
f 2168 2179 2169
f 2169 2180 2176
f 2167 2177 2178
f 2168 2175 2179
f 2169 2179 2180
f 2176 2180 2181
f 2176 2181 2177
f 2177 2182 2178
f 2177 2181 2182
f 2178 2183 2296
f 2180 2191 2181
f 2178 2182 2183
f 2183 2303 2296
f 2181 2201 2182
f 2182 2202 2183
f 2183 2204 2303
f 2174 2621 2175
f 2170 2677 2171
f 2171 2677 2172
f 2172 2677 2173
f 2173 2677 2174
f 2180 2639 2198
f 2639 2193 2198
f 2639 2195 2193
f 2639 2196 2195
f 2639 2194 2196
f 2644 2210 2194
f 2644 2211 2210
f 2180 2198 2197
f 2180 2197 2189
f 2175 2628 2179
f 2179 2639 2180
f 2181 2190 2199
f 2180 2189 2192
f 2180 2192 2191
f 2181 2191 2190
f 2181 2199 2201
f 2182 2201 2200
f 2182 2200 2202
f 2183 2202 2203
f 2183 2203 2204
f 2303 2204 2205
f 2303 2206 2304
f 2303 2205 2206
f 2304 2206 2207
f 2304 2207 2208
f 2321 2208 2209
f 2091 2214 2218
f 2091 2213 2214
f 2214 2228 2218
f 2101 2266 2213
f 2101 2265 2266
f 2213 2266 2267
f 2213 2267 2214
f 2214 2268 2228
f 2214 2267 2268
f 2228 2268 2274
f 2103 2219 2215
f 2215 2220 2216
f 2216 2221 2217
f 2217 2225 2222
f 2103 2218 2219
f 2215 2219 2220
f 2216 2220 2221
f 2217 2221 2225
f 2222 2226 2223
f 2223 2227 2224
f 2224 2248 2247
f 2222 2225 2226
f 2223 2226 2227
f 2224 2227 2248
f 2218 2228 2219
f 2219 2229 2220
f 2220 2230 2221
f 2219 2228 2229
f 2220 2229 2230
f 2228 2274 2229
f 2221 2231 2225
f 2221 2230 2231
f 2225 2231 2232
f 2225 2232 2226
f 2226 2259 2227
f 2226 2232 2259
f 2229 2318 2230
f 2229 2274 2318
f 2230 2319 2231
f 2230 2318 2319
f 2231 2319 2320
f 2231 2320 2232
f 2232 2383 2259
f 2232 2320 2383
f 2247 2249 2251
f 2247 2248 2249
f 2249 2250 2251
f 2250 2252 2251
f 2250 2256 2252
f 2252 2256 2253
f 2253 2257 2254
f 2254 2258 2255
f 2253 2256 2257
f 2254 2257 2258
f 2227 2260 2248
f 2248 2261 2249
f 2227 2259 2260
f 2248 2260 2261
f 2249 2262 2250
f 2249 2261 2262
f 2259 2383 2384
f 2259 2384 2260
f 2260 2384 2385
f 2260 2385 2261
f 2261 2390 2262
f 2261 2385 2390
f 2250 2263 2256
f 2250 2262 2263
f 2256 2263 2264
f 2256 2264 2257
f 2257 2890 2258
f 2257 2264 2890
f 2262 2390 2391
f 2262 2391 2263
f 2263 2392 2264
f 2263 2391 2392
f 2264 2392 2937
f 2264 2937 2890
f 2115 2281 2269
f 2118 2271 2265
f 2265 2272 2266
f 2266 2273 2267
f 2267 2275 2268
f 2118 2270 2271
f 2265 2271 2272
f 2269 2282 2270
f 2270 2293 2271
f 2271 2294 2272
f 2272 2310 2273
f 2266 2272 2273
f 2267 2273 2275
f 2268 2276 2274
f 2274 2277 2318
f 2268 2275 2276
f 2274 2276 2277
f 2273 2311 2275
f 2275 2312 2276
f 2277 2278 2318
f 2276 2313 2277
f 2277 2342 2278
f 2120 2283 2284
f 2121 2285 2122
f 2121 2284 2285
f 2122 2285 2286
f 2114 2279 2280
f 2115 2280 2281
f 2269 2281 2282
f 2122 2286 2279
f 2279 2290 2280
f 2279 2286 2290
f 2280 2290 2291
f 2280 2291 2281
f 2281 2292 2282
f 2281 2291 2292
f 2282 2292 2298
f 2283 2287 2284
f 2167 2287 2283
f 2284 2288 2285
f 2284 2287 2288
f 2285 2289 2286
f 2285 2288 2289
f 2286 2295 2290
f 2286 2289 2295
f 2287 2296 2288
f 2290 2299 2291
f 2270 2282 2293
f 2271 2293 2294
f 2272 2294 2310
f 2282 2298 2293
f 2288 2297 2289
f 2178 2296 2287
f 2288 2296 2297
f 2289 2301 2295
f 2289 2297 2301
f 2295 2302 2299
f 2295 2301 2302
f 2290 2295 2299
f 2291 2300 2292
f 2291 2299 2300
f 2292 2306 2298
f 2292 2300 2306
f 2298 2306 2307
f 2298 2307 2314
f 2299 2305 2300
f 2296 2303 2297
f 2297 2303 2304
f 2297 2304 2301
f 2299 2302 2305
f 2301 2321 2302
f 2301 2304 2321
f 2302 2322 2305
f 2302 2321 2322
f 2305 2323 2308
f 2307 2309 2314
f 2300 2308 2306
f 2300 2305 2308
f 2306 2325 2307
f 2306 2308 2325
f 2307 2325 2326
f 2307 2326 2309
f 2273 2310 2311
f 2293 2314 2294
f 2294 2315 2310
f 2293 2298 2314
f 2294 2314 2315
f 2310 2315 2316
f 2310 2316 2311
f 2275 2311 2312
f 2311 2317 2312
f 2311 2316 2317
f 2312 2317 2346
f 2276 2312 2313
f 2277 2313 2342
f 2312 2346 2313
f 2309 2315 2314
f 2315 2327 2316
f 2309 2327 2315
f 2316 2327 2348
f 2316 2348 2317
f 2278 2319 2318
f 2319 2386 2320
f 2278 2386 2319
f 2278 2343 2386
f 2344 2387 2386
f 2304 2208 2321
f 2321 2209 2322
f 2305 2322 2323
f 2308 2323 2324
f 2322 2329 2323
f 2322 2209 2329
f 2323 2329 2330
f 2323 2331 2324
f 2308 2324 2325
f 2309 2328 2327
f 2309 2326 2328
f 2325 2332 2326
f 2324 2332 2325
f 2326 2332 2336
f 2326 2336 2328
f 2327 2337 2348
f 2327 2328 2337
f 2337 2338 2348
f 2323 2330 2331
f 2324 2333 2332
f 2324 2331 2333
f 2332 2333 2334
f 2332 2334 2336
f 2336 2334 2335
f 2336 2335 2354
f 2328 2339 2337
f 2328 2336 2339
f 2337 2340 2338
f 2336 2354 2339
f 2337 2339 2340
f 2339 2355 2340
f 2338 2356 2341
f 2338 2340 2356
f 2313 2346 2347
f 2278 2342 2343
f 2343 2344 2386
f 2313 2347 2342
f 2342 2352 2343
f 2342 2347 2352
f 2344 2345 2387
f 2343 2353 2344
f 2343 2352 2353
f 2344 2353 2375
f 2344 2375 2345
f 2317 2348 2349
f 2317 2349 2346
f 2346 2350 2347
f 2346 2349 2350
f 2338 2349 2348
f 2347 2350 2351
f 2347 2351 2352
f 2352 2371 2353
f 2351 2371 2352
f 2341 2350 2349
f 2338 2341 2349
f 2350 2369 2351
f 2341 2369 2350
f 2339 2354 2355
f 2340 2355 2357
f 2340 2357 2356
f 2341 2356 2359
f 2341 2359 2369
f 2356 2357 2358
f 2356 2358 2359
f 2359 2358 2361
f 2359 2360 2369
f 2360 2370 2369
f 2359 2361 2360
f 2360 2363 2370
f 2360 2361 2362
f 2360 2362 2363
f 2363 2362 2364
f 2363 2364 2365
f 2363 2365 2373
f 2365 2364 2366
f 2365 2366 2367
f 2367 2366 2903
f 2345 2376 2368
f 2345 2375 2376
f 2368 2380 2396
f 2368 2376 2380
f 2381 2397 2396
f 2380 2381 2396
f 2397 2913 2398
f 2381 2913 2397
f 2353 2371 2372
f 2351 2370 2371
f 2351 2369 2370
f 2370 2373 2371
f 2371 2373 2372
f 2363 2373 2370
f 2372 2373 2377
f 2372 2377 2374
f 2353 2372 2375
f 2372 2374 2375
f 2374 2376 2375
f 2374 2378 2376
f 2365 2377 2373
f 2374 2379 2378
f 2374 2377 2379
f 2365 2367 2377
f 2367 2379 2377
f 2367 2905 2379
f 2378 2907 2382
f 2378 2379 2907
f 2376 2378 2380
f 2378 2382 2380
f 2380 2382 2381
f 2381 2915 2913
f 2381 2382 2915
f 2320 2387 2383
f 2383 2388 2384
f 2384 2389 2385
f 2320 2386 2387
f 2383 2387 2388
f 2384 2388 2389
f 2345 2388 2387
f 2368 2389 2388
f 2385 2393 2390
f 2390 2394 2391
f 2391 2395 2392
f 2392 2940 2937
f 2385 2389 2393
f 2390 2393 2394
f 2389 2396 2393
f 2393 2397 2394
f 2391 2394 2395
f 2392 2395 2940
f 2394 2398 2395
f 2345 2368 2388
f 2368 2396 2389
f 2393 2396 2397
f 2394 2397 2398
f 2170 2609 2610
f 2170 2610 2675
f 2170 2675 2676
f 2170 2676 2677
f 2677 2619 2617
f 2677 2617 2618
f 2677 2618 2616
f 2677 2616 2611
f 2677 2615 2619
f 2677 2632 2615
f 2677 2633 2632
f 2677 2634 2633
f 2677 2635 2634
f 2677 2636 2635
f 2185 2668 5498
f 2677 5498 2636
f 5498 2637 2636
f 5498 2638 2637
f 5498 2646 2638
f 5498 2647 2646
f 5498 2648 2647
f 5498 2649 2648
f 5498 2650 2649
f 5498 2652 2651
f 5498 2651 2650
f 5498 2653 2652
f 5498 2662 2653
f 5498 2666 2665
f 5498 2665 2664
f 5498 2664 2663
f 5498 2663 2662
f 2666 5498 2669
f 5498 2670 2669
f 5498 2671 2670
f 5498 2672 2671
f 5498 2667 2672
f 5498 2668 2667
f 5542 2868 5498
f 1716 2767 2768
f 1717 2768 2769
f 1984 2770 2767
f 2767 2771 2768
f 2768 2772 2769
f 2767 2770 2771
f 2768 2771 2772
f 1989 2780 2770
f 2770 2781 2771
f 2771 2783 2772
f 2770 2780 2781
f 2771 2781 2783
f 2021 2784 2780
f 2780 2784 2785
f 2780 2785 2781
f 2781 2786 2783
f 2781 2785 2786
f 2026 2884 2784
f 2026 2255 2884
f 2784 2884 2885
f 2784 2885 2785
f 2785 2888 2786
f 2785 2885 2888
f 1718 2769 5650
f 2769 2772 5653
f 2772 2783 5691
f 2783 2786 5697
f 2786 2888 5865
f 2174 2613 2612
f 2174 2614 2613
f 2174 2611 2614
f 2174 2620 2621
f 2174 2612 2620
f 2175 2621 2622
f 2175 2622 2623
f 2175 2623 2624
f 2175 2624 2625
f 2175 2625 2626
f 2175 2626 2627
f 2175 2627 2628
f 2179 2628 2629
f 2179 2629 2630
f 2179 2630 2631
f 2179 2631 2639
f 2174 2677 2611
f 2194 2640 2641
f 2194 2639 2640
f 2194 2643 2644
f 2194 2642 2643
f 2194 2641 2642
f 2212 2645 2654
f 2212 2644 2645
f 2212 2655 2656
f 2212 2654 2655
f 2185 2659 2658
f 2185 2658 2661
f 2185 2661 2660
f 2212 2657 2659
f 2212 2656 2657
f 2644 2212 2211
f 2659 2184 2212
f 2659 2185 2184
f 2185 2674 2668
f 2185 2660 2673
f 2185 2673 2674
f 5498 2186 2185
f 2186 5498 2188
f 5498 2187 2188
f 5498 2858 2187
f 2858 5498 2859
f 2859 5498 2860
f 2860 5498 2861
f 2861 5498 2862
f 2862 5498 2863
f 2863 5498 2864
f 2864 5498 2865
f 2865 5498 2866
f 5498 2867 2866
f 5498 2868 2867
f 2255 2886 2884
f 2884 2887 2885
f 2885 2889 2888
f 2255 2258 2886
f 2884 2886 2887
f 2885 2887 2889
f 2258 2890 2891
f 2886 2891 2892
f 2887 2892 2893
f 2890 2937 2938
f 2890 2938 2891
f 2891 2938 2939
f 2891 2939 2892
f 2892 2943 2893
f 2892 2939 2943
f 2258 2891 2886
f 2886 2892 2887
f 2887 2893 2889
f 2367 2903 2904
f 2367 2904 2905
f 2398 2913 2914
f 2914 2925 2945
f 2925 2926 2946
f 2926 2934 2947
f 2379 2905 2907
f 2907 2905 2906
f 2907 2906 2909
f 2907 2909 2908
f 2382 2908 2915
f 2382 2907 2908
f 2908 2909 2910
f 2908 2910 2911
f 2908 2911 2917
f 2908 2917 2912
f 2912 2916 2915
f 2908 2912 2915
f 2912 2920 2916
f 2913 2915 2916
f 2913 2916 2914
f 2914 2916 2927
f 2914 2927 2925
f 2912 2917 2918
f 2912 2918 2919
f 2912 2919 2920
f 2920 2919 2921
f 2916 2920 2927
f 2920 2924 2927
f 2920 2921 2922
f 2920 2922 2924
f 2924 2922 2923
f 2924 2923 2929
f 2924 2929 2931
f 2924 2931 2928
f 2925 2927 2928
f 2925 2928 2926
f 2926 2928 2935
f 2926 2935 2934
f 2924 2928 2927
f 2928 2931 2935
f 2931 2929 2930
f 2931 2930 2932
f 2931 2932 2933
f 2931 2933 2936
f 2937 2941 2938
f 2938 2942 2939
f 2939 2944 2943
f 2937 2940 2941
f 2395 2945 2940
f 2940 2946 2941
f 2938 2941 2942
f 2941 2947 2942
f 2942 2948 2944
f 2939 2942 2944
f 2395 2398 2945
f 2940 2945 2946
f 2398 2914 2945
f 2925 2946 2945
f 2941 2946 2947
f 2942 2947 2948
f 2926 2947 2946
f 2934 2948 2947
f 2888 2889 5866
f 2889 2893 5871
f 2893 2943 5909
f 2934 5881 2948
f 2931 2936 5875
f 2931 5880 2935
f 2934 2935 5882
f 2943 2944 5910
f 2944 2948 5917
f 416 2983 2982
f 418 2985 2984
f 422 2982 2995
f 425 2995 2998
f 2982 2987 2986
f 2982 2983 2987
f 2986 2987 2990
f 2986 2990 2989
f 2989 2990 3119
f 2982 2986 2995
f 2986 2989 2996
f 2989 3118 2997
f 2984 2992 2988
f 2984 2985 2992
f 2988 2992 2993
f 2988 2993 2991
f 2991 2993 2994
f 2991 2994 3120
f 2986 2996 2995
f 2989 2997 2996
f 2995 2996 2998
f 2996 2997 2999
f 2997 3167 3000
f 2996 2999 2998
f 2997 3000 2999
f 2998 2999 3401
f 2999 3000 3402
f 3000 3172 3403
f 2989 3119 3118
f 3118 3123 3122
f 3118 3119 3123
f 3122 3123 3124
f 3122 3124 3129
f 3118 3122 3167
f 3122 3129 3168
f 3120 3125 3121
f 2994 3125 3120
f 3121 3125 3126
f 3121 3126 3127
f 3126 3128 3127
f 3127 3128 3134
f 3128 3136 3134
f 3124 3130 3129
f 3129 3130 3131
f 3131 3133 3132
f 3130 3133 3131
f 3132 3133 3142
f 3129 3131 3169
f 3131 3132 3170
f 3134 3136 3135
f 3135 3136 3137
f 3135 3137 3138
f 3138 3139 3145
f 3137 3139 3138
f 3139 3140 3145
f 3132 3142 3141
f 3141 3142 3143
f 3141 3143 3144
f 3143 3148 3144
f 3144 3148 3150
f 3132 3141 3171
f 3141 3144 3177
f 3144 3150 3178
f 3140 3146 3145
f 3140 3147 3146
f 3146 3147 3149
f 3147 3160 3149
f 3149 3160 3155
f 3155 3160 3161
f 3148 3153 3150
f 3150 3153 3151
f 3151 3154 3152
f 3150 3151 3179
f 3151 3152 3180
f 3151 3153 3154
f 3155 3161 3156
f 3156 3162 3158
f 3152 3154 3157
f 3156 3161 3162
f 3158 3162 3163
f 3158 3163 3159
f 3159 3163 3164
f 3159 3164 3165
f 3159 3165 3198
f 3165 3166 3198
f 2997 3118 3167
f 3122 3168 3167
f 3129 3169 3168
f 3167 3168 3172
f 3168 3169 3173
f 3131 3170 3169
f 3132 3171 3170
f 3169 3170 3174
f 3170 3171 3175
f 3000 3167 3172
f 3168 3173 3172
f 3169 3174 3173
f 3172 3173 4179
f 3173 3174 4180
f 3170 3175 3174
f 3171 3176 3175
f 3174 3175 4181
f 3175 3176 4182
f 3141 3177 3171
f 3144 3178 3177
f 3171 3177 3176
f 3177 3178 3182
f 3178 3179 3183
f 3150 3179 3178
f 3151 3180 3179
f 3152 3181 3180
f 3179 3180 3184
f 3180 3181 3185
f 3176 3177 3182
f 3178 3183 3182
f 3176 3182 4183
f 3182 3183 4189
f 3183 3184 4190
f 3179 3184 3183
f 3180 3185 3184
f 3181 3186 3185
f 3184 3185 4191
f 3185 3186 4192
f 3152 3188 3181
f 3152 3157 3188
f 3157 3189 3188
f 3188 3189 3191
f 3189 3190 3191
f 3190 3194 3191
f 3190 3192 3194
f 3188 3191 3235
f 3191 3194 3236
f 3192 3195 3194
f 3192 3193 3195
f 3193 3196 3195
f 3193 3209 3196
f 3196 3210 3197
f 3194 3195 3237
f 3195 3196 3238
f 3196 3197 3239
f 3166 3199 3198
f 3166 3200 3199
f 3199 3200 3201
f 3200 3203 3201
f 3201 3203 3202
f 3202 3203 3204
f 3202 3204 3211
f 3204 3205 3211
f 3205 3206 3212
f 3196 3209 3210
f 3197 3210 3213
f 3197 3213 3219
f 3213 3214 3219
f 3205 3212 3211
f 3206 3215 3212
f 3206 3207 3215
f 3208 3216 3215
f 3207 3208 3215
f 3208 3265 3216
f 3217 3265 3266
f 3216 3265 3217
f 3217 3267 3218
f 3197 3219 3240
f 3214 3220 3219
f 3214 3221 3220
f 3220 3221 3222
f 3221 3224 3222
f 3222 3224 3223
f 3223 3225 3230
f 3219 3220 3247
f 3220 3222 3248
f 3222 3223 3249
f 3223 3230 3250
f 3223 3224 3225
f 3225 3227 3230
f 3227 3228 3231
f 3230 3231 3251
f 3227 3231 3230
f 3228 3232 3231
f 3228 3229 3232
f 3229 3297 3232
f 3232 3297 3299
f 3231 3232 3252
f 3232 3233 3253
f 3233 3234 3254
f 3234 3302 3255
f 3181 3188 3235
f 3181 3235 3186
f 3191 3236 3235
f 3194 3237 3236
f 3235 3236 3241
f 3236 3237 3242
f 3195 3238 3237
f 3196 3239 3238
f 3197 3240 3239
f 3237 3238 3243
f 3238 3239 3244
f 3239 3240 3245
f 3240 3247 3246
f 3186 3235 3241
f 3186 3241 4193
f 3236 3242 3241
f 3237 3243 3242
f 3241 3242 4326
f 3242 3243 4327
f 3238 3244 3243
f 3239 3245 3244
f 3240 3246 3245
f 3243 3244 4328
f 3244 3245 4329
f 3245 3246 4330
f 3246 3256 4331
f 3219 3247 3240
f 3220 3248 3247
f 3222 3249 3248
f 3223 3250 3249
f 3247 3248 3256
f 3248 3249 3257
f 3249 3250 3258
f 3250 3251 3259
f 3230 3251 3250
f 3251 3252 3260
f 3231 3252 3251
f 3232 3253 3252
f 3233 3254 3253
f 3234 3255 3254
f 3255 3302 3377
f 3252 3253 3261
f 3253 3254 3262
f 3254 3255 3263
f 3255 3377 3264
f 3246 3247 3256
f 3248 3257 3256
f 3249 3258 3257
f 3250 3259 3258
f 3251 3260 3259
f 3256 3257 4339
f 3257 3258 4340
f 3258 3259 4341
f 3259 3260 4342
f 3252 3261 3260
f 3253 3262 3261
f 3254 3263 3262
f 3255 3264 3263
f 3260 3261 4343
f 3261 3262 4344
f 3262 3263 4345
f 3263 3264 4346
f 3264 3382 4347
f 3217 3266 3267
f 3218 3267 3268
f 3226 3268 3269
f 3218 3268 3226
f 3226 3269 3292
f 3270 3293 3292
f 3269 3270 3292
f 3270 3271 3293
f 3271 3294 3293
f 3271 3272 3298
f 3272 3273 3298
f 3273 3274 3298
f 3274 3275 3298
f 3275 3276 3298
f 3276 3277 3298
f 3271 3295 3294
f 3271 3296 3295
f 3271 3298 3296
f 3232 3299 3300
f 3232 3300 3301
f 3232 3301 3306
f 3302 3303 3377
f 3303 3304 3378
f 3304 3305 3379
f 3305 3307 3380
f 3277 3279 3298
f 3279 3280 3298
f 3280 3281 3298
f 3281 3282 3298
f 3282 3283 3298
f 3303 3378 3377
f 3304 3379 3378
f 3305 3380 3379
f 3307 3381 3380
f 3377 3378 3382
f 3378 3379 3383
f 3379 3380 3384
f 3380 3381 3385
f 3264 3377 3382
f 3378 3383 3382
f 3379 3384 3383
f 3380 3385 3384
f 3381 3386 3385
f 3382 3383 4466
f 3383 3384 4467
f 3384 3385 4468
f 3385 3386 4469
f 3232 5169 3233
f 3233 5169 3234
f 3232 3306 5169
f 3234 5169 3302
f 3302 5169 3303
f 3303 5169 3304
f 3283 4947 3298
f 3283 3284 4947
f 3284 3290 4947
f 3278 3400 4947
f 3278 4947 3285
f 3285 4947 3286
f 3286 4947 3287
f 3287 4947 3288
f 3289 4947 3291
f 3290 3291 4947
f 3288 4947 3289
f 3304 5169 3305
f 3305 5169 3307
f 3307 5170 3381
f 3381 5247 3386
f 3386 5252 4470
f 1028 2998 3401
f 1031 3401 3404
f 1037 3404 3407
f 1041 3407 3414
f 1107 3414 3736
f 2999 3402 3401
f 3000 3403 3402
f 3401 3402 3404
f 3402 3403 3405
f 3403 4179 3406
f 3402 3405 3404
f 3403 3406 3405
f 3404 3405 3407
f 3405 3406 3409
f 3406 4184 3410
f 3405 3409 3407
f 3406 3410 3409
f 3407 3409 3414
f 3409 3410 3415
f 3409 3415 3414
f 3410 4199 3416
f 3410 3416 3415
f 3414 3415 3736
f 3415 3416 3738
f 3415 3738 3736
f 3416 4211 3739
f 3416 3739 3738
f 3739 4211 4493
f 1108 3736 3737
f 1112 3737 3742
f 1129 3742 3756
f 1130 3756 3757
f 1134 3757 3764
f 1157 3764 3768
f 1158 3768 3769
f 1159 3769 3770
f 1160 3770 3771
f 3771 3753 1166
f 3736 3738 3737
f 3738 3739 3740
f 3739 4493 3741
f 3737 3738 3740
f 3739 3741 3740
f 3741 4493 4496
f 3737 3740 3742
f 3740 3741 3743
f 3741 4496 3744
f 3740 3743 3742
f 3741 3744 3743
f 3744 4496 3745
f 3742 3743 3756
f 3743 3758 3756
f 3743 3744 3758
f 3744 3759 3758
f 3744 3745 3759
f 3745 3760 3759
f 3771 3754 3753
f 3756 3758 3757
f 3758 3759 3761
f 3759 3760 3762
f 3757 3758 3761
f 3759 3762 3761
f 3757 3761 3764
f 3761 3762 3765
f 3760 3763 3762
f 3762 3763 3766
f 3763 4539 3767
f 3761 3765 3764
f 3762 3766 3765
f 3764 3765 3768
f 3765 3766 3775
f 3763 3767 3766
f 3767 4539 4549
f 3766 3767 3776
f 3767 4549 3784
f 3771 3755 3754
f 3771 3772 3755
f 3771 3773 3772
f 3771 3774 3773
f 3771 3780 3774
f 3765 3775 3768
f 3766 3776 3775
f 3767 3784 3776
f 3784 4549 3785
f 3768 3775 3769
f 3769 3775 3777
f 3775 3776 3777
f 3776 3778 3777
f 3769 3777 3770
f 3777 3778 3779
f 3770 3777 3779
f 3770 3779 3771
f 3771 3779 3780
f 3779 3781 3780
f 3778 3786 3781
f 3778 3781 3779
f 3780 3781 3782
f 3781 3788 3782
f 3782 3788 3783
f 3776 3784 3778
f 3778 3784 3786
f 3784 3785 3786
f 3785 3787 3786
f 3786 3787 3788
f 3781 3786 3788
f 3787 3789 3788
f 3783 3788 3789
f 3783 3789 3793
f 3787 4555 3789
f 3789 4555 3790
f 3789 3790 3793
f 3790 3795 3793
f 3790 4556 3795
f 3780 3782 3774
f 3782 3791 3774
f 3782 3783 3791
f 3783 3792 3791
f 3783 3793 3792
f 3793 3795 3792
f 3795 3794 3792
f 3795 4567 3794
f 4567 4568 3794
f 4568 3796 3794
f 3172 4179 3403
f 3173 4180 4179
f 3174 4181 4180
f 4179 4180 4184
f 4180 4181 4185
f 3175 4182 4181
f 3176 4183 4182
f 4181 4182 4186
f 4182 4183 4187
f 3406 4179 4184
f 4180 4185 4184
f 4181 4186 4185
f 4184 4185 4199
f 4185 4186 4200
f 4182 4187 4186
f 4183 4188 4187
f 4186 4187 4201
f 4187 4188 4205
f 4188 4194 4206
f 3182 4189 4183
f 3183 4190 4189
f 3184 4191 4190
f 4183 4189 4188
f 4189 4190 4194
f 4190 4191 4195
f 3185 4192 4191
f 3186 4193 4192
f 4191 4192 4196
f 4192 4193 4197
f 4193 4326 4198
f 4188 4189 4194
f 4190 4195 4194
f 4191 4196 4195
f 4194 4195 4216
f 4195 4196 4217
f 4192 4197 4196
f 4193 4198 4197
f 4196 4197 4218
f 4197 4198 4220
f 4198 4332 4221
f 3410 4184 4199
f 4185 4200 4199
f 4186 4201 4200
f 4199 4200 4211
f 3416 4199 4211
f 4200 4212 4211
f 4200 4201 4212
f 4201 4213 4212
f 4187 4205 4201
f 4188 4206 4205
f 4201 4205 4213
f 4205 4206 4214
f 4205 4214 4213
f 4206 4216 4215
f 4206 4215 4214
f 4215 4216 4223
f 4211 4212 4493
f 4212 4494 4493
f 4212 4213 4494
f 4213 4495 4494
f 4213 4214 4495
f 4214 4215 4499
f 4214 4499 4495
f 4215 4500 4499
f 4215 4223 4500
f 4223 4501 4500
f 4194 4216 4206
f 4195 4217 4216
f 4196 4218 4217
f 4216 4217 4223
f 4217 4224 4223
f 4217 4218 4224
f 4218 4220 4225
f 4218 4225 4224
f 4197 4220 4218
f 4198 4221 4220
f 4221 4332 4222
f 4220 4221 4226
f 4220 4226 4225
f 4221 4227 4226
f 4221 4222 4227
f 4222 4228 4227
f 4223 4224 4501
f 4224 4516 4501
f 4224 4225 4516
f 4225 4226 4517
f 4225 4517 4516
f 4226 4518 4517
f 4226 4227 4518
f 4227 4522 4518
f 4227 4228 4522
f 4228 4360 4523
f 4228 4523 4522
f 4360 4524 4523
f 3241 4326 4193
f 3242 4327 4326
f 3243 4328 4327
f 4326 4327 4332
f 4327 4328 4333
f 4328 4329 4334
f 3244 4329 4328
f 3245 4330 4329
f 3246 4331 4330
f 4329 4330 4335
f 4330 4331 4336
f 4198 4326 4332
f 4327 4333 4332
f 4328 4334 4333
f 4329 4335 4334
f 4222 4332 4333
f 4333 4334 4356
f 4334 4335 4357
f 4330 4336 4335
f 4331 4337 4336
f 4335 4336 4358
f 4336 4337 4359
f 3256 4339 4331
f 4331 4339 4337
f 4337 4339 4338
f 4337 4338 4371
f 4338 4348 4372
f 3257 4340 4339
f 3258 4341 4340
f 3259 4342 4341
f 3260 4343 4342
f 4338 4339 4340
f 4340 4341 4348
f 4341 4342 4349
f 4342 4343 4350
f 4343 4344 4351
f 3261 4344 4343
f 3262 4345 4344
f 3263 4346 4345
f 3264 4347 4346
f 4344 4345 4352
f 4345 4346 4353
f 4346 4347 4354
f 4347 4466 4355
f 4338 4340 4348
f 4341 4349 4348
f 4342 4350 4349
f 4343 4351 4350
f 4348 4349 4373
f 4349 4350 4378
f 4350 4351 4379
f 4344 4352 4351
f 4351 4352 4380
f 4352 4353 4381
f 4345 4353 4352
f 4346 4354 4353
f 4347 4355 4354
f 4353 4354 4382
f 4354 4355 4383
f 4355 4471 4384
f 4222 4333 4356
f 4334 4357 4356
f 4335 4358 4357
f 4222 4356 4228
f 4228 4356 4360
f 4356 4357 4360
f 4357 4361 4360
f 4357 4358 4361
f 4358 4359 4362
f 4358 4362 4361
f 4359 4363 4362
f 4336 4359 4358
f 4337 4371 4359
f 4359 4371 4363
f 4360 4361 4524
f 4361 4362 4799
f 4361 4799 4524
f 4362 4800 4799
f 4362 4363 4800
f 4338 4372 4371
f 4348 4373 4372
f 4371 4372 4374
f 4363 4371 4374
f 4372 4375 4374
f 4372 4373 4375
f 4373 4376 4375
f 4373 4378 4376
f 4376 4378 4377
f 4363 4374 4801
f 4363 4801 4800
f 4374 4375 4806
f 4375 4376 4807
f 4374 4806 4801
f 4375 4807 4806
f 4376 4808 4807
f 4376 4377 4808
f 4377 4385 4809
f 4377 4809 4808
f 4385 4810 4809
f 4349 4378 4373
f 4350 4379 4378
f 4351 4380 4379
f 4377 4378 4379
f 4379 4380 4385
f 4377 4379 4385
f 4352 4381 4380
f 4353 4382 4381
f 4380 4386 4385
f 4380 4381 4386
f 4381 4382 4387
f 4381 4387 4386
f 4382 4388 4387
f 4382 4383 4388
f 4383 4384 4389
f 4383 4389 4388
f 4384 4390 4389
f 4354 4383 4382
f 4355 4384 4383
f 4385 4386 4810
f 4386 4387 4827
f 4387 4388 4828
f 4386 4827 4810
f 4387 4828 4827
f 4388 4829 4828
f 4388 4389 4829
f 4389 4390 4830
f 4389 4830 4829
f 4390 4831 4830
f 3382 4466 4347
f 3383 4467 4466
f 3384 4468 4467
f 3385 4469 4468
f 3386 4470 4469
f 4466 4467 4471
f 4467 4468 4472
f 4468 4469 4473
f 4469 4470 4474
f 4355 4466 4471
f 4467 4472 4471
f 4468 4473 4472
f 4469 4474 4473
f 4470 4475 4474
f 4471 4472 4483
f 4472 4473 4484
f 4473 4474 4485
f 4474 4475 4486
f 4384 4471 4483
f 4472 4484 4483
f 4473 4485 4484
f 4474 4486 4485
f 4475 4487 4486
f 4384 4483 4390
f 4483 4484 4488
f 4484 4485 4489
f 4390 4483 4488
f 4484 4489 4488
f 4485 4486 4490
f 4486 4487 4491
f 4485 4490 4489
f 4486 4491 4490
f 4487 4492 4491
f 4390 4488 4831
f 4488 4489 4855
f 4489 4490 4856
f 4488 4855 4831
f 4489 4856 4855
f 4490 4491 4857
f 4491 4492 4858
f 4490 4857 4856
f 4491 4858 4857
f 4492 4864 4858
f 4493 4494 4496
f 4494 4495 4497
f 4495 4499 4498
f 4494 4497 4496
f 4495 4498 4497
f 4499 4500 4502
f 4498 4499 4502
f 4500 4501 4503
f 4500 4503 4502
f 4501 4504 4503
f 3745 4496 4497
f 4497 4498 4505
f 3745 4497 4505
f 4498 4502 4506
f 4498 4506 4505
f 4502 4507 4506
f 3745 4505 3760
f 3760 4505 4536
f 4505 4506 4536
f 4506 4537 4536
f 4506 4507 4537
f 4507 4538 4537
f 4502 4503 4507
f 4503 4508 4507
f 4503 4504 4508
f 4504 4519 4509
f 4504 4509 4508
f 4509 4519 4510
f 4507 4508 4538
f 4508 4542 4538
f 4508 4509 4542
f 4509 4543 4542
f 4509 4510 4543
f 4510 4544 4543
f 4501 4516 4504
f 4516 4517 4519
f 4517 4518 4520
f 4504 4516 4519
f 4517 4520 4519
f 4518 4521 4520
f 4518 4522 4521
f 4522 4523 4525
f 4523 4524 4526
f 4524 4799 4527
f 4521 4522 4525
f 4523 4526 4525
f 4524 4527 4526
f 4527 4799 4528
f 4510 4519 4520
f 4510 4520 4529
f 4520 4521 4529
f 4521 4525 4530
f 4521 4530 4529
f 4525 4531 4530
f 4510 4529 4544
f 4529 4605 4544
f 4529 4530 4605
f 4530 4606 4605
f 4530 4531 4606
f 4531 4607 4606
f 4531 4532 4607
f 4532 4608 4607
f 4525 4526 4531
f 4526 4527 4532
f 4526 4532 4531
f 4527 4533 4532
f 4527 4528 4533
f 4532 4533 4608
f 4528 4802 4534
f 4528 4534 4533
f 4534 4802 4535
f 4533 4613 4608
f 4533 4534 4613
f 4534 4614 4613
f 4534 4535 4614
f 4535 4615 4614
f 4535 4817 4615
f 4615 4817 4616
f 3760 4536 3763
f 4536 4537 4539
f 4537 4538 4540
f 4538 4542 4541
f 3763 4536 4539
f 4537 4540 4539
f 4539 4540 4549
f 4538 4541 4540
f 4541 4542 4545
f 4540 4541 4550
f 4541 4545 4551
f 4542 4543 4545
f 4543 4544 4546
f 4544 4605 4547
f 4543 4546 4545
f 4545 4546 4552
f 4546 4547 4576
f 4544 4547 4546
f 4547 4605 4548
f 4540 4550 4549
f 4541 4551 4550
f 4545 4552 4551
f 4546 4576 4552
f 4547 4548 4577
f 4548 4609 4578
f 3785 4549 4550
f 3785 4550 4553
f 4550 4551 4553
f 4551 4554 4553
f 4551 4552 4554
f 4552 4559 4554
f 4552 4576 4559
f 4559 4576 4560
f 3785 4553 3787
f 3787 4553 4555
f 4553 4554 4555
f 4554 4557 4555
f 4554 4559 4557
f 3790 4555 4557
f 3790 4557 4556
f 3795 4556 4567
f 4556 4558 4567
f 4558 4568 4567
f 4556 4557 4561
f 4556 4561 4558
f 4558 4562 4568
f 4557 4559 4561
f 4559 4560 4561
f 4560 4563 4561
f 4560 4580 4563
f 4563 4580 4564
f 4558 4561 4563
f 4558 4563 4562
f 4562 4565 4569
f 4562 4563 4564
f 4564 4582 4565
f 4562 4564 4565
f 4565 4582 4566
f 4568 4569 3796
f 4562 4569 4568
f 4569 4571 3796
f 4571 4570 3796
f 4571 4572 4570
f 4565 4571 4569
f 4565 4566 4571
f 4566 4572 4571
f 4572 4573 4570
f 4573 4574 4570
f 4566 4588 4572
f 4572 4588 4573
f 4573 4589 4574
f 4589 4590 4574
f 4590 4575 4574
f 4547 4577 4576
f 4560 4576 4577
f 4560 4577 4580
f 4577 4578 4580
f 4578 4581 4580
f 4548 4578 4577
f 4578 4609 4579
f 4578 4579 4581
f 4579 4584 4581
f 4579 4622 4584
f 4584 4622 4585
f 4564 4580 4581
f 4564 4581 4582
f 4581 4584 4582
f 4582 4584 4583
f 4566 4582 4583
f 4566 4583 4588
f 4583 4586 4588
f 4586 4591 4588
f 4583 4585 4586
f 4583 4584 4585
f 4585 4626 4586
f 4586 4626 4587
f 4586 4587 4591
f 4573 4591 4589
f 4573 4588 4591
f 4589 4592 4590
f 4589 4591 4592
f 4590 4597 4593
f 4590 4592 4597
f 4590 4593 4575
f 4595 4594 4575
f 4593 4595 4575
f 4595 4601 4594
f 4601 4596 4594
f 4587 4598 4592
f 4587 4592 4591
f 4592 4598 4597
f 4593 4597 4599
f 4593 4599 4595
f 4595 4600 4601
f 4595 4599 4600
f 4597 4598 4630
f 4597 4630 4599
f 4600 4631 4601
f 4601 4602 4596
f 4602 4603 4596
f 4603 4747 4596
f 4601 4631 4602
f 4602 4634 4603
f 4603 4604 4747
f 4604 4635 4747
f 4548 4605 4606
f 4606 4607 4609
f 4548 4606 4609
f 4607 4608 4610
f 4608 4613 4611
f 4607 4610 4609
f 4579 4609 4610
f 4610 4611 4622
f 4608 4611 4610
f 4611 4613 4612
f 4611 4612 4623
f 4612 4617 4624
f 4612 4613 4614
f 4614 4615 4617
f 4615 4616 4618
f 4616 4833 4619
f 4612 4614 4617
f 4615 4618 4617
f 4617 4618 4625
f 4618 4619 4645
f 4616 4619 4618
f 4619 4833 4620
f 4619 4620 4646
f 4620 4621 4647
f 4621 4839 4648
f 4579 4610 4622
f 4611 4623 4622
f 4585 4622 4623
f 4585 4623 4626
f 4623 4624 4626
f 4624 4627 4626
f 4612 4624 4623
f 4617 4625 4624
f 4624 4625 4627
f 4625 4628 4627
f 4628 4645 4629
f 4625 4645 4628
f 4629 4645 4646
f 4629 4646 4639
f 4587 4626 4627
f 4587 4627 4598
f 4598 4627 4628
f 4598 4628 4630
f 4628 4629 4630
f 4629 4632 4630
f 4599 4630 4632
f 4600 4632 4633
f 4599 4632 4600
f 4600 4633 4631
f 4631 4633 4640
f 4631 4640 4634
f 4602 4631 4634
f 4603 4637 4604
f 4603 4634 4637
f 4604 4638 4635
f 4604 4637 4638
f 4634 4641 4637
f 4635 4638 4642
f 4635 4642 4636
f 4636 4642 4643
f 4629 4639 4632
f 4632 4639 4633
f 4633 4651 4640
f 4633 4639 4651
f 4640 4652 4641
f 4640 4651 4652
f 4641 4653 4644
f 4634 4640 4641
f 4637 4641 4644
f 4637 4644 4638
f 4638 4655 4642
f 4638 4644 4655
f 4642 4655 4656
f 4642 4656 4643
f 4643 4657 4757
f 4618 4645 4625
f 4619 4646 4645
f 4620 4647 4646
f 4639 4646 4647
f 4639 4647 4651
f 4647 4648 4651
f 4648 4649 4652
f 4648 4652 4651
f 4649 4653 4652
f 4621 4648 4647
f 4648 4839 4649
f 4649 4840 4650
f 4649 4650 4653
f 4650 4654 4653
f 4650 4848 4654
f 4654 4848 4658
f 4658 4848 4849
f 4658 4849 4659
f 4659 4850 4660
f 4641 4652 4653
f 4644 4653 4654
f 4644 4654 4655
f 4654 4658 4655
f 4655 4658 4656
f 4656 4659 4657
f 4656 4658 4659
f 4657 4660 4773
f 4643 4656 4657
f 4657 4659 4660
f 4635 4748 4747
f 4635 4636 4748
f 4750 4749 4748
f 4636 4750 4748
f 4750 4752 4749
f 4752 4753 4749
f 4753 4751 4749
f 4636 4643 4750
f 4750 4757 4752
f 4753 4754 4751
f 4754 4756 4751
f 4756 4755 4751
f 4756 4760 4755
f 4760 4762 4755
f 4762 4761 4755
f 4643 4757 4750
f 4752 4758 4753
f 4752 4757 4758
f 4753 4758 4759
f 4753 4759 4754
f 4754 4771 4756
f 4756 4772 4760
f 4757 4773 4758
f 4754 4759 4771
f 4756 4771 4772
f 4762 4763 4761
f 4763 4764 4761
f 4760 4775 4762
f 4762 4776 4763
f 4760 4772 4775
f 4762 4775 4776
f 4763 4777 4764
f 4777 4765 4764
f 4777 4766 4765
f 4763 4776 4777
f 4778 4767 4766
f 4778 4768 4767
f 4787 4769 4768
f 4657 4773 4757
f 4758 4773 4774
f 4758 4774 4759
f 4759 4781 4771
f 4771 4782 4772
f 4759 4774 4781
f 4771 4781 4782
f 4772 4782 4783
f 4777 4778 4766
f 4778 4787 4768
f 4775 4783 4784
f 4776 4784 4785
f 4772 4783 4775
f 4775 4784 4776
f 4776 4785 4777
f 4777 4786 4778
f 4773 4779 4774
f 4660 4779 4773
f 4774 4780 4781
f 4781 4888 4782
f 4774 4779 4780
f 4780 4888 4781
f 4782 4889 4783
f 4782 4888 4889
f 4783 4890 4784
f 4784 4891 4785
f 4783 4889 4890
f 4785 4892 4786
f 4777 4785 4786
f 4778 4786 4794
f 4787 4770 4769
f 4787 4788 4770
f 4787 4789 4788
f 4787 4790 4789
f 4778 4794 4787
f 4787 4794 4790
f 4794 4793 4791
f 4794 4791 4790
f 4786 4894 4794
f 4794 4792 4793
f 4794 4795 4792
f 4794 4796 4795
f 4794 4797 4796
f 4794 4798 4797
f 4528 4799 4800
f 4800 4801 4802
f 4801 4806 4803
f 4804 4806 4807
f 4528 4800 4802
f 4801 4803 4802
f 4803 4806 4804
f 4804 4807 4805
f 4805 4807 4808
f 4808 4809 4811
f 4809 4810 4812
f 4805 4808 4811
f 4809 4812 4811
f 4810 4813 4812
f 4810 4827 4813
f 4814 4827 4828
f 4813 4827 4814
f 4814 4828 4815
f 4535 4802 4803
f 4803 4804 4817
f 4535 4803 4817
f 4804 4818 4817
f 4804 4805 4818
f 4805 4811 4819
f 4805 4819 4818
f 4811 4820 4819
f 4616 4817 4818
f 4616 4818 4833
f 4818 4819 4833
f 4819 4834 4833
f 4819 4820 4834
f 4820 4835 4834
f 4820 4821 4835
f 4821 4836 4835
f 4821 4822 4836
f 4822 4837 4836
f 4811 4812 4820
f 4812 4821 4820
f 4812 4813 4821
f 4813 4814 4822
f 4813 4822 4821
f 4814 4823 4822
f 4814 4815 4823
f 4815 4824 4823
f 4815 4816 4824
f 4816 4832 4825
f 4816 4825 4824
f 4825 4832 4826
f 4822 4823 4837
f 4823 4838 4837
f 4823 4824 4838
f 4824 4845 4838
f 4824 4825 4845
f 4825 4846 4845
f 4826 4847 4846
f 4825 4826 4846
f 4826 4852 4847
f 4815 4828 4829
f 4816 4829 4830
f 4830 4831 4832
f 4815 4829 4816
f 4816 4830 4832
f 4831 4859 4832
f 4826 4832 4859
f 4620 4833 4834
f 4621 4834 4835
f 4620 4834 4621
f 4835 4836 4839
f 4836 4837 4840
f 4837 4838 4841
f 4838 4845 4842
f 4621 4835 4839
f 4836 4840 4839
f 4649 4839 4840
f 4650 4840 4841
f 4841 4842 4848
f 4842 4843 4849
f 4837 4841 4840
f 4838 4842 4841
f 4842 4845 4843
f 4843 4846 4844
f 4843 4844 4850
f 4844 4869 4851
f 4843 4845 4846
f 4844 4846 4847
f 4844 4847 4869
f 4650 4841 4848
f 4842 4849 4848
f 4843 4850 4849
f 4844 4851 4850
f 4659 4849 4850
f 4660 4850 4851
f 4660 4851 4779
f 4826 4859 4852
f 4852 4853 4871
f 4847 4852 4871
f 4853 4872 4871
f 4854 4873 4872
f 4853 4854 4872
f 4866 4874 4873
f 4854 4866 4873
f 4866 4867 4874
f 4867 4868 4875
f 4867 4875 4874
f 4868 4880 4875
f 4831 4855 4859
f 4855 4856 4860
f 4856 4857 4861
f 4857 4858 4862
f 4858 4864 4863
f 4855 4860 4859
f 4856 4861 4860
f 4857 4862 4861
f 4858 4863 4862
f 4863 4864 4865
f 4852 4859 4860
f 4853 4860 4861
f 4852 4860 4853
f 4853 4861 4854
f 4854 4861 4862
f 4862 4863 4866
f 4863 4865 4867
f 4854 4862 4866
f 4863 4867 4866
f 4865 4868 4867
f 4869 4870 4882
f 4870 4876 4883
f 4876 4877 4884
f 4877 4878 4885
f 4847 4871 4869
f 4870 4871 4872
f 4872 4873 4876
f 4873 4874 4877
f 4874 4875 4878
f 4875 4880 4879
f 4869 4871 4870
f 4870 4872 4876
f 4873 4877 4876
f 4874 4878 4877
f 4875 4879 4878
f 4878 4879 4886
f 4879 4881 4887
f 4879 4880 4881
f 4779 4851 4882
f 4779 4882 4780
f 4780 4883 4888
f 4780 4882 4883
f 4883 4884 4888
f 4884 4889 4888
f 4884 4885 4889
f 4885 4886 4890
f 4885 4890 4889
f 4886 4891 4890
f 4887 4892 4891
f 4851 4869 4882
f 4870 4883 4882
f 4876 4884 4883
f 4877 4885 4884
f 4878 4886 4885
f 4879 4887 4886
f 4886 4887 4891
f 4887 4893 4892
f 4784 4890 4891
f 4785 4891 4892
f 4786 4892 4894
f 4892 4893 4894
f 4881 4893 4887
f 4470 6137 4475
f 4475 6142 4487
f 4487 6154 4492
f 4492 6160 4864
f 4794 6302 4798
f 4868 6519 4880
f 4864 6508 4865
f 4865 6509 4868
f 4880 6524 4881
f 4881 6525 4893
f 4893 6535 4894
f 4794 4894 6536
f 1709 4916 4915
f 1711 4924 4917
f 1711 4918 4924
f 1712 4928 4918
f 1715 4931 4928
f 1718 5650 4931
f 4915 4922 4919
f 4915 4916 4922
f 4919 4925 4920
f 4919 4922 4925
f 4920 5070 4921
f 4920 4925 5070
f 4917 4924 4923
f 4923 4927 4926
f 4923 4924 4927
f 4926 4927 5073
f 4918 4929 4924
f 4924 4930 4927
f 4918 4928 4929
f 4924 4929 4930
f 4927 4930 5115
f 4928 4932 4929
f 4929 4933 4930
f 4928 4931 4932
f 4929 4932 4933
f 4930 4933 5120
f 4931 5651 4932
f 4932 5652 4933
f 3298 4947 5135
f 3298 5135 5136
f 3298 5136 5137
f 3298 5137 5138
f 3298 5138 5139
f 3298 5139 5140
f 3298 5140 5141
f 3298 5141 5142
f 3298 5142 5143
f 3298 5143 5162
f 3307 5169 5170
f 3381 5170 5247
f 3386 5247 5252
f 4921 5072 5066
f 4921 5070 5072
f 5066 5069 5067
f 5066 5072 5069
f 5067 5079 5068
f 5067 5069 5079
f 4926 5073 5071
f 5071 5076 5074
f 5071 5073 5076
f 5074 5085 5075
f 5074 5076 5085
f 4927 5115 5073
f 5073 5116 5076
f 5076 5117 5085
f 5077 5083 5078
f 5068 5080 5077
f 5068 5079 5080
f 5077 5080 5083
f 5078 5097 5081
f 5078 5083 5097
f 5075 5087 5084
f 5075 5085 5087
f 5084 5088 5086
f 5084 5087 5088
f 5085 5118 5087
f 5087 5119 5088
f 5090 5109 5091
f 5091 5110 5093
f 5092 5093 5264
f 5091 5109 5110
f 5092 5265 5094
f 5093 5110 5264
f 5081 5098 5082
f 5081 5097 5098
f 5082 5099 5096
f 5082 5098 5099
f 5089 5096 5105
f 5096 5099 5105
f 5089 5106 5090
f 5089 5105 5106
f 5086 5103 5101
f 5101 5104 5102
f 5101 5103 5104
f 5086 5088 5103
f 5100 5102 5112
f 5102 5104 5112
f 5088 5125 5103
f 5103 5126 5104
f 5090 5106 5109
f 5107 5114 5108
f 5108 5283 5111
f 5108 5114 5283
f 5100 5113 5107
f 5100 5112 5113
f 5107 5113 5114
f 5104 5127 5112
f 5112 5128 5113
f 5113 5129 5114
f 5073 5115 5116
f 5076 5116 5117
f 4930 5120 5115
f 5115 5121 5116
f 5116 5122 5117
f 5085 5117 5118
f 5087 5118 5119
f 5117 5123 5118
f 5118 5124 5119
f 5115 5120 5121
f 5116 5121 5122
f 4933 6005 5120
f 5120 6006 5121
f 5121 6007 5122
f 5117 5122 5123
f 5118 5123 5124
f 5122 6008 5123
f 5123 6009 5124
f 5088 5119 5125
f 5104 5126 5127
f 5103 5125 5126
f 5119 5130 5125
f 5125 5131 5126
f 5112 5127 5128
f 5113 5128 5129
f 5126 5132 5127
f 5127 5133 5128
f 5128 5134 5129
f 5119 5124 5130
f 5126 5131 5132
f 5125 5130 5131
f 5124 6015 5130
f 5130 6016 5131
f 5127 5132 5133
f 5128 5133 5134
f 5131 6017 5132
f 5132 6018 5133
f 5133 6019 5134
f 5149 5150 5162
f 5152 5153 5162
f 5152 5162 5154
f 5149 5162 5151
f 5151 5162 5153
f 5150 5155 5162
f 5159 5161 5288
f 5155 5156 5166
f 5156 5157 5167
f 5156 5167 5166
f 5157 5158 5165
f 5158 5159 5165
f 5157 5165 5167
f 5159 5288 5165
f 5143 5144 5162
f 5144 5145 5162
f 5145 5147 5162
f 5146 5162 5148
f 5147 5148 5162
f 5146 5154 5162
f 5155 5163 5162
f 5155 5164 5163
f 5155 5166 5164
f 5169 5171 5170
f 5171 5172 5174
f 5172 5173 5175
f 5168 5177 5173
f 5170 5171 5174
f 5172 5175 5174
f 5173 5177 5176
f 5173 5176 5175
f 5168 5301 5177
f 5170 5174 5247
f 5174 5175 5248
f 5175 5176 5249
f 5176 5177 5250
f 5174 5248 5247
f 5175 5249 5248
f 5176 5250 5249
f 5177 5251 5250
f 5247 5248 5252
f 5248 5249 5253
f 5249 5250 5254
f 5250 5251 5256
f 5248 5253 5252
f 5249 5254 5253
f 5250 5256 5254
f 5251 5255 5256
f 5252 5253 6137
f 5253 5254 6139
f 5255 6140 5256
f 5255 5331 6141
f 5254 5256 6138
f 5257 5272 5258
f 5259 5262 5270
f 5258 5273 5262
f 5094 5267 5095
f 5095 5266 5263
f 5257 5263 5266
f 5092 5264 5265
f 5094 5265 5267
f 5095 5267 5266
f 5257 5266 5272
f 5258 5272 5273
f 5259 5269 5261
f 5260 5261 5271
f 5160 5260 5268
f 5160 5268 5161
f 5262 5273 5270
f 5259 5270 5269
f 5261 5269 5271
f 5161 5268 5288
f 5260 5271 5268
f 5275 5281 5287
f 5274 5275 5295
f 5274 5296 5276
f 5275 5287 5295
f 5111 5282 5278
f 5111 5283 5282
f 5278 5284 5279
f 5279 5285 5280
f 5278 5282 5284
f 5279 5284 5285
f 5282 5283 5305
f 5282 5306 5284
f 5114 5304 5283
f 5280 5286 5281
f 5280 5285 5286
f 5281 5286 5287
f 5284 5307 5285
f 5285 5308 5286
f 5286 5309 5287
f 5291 5299 5293
f 5289 5290 5303
f 5289 5300 5291
f 5289 5303 5300
f 5290 5294 5297
f 5277 5298 5294
f 5276 5296 5277
f 5274 5295 5296
f 5277 5296 5298
f 5294 5298 5297
f 5290 5297 5303
f 5295 5317 5296
f 5297 5298 5318
f 5296 5319 5298
f 5292 5293 5302
f 5168 5292 5301
f 5292 5302 5301
f 5293 5299 5302
f 5291 5300 5299
f 5300 5303 5321
f 5299 5300 5320
f 5301 5302 5322
f 5299 5323 5302
f 5177 5301 5251
f 5297 5324 5303
f 5287 5316 5295
f 5283 5304 5305
f 5282 5305 5306
f 5304 5311 5305
f 5305 5312 5306
f 5114 5129 5304
f 5129 5310 5304
f 5285 5307 5308
f 5284 5306 5307
f 5286 5308 5309
f 5306 5313 5307
f 5307 5314 5308
f 5308 5315 5309
f 5304 5310 5311
f 5305 5311 5312
f 5134 6165 5310
f 5310 6166 5311
f 5311 6167 5312
f 5129 5134 5310
f 5307 5313 5314
f 5306 5312 5313
f 5308 5314 5315
f 5309 5315 5325
f 5313 6169 5314
f 5312 6168 5313
f 5314 6170 5315
f 5295 5316 5317
f 5297 5318 5324
f 5298 5319 5318
f 5296 5317 5319
f 5316 5326 5317
f 5318 5319 5327
f 5317 5328 5319
f 5300 5321 5320
f 5251 5301 5322
f 5302 5323 5322
f 5299 5320 5323
f 5321 5324 5329
f 5320 5321 5330
f 5251 5322 5255
f 5322 5323 5331
f 5320 5332 5323
f 5303 5324 5321
f 5318 5333 5324
f 5316 5325 5326
f 5317 5326 5328
f 5319 5328 5327
f 5318 5327 5333
f 5315 6177 5325
f 5325 6178 5326
f 5327 5328 6180
f 5327 6181 5333
f 5326 6179 5328
f 5320 5330 5332
f 5321 5329 5330
f 5255 5322 5331
f 5323 5332 5331
f 5330 6182 5332
f 5329 5333 6183
f 5329 6184 5330
f 5331 5332 6185
f 5324 5333 5329
f 5287 5309 5316
f 5309 5325 5316
f 6287 5543 5544
f 6294 5542 5543
f 6287 5544 5545
f 6287 5545 5546
f 2769 5653 5650
f 2772 5691 5653
f 2783 5697 5691
f 2786 5865 5697
f 4931 5650 5651
f 4932 5651 5652
f 4933 5652 6005
f 5650 5654 5651
f 5651 5655 5652
f 5650 5653 5654
f 5651 5654 5655
f 5652 5655 6010
f 5653 5695 5654
f 5654 5696 5655
f 5653 5691 5695
f 5654 5695 5696
f 5655 5696 6028
f 5691 5698 5695
f 5691 5697 5698
f 5695 5698 5699
f 5695 5699 5696
f 5696 5699 6037
f 5697 5867 5698
f 5697 5865 5867
f 5698 5867 5868
f 5698 5868 5699
f 5699 6333 6037
f 5699 5868 6333
f 2868 5542 5809
f 2888 5866 5865
f 2893 5909 5871
f 2889 5871 5866
f 2931 5875 5880
f 2934 5882 5881
f 2935 5880 5882
f 2943 5910 5909
f 2944 5917 5910
f 2948 5881 5917
f 5542 5810 5809
f 5542 5811 5810
f 5542 5812 5811
f 5542 5813 5812
f 5542 5814 5813
f 5542 5815 5814
f 5542 5816 5815
f 5542 5817 5816
f 5542 5818 5817
f 5818 5542 5819
f 5819 5542 6258
f 5542 6259 6258
f 5542 6260 6259
f 6260 5542 6261
f 5542 6262 6261
f 6262 5542 6263
f 5542 6264 6263
f 5542 6265 6264
f 6265 5542 6266
f 5542 6267 6266
f 5542 6268 6267
f 5542 6269 6268
f 5865 5869 5867
f 5867 5870 5868
f 5868 6336 6333
f 5865 5866 5869
f 5867 5869 5870
f 5868 5870 6336
f 5866 5871 5872
f 5869 5872 5873
f 5870 5873 5874
f 5871 5911 5872
f 5871 5909 5911
f 5872 5911 5912
f 5873 5912 5913
f 5872 5912 5873
f 5873 5913 5874
f 5866 5872 5869
f 5869 5873 5870
f 5870 5874 6336
f 5880 5875 5876
f 5880 5876 5877
f 5880 5877 5878
f 5880 5878 5879
f 5880 5879 5887
f 6371 5884 5885
f 6371 5885 5886
f 5881 5895 5917
f 5895 5896 5918
f 5896 5905 5919
f 5905 5906 5920
f 5880 5887 5888
f 5880 5888 5890
f 5890 5888 5889
f 5890 5889 5891
f 5880 5890 5882
f 5890 5894 5897
f 5890 5891 5894
f 5894 5891 5892
f 5894 5892 5893
f 5894 5893 5902
f 5894 5898 5897
f 5894 5902 5898
f 5881 5882 5897
f 5881 5897 5895
f 5895 5897 5898
f 5896 5898 5907
f 5895 5898 5896
f 5882 5890 5897
f 5902 5899 5901
f 5902 5893 5899
f 5904 5901 5900
f 5904 5900 5883
f 5902 5901 5904
f 5898 5902 5907
f 5902 5904 5907
f 5904 5883 5884
f 5903 5904 5884
f 5903 5884 6371
f 5904 5908 5907
f 5903 6391 5908
f 5903 5908 5904
f 5905 5907 5908
f 5896 5907 5905
f 5905 5908 5906
f 5906 5908 6391
f 5909 5914 5911
f 5911 5915 5912
f 5912 5916 5913
f 5910 5918 5914
f 5914 5919 5915
f 5909 5910 5914
f 5911 5914 5915
f 5912 5915 5916
f 5913 5916 6436
f 5915 5920 5916
f 5910 5917 5918
f 5914 5918 5919
f 5895 5918 5917
f 5896 5919 5918
f 5915 5919 5920
f 5916 5920 6446
f 5905 5920 5919
f 5906 6446 5920
f 4470 5252 6137
f 4475 6137 6142
f 4487 6142 6154
f 4492 6154 6160
f 4864 6160 6508
f 6302 5950 4798
f 4794 6536 6302
f 6287 5546 5547
f 6287 5547 5548
f 6287 5548 5549
f 6287 5549 5550
f 6287 5551 5970
f 6287 5550 5551
f 6287 5977 5973
f 6287 5973 5975
f 6287 5975 5974
f 6287 5970 5971
f 6287 5971 5972
f 6287 5972 5977
f 6301 5957 5954
f 6302 5956 5955
f 6302 5954 5953
f 6302 5953 5956
f 6302 5951 5950
f 6302 5952 5951
f 6302 5948 5952
f 6302 5949 5948
f 6302 5955 5949
f 6287 5974 5976
f 6287 5976 5978
f 6287 5978 5979
f 6287 5979 5980
f 6287 5980 5981
f 6301 5947 5946
f 6301 5981 5982
f 6301 5982 5947
f 6301 5946 5957
f 4880 6519 6524
f 4865 6508 6509
f 4868 6509 6519
f 4881 6524 6525
f 4894 6535 6536
f 4893 6525 6535
f 5120 6005 6006
f 5121 6006 6007
f 5652 6010 6005
f 6005 6011 6006
f 6006 6012 6007
f 5122 6007 6008
f 5123 6008 6009
f 6007 6013 6008
f 6008 6014 6009
f 6005 6010 6011
f 6006 6011 6012
f 5655 6028 6010
f 6010 6029 6011
f 6011 6030 6012
f 6007 6012 6013
f 6008 6013 6014
f 6012 6035 6013
f 6013 6036 6014
f 5130 6015 6016
f 5124 6009 6015
f 5131 6016 6017
f 6009 6020 6015
f 6015 6021 6016
f 6016 6023 6017
f 5132 6017 6018
f 5133 6018 6019
f 5134 6019 6165
f 6017 6024 6018
f 6018 6022 6019
f 6009 6014 6020
f 6015 6020 6021
f 6016 6021 6023
f 6014 6050 6020
f 6020 6051 6021
f 6021 6052 6023
f 6019 6022 6171
f 6022 6024 6054
f 6022 6055 6171
f 6017 6023 6024
f 6018 6024 6022
f 6023 6053 6024
f 6010 6028 6029
f 6011 6029 6030
f 6028 6037 6038
f 5696 6037 6028
f 6028 6038 6029
f 6029 6039 6030
f 6029 6038 6039
f 6012 6030 6035
f 6013 6035 6036
f 6014 6036 6050
f 6030 6040 6035
f 6030 6039 6040
f 6035 6040 6041
f 6035 6041 6036
f 6036 6057 6050
f 6036 6041 6057
f 6037 6334 6038
f 6037 6333 6334
f 6038 6335 6039
f 6038 6334 6335
f 6039 6335 6343
f 6039 6343 6040
f 6040 6343 6344
f 6040 6344 6041
f 6041 6339 6057
f 6041 6344 6339
f 6052 6056 6059
f 6020 6050 6051
f 6021 6051 6052
f 6050 6058 6051
f 6050 6057 6058
f 6051 6056 6052
f 6051 6058 6056
f 6024 6053 6054
f 6022 6054 6055
f 6052 6059 6053
f 6053 6060 6054
f 6053 6059 6060
f 6054 6061 6055
f 6054 6060 6061
f 6055 6061 6212
f 6023 6052 6053
f 6058 6353 6354
f 6056 6058 6354
f 6056 6355 6059
f 6056 6354 6355
f 6057 6353 6058
f 6057 6339 6353
f 6059 6359 6060
f 6059 6355 6359
f 6060 6359 6360
f 6061 6361 6212
f 6061 6360 6361
f 6060 6360 6061
f 5253 6139 6137
f 5254 6138 6139
f 5256 6140 6138
f 5255 6141 6140
f 6137 6139 6142
f 6138 6144 6139
f 6138 6140 6145
f 6140 6141 6146
f 6141 6185 6143
f 6139 6144 6142
f 6138 6145 6144
f 6140 6146 6145
f 6141 6143 6146
f 6144 6145 6155
f 6145 6146 6156
f 6143 6158 6146
f 6143 6192 6157
f 6142 6144 6154
f 6159 6221 6227
f 6144 6155 6154
f 6145 6156 6155
f 6146 6158 6156
f 6143 6157 6158
f 6156 6158 6162
f 6154 6155 6160
f 6155 6156 6161
f 6155 6161 6160
f 6156 6162 6161
f 6157 6163 6158
f 6157 6221 6159
f 6158 6163 6162
f 6157 6159 6163
f 6160 6161 6508
f 6161 6162 6510
f 6162 6163 6511
f 6161 6510 6508
f 6162 6511 6510
f 6159 6512 6163
f 6159 6227 6513
f 6227 6580 6513
f 6163 6512 6511
f 6159 6513 6512
f 6164 6177 6170
f 6164 6170 6176
f 6164 6176 6202
f 6164 6203 6188
f 5310 6165 6166
f 5311 6166 6167
f 6019 6171 6165
f 6165 6172 6166
f 6166 6173 6167
f 5313 6168 6169
f 5312 6167 6168
f 5314 6169 6170
f 5315 6170 6177
f 6167 6174 6168
f 6168 6175 6169
f 6169 6176 6170
f 6165 6171 6172
f 6167 6173 6174
f 6166 6172 6173
f 6171 6208 6172
f 6173 6210 6174
f 6172 6209 6173
f 6168 6174 6175
f 6169 6175 6176
f 6174 6211 6175
f 6175 6201 6176
f 6181 6186 6183
f 5325 6177 6178
f 5326 6178 6179
f 5328 6179 6180
f 5327 6180 6181
f 6177 6188 6178
f 6178 6187 6179
f 6179 6189 6180
f 6180 6190 6181
f 5332 6182 6185
f 5333 6181 6183
f 5329 6183 6184
f 5330 6184 6182
f 5331 6185 6141
f 6182 6192 6185
f 6182 6184 6191
f 6183 6193 6184
f 6181 6190 6186
f 6186 6218 6193
f 6186 6190 6216
f 6179 6187 6189
f 6164 6188 6177
f 6178 6188 6187
f 6180 6189 6190
f 6187 6188 6219
f 6187 6220 6189
f 6189 6217 6190
f 6143 6185 6192
f 6182 6191 6192
f 6183 6186 6193
f 6184 6193 6191
f 6191 6221 6192
f 6191 6193 6222
f 6176 6201 6202
f 6164 6202 6203
f 6201 6211 6204
f 6204 6211 6215
f 6201 6204 6205
f 6203 6206 6207
f 6201 6205 6202
f 6202 6206 6203
f 6202 6205 6206
f 6215 6548 6558
f 6204 6215 6558
f 6204 6559 6205
f 6204 6558 6559
f 6205 6559 6557
f 6207 6561 6228
f 6206 6560 6207
f 6206 6557 6560
f 6207 6560 6561
f 6205 6557 6206
f 6055 6208 6171
f 6172 6208 6209
f 6173 6209 6210
f 6208 6213 6209
f 6208 6212 6213
f 6055 6212 6208
f 6209 6214 6210
f 6209 6213 6214
f 6210 6214 6215
f 6174 6210 6211
f 6175 6211 6201
f 6210 6215 6211
f 6212 6574 6213
f 6212 6361 6574
f 6213 6574 6575
f 6213 6575 6214
f 6214 6548 6215
f 6214 6575 6548
f 6193 6218 6222
f 6190 6217 6216
f 6186 6216 6218
f 6217 6224 6223
f 6221 6222 6227
f 6218 6226 6222
f 6222 6226 6227
f 6218 6225 6226
f 6216 6225 6218
f 6216 6217 6223
f 6216 6223 6225
f 6187 6219 6220
f 6188 6203 6219
f 6189 6220 6217
f 6219 6228 6220
f 6203 6207 6219
f 6217 6220 6224
f 6207 6228 6219
f 6220 6228 6224
f 6191 6222 6221
f 6157 6192 6221
f 6225 6577 6576
f 6224 6228 6579
f 6223 6224 6578
f 6223 6577 6225
f 6228 6561 6579
f 6224 6579 6578
f 6223 6578 6577
f 6226 6580 6227
f 6225 6576 6226
f 6226 6576 6580
f 5542 6270 6269
f 6290 6270 5542
f 6287 6292 5543
f 6294 6295 5542
f 6295 6296 5542
f 6292 6293 5543
f 6293 6294 5543
f 6296 6297 5542
f 6290 5542 6297
f 6290 6271 6270
f 6290 6272 6271
f 6290 6273 6272
f 6289 6274 6273
f 6289 6275 6274
f 6289 6276 6275
f 6288 6279 6278
f 6291 6277 6276
f 6291 6278 6277
f 6415 6284 6285
f 6288 6281 6279
f 6464 6280 6281
f 6464 6282 6280
f 6463 6283 6282
f 6463 6285 6283
f 6463 6282 6464
f 6287 5981 6301
f 6301 5954 6302
f 6289 6273 6290
f 6289 6291 6276
f 6288 6278 6291
f 6288 6464 6281
f 6289 6300 6291
f 6288 6291 6473
f 6295 6307 6296
f 6287 6303 6292
f 6292 6304 6293
f 6293 6306 6294
f 6293 6304 6306
f 6294 6305 6295
f 6294 6306 6305
f 6295 6305 6307
f 6289 6290 6299
f 6296 6308 6297
f 6290 6297 6298
f 6291 6300 6473
f 6289 6299 6300
f 6296 6307 6308
f 6290 6298 6299
f 6297 6308 6298
f 6299 6491 6300
f 6287 6301 6303
f 6301 6302 6311
f 6292 6303 6304
f 6301 6311 6303
f 6303 6312 6304
f 6306 6314 6313
f 6305 6313 6317
f 6304 6314 6306
f 6305 6306 6313
f 6298 6308 6310
f 6305 6317 6307
f 6307 6318 6308
f 6298 6310 6309
f 6299 6309 6491
f 6298 6309 6299
f 6308 6318 6310
f 6307 6317 6318
f 6302 6543 6311
f 6311 6544 6312
f 6312 6545 6314
f 6313 6314 6546
f 6314 6545 6546
f 6303 6311 6312
f 6304 6312 6314
f 6313 6547 6317
f 6315 6318 6317
f 6310 6318 6316
f 6309 6310 6499
f 6310 6316 6499
f 6315 6317 6547
f 6313 6546 6547
f 6315 6316 6318
f 6333 6337 6334
f 6334 6338 6335
f 6333 6336 6337
f 6334 6337 6338
f 6335 6338 6340
f 6339 6344 6342
f 6340 6341 6343
f 6341 6342 6344
f 6339 6342 6356
f 6335 6340 6343
f 6341 6344 6343
f 6336 6345 6337
f 5874 6345 6336
f 6337 6345 6346
f 6337 6346 6338
f 6338 6347 6340
f 6338 6346 6347
f 5874 5913 6433
f 5874 6433 6345
f 6345 6433 6434
f 6345 6434 6346
f 6346 6434 6435
f 6346 6435 6347
f 6340 6348 6341
f 6340 6347 6348
f 6341 6348 6349
f 6341 6349 6342
f 6342 6350 6356
f 6342 6349 6350
f 6347 6439 6348
f 6347 6435 6439
f 6348 6440 6349
f 6348 6439 6440
f 6349 6440 6441
f 6349 6441 6350
f 6350 6441 6502
f 6351 6352 6365
f 6369 6449 6454
f 6369 6454 6370
f 6370 6454 6455
f 6351 6455 6457
f 6351 6370 6455
f 6351 6457 6352
f 6352 6457 6456
f 6339 6356 6353
f 6353 6357 6354
f 6354 6358 6355
f 6353 6356 6357
f 6354 6357 6358
f 6355 6358 6362
f 6359 6363 6360
f 6355 6362 6359
f 6360 6364 6361
f 6359 6362 6363
f 6360 6363 6364
f 6361 6364 6365
f 6357 6366 6367
f 6356 6366 6357
f 6350 6366 6356
f 6358 6368 6362
f 6358 6367 6368
f 6357 6367 6358
f 6350 6502 6366
f 6366 6503 6367
f 6366 6502 6503
f 6367 6504 6368
f 6367 6503 6504
f 6368 6449 6369
f 6368 6504 6449
f 6362 6369 6363
f 6362 6368 6369
f 6363 6369 6370
f 6363 6370 6364
f 6351 6365 6364
f 6351 6364 6370
f 6423 6445 6444
f 6424 6450 6445
f 6371 5886 6372
f 6371 6372 6374
f 6374 6372 6373
f 6374 6373 6377
f 6377 6373 6376
f 6374 6377 6387
f 6377 6376 6381
f 6381 6376 6375
f 6377 6381 6392
f 6382 6375 6379
f 6382 6379 6380
f 6381 6375 6382
f 6381 6382 6394
f 6384 6380 6383
f 6382 6380 6384
f 6407 6383 6378
f 6384 6383 6407
f 6382 6384 6395
f 6382 6395 6394
f 6384 6407 6409
f 6384 6409 6395
f 6389 6447 6446
f 5906 6389 6446
f 6390 6448 6447
f 6389 6390 6447
f 6385 6448 6398
f 6390 6398 6448
f 6385 6399 6421
f 6385 6398 6399
f 5903 6371 6386
f 6371 6374 6386
f 6374 6387 6386
f 6386 6388 6391
f 5903 6386 6391
f 6377 6392 6387
f 6387 6393 6388
f 6386 6387 6388
f 6387 6392 6393
f 5906 6391 6389
f 6388 6389 6391
f 6388 6390 6389
f 6388 6393 6390
f 6396 6397 6399
f 6381 6394 6392
f 6392 6394 6396
f 6392 6396 6393
f 6394 6395 6397
f 6394 6397 6396
f 6390 6393 6398
f 6393 6396 6398
f 6396 6399 6398
f 6408 6378 6400
f 6410 6400 6401
f 6410 6401 6402
f 6413 6403 6404
f 6406 6402 6403
f 6406 6410 6402
f 6406 6403 6413
f 6407 6378 6408
f 6408 6400 6410
f 6407 6408 6411
f 6407 6411 6409
f 6408 6410 6412
f 6406 6417 6410
f 6410 6417 6412
f 6408 6412 6411
f 6411 6412 6431
f 6414 6405 6286
f 6416 6286 6284
f 6414 6404 6405
f 6414 6286 6416
f 6413 6404 6414
f 6413 6414 6419
f 6415 6416 6284
f 6415 6285 6463
f 6414 6416 6468
f 6415 6465 6416
f 6414 6468 6419
f 6406 6413 6418
f 6406 6418 6417
f 6412 6417 6432
f 6413 6419 6418
f 6418 6419 6469
f 6417 6420 6432
f 6418 6469 6420
f 6417 6418 6420
f 6421 6422 6443
f 6399 6427 6421
f 6421 6427 6422
f 6422 6428 6423
f 6422 6427 6428
f 6422 6423 6444
f 6423 6424 6445
f 6423 6429 6424
f 6423 6428 6429
f 6424 6430 6478
f 6424 6429 6430
f 6397 6425 6427
f 6425 6426 6428
f 6425 6428 6427
f 6426 6429 6428
f 6395 6425 6397
f 6409 6426 6425
f 6395 6409 6425
f 6411 6431 6426
f 6409 6411 6426
f 6397 6427 6399
f 6430 6431 6432
f 6426 6431 6429
f 6429 6431 6430
f 6420 6482 6432
f 6430 6432 6482
f 6412 6432 6431
f 6433 6437 6434
f 5913 6436 6433
f 6434 6438 6435
f 6433 6436 6437
f 5916 6446 6436
f 6436 6447 6437
f 6434 6437 6438
f 6435 6438 6442
f 6437 6448 6438
f 6385 6442 6438
f 6435 6442 6439
f 6439 6443 6440
f 6440 6444 6441
f 6441 6445 6502
f 6439 6442 6443
f 6440 6443 6444
f 6421 6443 6442
f 6422 6444 6443
f 6441 6444 6445
f 6436 6446 6447
f 6437 6447 6448
f 6385 6438 6448
f 6385 6421 6442
f 6449 6504 6452
f 6450 6451 6503
f 6450 6478 6451
f 6451 6479 6452
f 6453 6481 6459
f 6451 6452 6504
f 6449 6452 6453
f 6452 6480 6453
f 6462 6487 6585
f 6454 6459 6455
f 6449 6453 6454
f 6455 6458 6457
f 6456 6457 6460
f 6456 6461 6591
f 6458 6459 6500
f 6458 6501 6460
f 6453 6459 6454
f 6455 6459 6458
f 6457 6458 6460
f 6456 6460 6461
f 6461 6462 6591
f 6460 6486 6461
f 6461 6488 6462
f 6415 6463 6466
f 6463 6464 6467
f 6416 6465 6468
f 6415 6466 6465
f 6288 6472 6464
f 6463 6467 6466
f 6288 6473 6472
f 6464 6472 6467
f 6465 6466 6476
f 6469 6471 6484
f 6470 6485 6471
f 6471 6485 6484
f 6419 6468 6471
f 6419 6471 6469
f 6468 6470 6471
f 6465 6476 6470
f 6465 6470 6468
f 6467 6474 6477
f 6466 6467 6477
f 6467 6472 6474
f 6473 6492 6493
f 6300 6492 6473
f 6472 6473 6493
f 6472 6493 6474
f 6470 6476 6475
f 6470 6475 6485
f 6476 6477 6495
f 6474 6494 6477
f 6477 6494 6495
f 6475 6476 6495
f 6466 6477 6476
f 6478 6482 6479
f 6430 6482 6478
f 6479 6482 6483
f 6479 6483 6480
f 6480 6483 6484
f 6424 6478 6450
f 6451 6478 6479
f 6453 6480 6481
f 6459 6481 6500
f 6481 6484 6485
f 6480 6484 6481
f 6481 6485 6500
f 6475 6500 6485
f 6452 6479 6480
f 6420 6483 6482
f 6420 6469 6483
f 6469 6484 6483
f 6486 6501 6495
f 6475 6495 6501
f 6486 6495 6494
f 6488 6494 6496
f 6486 6494 6488
f 6489 6490 6498
f 6316 6600 6499
f 6497 6499 6598
f 6489 6498 6597
f 6497 6598 6597
f 6497 6597 6498
f 6461 6486 6488
f 6487 6489 6585
f 6462 6488 6487
f 6487 6488 6496
f 6487 6490 6489
f 6487 6496 6490
f 6474 6493 6496
f 6490 6493 6492
f 6491 6498 6492
f 6309 6497 6491
f 6490 6496 6493
f 6490 6492 6498
f 6300 6491 6492
f 6474 6496 6494
f 6309 6499 6497
f 6491 6497 6498
f 6458 6500 6501
f 6460 6501 6486
f 6475 6501 6500
f 6450 6503 6502
f 6451 6504 6503
f 6445 6450 6502
f 6506 6516 6507
f 6521 6528 6527
f 6505 6529 6528
f 6519 6520 6524
f 6520 6521 6527
f 6520 6527 6524
f 6505 6528 6521
f 6506 6530 6529
f 6507 6571 6526
f 6507 6526 6530
f 6526 6571 6596
f 6505 6506 6529
f 6506 6507 6530
f 6513 6580 6518
f 6508 6510 6509
f 6510 6511 6514
f 6511 6512 6515
f 6512 6513 6517
f 6512 6517 6515
f 6513 6518 6517
f 6516 6518 6580
f 6509 6510 6514
f 6511 6515 6514
f 6509 6514 6519
f 6514 6515 6520
f 6515 6517 6521
f 6514 6520 6519
f 6505 6521 6517
f 6515 6521 6520
f 6505 6517 6518
f 6506 6518 6516
f 6505 6518 6506
f 6532 6539 6533
f 6532 6534 6540
f 6523 6590 6537
f 6522 6541 6534
f 6522 6523 6542
f 6525 6531 6535
f 6524 6527 6525
f 6527 6528 6531
f 6528 6529 6533
f 6526 6534 6530
f 6529 6530 6532
f 6522 6526 6596
f 6525 6527 6531
f 6528 6533 6531
f 6529 6532 6533
f 6531 6533 6538
f 6530 6534 6532
f 6522 6596 6523
f 6522 6534 6526
f 6535 6538 6536
f 6302 6536 6543
f 6536 6538 6543
f 6539 6544 6543
f 6540 6541 6545
f 6540 6545 6544
f 6541 6546 6545
f 6542 6547 6546
f 6315 6599 6316
f 6315 6547 6537
f 6541 6542 6546
f 6537 6547 6542
f 6315 6537 6599
f 6531 6538 6535
f 6533 6539 6538
f 6532 6540 6539
f 6538 6539 6543
f 6539 6540 6544
f 6522 6542 6541
f 6523 6537 6542
f 6534 6541 6540
f 6311 6543 6544
f 6312 6544 6545
f 6548 6575 6550
f 6548 6552 6558
f 6549 6550 6575
f 6548 6550 6552
f 6551 6558 6552
f 6554 6579 6561
f 6554 6561 6555
f 6554 6556 6579
f 6557 6559 6562
f 6551 6559 6558
f 6557 6563 6560
f 6555 6561 6560
f 6551 6562 6559
f 6557 6562 6563
f 6555 6560 6563
f 6567 6582 6568
f 6568 6582 6583
f 6352 6549 6365
f 6549 6565 6550
f 6352 6565 6549
f 6550 6565 6564
f 6551 6552 6566
f 6551 6567 6562
f 6552 6564 6566
f 6551 6566 6567
f 6550 6564 6552
f 6456 6591 6565
f 6566 6592 6593
f 6564 6565 6591
f 6564 6592 6566
f 6564 6591 6592
f 6352 6456 6565
f 6566 6593 6567
f 6567 6593 6582
f 6555 6563 6569
f 6563 6568 6569
f 6555 6569 6570
f 6553 6571 6581
f 6553 6556 6573
f 6556 6572 6573
f 6553 6573 6571
f 6507 6581 6571
f 6554 6572 6556
f 6554 6555 6570
f 6554 6570 6572
f 6573 6594 6596
f 6570 6595 6572
f 6572 6594 6573
f 6572 6595 6594
f 6569 6584 6570
f 6569 6583 6584
f 6570 6584 6595
f 6568 6583 6569
f 6571 6573 6596
f 6562 6568 6563
f 6562 6567 6568
f 6361 6365 6574
f 6549 6575 6574
f 6365 6549 6574
f 6553 6577 6578
f 6516 6580 6576
f 6576 6577 6581
f 6556 6578 6579
f 6553 6581 6577
f 6516 6576 6581
f 6553 6578 6556
f 6507 6516 6581
f 6582 6593 6586
f 6584 6589 6595
f 6582 6587 6583
f 6583 6588 6584
f 6587 6598 6588
f 6582 6586 6587
f 6585 6586 6593
f 6489 6586 6585
f 6586 6597 6587
f 6523 6594 6590
f 6584 6588 6589
f 6589 6590 6595
f 6589 6599 6590
f 6588 6600 6589
f 6583 6587 6588
f 6462 6592 6591
f 6585 6593 6592
f 6462 6585 6592
f 6590 6594 6595
f 6523 6596 6594
f 6587 6597 6598
f 6589 6600 6599
f 6588 6598 6600
f 6499 6600 6598
f 6316 6599 6600
f 6489 6597 6586
f 6537 6590 6599
f 161 212 587
f 158 480 336
f 159 162 484
f 159 481 163
f 160 482 162
f 160 161 483
f 163 485 164
f 158 164 486
f 211 586 212
f 211 213 588
f 213 214 589
f 214 215 590
f 215 216 591
f 216 217 592
f 217 222 502
f 335 619 349
f 336 626 337
f 337 627 339
f 338 339 629
f 338 628 340
f 340 630 341
f 341 631 342
f 335 342 632
f 349 635 350
f 350 636 353
f 353 637 354
f 354 638 363
f 363 642 364
f 364 643 365
f 365 644 413
f 413 1034 414
f 415 1036 419
f 414 1035 415
f 419 1038 2985
f 158 486 480
f 159 484 481
f 160 483 482
f 162 482 484
f 161 587 483
f 164 485 486
f 163 481 485
f 211 588 586
f 212 586 587
f 213 589 588
f 214 590 589
f 215 591 590
f 216 592 591
f 217 502 592
f 349 619 635
f 336 480 626
f 337 626 627
f 339 627 629
f 338 629 628
f 340 628 630
f 341 630 631
f 342 631 632
f 335 632 619
f 350 635 636
f 353 636 637
f 354 637 638
f 363 638 642
f 364 642 643
f 365 643 644
f 483 587 1059
f 586 588 1047
f 588 589 1046
f 586 1056 587
f 589 590 1042
f 590 591 1258
f 591 592 1258
f 590 672 1050
f 590 1044 1042
f 589 1042 1045
f 590 1043 1044
f 590 1050 1043
f 588 1046 1047
f 586 1047 1048
f 586 1049 1056
f 586 1048 1049
f 589 1045 1046
f 590 673 672
f 590 674 673
f 590 1051 674
f 590 1052 1051
f 590 1053 1052
f 587 1056 1057
f 587 1057 1058
f 587 1058 1059
f 483 1059 1060
f 483 1060 1070
f 483 1070 1071
f 590 1258 1053
f 502 1013 1876
f 400 1876 1013
f 502 1876 592
f 592 1876 1258
f 413 644 1034
f 414 1034 1035
f 415 1035 1036
f 419 1036 1038
f 481 4369 485
f 481 484 4370
f 482 4476 484
f 482 483 4477
f 1053 1258 1054
f 1054 1258 1055
f 1055 1258 1061
f 1061 1258 1062
f 1062 1258 1063
f 1063 1258 1064
f 1064 1256 1065
f 1065 1230 1066
f 1066 1234 1067
f 1067 1242 1068
f 1068 1247 1069
f 1069 1248 1082
f 483 1071 3421
f 635 4229 636
f 636 4219 637
f 637 4210 638
f 638 4209 642
f 642 4208 643
f 643 4207 644
f 644 4204 1034
f 1034 4203 1035
f 1035 4202 1036
f 1036 3413 1038
f 628 4234 630
f 626 4365 627
f 480 4366 626
f 627 4364 629
f 628 629 4235
f 631 4232 632
f 630 4233 631
f 619 4230 635
f 619 632 4231
f 480 486 4367
f 485 4368 486
f 3421 1071 1072
f 3421 1072 1073
f 1074 3421 1073
f 3422 1074 1075
f 483 3421 3419
f 483 3419 3420
f 3452 1079 1080
f 1092 3456 1080
f 1093 3446 1092
f 1094 3449 1093
f 483 3420 3426
f 483 3426 3427
f 483 3427 3428
f 483 3428 3429
f 483 3429 3539
f 1095 3472 1094
f 1096 3469 1095
f 1097 3469 1096
f 1098 3470 1097
f 1102 3470 1098
f 1081 3504 1101
f 1100 3504 1102
f 1099 3504 1100
f 1101 3504 1099
f 1082 4113 1083
f 1083 4113 1084
f 1084 4113 1085
f 1085 4113 1086
f 1086 4113 1087
f 1087 4113 1088
f 1090 3508 1091
f 1091 3504 1081
f 1088 4113 1089
f 1089 4113 1090
f 1065 1249 1260
f 1064 1258 1257
f 1064 1257 1259
f 1064 1259 1253
f 1064 1253 1254
f 1064 1254 1256
f 1255 1065 1256
f 1252 1065 1255
f 1251 1065 1252
f 1065 1251 1250
f 1065 1250 1249
f 1065 1260 1230
f 1232 1066 1228
f 1066 1232 1233
f 1066 1233 1231
f 1066 1231 1235
f 1066 1235 1234
f 1229 1066 1230
f 1228 1066 1229
f 1236 1067 1234
f 1237 1067 1236
f 1238 1067 1237
f 1067 1238 1239
f 1067 1239 1243
f 1067 1243 1244
f 1067 1244 1242
f 1240 1068 1242
f 1241 1068 1240
f 1068 1241 1245
f 1068 1245 1246
f 1068 1246 1247
f 1248 1069 1247
f 1082 1248 4113
f 400 1307 1720
f 1460 1461 1876
f 1461 1462 1877
f 1462 1463 1878
f 1463 1464 1879
f 1464 1465 1880
f 1465 1466 1881
f 1466 1467 1882
f 1467 1573 1929
f 1573 1574 1930
f 1574 1575 1931
f 1575 1576 1932
f 1576 1577 1933
f 1577 1578 1934
f 1578 1581 1935
f 1581 1625 1990
f 1625 1626 1991
f 1626 1627 1992
f 1627 1628 1993
f 1628 1629 1994
f 1629 1630 1995
f 1630 1631 1996
f 1631 1644 2000
f 1644 1651 2010
f 1651 1652 2011
f 1652 1654 2012
f 1654 1655 2013
f 1655 1663 2016
f 1663 1665 2017
f 1665 1666 2018
f 1666 1700 2777
f 1700 1701 2778
f 1701 1702 2779
f 1702 1709 2782
f 400 1720 1876
f 1876 2399 1258
f 1876 2400 2399
f 1876 2401 2400
f 1876 2402 2401
f 1876 2403 2402
f 1876 2404 2403
f 1876 2405 2404
f 1876 2406 2405
f 1876 2407 2406
f 1876 2408 2407
f 1876 2409 2408
f 1876 2410 2409
f 1876 2411 2410
f 1876 2412 2411
f 1876 2413 2412
f 1876 2414 2413
f 1876 2415 2414
f 1876 2416 2415
f 1876 2417 2416
f 1876 2418 2417
f 1876 2419 2418
f 1876 2420 2419
f 1876 2422 2420
f 1876 2421 2422
f 1876 2423 2421
f 1876 2424 2423
f 1876 2425 2424
f 1876 2426 2425
f 1460 1876 1792
f 1720 1792 1876
f 1461 1877 1876
f 1462 1878 1877
f 1463 1879 1878
f 1464 1880 1879
f 1465 1881 1880
f 1466 1882 1881
f 1467 1929 1882
f 1573 1930 1929
f 1574 1931 1930
f 1575 1932 1931
f 1576 1933 1932
f 1577 1934 1933
f 1578 1935 1934
f 1581 1990 1935
f 1876 1877 2751
f 1877 1878 2751
f 1878 1879 2752
f 1879 1880 2754
f 1880 1881 2755
f 1881 1882 2756
f 1876 2432 2437
f 1876 2437 2439
f 1876 2439 2438
f 1876 2442 2441
f 1876 2441 2433
f 1876 2433 2434
f 1876 2434 2435
f 1876 2435 2432
f 1876 2443 2442
f 1876 2444 2443
f 1876 2445 2444
f 1876 2446 2445
f 1876 2447 2446
f 1876 2448 2447
f 1876 2449 2448
f 1876 2450 2449
f 1876 2451 2450
f 1876 2452 2451
f 1876 2460 2452
f 1876 2461 2460
f 1876 2462 2461
f 1876 2745 2462
f 1876 2750 2744
f 1876 2751 2750
f 1878 2752 2751
f 1879 2753 2752
f 1879 2754 2753
f 1876 2743 2745
f 1876 2744 2743
f 1880 2755 2754
f 1881 2756 2755
f 1882 2757 2756
f 1882 2773 2757
f 1625 1991 1990
f 1626 1992 1991
f 1627 1993 1992
f 1628 1994 1993
f 1629 1995 1994
f 1630 1996 1995
f 1631 2000 1996
f 1644 2010 2000
f 1651 2011 2010
f 1652 2012 2011
f 1654 2013 2012
f 1655 2016 2013
f 1663 2017 2016
f 1665 2018 2017
f 1666 2777 2018
f 1882 1929 2773
f 1929 1930 2775
f 1930 1931 2787
f 1931 1932 2790
f 1929 2774 2773
f 1929 2775 2774
f 1930 2776 2775
f 1930 2787 2776
f 1931 2788 2787
f 1876 2526 2426
f 1876 2438 2560
f 1876 2527 2526
f 1876 2528 2527
f 1876 2529 2528
f 1876 2530 2529
f 1876 2531 2530
f 1876 2532 2531
f 1876 2533 2532
f 1876 2534 2533
f 1876 2535 2534
f 1876 2536 2535
f 1876 2537 2536
f 1876 2538 2537
f 1876 2541 2538
f 1876 2542 2541
f 1876 2543 2542
f 1876 2544 2543
f 1876 2545 2544
f 1876 2546 2545
f 1876 2547 2546
f 1876 2548 2547
f 1876 2549 2548
f 1876 2550 2549
f 1876 2551 2550
f 1876 2552 2551
f 1876 2553 2552
f 1876 2554 2553
f 1876 2555 2554
f 1876 2556 2555
f 1876 2557 2556
f 1876 2558 2557
f 1876 2559 2558
f 1876 2560 2559
f 2426 2526 2427
f 2427 2526 2428
f 2428 2526 2429
f 2429 2526 2430
f 2430 2524 2431
f 2540 2431 2519
f 2539 2431 2540
f 2496 2431 2539
f 2497 2431 2496
f 2499 2431 2497
f 2498 2431 2499
f 2500 2431 2501
f 2502 2431 2500
f 2501 2431 2498
f 2514 2431 2515
f 2430 2526 2525
f 2430 2525 2524
f 2523 2431 2524
f 2522 2431 2523
f 2521 2431 2522
f 2515 2431 2521
f 2516 2431 2514
f 2520 2431 2516
f 2518 2431 2520
f 2517 2431 2518
f 2519 2431 2517
f 2560 2438 2440
f 2560 2453 2454
f 2560 2436 2453
f 2560 2440 2436
f 2560 2455 2456
f 2560 2454 2455
f 2560 2458 2459
f 2560 2457 2458
f 2560 2456 2457
f 2560 2468 2469
f 2560 2467 2468
f 2560 2459 2467
f 2560 2471 2472
f 2560 2470 2471
f 2560 2469 2470
f 2560 2472 2473
f 2560 2474 2483
f 2560 2473 2474
f 2560 2486 2487
f 2560 2485 2486
f 2560 2484 2485
f 2560 2483 2484
f 2797 2560 2487
f 2504 2431 2502
f 2503 2431 2504
f 2505 2431 2503
f 2506 2431 2505
f 2507 2431 2506
f 2508 2431 2507
f 2512 2431 2508
f 2509 2431 2512
f 2510 2431 2509
f 2510 5343 2431
f 2511 5343 2510
f 2513 5343 2511
f 2797 5353 2560
f 2462 2766 2463
f 2463 2766 2464
f 2766 2465 2464
f 2766 2466 2465
f 2745 2746 2462
f 2746 2747 2462
f 2747 2748 2462
f 2749 2763 2462
f 2748 2749 2462
f 2766 2475 2466
f 2475 2758 2476
f 2758 2477 2476
f 2759 2478 2477
f 2759 2480 2478
f 2760 2479 2480
f 2479 2761 2482
f 2761 2481 2482
f 2481 2762 2494
f 2762 2495 2494
f 2796 2489 2495
f 2797 2491 2492
f 2797 2490 2491
f 2797 2487 2490
f 2489 2797 2488
f 2797 2493 2488
f 2797 2492 2493
f 2763 2764 2462
f 2764 2765 2462
f 2765 2766 2462
f 2766 2758 2475
f 2758 2759 2477
f 2759 2760 2480
f 2760 2761 2479
f 2761 2762 2481
f 2762 2796 2495
f 2796 2797 2489
f 1700 2778 2777
f 1701 2779 2778
f 1702 2782 2779
f 1931 2789 2788
f 1931 2790 2789
f 1932 2791 2790
f 1932 2792 2791
f 1932 2793 2792
f 2778 2779 2782
f 1932 1933 6200
f 1933 1934 6048
f 1934 1935 6047
f 1935 1990 6045
f 1990 1991 6046
f 1991 1992 6044
f 5408 2797 2798
f 5408 2798 2799
f 2801 2802 5565
f 2802 2803 5561
f 2803 2804 5563
f 2804 2805 5554
f 2805 2806 5558
f 2806 2807 5559
f 2808 5559 2807
f 2809 5559 2808
f 2822 5559 2811
f 2812 5559 2814
f 2811 5559 2812
f 2810 5559 2809
f 2813 5559 2810
f 2814 5559 2813
f 2821 5559 2822
f 1709 5690 2782
f 1992 1993 6043
f 1993 1994 6042
f 1994 1995 6049
f 1995 1996 6034
f 1996 2000 6033
f 2000 2010 6032
f 2010 2011 6031
f 2011 2012 6027
f 2012 2013 6026
f 2013 2016 6025
f 2016 2017 5694
f 2017 2018 5693
f 2018 2777 5692
f 2777 2778 5690
f 2778 2782 5690
f 1932 6194 2793
f 2820 5597 2821
f 2819 5600 2820
f 2985 3408 2992
f 2992 3411 2993
f 2993 3412 2994
f 2994 3413 3125
f 3125 4202 3126
f 3126 4203 3128
f 3128 4204 3136
f 3136 4207 3137
f 3137 4208 3139
f 3139 4209 3140
f 3140 4210 3147
f 3147 4219 3160
f 3160 4229 3161
f 3161 4230 3162
f 3162 4231 3163
f 3163 4232 3164
f 3164 4233 3165
f 3165 4234 3166
f 3166 4235 3200
f 3200 4364 3203
f 3203 4365 3204
f 3204 4366 3205
f 3205 4367 3206
f 3206 4368 3207
f 3207 4369 3208
f 3208 4370 3265
f 3265 4476 3266
f 3266 4477 3267
f 3267 4478 3268
f 3268 4479 3269
f 3269 4480 3270
f 3270 4481 3271
f 3271 4482 3272
f 3400 4908 4947
f 1038 3408 2985
f 1038 3412 3408
f 1038 3413 3412
f 1036 4202 3413
f 1035 4203 4202
f 1034 4204 4203
f 644 4207 4204
f 643 4208 4207
f 642 4209 4208
f 638 4210 4209
f 637 4219 4210
f 636 4229 4219
f 635 4230 4229
f 619 4231 4230
f 632 4232 4231
f 631 4233 4232
f 483 3539 4258
f 4479 1075 1076
f 4479 1076 1077
f 4479 1077 1078
f 4480 1078 1079
f 1074 3418 3417
f 1074 3417 3421
f 1074 3422 3418
f 1075 3423 3422
f 1075 3424 3423
f 1075 3425 3424
f 1075 3434 3425
f 1075 3435 3434
f 1075 3436 3435
f 1075 3437 3436
f 1080 3456 3451
f 1092 3445 3447
f 1092 3446 3445
f 483 4258 4477
f 1079 3452 3453
f 1080 3451 3452
f 1092 3447 3456
f 1093 3442 3446
f 1093 3443 3442
f 1093 3444 3443
f 1093 3449 3448
f 1093 3448 3444
f 1094 3450 3449
f 1094 3457 3450
f 1094 3458 3457
f 1094 3459 3458
f 1094 3460 3459
f 1094 3472 3467
f 1094 3467 3468
f 1094 3468 3475
f 1094 3475 3476
f 1094 3476 3477
f 1094 3477 3478
f 1095 3469 3472
f 1097 3470 3469
f 1102 3471 3470
f 1102 3473 3471
f 1102 3485 3473
f 1102 3503 3485
f 1102 3504 3503
f 1091 3505 3504
f 1091 3506 3505
f 1091 3507 3506
f 1091 3508 3507
f 1090 4113 3508
f 2992 3408 3411
f 2993 3411 3412
f 2994 3412 3413
f 630 4234 4233
f 628 4235 4234
f 629 4364 4235
f 627 4365 4364
f 626 4366 4365
f 480 4367 4366
f 486 4368 4367
f 485 4369 4368
f 481 4370 4369
f 484 4476 4370
f 482 4477 4476
f 3408 3412 3411
f 4479 3437 1075
f 4480 1079 3453
f 4482 3460 1094
f 4482 1094 3478
f 3473 3484 3474
f 3474 3486 3483
f 3484 3473 3485
f 3486 3474 3484
f 3496 3483 3486
f 3483 3496 3487
f 3487 3495 3488
f 3488 3497 3489
f 3489 3498 3490
f 3490 3499 3491
f 3491 3500 3492
f 3501 3493 3492
f 3493 3502 3494
f 3495 3487 3496
f 3497 3488 3495
f 3498 3489 3497
f 3499 3490 3498
f 3500 3491 3499
f 3501 3492 3500
f 3502 3493 3501
f 3508 4113 3509
f 3431 3538 3430
f 3430 3539 3429
f 3439 3545 3441
f 3438 3546 3439
f 3437 3547 3438
f 3432 3537 3431
f 3517 3533 3433
f 3433 3536 3432
f 3518 3532 3517
f 3519 3534 3518
f 3522 3531 3520
f 3520 3535 3519
f 3523 3541 3522
f 3521 3542 3523
f 3440 3543 3521
f 3441 3544 3440
f 3560 3455 3461
f 3455 3552 3454
f 3564 3465 3464
f 3463 3565 3464
f 3460 3566 3463
f 3560 3461 3462
f 3524 3557 3462
f 3525 3555 3524
f 3556 3525 3526
f 3530 3559 3528
f 3527 3558 3526
f 3528 3550 3527
f 3466 3562 3529
f 3529 3561 3530
f 3465 3563 3466
f 3537 3432 3536
f 3517 3532 3533
f 3433 3533 3536
f 3534 3519 3535
f 3518 3534 3532
f 3535 3520 3531
f 3431 3537 3538
f 3430 3538 3539
f 3531 3522 3541
f 3541 3523 3542
f 3542 3521 3543
f 3543 3440 3544
f 3544 3441 3545
f 3545 3439 3546
f 3546 3438 3547
f 3547 3437 3548
f 3455 3560 3551
f 3455 3551 3552
f 3553 3454 3552
f 3525 3556 3555
f 3556 3526 3558
f 3560 3462 3557
f 3557 3524 3555
f 3558 3527 3550
f 3550 3528 3559
f 3559 3530 3561
f 3562 3466 3563
f 3561 3529 3562
f 3564 3464 3565
f 3565 3463 3566
f 3465 3564 3563
f 3566 3460 3567
f 3480 3588 3479
f 3481 3582 3480
f 3569 3580 3482
f 3482 3581 3481
f 3570 3579 3569
f 3571 3583 3570
f 3572 3584 3571
f 3575 3585 3574
f 3573 3586 3575
f 3494 3587 3573
f 3574 3578 3572
f 3587 3494 3502
f 3576 3591 3502
f 3577 3597 3576
f 3700 3598 3577
f 3582 3481 3581
f 3569 3579 3580
f 3482 3580 3581
f 3480 3582 3588
f 3589 3479 3588
f 3583 3571 3584
f 3570 3583 3579
f 3572 3578 3584
f 3578 3574 3585
f 3585 3575 3586
f 3586 3573 3587
f 3587 3502 3591
f 3576 3592 3591
f 3592 3576 3593
f 3576 3597 3593
f 3577 3598 3597
f 3593 3602 3594
f 3594 3603 3595
f 3595 3604 3596
f 3596 3674 3671
f 3601 3593 3599
f 3600 3593 3601
f 3602 3593 3600
f 3599 3593 3597
f 3603 3594 3602
f 3604 3595 3603
f 3674 3596 3604
f 3540 4258 3539
f 3606 3637 3605
f 3605 3638 3540
f 3608 3632 3607
f 3607 3636 3606
f 3610 3633 3609
f 3609 3631 3608
f 3615 3634 3611
f 3611 3635 3610
f 3549 3644 3612
f 3548 3645 3549
f 3614 3640 3616
f 3617 3641 3614
f 3616 3639 3615
f 3613 3642 3617
f 3612 3643 3613
f 3554 4275 3553
f 3619 3646 3618
f 3618 3647 3554
f 4479 1078 4480
f 3649 3620 3621
f 3620 3657 3619
f 3622 3650 3621
f 3623 3648 3622
f 3624 3652 3623
f 3625 3651 3624
f 3630 3653 3625
f 3628 3654 3630
f 3629 3655 3628
f 3627 3656 3629
f 3637 3606 3636
f 3608 3631 3632
f 3607 3632 3636
f 3633 3610 3635
f 3609 3633 3631
f 3611 3634 3635
f 3605 3637 3638
f 3540 3638 4258
f 3639 3616 3640
f 3634 3615 3639
f 3640 3614 3641
f 3641 3617 3642
f 3642 3613 3643
f 3643 3612 3644
f 3644 3549 3645
f 3645 3548 4267
f 3646 3619 3657
f 3618 3646 3647
f 3554 3647 4275
f 3650 3622 3648
f 3648 3623 3652
f 3649 3621 3650
f 3620 3649 3657
f 3652 3624 3651
f 3651 3625 3653
f 3653 3630 3654
f 3654 3628 3655
f 3655 3629 3656
f 3656 3627 3658
f 3658 3627 3659
f 3659 3627 3660
f 3660 3627 4279
f 3590 4292 3589
f 3662 3688 3661
f 3661 3689 3590
f 3664 3680 3663
f 3663 3687 3662
f 3666 3681 3665
f 3665 3679 3664
f 3667 3683 3666
f 3668 3685 3670
f 3673 3686 3668
f 3669 3682 3667
f 3670 3684 3669
f 3671 3675 3672
f 3672 3676 3673
f 3671 3674 3675
f 3676 3672 3675
f 3673 3676 3690
f 3677 3690 3676
f 3718 3694 3678
f 3678 3696 3677
f 3688 3662 3687
f 3664 3679 3680
f 3663 3680 3687
f 3681 3666 3683
f 3665 3681 3679
f 3667 3682 3683
f 3682 3669 3684
f 3684 3670 3685
f 3685 3668 3686
f 3661 3688 3689
f 3590 3689 4292
f 3686 3673 3690
f 3677 3691 3690
f 3691 3677 3692
f 3677 3696 3692
f 3678 3694 3696
f 3692 3699 3693
f 3693 4309 4304
f 3698 3692 3695
f 3697 3692 3698
f 3695 3692 3696
f 3699 3692 3697
f 4309 3693 3699
f 3704 3707 3702
f 3701 3706 3700
f 3702 3705 3701
f 3703 3708 3704
f 3515 3709 3703
f 3701 3705 3706
f 3598 3700 3706
f 3705 3702 3707
f 3707 3704 3708
f 3708 3703 3709
f 3709 3515 3710
f 3509 4113 3510
f 3510 4113 3511
f 3511 4113 3512
f 3516 4115 3513
f 3512 4113 3516
f 3513 4119 3514
f 3514 4122 3515
f 3515 4122 3710
f 4114 3516 4113
f 3516 4114 4115
f 4116 3513 4115
f 4117 3513 4116
f 4118 3513 4117
f 3513 4118 4119
f 4120 3514 4119
f 4121 3514 4120
f 3710 4122 3711
f 3711 4122 3712
f 3712 4122 3713
f 3713 4122 3714
f 3714 4122 3715
f 3715 4122 3716
f 3716 4126 3717
f 3717 4130 3722
f 3719 3725 3718
f 3720 3724 3719
f 3723 3726 3720
f 3721 3727 3723
f 3722 3728 3721
f 3719 3724 3725
f 3694 3718 3725
f 3724 3720 3726
f 3726 3723 3727
f 3727 3721 3728
f 3728 3722 3729
f 4130 3729 3722
f 3729 4130 3730
f 3730 4130 3731
f 3731 4130 3732
f 3732 4130 4318
f 4318 4130 4319
f 4319 4130 4316
f 4316 4134 4317
f 4317 4138 4324
f 4122 3514 4121
f 4123 3716 4122
f 4124 3716 4123
f 4125 3716 4124
f 4126 3716 4125
f 4127 3717 4126
f 4128 3717 4127
f 4129 3717 4128
f 4130 3717 4129
f 4131 4316 4130
f 4132 4316 4131
f 4133 4316 4132
f 4134 4316 4133
f 4135 4317 4134
f 4136 4317 4135
f 4137 4317 4136
f 4138 4317 4137
f 4139 4324 4138
f 4140 4324 4139
f 3125 3413 4202
f 3126 4202 4203
f 3128 4203 4204
f 3136 4204 4207
f 3137 4207 4208
f 3139 4208 4209
f 3140 4209 4210
f 3147 4210 4219
f 3160 4219 4229
f 3161 4229 4230
f 3162 4230 4231
f 3163 4231 4232
f 3164 4232 4233
f 3165 4233 4234
f 3166 4234 4235
f 4480 3453 3454
f 4479 3548 3437
f 4480 3454 3553
f 4482 3567 3460
f 4482 3478 3479
f 4304 4310 4305
f 4305 4311 4306
f 4306 4312 4307
f 4307 4313 4308
f 4308 4314 4301
f 4301 4315 4303
f 4310 4304 4309
f 4311 4305 4310
f 4306 4311 4312
f 4313 4307 4312
f 4314 4308 4313
f 4315 4301 4314
f 4482 3479 3589
f 4479 4267 3548
f 4482 3568 3567
f 4482 3626 3568
f 4482 3627 3626
f 4480 3553 4275
f 4482 4279 3627
f 4477 4259 4260
f 4477 4258 4259
f 4477 4260 4261
f 4477 4262 4263
f 4477 4261 4262
f 4477 4265 4266
f 4477 4264 4265
f 4477 4263 4264
f 4477 4272 4273
f 4477 4266 4272
f 4478 4273 4271
f 4479 4268 4267
f 4479 4269 4268
f 4479 4274 4270
f 4479 4270 4269
f 4479 4271 4274
f 4480 4275 4276
f 4480 4276 4277
f 4480 4277 4278
f 4480 4278 4283
f 4480 4283 4284
f 4482 4280 4279
f 4482 4282 4281
f 4482 4281 4280
f 4482 4289 4290
f 4482 4290 4282
f 4480 4284 4285
f 4481 4285 4286
f 4481 4286 4287
f 4482 4287 4288
f 4482 4288 4291
f 4482 4291 4289
f 4482 3589 4292
f 4482 4292 4293
f 4482 4294 4295
f 4482 4293 4294
f 4482 4296 4297
f 4482 4295 4296
f 4482 4297 4298
f 4482 4299 4300
f 4482 4298 4299
f 4482 4302 4303
f 4482 4300 4302
f 4482 4323 4324
f 4482 4303 4315
f 4482 4315 4320
f 4482 4321 4322
f 4482 4320 4321
f 4482 4325 4323
f 4482 4322 4325
f 4482 4140 4141
f 4482 4144 4145
f 4482 4143 4144
f 4482 4142 4143
f 4482 4141 4142
f 4482 4324 4140
f 4477 4273 4478
f 4478 4271 4479
f 4480 4285 4481
f 4481 4287 4482
f 3200 4235 4364
f 3203 4364 4365
f 3204 4365 4366
f 3205 4366 4367
f 3206 4367 4368
f 3207 4368 4369
f 3208 4369 4370
f 3265 4370 4476
f 3266 4476 4477
f 3267 4477 4478
f 3268 4478 4479
f 3269 4479 4480
f 3270 4480 4481
f 3271 4481 4482
f 3272 4482 4465
f 4465 4482 4908
f 4482 4145 5406
f 4482 4947 4908
f 1709 4915 5690
f 4919 4920 5693
f 4915 4919 5692
f 4920 4921 5694
f 4921 5066 6025
f 5066 5067 6026
f 5067 5068 6027
f 5068 5077 6031
f 5077 5078 6032
f 5078 5081 6033
f 5081 5082 6034
f 5089 6042 5096
f 5089 5090 6043
f 5090 5091 6044
f 5091 5093 6046
f 5092 6045 5093
f 5092 5094 6047
f 5094 5095 6048
f 5082 5096 6049
f 5150 6136 5155
f 5155 6147 5156
f 5156 6148 5157
f 5157 6149 5158
f 5158 6150 5159
f 5159 6151 5161
f 5160 5161 6153
f 5257 6194 5263
f 5257 5258 6195
f 5260 6197 5261
f 5259 5261 6198
f 5258 5262 6199
f 5259 6196 5262
f 5095 5263 6200
f 5160 6152 5260
f 2513 5334 5343
f 2797 5355 5354
f 2797 5354 5353
f 2797 5358 5357
f 2797 5357 5356
f 2797 5356 5355
f 2797 5395 5360
f 2797 5360 5361
f 2797 5361 5359
f 2797 5359 5358
f 2797 5397 5396
f 2797 5396 5394
f 2797 5394 5395
f 2797 5365 5364
f 2797 5364 5399
f 2797 5399 5398
f 2797 5398 5397
f 2797 5390 5366
f 2797 5366 5368
f 2797 5368 5367
f 2797 5367 5365
f 5408 5390 2797
f 5343 5334 5335
f 5343 5335 5336
f 5343 5336 5337
f 5343 5337 5338
f 5343 5338 5339
f 5343 5339 5340
f 5408 5343 5340
f 5408 5340 5341
f 5408 5341 5342
f 5408 5342 5344
f 5408 5344 5345
f 5408 5345 5346
f 5408 5346 5347
f 5408 5347 5348
f 5408 5348 5349
f 5408 5349 5350
f 5408 5350 5351
f 5408 5351 5352
f 5408 5352 5362
f 5408 5362 5363
f 5408 5363 5369
f 5408 5369 5370
f 5408 5370 5371
f 5408 5371 5372
f 5408 5372 5373
f 5408 5373 5374
f 5408 5374 5375
f 5408 5375 5376
f 5408 5376 5377
f 5408 5377 5378
f 5408 5378 5379
f 5408 5379 5380
f 5408 5380 5381
f 5408 5389 5388
f 5408 5388 5391
f 5408 5391 5392
f 5408 5392 5393
f 5408 5381 5382
f 5408 5382 5383
f 5408 5383 5384
f 5408 5384 5385
f 5408 5385 5386
f 5408 5386 5387
f 5408 5387 5389
f 5408 5393 5390
f 5408 2799 2800
f 5408 2800 2801
f 2801 5565 5566
f 2801 5566 5568
f 2801 5568 5571
f 2802 5561 5560
f 2802 5567 5565
f 2802 5560 5567
f 2803 5563 5564
f 2803 5564 5562
f 2803 5562 5561
f 2804 5554 5553
f 2804 5553 5552
f 2804 5552 5563
f 2805 5558 5557
f 2805 5557 5556
f 2805 5556 5555
f 2805 5555 5554
f 2806 5559 5558
f 2821 5584 5559
f 5408 2801 5571
f 6194 2794 2793
f 6194 2795 2794
f 6194 2815 2795
f 2821 5590 5589
f 2821 5589 5588
f 2821 5588 5587
f 2821 5587 5586
f 2821 5586 5585
f 2821 5585 5584
f 2821 5596 5595
f 2821 5595 5594
f 2821 5594 5593
f 2821 5593 5592
f 2821 5592 5591
f 2821 5591 5590
f 2821 5597 5596
f 2819 5601 5600
f 2819 5602 5601
f 2819 5603 5602
f 2819 5604 5603
f 2820 5598 5597
f 2820 5599 5598
f 2820 5600 5599
f 2819 5605 5604
f 2819 5606 5605
f 2819 5607 5606
f 2819 5608 5607
f 2819 5609 5608
f 2819 5610 5609
f 2819 5611 5610
f 2819 5612 5611
f 2819 5613 5612
f 2819 5614 5613
f 2819 5615 5614
f 2819 5656 5615
f 6195 2816 2815
f 6195 2817 2816
f 6199 2818 2817
f 6199 2819 2818
f 1932 6200 6194
f 1994 6049 6042
f 1995 6034 6049
f 1992 6043 6044
f 1993 6042 6043
f 1990 6046 6045
f 1935 6045 6047
f 1933 6048 6200
f 1934 6047 6048
f 1991 6044 6046
f 2777 5690 5692
f 2018 5692 5693
f 2017 5693 5694
f 2016 5694 6025
f 2013 6025 6026
f 2012 6026 6027
f 2011 6027 6031
f 2010 6031 6032
f 2000 6032 6033
f 1996 6033 6034
f 5408 5570 5572
f 5408 5569 5570
f 5408 5571 5569
f 5408 5576 5575
f 5408 5574 5576
f 5408 5573 5574
f 5408 5572 5573
f 5408 5579 5580
f 5408 5578 5579
f 5408 5577 5578
f 5408 5575 5577
f 5408 5582 5583
f 5408 5581 5582
f 5408 5580 5581
f 5408 5583 5616
f 5408 5616 5617
f 5408 5617 5618
f 5408 5621 5622
f 5408 5620 5621
f 5408 5619 5620
f 5408 5618 5619
f 5408 5624 5625
f 5408 5623 5624
f 5408 5622 5623
f 5408 5625 5626
f 5408 5629 5630
f 5408 5628 5629
f 5408 5627 5628
f 5408 5626 5627
f 5408 5634 5635
f 5408 5633 5634
f 5408 5632 5633
f 5408 5631 5632
f 5408 5630 5631
f 5408 5635 5636
f 5408 5641 5642
f 5408 5640 5641
f 5408 5639 5640
f 5408 5638 5639
f 5408 5637 5638
f 5408 5636 5637
f 5408 5642 5643
f 5408 5645 5646
f 5408 5644 5645
f 5408 5643 5644
f 4915 5692 5690
f 4919 5693 5692
f 4920 5694 5693
f 4921 6025 5694
f 6196 5656 2819
f 6194 6195 2815
f 6196 2819 6199
f 6195 6199 2817
f 6196 5657 5656
f 4482 5406 6147
f 6147 5411 5409
f 6147 5410 5411
f 6147 5413 5410
f 6147 5412 5413
f 6147 5414 5412
f 6147 5415 5414
f 6147 5416 5415
f 6147 5418 5416
f 6147 5419 5418
f 6147 5420 5419
f 6147 5421 5420
f 6147 5422 5421
f 6147 5417 5422
f 6147 5425 5417
f 6147 5424 5425
f 6147 5409 5408
f 6147 5406 5407
f 6147 5404 5430
f 6147 5403 5404
f 6147 5402 5403
f 6147 5405 5402
f 6147 5401 5405
f 6147 5400 5401
f 6147 5407 5400
f 6147 5429 5423
f 6147 5428 5429
f 6147 5426 5428
f 6147 5427 5426
f 6147 5432 5427
f 6147 5431 5432
f 6147 5423 5424
f 6147 5430 5431
f 4482 5934 4947
f 4482 6136 5934
f 4482 6147 6136
f 6149 5408 5646
f 6149 5648 5649
f 6149 5647 5648
f 6149 5646 5647
f 6149 5649 5667
f 6147 5408 6148
f 6148 5408 6149
f 6149 5667 6150
f 6152 6153 5667
f 6150 5667 6151
f 6151 5667 6153
f 5066 6026 6025
f 5067 6027 6026
f 5068 6031 6027
f 5077 6032 6031
f 5078 6033 6032
f 5081 6034 6033
f 5096 6042 6049
f 5089 6043 6042
f 5090 6044 6043
f 5091 6046 6044
f 5093 6045 6046
f 5092 6047 6045
f 5094 6048 6047
f 5095 6200 6048
f 5082 6049 6034
f 6196 5659 5658
f 6196 5658 5657
f 6196 5662 5661
f 6196 5661 5660
f 6196 5660 5659
f 6196 5678 5676
f 6196 5677 5678
f 6196 5679 5677
f 6196 5681 5679
f 6196 5680 5681
f 6196 5682 5680
f 6196 5687 5682
f 6196 5684 5683
f 6196 5685 5684
f 6196 5689 5685
f 6196 5688 5689
f 6196 5671 5688
f 6196 5672 5671
f 6196 5686 5687
f 6196 5683 5686
f 6196 5666 5663
f 6196 5663 5662
f 6196 5664 5666
f 6196 5665 5664
f 6196 5674 5665
f 6196 5675 5674
f 6196 5676 5675
f 6198 5667 5668
f 6198 5668 5673
f 6196 5669 5670
f 6198 5673 5669
f 6196 5670 5672
f 6197 5667 6198
f 6196 6198 5669
f 6152 5667 6197
f 5155 6136 6147
f 5156 6147 6148
f 5157 6148 6149
f 5158 6149 6150
f 5159 6150 6151
f 5160 6153 6152
f 5161 6151 6153
f 5258 6199 6195
f 5257 6195 6194
f 5260 6152 6197
f 5259 6198 6196
f 5261 6197 6198
f 5262 6196 6199
f 5263 6194 6200
f 2 3 7
f 4 18 6
f 5 6 20
f 2 21 4
f 2 7 21
f 3 33 7
f 4 21 18
f 1 127 5
f 1 12 144
f 4 6 132
f 2 128 3
f 2 4 130
f 5 131 6
f 8 72 9
f 9 73 10
f 9 72 73
f 8 9 141
f 9 10 142
f 10 11 143
f 1 16 12
f 12 23 13
f 1 19 16
f 13 22 15
f 14 15 24
f 12 17 23
f 12 16 17
f 13 23 22
f 1 5 19
f 5 20 19
f 6 18 20
f 8 14 25
f 15 22 24
f 14 24 25
f 8 25 72
f 13 15 147
f 12 13 145
f 14 146 15
f 8 140 14
f 1 144 127
f 4 132 130
f 3 128 129
f 2 130 128
f 6 131 132
f 5 127 131
f 8 141 140
f 9 142 141
f 11 320 143
f 10 143 142
f 13 147 145
f 12 145 144
f 15 146 147
f 14 140 146
f 26 27 32
f 3 30 33
f 26 31 30
f 26 32 31
f 27 28 36
f 28 29 36
f 27 34 32
f 27 35 34
f 27 36 35
f 30 31 33
f 26 199 27
f 27 200 28
f 28 201 29
f 3 129 30
f 26 30 204
f 27 199 200
f 28 200 201
f 29 201 203
f 30 129 204
f 26 204 199
f 11 81 71
f 10 77 11
f 10 73 76
f 10 76 77
f 71 82 74
f 71 81 82
f 11 77 81
f 74 86 75
f 74 82 83
f 75 87 80
f 74 83 86
f 75 86 87
f 11 71 320
f 71 74 323
f 74 75 324
f 78 329 80
f 78 79 330
f 75 80 331
f 78 80 94
f 78 93 79
f 78 94 91
f 80 87 88
f 80 88 94
f 78 91 93
f 79 93 402
f 79 402 404
f 79 404 406
f 79 84 345
f 84 85 347
f 85 89 356
f 89 90 357
f 90 92 360
f 71 323 320
f 74 324 323
f 75 331 324
f 78 330 329
f 80 329 331
f 79 345 330
f 84 347 345
f 85 356 347
f 89 357 356
f 90 360 357
f 29 1308 36
f 29 203 1308
f 92 401 408
f 401 403 411
f 403 405 417
f 79 2977 84
f 84 2977 85
f 92 408 360
f 401 411 408
f 403 417 411
f 79 406 2977
f 85 3012 89
f 89 3008 90
f 90 3007 92
f 92 3005 401
f 401 3004 403
f 403 3001 405
f 405 2983 417
f 36 1308 1312
f 203 1426 1308
f 1308 1309 1312
f 1309 1310 1314
f 1310 1311 1315
f 1309 1314 1312
f 1310 1315 1314
f 1311 1313 1316
f 1311 1316 1315
f 1313 1317 1316
f 1313 1353 1317
f 1317 1353 1318
f 1308 1426 1309
f 1309 1431 1310
f 1310 1432 1311
f 1311 1433 1313
f 1313 1435 1353
f 1309 1426 1431
f 1310 1431 1432
f 1311 1432 1433
f 1313 1433 1435
f 1353 1435 1552
f 1318 1353 1354
f 1318 1354 1356
f 1354 1355 1356
f 1355 1360 1356
f 1355 1357 1360
f 1357 1358 1361
f 1357 1361 1360
f 1353 1552 1354
f 1354 1553 1355
f 1355 1554 1357
f 1357 1556 1358
f 1358 1557 1359
f 1359 1560 1364
f 1358 1362 1361
f 1358 1359 1363
f 1358 1363 1362
f 1359 1364 1366
f 1359 1366 1363
f 1364 1365 1367
f 1364 1367 1366
f 1365 1370 1367
f 1365 1368 1370
f 1368 1369 1371
f 1368 1371 1370
f 1369 1372 1371
f 1369 1374 1372
f 1372 1374 1373
f 1364 1567 1365
f 1365 1568 1368
f 1368 1571 1369
f 1369 1572 1374
f 1373 1374 1375
f 1373 1375 1401
f 1375 1376 1402
f 1375 1402 1401
f 1374 1588 1375
f 1375 1589 1376
f 1376 1591 1377
f 1377 1592 1403
f 1354 1552 1553
f 1355 1553 1554
f 1357 1554 1556
f 1358 1556 1557
f 1359 1557 1560
f 1364 1560 1567
f 1365 1567 1568
f 1368 1568 1571
f 1369 1571 1572
f 1374 1572 1588
f 1375 1588 1589
f 1376 1589 1591
f 1377 1591 1592
f 1376 1377 1404
f 1376 1404 1402
f 1377 1403 1405
f 1377 1405 1404
f 1403 1408 1405
f 1403 1406 1410
f 1403 1410 1408
f 1406 1407 1411
f 1406 1411 1410
f 1407 1409 1415
f 1407 1414 1411
f 1407 1415 1414
f 1403 1634 1406
f 1406 1637 1407
f 1407 1638 1409
f 1409 1643 1412
f 1412 1648 1413
f 1409 1416 1415
f 1409 1419 1416
f 1409 1412 1419
f 1412 1413 1694
f 1412 1422 1419
f 1412 1423 1422
f 1412 1694 1423
f 1413 1696 1694
f 1413 1698 1696
f 1413 1649 1417
f 1417 1658 1418
f 1418 1661 1420
f 1420 1667 1421
f 1421 1668 1424
f 1403 1592 1634
f 1406 1634 1637
f 1407 1637 1638
f 1409 1638 1643
f 1412 1643 1648
f 1413 1648 1649
f 1417 1649 1658
f 1418 1658 1661
f 1420 1661 1667
f 1421 1667 1668
f 1424 1668 1672
f 1695 1697 1699
f 1424 1672 1695
f 1695 1704 1697
f 1697 1707 1699
f 1672 1704 1695
f 1697 1704 1707
f 1699 1707 1711
f 1413 1417 4976
f 1417 1418 4975
f 1418 1420 4973
f 1420 1421 4914
f 1421 1424 4912
f 1424 1695 4910
f 1413 4980 1698
f 1695 1699 4910
f 1699 1711 4910
f 405 2980 2976
f 85 2977 3012
f 405 3001 2980
f 403 3004 3001
f 401 3005 3004
f 92 3007 3005
f 90 3008 3007
f 89 3012 3008
f 405 2976 2983
f 2976 2980 2978
f 2976 2978 2987
f 2978 2980 2990
f 2980 3001 3119
f 2976 2987 2983
f 2978 2990 2987
f 2980 3119 2990
f 2977 2979 3012
f 2979 2981 3012
f 2981 3002 3013
f 3002 3003 3013
f 3003 3006 3013
f 2981 3013 3012
f 3006 3016 3013
f 3006 3009 3016
f 3009 3010 3016
f 3001 3004 3123
f 3004 3005 3124
f 3005 3007 3130
f 3007 3008 3133
f 3008 3012 3142
f 3010 3011 3018
f 3011 3014 3018
f 3010 3018 3016
f 3014 3015 3019
f 3014 3019 3018
f 3015 3017 3022
f 3015 3022 3019
f 3017 3020 3022
f 3020 3021 3048
f 3020 3048 3022
f 3021 3023 3049
f 3021 3049 3048
f 3012 3013 3143
f 3013 3016 3148
f 3016 3018 3153
f 3018 3019 3154
f 3019 3022 3157
f 3001 3123 3119
f 3004 3124 3123
f 3005 3130 3124
f 3007 3133 3130
f 3008 3142 3133
f 3012 3143 3142
f 3013 3148 3143
f 3016 3153 3148
f 3018 3154 3153
f 3019 3157 3154
f 3022 3189 3157
f 3023 3024 3050
f 3023 3050 3049
f 3024 3052 3050
f 3050 3052 3051
f 3022 3048 3189
f 3048 3049 3190
f 3049 3050 3192
f 3050 3051 3193
f 3051 3052 3053
f 3051 3053 3056
f 3053 3054 3056
f 3054 3055 3057
f 3054 3057 3056
f 3055 3060 3057
f 3055 3058 3060
f 3058 3059 3061
f 3058 3061 3060
f 3059 3062 3066
f 3059 3066 3061
f 3062 3063 3067
f 3062 3067 3066
f 3063 3064 3067
f 3051 3056 3209
f 3056 3057 3210
f 3057 3060 3213
f 3060 3061 3214
f 3064 3065 3068
f 3064 3068 3067
f 3065 3070 3068
f 3065 3069 3070
f 3069 3071 3070
f 3069 3107 3071
f 3071 3107 3072
f 3061 3066 3221
f 3066 3067 3224
f 3067 3068 3225
f 3068 3070 3227
f 3070 3071 3228
f 3071 3072 3229
f 3048 3190 3189
f 3049 3192 3190
f 3050 3193 3192
f 3051 3209 3193
f 3056 3210 3209
f 3057 3213 3210
f 3060 3214 3213
f 3061 3221 3214
f 3066 3224 3221
f 3067 3225 3224
f 3068 3227 3225
f 3070 3228 3227
f 3071 3229 3228
f 3072 3107 3108
f 3072 3108 3112
f 3108 3109 3112
f 3109 3110 3114
f 3109 3114 3112
f 3110 3111 3115
f 3111 3113 3116
f 3110 3115 3114
f 3111 3116 3115
f 3113 3117 3116
f 3072 3112 3297
f 3112 3114 3299
f 3114 3115 3300
f 3115 3116 3301
f 3116 3117 3306
f 3072 3297 3229
f 3112 3299 3297
f 3114 3300 3299
f 3115 3301 3300
f 3116 3306 3301
f 3113 5029 3117
f 3117 5169 3306
f 1424 4910 4912
f 1421 4912 4914
f 1420 4914 4973
f 1418 4973 4975
f 1417 4975 4976
f 1413 4976 4980
f 1698 4986 4909
f 1711 4917 4910
f 1698 4980 4981
f 1698 4981 4986
f 4910 4917 4912
f 4912 4923 4914
f 4914 4926 4973
f 4912 4917 4923
f 4914 4923 4926
f 4926 5071 4973
f 3117 5029 5036
f 3117 5036 5169
f 4909 4986 4911
f 4911 4986 4913
f 4913 4986 4972
f 4972 4987 4974
f 4971 4985 4977
f 4977 4985 4978
f 4971 4974 4987
f 4972 4986 4987
f 4971 4987 4985
f 4973 5071 4975
f 4975 5074 4976
f 4976 5075 4980
f 4980 5084 4981
f 4981 5086 4986
f 4978 4990 4979
f 4979 4991 4982
f 4978 4985 4990
f 4982 4991 4983
f 4979 4990 4991
f 4984 5054 4988
f 4983 4994 4984
f 4983 4991 4994
f 4988 5055 4989
f 4989 5055 4992
f 4988 5054 5055
f 4984 4994 5054
f 4985 5100 4990
f 4986 5101 4987
f 4985 4987 5102
f 4990 5107 4991
f 4991 5108 4994
f 4994 5111 5054
f 4975 5071 5074
f 4976 5074 5075
f 4980 5075 5084
f 4981 5084 5086
f 4986 5086 5101
f 4985 5102 5100
f 4987 5101 5102
f 4990 5100 5107
f 4991 5107 5108
f 4994 5108 5111
f 5032 5035 5034
f 5029 5030 5038
f 5030 5031 5038
f 5031 5033 5038
f 5029 5037 5036
f 5029 5038 5037
f 5033 5034 5039
f 5034 5035 5039
f 5032 5062 5035
f 5033 5039 5038
f 5035 5168 5039
f 5035 5062 5292
f 5036 5037 5171
f 5037 5038 5172
f 5038 5039 5173
f 5039 5168 5173
f 5035 5292 5168
f 5036 5171 5169
f 5037 5172 5171
f 5038 5173 5172
f 4993 5057 5040
f 5040 5051 5041
f 5041 5050 5043
f 5040 5057 5051
f 5045 5059 5047
f 5045 5046 5060
f 5046 5064 5060
f 5042 5043 5052
f 5048 5053 5049
f 5042 5053 5048
f 5041 5051 5050
f 5043 5050 5052
f 5046 5049 5064
f 5042 5052 5053
f 5049 5053 5064
f 5051 5057 5281
f 5050 5051 5275
f 5052 5276 5053
f 5050 5274 5052
f 4992 5056 4993
f 4992 5055 5056
f 4993 5056 5057
f 5054 5278 5055
f 5055 5279 5056
f 5056 5280 5057
f 5044 5047 5061
f 5032 5058 5062
f 5044 5063 5058
f 5044 5061 5063
f 5045 5060 5059
f 5047 5059 5061
f 5058 5063 5062
f 5059 5060 5290
f 5061 5291 5063
f 5062 5063 5293
f 5059 5289 5061
f 5053 5277 5064
f 5060 5064 5294
f 5051 5281 5275
f 5050 5275 5274
f 5053 5276 5277
f 5052 5274 5276
f 5055 5278 5279
f 5054 5111 5278
f 5056 5279 5280
f 5057 5280 5281
f 5060 5294 5290
f 5059 5290 5289
f 5063 5291 5293
f 5062 5293 5292
f 5061 5289 5291
f 5064 5277 5294
f 7 33 207
f 7 133 21
f 16 148 17
f 17 149 23
f 18 150 20
f 19 20 152
f 18 21 153
f 16 19 151
f 22 154 24
f 22 23 155
f 24 156 25
f 25 157 72
f 21 133 153
f 7 207 133
f 16 151 148
f 23 149 155
f 17 148 149
f 19 152 151
f 20 150 152
f 18 153 150
f 22 155 154
f 24 154 156
f 25 156 157
f 72 157 321
f 31 32 206
f 31 205 33
f 32 34 208
f 34 35 209
f 35 36 210
f 31 206 205
f 33 205 207
f 32 208 206
f 34 209 208
f 35 210 209
f 72 321 73
f 73 322 76
f 76 325 77
f 81 332 82
f 77 326 81
f 82 333 83
f 83 334 86
f 86 348 87
f 87 351 88
f 91 359 93
f 88 352 94
f 91 94 362
f 73 321 322
f 76 322 325
f 77 325 326
f 82 332 333
f 81 326 332
f 83 333 334
f 86 334 348
f 87 348 351
f 88 351 352
f 91 362 359
f 93 359 361
f 94 352 362
f 36 1434 210
f 93 361 402
f 402 409 404
f 404 412 406
f 361 409 402
f 404 409 412
f 406 412 418
f 406 418 2977
f 36 1312 1434
f 1312 1314 1436
f 1314 1315 1437
f 1315 1316 1438
f 1316 1317 1439
f 1317 1318 1440
f 1312 1436 1434
f 1314 1437 1436
f 1315 1438 1437
f 1316 1439 1438
f 1317 1440 1439
f 1318 1356 1555
f 1356 1360 1563
f 1360 1361 1564
f 1361 1362 1565
f 1362 1363 1566
f 1363 1366 1569
f 1366 1367 1570
f 1367 1370 1579
f 1370 1371 1580
f 1371 1372 1582
f 1372 1373 1583
f 1373 1401 1632
f 1318 1555 1440
f 1356 1563 1555
f 1360 1564 1563
f 1361 1565 1564
f 1362 1566 1565
f 1363 1569 1566
f 1366 1570 1569
f 1367 1579 1570
f 1370 1580 1579
f 1371 1582 1580
f 1372 1583 1582
f 1373 1632 1583
f 1401 1402 1633
f 1402 1404 1635
f 1404 1405 1636
f 1405 1408 1642
f 1408 1410 1645
f 1410 1411 1646
f 1411 1414 1653
f 1414 1415 1656
f 1415 1416 1657
f 1416 1419 1664
f 1419 1422 1670
f 1422 1423 1671
f 1401 1633 1632
f 1402 1635 1633
f 1404 1636 1635
f 1405 1642 1636
f 1408 1645 1642
f 1410 1646 1645
f 1411 1653 1646
f 1414 1656 1653
f 1415 1657 1656
f 1416 1664 1657
f 1419 1670 1664
f 1422 1671 1670
f 1423 1694 1703
f 1694 1696 1706
f 1696 1698 1710
f 1423 1703 1671
f 1694 1706 1703
f 1696 1710 1706
f 1698 4916 1710
f 418 2984 2977
f 2977 2984 2979
f 2979 2988 2981
f 2981 2991 3002
f 2979 2984 2988
f 2981 2988 2991
f 2991 3120 3002
f 3002 3120 3003
f 3003 3121 3006
f 3006 3127 3009
f 3009 3134 3010
f 3010 3135 3011
f 3011 3138 3014
f 3014 3145 3015
f 3015 3146 3017
f 3017 3149 3020
f 3020 3155 3021
f 3021 3156 3023
f 3023 3158 3024
f 3003 3120 3121
f 3006 3121 3127
f 3009 3127 3134
f 3010 3134 3135
f 3011 3135 3138
f 3014 3138 3145
f 3015 3145 3146
f 3017 3146 3149
f 3020 3149 3155
f 3021 3155 3156
f 3023 3156 3158
f 3024 3158 3159
f 3024 3159 3052
f 3052 3198 3053
f 3053 3199 3054
f 3054 3201 3055
f 3055 3202 3058
f 3058 3211 3059
f 3059 3212 3062
f 3062 3215 3063
f 3063 3216 3064
f 3064 3217 3065
f 3065 3218 3069
f 3069 3226 3107
f 3052 3159 3198
f 3053 3198 3199
f 3054 3199 3201
f 3055 3201 3202
f 3058 3202 3211
f 3059 3211 3212
f 3062 3212 3215
f 3063 3215 3216
f 3064 3216 3217
f 3065 3217 3218
f 3069 3218 3226
f 3107 3226 3292
f 3107 3292 3108
f 3108 3293 3109
f 3109 3294 3110
f 3110 3295 3111
f 3111 3296 3113
f 3108 3292 3293
f 3109 3293 3294
f 3110 3294 3295
f 3111 3295 3296
f 3113 3296 3298
f 3113 3298 5029
f 1698 4909 4916
f 4909 4911 4922
f 4911 4913 4925
f 4913 4972 5070
f 4909 4922 4916
f 4911 4925 4922
f 4913 5070 4925
f 3298 5162 5029
f 4971 5069 4974
f 4971 4977 5079
f 4972 4974 5072
f 4977 4978 5080
f 4978 4979 5083
f 4979 4982 5097
f 4982 4983 5098
f 4984 4988 5105
f 4983 4984 5099
f 4988 4989 5106
f 4989 4992 5109
f 4992 4993 5110
f 4971 5079 5069
f 4972 5072 5070
f 4974 5069 5072
f 4977 5080 5079
f 4978 5083 5080
f 4979 5097 5083
f 4982 5098 5097
f 4984 5105 5099
f 4983 5099 5098
f 4988 5106 5105
f 4989 5109 5106
f 4992 5110 5109
f 5029 5162 5030
f 5030 5163 5031
f 5031 5164 5033
f 5032 5034 5167
f 5033 5166 5034
f 5030 5162 5163
f 5031 5163 5164
f 5033 5164 5166
f 5032 5167 5165
f 5034 5166 5167
f 4993 5040 5264
f 5040 5041 5265
f 5042 5266 5043
f 5041 5043 5267
f 5046 5270 5049
f 5044 5268 5047
f 5045 5269 5046
f 5045 5047 5271
f 5042 5048 5272
f 5048 5049 5273
f 5044 5058 5288
f 5032 5165 5058
f 4993 5264 5110
f 5040 5265 5264
f 5041 5267 5265
f 5043 5266 5267
f 5047 5268 5271
f 5045 5271 5269
f 5046 5269 5270
f 5048 5273 5272
f 5042 5272 5266
f 5049 5270 5273
f 5058 5165 5288
f 5044 5288 5268
f 43 62 44
f 41 42 62
f 41 62 43
f 48 49 50
f 46 48 51
f 45 46 52
f 48 50 51
f 46 51 52
f 45 53 47
f 37 47 54
f 45 52 53
f 47 53 54
f 37 55 39
f 38 39 56
f 38 57 40
f 37 54 55
f 39 55 56
f 38 56 57
f 40 59 42
f 42 58 62
f 42 59 58
f 40 57 59
f 59 387 58
f 387 388 58
f 388 389 58
f 389 69 58
f 44 68 60
f 60 68 61
f 61 68 63
f 44 62 68
f 63 68 64
f 64 68 65
f 65 68 66
f 66 68 67
f 67 68 95
f 397 70 69
f 37 39 220
f 38 219 39
f 38 40 221
f 41 222 42
f 40 42 223
f 45 224 46
f 46 225 48
f 45 47 226
f 37 218 47
f 48 227 49
f 49 228 50
f 50 229 51
f 51 230 52
f 52 231 53
f 53 232 54
f 54 233 55
f 55 234 56
f 56 235 57
f 57 236 59
f 59 237 387
f 41 43 501
f 43 44 503
f 44 60 504
f 60 61 505
f 61 63 506
f 63 64 507
f 64 65 508
f 65 66 509
f 66 67 510
f 67 95 511
f 37 220 218
f 39 219 220
f 38 221 219
f 42 222 223
f 40 223 221
f 46 224 225
f 47 218 226
f 45 226 224
f 49 227 228
f 48 225 227
f 50 228 229
f 51 229 230
f 52 230 231
f 53 231 232
f 54 232 233
f 55 233 234
f 56 234 235
f 57 235 236
f 59 236 237
f 95 68 103
f 95 103 96
f 96 103 97
f 97 103 98
f 98 105 99
f 98 103 104
f 104 103 70
f 397 398 70
f 398 399 70
f 104 70 399
f 98 104 105
f 99 105 113
f 99 113 100
f 100 114 101
f 101 112 102
f 101 114 112
f 102 112 117
f 102 117 106
f 106 116 107
f 107 115 108
f 108 110 109
f 106 117 116
f 107 116 115
f 108 115 110
f 109 110 111
f 100 113 114
f 95 96 650
f 96 97 651
f 97 98 652
f 98 99 653
f 99 100 654
f 100 101 655
f 101 102 656
f 104 399 658
f 104 659 105
f 102 106 657
f 106 107 660
f 107 108 661
f 108 109 662
f 110 115 664
f 109 111 663
f 110 665 111
f 113 668 114
f 105 667 113
f 112 114 666
f 116 117 670
f 115 116 669
f 112 671 117
f 41 502 222
f 41 501 502
f 43 503 501
f 44 504 503
f 60 505 504
f 61 506 505
f 63 507 506
f 64 508 507
f 65 509 508
f 66 510 509
f 67 511 510
f 95 650 511
f 96 651 650
f 97 652 651
f 98 653 652
f 99 654 653
f 100 655 654
f 101 656 655
f 102 657 656
f 104 658 659
f 105 659 667
f 106 660 657
f 107 661 660
f 108 662 661
f 109 663 662
f 115 669 664
f 111 665 663
f 110 664 665
f 112 666 671
f 113 667 668
f 114 668 666
f 116 670 669
f 117 671 670
f 389 390 69
f 390 391 69
f 391 392 69
f 392 393 69
f 393 394 69
f 394 395 69
f 395 396 69
f 396 397 69
f 387 1014 388
f 388 1015 389
f 389 1016 390
f 390 1017 391
f 391 1018 392
f 392 1019 393
f 393 1020 394
f 394 1021 395
f 395 1022 396
f 396 1023 397
f 237 400 387
f 397 1024 398
f 398 1025 399
f 387 400 1012
f 387 1012 1014
f 388 1014 1015
f 389 1015 1016
f 390 1016 1017
f 391 1017 1018
f 392 1018 1019
f 393 1019 1020
f 394 1020 1021
f 395 1021 1022
f 396 1022 1023
f 400 1013 1012
f 397 1023 1024
f 398 1024 1025
f 399 1025 658
f 501 1013 502
f 501 503 1014
f 504 519 520
f 504 520 521
f 504 521 522
f 503 504 1015
f 504 522 523
f 504 523 1016
f 501 1012 1013
f 501 1014 1012
f 503 1015 1014
f 504 1016 1015
f 504 505 518
f 505 506 515
f 505 515 516
f 506 517 515
f 506 528 517
f 506 529 528
f 506 507 529
f 507 530 529
f 507 531 530
f 507 508 533
f 507 533 532
f 507 532 531
f 508 545 533
f 508 509 545
f 509 546 545
f 509 547 546
f 509 548 547
f 509 510 548
f 510 550 549
f 510 549 548
f 510 551 550
f 510 511 552
f 510 552 551
f 505 513 518
f 504 518 519
f 505 514 512
f 505 512 513
f 505 516 514
f 1016 523 524
f 1016 525 526
f 1016 524 525
f 1016 526 527
f 1016 527 534
f 1016 534 535
f 1016 535 536
f 1017 536 537
f 1017 537 538
f 1017 538 539
f 1017 539 540
f 1016 536 1017
f 1018 540 541
f 1018 541 542
f 1017 540 1018
f 1018 542 543
f 1019 543 544
f 1018 543 1019
f 511 553 552
f 511 555 554
f 511 554 553
f 511 557 555
f 511 558 557
f 511 559 558
f 511 560 559
f 511 650 1023
f 511 1023 560
f 1020 544 566
f 1020 566 567
f 1020 567 568
f 1020 568 569
f 1019 544 1020
f 1021 570 571
f 1021 569 570
f 1021 571 573
f 1020 569 1021
f 1022 573 572
f 1022 572 574
f 1022 575 556
f 1022 574 575
f 1023 561 560
f 1023 562 561
f 1023 565 564
f 1022 556 565
f 1023 564 563
f 1023 563 562
f 1021 573 1022
f 1022 565 1023
f 650 651 1024
f 651 652 1025
f 652 653 658
f 653 654 659
f 650 1024 1023
f 651 1025 1024
f 652 658 1025
f 653 659 658
f 654 667 659
f 654 655 667
f 655 656 668
f 656 657 666
f 656 666 668
f 657 671 666
f 657 660 671
f 660 661 670
f 661 662 669
f 662 663 664
f 660 670 671
f 661 669 670
f 662 664 669
f 663 665 664
f 655 668 667
f 1296 1343 1297
f 1297 1343 1298
f 1298 1343 1299
f 1299 1343 1300
f 1300 1343 1301
f 1301 1343 1302
f 1302 1343 1303
f 1303 1343 1304
f 1294 1307 1332
f 1294 1295 1719
f 1295 1296 1721
f 1296 1297 1722
f 1297 1298 1723
f 1298 1299 1724
f 1299 1300 1725
f 1300 1301 1726
f 1301 1302 1727
f 1302 1303 1728
f 1303 1304 1729
f 1304 1305 1730
f 1305 1306 1731
f 1306 1378 1732
f 1294 1719 1307
f 1295 1721 1719
f 1296 1722 1721
f 1297 1723 1722
f 1298 1724 1723
f 1299 1725 1724
f 1300 1726 1725
f 1301 1727 1726
f 1302 1728 1727
f 1303 1729 1728
f 1304 1730 1729
f 1307 1719 1720
f 1305 1731 1730
f 1306 1732 1731
f 1323 1336 1324
f 1324 1337 1325
f 1320 1326 1329
f 1319 1320 1330
f 1326 1327 1328
f 1326 1328 1329
f 1320 1329 1330
f 1319 1331 1321
f 1321 1334 1322
f 1319 1330 1331
f 1321 1331 1334
f 1322 1334 1335
f 1322 1335 1323
f 1323 1335 1336
f 1324 1336 1337
f 1325 1338 1332
f 1332 1333 1342
f 1294 1332 1342
f 1294 1342 1295
f 1295 1342 1296
f 1332 1338 1333
f 1325 1337 1338
f 1338 1339 1333
f 1339 1340 1333
f 1340 1341 1333
f 1341 1344 1333
f 1296 1342 1343
f 1341 1345 1344
f 1345 1346 1344
f 1346 1347 1344
f 1347 1348 1344
f 1348 1349 1344
f 1349 1350 1344
f 1393 1351 1344
f 1350 1352 1344
f 1352 1393 1344
f 1319 1441 1320
f 1319 1321 1443
f 1321 1322 1444
f 1322 1323 1445
f 1323 1324 1446
f 1324 1325 1447
f 1326 1448 1327
f 1320 1442 1326
f 1327 1449 1328
f 1328 1450 1329
f 1329 1451 1330
f 1330 1452 1331
f 1331 1453 1334
f 1325 1332 1454
f 1334 1455 1335
f 1335 1456 1336
f 1336 1457 1337
f 1337 1458 1338
f 1338 1459 1339
f 1339 1793 1340
f 1340 1794 1341
f 1341 1859 1345
f 1345 1860 1346
f 1346 1861 1347
f 1347 1862 1348
f 1348 1863 1349
f 1349 1864 1350
f 1350 1865 1352
f 1352 1962 1393
f 1322 1445 1444
f 1320 1441 1442
f 1321 1444 1443
f 1319 1443 1441
f 1323 1446 1445
f 1324 1447 1446
f 1327 1448 1449
f 1326 1442 1448
f 1328 1449 1450
f 1329 1450 1451
f 1330 1451 1452
f 1331 1452 1453
f 1334 1453 1455
f 1325 1454 1447
f 1307 1454 1332
f 1335 1455 1456
f 1336 1456 1457
f 1337 1457 1458
f 1338 1458 1459
f 1339 1459 1460
f 1304 1343 1380
f 1304 1380 1305
f 1305 1380 1306
f 1306 1380 1378
f 1378 1396 1379
f 1395 1380 1351
f 1378 1380 1395
f 1378 1395 1396
f 1379 1396 1398
f 1379 1398 1381
f 1381 1399 1382
f 1382 1400 1383
f 1383 1400 1392
f 1381 1398 1399
f 1382 1399 1400
f 1383 1392 1384
f 1384 1391 1385
f 1385 1390 1386
f 1386 1388 1387
f 1384 1392 1391
f 1385 1391 1390
f 1386 1390 1388
f 1387 1388 1389
f 1394 1397 1351
f 1395 1351 1397
f 1393 1394 1351
f 1378 1379 1948
f 1379 1381 1949
f 1381 1382 1950
f 1382 1383 1951
f 1383 1384 1952
f 1384 1385 1953
f 1385 1386 1954
f 1386 1387 1955
f 1388 1390 1957
f 1387 1389 1956
f 1388 1958 1389
f 1390 1391 1959
f 1391 1392 1960
f 1392 1400 1961
f 1393 1963 1394
f 1394 1966 1397
f 1395 1965 1396
f 1395 1397 1964
f 1398 1968 1399
f 1396 1967 1398
f 1399 1969 1400
f 1339 1460 1791
f 1339 1791 1793
f 1340 1793 1794
f 1341 1794 1859
f 1345 1859 1860
f 1346 1860 1861
f 1347 1861 1862
f 1348 1862 1863
f 1349 1863 1864
f 1350 1864 1865
f 1352 1865 1962
f 1460 1792 1791
f 1378 1948 1732
f 1379 1949 1948
f 1381 1950 1949
f 1382 1951 1950
f 1383 1952 1951
f 1384 1953 1952
f 1385 1954 1953
f 1386 1955 1954
f 1400 1969 1961
f 1387 1956 1955
f 1389 1958 1956
f 1388 1957 1958
f 1390 1959 1957
f 1391 1960 1959
f 1392 1961 1960
f 1393 1962 1963
f 1394 1963 1966
f 1395 1964 1965
f 1396 1965 1967
f 1397 1966 1964
f 1398 1967 1968
f 1399 1968 1969
f 1719 1792 1720
f 1719 1721 1793
f 1722 1807 1808
f 1722 1808 1809
f 1721 1722 1794
f 1722 1811 1812
f 1722 1809 1811
f 1719 1791 1792
f 1719 1793 1791
f 1722 1812 1859
f 1721 1794 1793
f 1722 1859 1794
f 1722 1723 1806
f 1723 1724 1797
f 1724 1799 1797
f 1724 1800 1799
f 1724 1801 1800
f 1723 1810 1806
f 1722 1806 1807
f 1723 1796 1795
f 1723 1795 1810
f 1723 1798 1796
f 1723 1797 1798
f 1724 1725 1801
f 1725 1802 1801
f 1725 1803 1802
f 1725 1726 1805
f 1725 1805 1804
f 1725 1804 1803
f 1726 1828 1805
f 1859 1813 1814
f 1859 1812 1813
f 1859 1815 1816
f 1859 1814 1815
f 1859 1816 1817
f 1859 1817 1818
f 1859 1818 1819
f 1726 1727 1828
f 1727 1829 1828
f 1727 1830 1829
f 1727 1831 1830
f 1727 1728 1831
f 1728 1833 1832
f 1728 1832 1831
f 1728 1834 1833
f 1728 1729 1835
f 1728 1835 1834
f 1729 1836 1835
f 1729 1837 1836
f 1729 1844 1837
f 1729 1845 1844
f 1729 1846 1845
f 1729 1847 1846
f 1729 1848 1847
f 1729 1730 1962
f 1729 1962 1848
f 1865 1854 1857
f 1865 1856 1858
f 1865 1857 1856
f 1962 1849 1848
f 1962 1853 1852
f 1865 1858 1853
f 1962 1851 1850
f 1962 1850 1849
f 1962 1852 1851
f 1860 1819 1820
f 1860 1820 1821
f 1860 1821 1822
f 1860 1822 1823
f 1859 1819 1860
f 1861 1823 1824
f 1861 1824 1825
f 1860 1823 1861
f 1861 1825 1826
f 1862 1826 1827
f 1861 1826 1862
f 1863 1839 1840
f 1863 1827 1839
f 1863 1840 1838
f 1863 1838 1841
f 1862 1827 1863
f 1864 1842 1843
f 1864 1841 1842
f 1864 1843 1855
f 1863 1841 1864
f 1865 1855 1854
f 1864 1855 1865
f 1865 1853 1962
f 1730 1731 1963
f 1731 1732 1966
f 1732 1948 1964
f 1948 1949 1965
f 1730 1963 1962
f 1731 1966 1963
f 1732 1964 1966
f 1948 1965 1964
f 1949 1967 1965
f 1949 1950 1967
f 1950 1951 1968
f 1951 1952 1969
f 1952 1961 1969
f 1950 1968 1967
f 1951 1969 1968
f 1952 1953 1961
f 1953 1954 1960
f 1954 1955 1959
f 1955 1956 1957
f 1953 1960 1961
f 1954 1959 1960
f 1955 1957 1959
f 1956 1958 1957
f 3031 3074 3032
f 3028 3030 3074
f 3028 3074 3031
f 3036 3038 3037
f 3035 3037 3039
f 3034 3035 3040
f 3033 3034 3041
f 3037 3038 3039
f 3035 3039 3040
f 3034 3040 3041
f 3033 3041 3042
f 3025 3043 3026
f 3026 3044 3027
f 3025 3033 3042
f 3025 3042 3043
f 3026 3043 3044
f 3027 3044 3046
f 3027 3046 3029
f 3029 3047 3030
f 3030 3047 3045
f 3030 3045 3074
f 3029 3046 3047
f 3047 3387 3045
f 3387 3388 3045
f 3388 3389 3045
f 3389 3082 3045
f 3025 3026 4236
f 3027 3029 4238
f 3026 3027 4237
f 3028 4241 3030
f 3029 3030 4240
f 3028 3031 4239
f 3031 3032 4242
f 3025 4244 3033
f 3033 4245 3034
f 3034 4246 3035
f 3036 3037 4247
f 3036 4249 3038
f 3035 4248 3037
f 3038 4250 3039
f 3039 4251 3040
f 3040 4252 3041
f 3041 4253 3042
f 3042 4254 3043
f 3043 4255 3044
f 3044 4256 3046
f 3046 4257 3047
f 3032 3081 3073
f 3073 3081 3075
f 3032 3074 3081
f 3075 3081 3076
f 3076 3081 3077
f 3077 3081 3078
f 3078 3081 3079
f 3079 3081 3080
f 3080 3081 3084
f 3397 3083 3082
f 3084 3081 3092
f 3084 3092 3085
f 3085 3092 3086
f 3086 3092 3087
f 3087 3100 3088
f 3087 3092 3093
f 3397 3398 3083
f 3398 3399 3083
f 3093 3083 3399
f 3093 3092 3083
f 3087 3093 3100
f 3088 3101 3089
f 3089 3102 3090
f 3090 3102 3103
f 3090 3103 3091
f 3091 3104 3094
f 3094 3106 3095
f 3091 3103 3104
f 3094 3104 3106
f 3095 3105 3096
f 3096 3099 3097
f 3097 3099 3098
f 3095 3106 3105
f 3096 3105 3099
f 3088 3100 3101
f 3089 3101 3102
f 3086 3087 3273
f 3087 3088 3274
f 3088 3089 3275
f 3089 3090 3276
f 3090 3091 3277
f 3093 3278 3100
f 3091 3094 3279
f 3094 3095 3280
f 3095 3096 3281
f 3096 3097 3282
f 3097 3098 3283
f 3099 3105 3290
f 3098 3099 3284
f 3100 3285 3101
f 3101 3286 3102
f 3102 3287 3103
f 3103 3288 3104
f 3104 3289 3106
f 3105 3106 3291
f 3032 3073 4243
f 3073 3075 4391
f 3075 3076 4392
f 3076 3077 4393
f 3077 3078 4394
f 3078 3079 4395
f 3079 3080 4396
f 3080 3084 4397
f 3084 3085 4462
f 3085 3086 4463
f 3086 3273 3272
f 3087 3274 3273
f 3088 3275 3274
f 3089 3276 3275
f 3090 3277 3276
f 3093 3400 3278
f 3100 3278 3285
f 3091 3279 3277
f 3094 3280 3279
f 3095 3281 3280
f 3096 3282 3281
f 3097 3283 3282
f 3099 3290 3284
f 3098 3284 3283
f 3101 3285 3286
f 3102 3286 3287
f 3106 3289 3291
f 3104 3288 3289
f 3105 3291 3290
f 3103 3287 3288
f 3026 4237 4236
f 3027 4238 4237
f 3028 4239 4241
f 3029 4240 4238
f 3030 4241 4240
f 3031 4242 4239
f 3032 4243 4242
f 3033 4244 4245
f 3034 4245 4246
f 3035 4246 4248
f 3037 4248 4247
f 3036 4247 4249
f 3038 4249 4250
f 3025 4236 4244
f 3039 4250 4251
f 3040 4251 4252
f 3041 4252 4253
f 3042 4253 4254
f 3043 4254 4255
f 3044 4255 4256
f 3046 4256 4257
f 3047 4257 4895
f 3086 3272 4464
f 3073 4391 4243
f 3075 4392 4391
f 3076 4393 4392
f 3077 4394 4393
f 3078 4395 4394
f 3079 4396 4395
f 3080 4397 4396
f 3084 4462 4397
f 3085 4463 4462
f 3086 4464 4463
f 3272 4465 4464
f 3047 4895 3387
f 3387 4896 3388
f 3388 4897 3389
f 3389 3390 3082
f 3390 3391 3082
f 3391 3392 3082
f 3392 3393 3082
f 3393 3394 3082
f 3394 3395 3082
f 3395 3396 3082
f 3396 3397 3082
f 3093 3399 3400
f 3389 4898 3390
f 3390 4899 3391
f 3391 4900 3392
f 3392 4901 3393
f 3393 4902 3394
f 3394 4903 3395
f 3395 4904 3396
f 3396 4905 3397
f 3397 4906 3398
f 3398 4907 3399
f 3387 4895 4896
f 3388 4896 4897
f 3399 4907 3400
f 3389 4897 4898
f 3390 4898 4899
f 3391 4899 4900
f 3392 4900 4901
f 3393 4901 4902
f 3394 4902 4903
f 3395 4903 4904
f 3396 4904 4905
f 3397 4905 4906
f 3398 4906 4907
f 3400 4907 4908
f 4247 4248 4249
f 4246 4250 4248
f 4245 4251 4246
f 4244 4252 4245
f 4248 4250 4249
f 4246 4251 4250
f 4245 4252 4251
f 4244 4253 4252
f 4236 4237 4254
f 4237 4238 4255
f 4236 4253 4244
f 4236 4254 4253
f 4237 4255 4254
f 4238 4256 4255
f 4238 4240 4256
f 4240 4241 4257
f 4239 4895 4241
f 4239 4242 4896
f 4242 4243 4897
f 4240 4257 4256
f 4241 4895 4257
f 4239 4896 4895
f 4242 4897 4896
f 4243 4391 4403
f 4391 4392 4401
f 4391 4401 4402
f 4392 4393 4415
f 4392 4413 4401
f 4392 4414 4413
f 4392 4415 4414
f 4393 4394 4429
f 4393 4418 4415
f 4393 4416 4418
f 4393 4429 4417
f 4393 4417 4416
f 4394 4395 4430
f 4394 4430 4429
f 4395 4431 4430
f 4395 4396 4433
f 4395 4432 4431
f 4395 4433 4432
f 4396 4397 4437
f 4396 4435 4434
f 4396 4434 4433
f 4396 4436 4435
f 4396 4437 4436
f 4243 4404 4405
f 4243 4405 4406
f 4243 4406 4407
f 4391 4398 4403
f 4243 4403 4404
f 4243 4407 4408
f 4391 4399 4400
f 4391 4400 4398
f 4391 4402 4399
f 4243 4408 4898
f 4243 4898 4897
f 4898 4408 4409
f 4898 4410 4411
f 4898 4409 4410
f 4898 4411 4412
f 4898 4412 4419
f 4898 4419 4420
f 4898 4420 4421
f 4899 4421 4422
f 4898 4421 4899
f 4899 4422 4423
f 4899 4423 4424
f 4899 4424 4425
f 4899 4425 4900
f 4900 4425 4426
f 4900 4426 4427
f 4900 4427 4428
f 4900 4428 4901
f 4397 4438 4437
f 4397 4440 4439
f 4397 4439 4438
f 4397 4441 4440
f 4397 4442 4441
f 4397 4443 4442
f 4397 4444 4443
f 4901 4428 4451
f 4902 4451 4452
f 4902 4452 4453
f 4901 4451 4902
f 4902 4453 4454
f 4902 4454 4455
f 4902 4455 4903
f 4904 4459 4458
f 4904 4458 4460
f 4904 4461 4446
f 4904 4460 4461
f 4905 4450 4449
f 4904 4446 4450
f 4903 4456 4457
f 4903 4455 4456
f 4903 4457 4459
f 4903 4459 4904
f 4904 4450 4905
f 4397 4462 4905
f 4462 4463 4906
f 4397 4905 4444
f 4463 4464 4907
f 4464 4465 4907
f 4905 4445 4444
f 4905 4447 4445
f 4462 4906 4905
f 4905 4449 4448
f 4905 4448 4447
f 4463 4907 4906
f 4465 4908 4907
f 4934 4935 5921
f 4935 4936 5922
f 4936 4996 4937
f 4937 4996 4938
f 4938 4996 4939
f 4939 4996 4940
f 4940 4996 4941
f 4941 4996 4942
f 4942 4996 4943
f 4943 4996 4944
f 4936 4937 5923
f 4937 4938 5924
f 4938 4939 5925
f 4939 4940 5926
f 4940 4941 5927
f 4941 4942 5928
f 4942 4943 5929
f 4943 4944 5930
f 4944 4945 5931
f 4945 4946 5932
f 4946 5135 4947
f 4934 5921 5996
f 4935 5922 5921
f 4936 5923 5922
f 4946 4947 5933
f 4937 5924 5923
f 4938 5925 5924
f 4939 5926 5925
f 4940 5927 5926
f 4941 5928 5927
f 4942 5929 5928
f 4943 5930 5929
f 4944 5931 5930
f 4945 5932 5931
f 4946 5933 5932
f 4947 5934 5933
f 4951 4965 4952
f 4954 4956 4955
f 4950 4955 4957
f 4949 4950 4958
f 4948 4949 4959
f 4955 4956 4957
f 4950 4957 4958
f 4949 4958 4959
f 4948 4959 4963
f 4948 4963 4953
f 4951 4953 4964
f 4953 4963 4964
f 4951 4964 4965
f 4952 4965 4966
f 4952 4966 4960
f 4960 4967 4961
f 4934 4961 4995
f 4934 4995 4935
f 4935 4995 4936
f 4961 4962 4995
f 4961 4967 4962
f 4960 4966 4967
f 4967 4968 4962
f 4968 4969 4962
f 4969 4970 4962
f 4970 4997 4962
f 4948 4953 5983
f 4949 5985 4950
f 4948 5984 4949
f 4951 5988 4953
f 4952 4960 5987
f 4951 4952 5986
f 4954 4955 5989
f 4954 5991 4956
f 4950 5990 4955
f 4956 5992 4957
f 4957 5993 4958
f 4958 5994 4959
f 4959 5997 4963
f 4960 4961 5995
f 4934 5996 4961
f 4963 5998 4964
f 4964 5999 4965
f 4965 6000 4966
f 4966 6001 4967
f 4967 6002 4968
f 4968 6003 4969
f 4969 6004 4970
f 4936 4995 4996
f 4970 4998 4997
f 4998 4999 4997
f 4999 5000 4997
f 5000 5001 4997
f 5001 5002 4997
f 5021 5003 4997
f 5002 5004 4997
f 5004 5005 4997
f 5005 5021 4997
f 4944 4996 5007
f 4944 5007 4945
f 4945 5007 4946
f 4946 5007 5006
f 5006 5025 5008
f 5006 5007 5023
f 5023 5007 5003
f 5006 5023 5025
f 5008 5027 5009
f 5009 5026 5010
f 5010 5028 5011
f 5008 5025 5027
f 5009 5027 5026
f 5010 5026 5028
f 5011 5018 5012
f 5012 5020 5013
f 5011 5028 5018
f 5012 5018 5020
f 5013 5019 5014
f 5014 5017 5015
f 5013 5020 5019
f 5014 5019 5017
f 5015 5017 5016
f 5022 5024 5003
f 5023 5003 5024
f 5021 5022 5003
f 4946 5006 5135
f 5006 5008 5136
f 5008 5009 5137
f 5009 5010 5138
f 5010 5011 5139
f 5011 5012 5140
f 5012 5013 5141
f 5013 5014 5142
f 5014 5015 5143
f 5015 5016 5144
f 5016 5017 5145
f 5018 5028 5154
f 5018 5146 5020
f 5017 5019 5147
f 5019 5020 5148
f 5023 5149 5025
f 5023 5024 5150
f 5025 5151 5027
f 5026 5027 5153
f 5026 5152 5028
f 4970 6126 4998
f 4998 6127 4999
f 4999 6128 5000
f 5000 6129 5001
f 5001 6130 5002
f 5002 6131 5004
f 5004 6132 5005
f 5005 6133 5021
f 5021 6134 5022
f 5022 6135 5024
f 5006 5136 5135
f 5008 5137 5136
f 5009 5138 5137
f 5010 5139 5138
f 5011 5140 5139
f 5012 5141 5140
f 5013 5142 5141
f 5014 5143 5142
f 5015 5144 5143
f 5017 5147 5145
f 5016 5145 5144
f 5020 5146 5148
f 5018 5154 5146
f 5019 5148 5147
f 5025 5149 5151
f 5023 5150 5149
f 5027 5151 5153
f 5026 5153 5152
f 5028 5152 5154
f 4948 5983 5984
f 4949 5984 5985
f 4951 5986 5988
f 4952 5987 5986
f 4953 5988 5983
f 4955 5990 5989
f 4954 5989 5991
f 4950 5985 5990
f 4956 5991 5992
f 4957 5992 5993
f 4958 5993 5994
f 4959 5994 5997
f 4960 5995 5987
f 4961 5996 5995
f 4963 5997 5998
f 4964 5998 5999
f 4965 5999 6000
f 4966 6000 6001
f 4967 6001 6002
f 4968 6002 6003
f 4969 6003 6004
f 5024 6136 5150
f 4970 6004 6126
f 4998 6126 6127
f 4999 6127 6128
f 5000 6128 6129
f 5001 6129 6130
f 5002 6130 6131
f 5004 6131 6132
f 5005 6132 6133
f 5021 6133 6134
f 5022 6134 6135
f 5024 6135 6136
f 5986 5987 5999
f 5989 5990 5991
f 5985 5992 5990
f 5984 5993 5985
f 5983 5994 5984
f 5990 5992 5991
f 5985 5993 5992
f 5984 5994 5993
f 5983 5997 5994
f 5983 5988 5997
f 5986 5998 5988
f 5988 5998 5997
f 5986 5999 5998
f 5987 6000 5999
f 5987 5995 6000
f 5995 5996 6001
f 5921 6002 5996
f 5921 5922 6003
f 5922 5923 6004
f 5995 6001 6000
f 5996 6002 6001
f 5921 6003 6002
f 5922 6004 6003
f 5923 5924 6072
f 5924 5925 6064
f 5923 6073 6074
f 5923 6074 6075
f 5924 6081 6072
f 5923 6072 6073
f 5923 6076 6077
f 5923 6075 6076
f 5924 6063 6062
f 5924 6062 6081
f 5924 6065 6063
f 5924 6064 6065
f 5925 5926 6068
f 5925 6066 6064
f 5925 6067 6066
f 5925 6068 6067
f 5926 5927 6093
f 5926 6069 6068
f 5926 6070 6069
f 5926 6071 6070
f 5926 6093 6071
f 5923 6077 6126
f 5923 6126 6004
f 6126 6078 6079
f 6126 6077 6078
f 6126 6080 6082
f 6126 6079 6080
f 6126 6082 6083
f 6126 6083 6084
f 6126 6084 6085
f 5927 5928 6094
f 5927 6094 6093
f 5928 6095 6094
f 5928 5929 6097
f 5928 6096 6095
f 5928 6097 6096
f 5929 5930 6101
f 5929 6099 6098
f 5929 6098 6097
f 5929 6100 6099
f 5929 6101 6100
f 5930 6102 6101
f 5930 6103 6102
f 5930 6110 6103
f 5930 6111 6110
f 5930 6112 6111
f 5930 6113 6112
f 5930 6114 6113
f 6132 6121 6123
f 6132 6124 6125
f 6132 6123 6124
f 6133 6119 6118
f 6132 6125 6119
f 6127 6085 6086
f 6126 6085 6127
f 6127 6086 6087
f 6127 6087 6088
f 6127 6088 6089
f 6127 6089 6128
f 6128 6089 6090
f 6128 6090 6091
f 6128 6091 6092
f 6128 6092 6129
f 6129 6092 6104
f 6130 6105 6106
f 6130 6104 6105
f 6129 6104 6130
f 6130 6106 6107
f 6130 6107 6108
f 6130 6108 6131
f 6131 6109 6120
f 6131 6108 6109
f 6131 6120 6122
f 6132 6122 6121
f 6131 6122 6132
f 6132 6119 6133
f 5930 5931 6133
f 5931 5932 6134
f 5932 5933 6135
f 5933 5934 6135
f 5930 6133 6114
f 6133 6115 6114
f 5931 6134 6133
f 6133 6117 6116
f 6133 6116 6115
f 6133 6118 6117
f 5932 6135 6134
f 5934 6136 6135
f 248 62 58
f 278 58 69
f 249 68 62
f 316 69 70
f 250 103 68
f 386 70 103
f 249 62 248
f 248 58 278
f 249 250 68
f 278 69 316
f 249 248 259
f 248 261 259
f 248 262 261
f 248 263 262
f 248 278 263
f 249 271 250
f 249 252 253
f 249 253 255
f 249 255 254
f 249 260 258
f 249 257 251
f 249 251 252
f 249 258 257
f 249 259 260
f 249 254 256
f 249 256 267
f 249 269 270
f 249 267 268
f 249 268 269
f 249 270 271
f 263 278 264
f 264 278 265
f 265 278 266
f 266 278 273
f 273 278 274
f 274 278 275
f 275 278 276
f 276 278 277
f 277 278 279
f 279 278 280
f 280 278 281
f 281 278 282
f 282 278 283
f 278 284 283
f 278 306 284
f 278 316 306
f 271 272 250
f 272 285 250
f 285 286 250
f 286 287 250
f 287 288 250
f 288 289 250
f 289 290 250
f 290 291 250
f 291 292 250
f 292 293 250
f 293 294 250
f 250 294 295
f 250 295 297
f 250 297 298
f 250 298 299
f 307 306 316
f 307 316 308
f 308 316 309
f 309 316 310
f 312 316 314
f 314 316 315
f 315 316 296
f 310 316 311
f 311 316 313
f 313 316 312
f 305 316 303
f 302 303 316
f 304 316 305
f 296 316 304
f 250 386 103
f 316 70 386
f 250 299 386
f 299 300 386
f 300 301 386
f 301 302 386
f 302 316 386
f 251 512 252
f 253 252 514
f 255 515 254
f 253 516 255
f 254 517 256
f 256 528 267
f 258 260 519
f 258 518 257
f 251 257 513
f 259 520 260
f 259 261 521
f 261 262 522
f 262 263 523
f 263 264 524
f 264 265 525
f 265 266 526
f 266 273 527
f 269 531 270
f 267 529 268
f 268 530 269
f 270 532 271
f 271 533 272
f 272 545 285
f 273 274 534
f 274 275 535
f 275 276 536
f 276 277 537
f 277 279 538
f 279 280 539
f 280 281 540
f 281 282 541
f 282 283 542
f 283 284 543
f 284 306 544
f 285 546 286
f 286 547 287
f 287 548 288
f 288 549 289
f 289 550 290
f 290 551 291
f 291 552 292
f 292 553 293
f 293 554 294
f 294 555 295
f 296 304 556
f 295 557 297
f 297 558 298
f 298 559 299
f 299 560 300
f 300 561 301
f 305 303 564
f 301 562 302
f 302 563 303
f 304 305 565
f 307 566 306
f 307 308 567
f 308 309 568
f 309 310 569
f 310 311 570
f 311 313 571
f 313 312 573
f 312 314 572
f 314 315 574
f 315 296 575
f 251 513 512
f 252 512 514
f 255 516 515
f 253 514 516
f 254 515 517
f 256 517 528
f 260 520 519
f 257 518 513
f 258 519 518
f 259 521 520
f 261 522 521
f 262 523 522
f 263 524 523
f 264 525 524
f 265 526 525
f 266 527 526
f 269 530 531
f 267 528 529
f 268 529 530
f 270 531 532
f 271 532 533
f 272 533 545
f 273 534 527
f 274 535 534
f 275 536 535
f 276 537 536
f 277 538 537
f 279 539 538
f 280 540 539
f 281 541 540
f 282 542 541
f 283 543 542
f 284 544 543
f 306 566 544
f 285 545 546
f 286 546 547
f 287 547 548
f 288 548 549
f 289 549 550
f 290 550 551
f 291 551 552
f 292 552 553
f 293 553 554
f 294 554 555
f 295 555 557
f 296 556 575
f 297 557 558
f 298 558 559
f 299 559 560
f 300 560 561
f 301 561 562
f 302 562 563
f 303 563 564
f 305 564 565
f 304 565 556
f 307 567 566
f 308 568 567
f 309 569 568
f 310 570 569
f 311 571 570
f 313 573 571
f 312 572 573
f 314 574 572
f 315 575 574
f 1478 1342 1333
f 1545 1333 1344
f 1479 1343 1342
f 1546 1344 1351
f 1519 1380 1343
f 1624 1351 1380
f 1479 1342 1478
f 1478 1333 1545
f 1479 1519 1343
f 1545 1344 1546
f 1479 1478 1494
f 1478 1496 1494
f 1478 1497 1496
f 1478 1498 1497
f 1478 1545 1498
f 1479 1483 1482
f 1479 1495 1480
f 1479 1492 1495
f 1479 1491 1492
f 1479 1493 1491
f 1479 1494 1493
f 1479 1480 1481
f 1479 1481 1483
f 1479 1482 1484
f 1479 1484 1485
f 1479 1485 1486
f 1479 1486 1487
f 1479 1487 1488
f 1479 1488 1489
f 1479 1489 1519
f 1498 1545 1499
f 1499 1545 1500
f 1500 1545 1501
f 1501 1545 1502
f 1502 1545 1503
f 1503 1545 1504
f 1504 1545 1505
f 1505 1545 1506
f 1545 1507 1506
f 1545 1508 1507
f 1545 1509 1508
f 1545 1510 1509
f 1545 1511 1510
f 1545 1512 1511
f 1545 1525 1512
f 1519 1489 1490
f 1519 1490 1513
f 1519 1513 1514
f 1519 1514 1515
f 1519 1515 1516
f 1519 1516 1517
f 1519 1517 1518
f 1519 1518 1520
f 1519 1520 1521
f 1519 1521 1522
f 1519 1522 1523
f 1519 1523 1530
f 1519 1530 1531
f 1519 1531 1532
f 1519 1532 1533
f 1526 1525 1546
f 1524 1546 1527
f 1527 1546 1528
f 1526 1546 1524
f 1542 1546 1544
f 1528 1546 1529
f 1529 1546 1541
f 1541 1546 1540
f 1540 1546 1543
f 1543 1546 1542
f 1536 1537 1546
f 1538 1539 1546
f 1544 1546 1539
f 1538 1546 1537
f 1545 1546 1525
f 1519 1624 1380
f 1546 1351 1624
f 1519 1533 1624
f 1534 1535 1624
f 1533 1534 1624
f 1535 1536 1624
f 1536 1546 1624
f 1495 1795 1480
f 1481 1480 1796
f 1481 1798 1483
f 1483 1797 1482
f 1482 1799 1484
f 1484 1800 1485
f 1485 1801 1486
f 1486 1802 1487
f 1487 1803 1488
f 1488 1804 1489
f 1489 1805 1490
f 1490 1828 1513
f 1495 1492 1810
f 1491 1806 1492
f 1491 1493 1807
f 1494 1808 1493
f 1494 1496 1809
f 1496 1497 1811
f 1497 1498 1812
f 1498 1499 1813
f 1499 1500 1814
f 1500 1501 1815
f 1501 1502 1816
f 1502 1503 1817
f 1503 1504 1818
f 1504 1505 1819
f 1505 1506 1820
f 1506 1507 1821
f 1507 1508 1822
f 1508 1509 1823
f 1509 1510 1824
f 1510 1511 1825
f 1511 1512 1826
f 1512 1525 1827
f 1513 1829 1514
f 1514 1830 1515
f 1515 1831 1516
f 1516 1832 1517
f 1517 1833 1518
f 1518 1834 1520
f 1520 1835 1521
f 1521 1836 1522
f 1522 1837 1523
f 1524 1527 1838
f 1526 1839 1525
f 1526 1524 1840
f 1527 1528 1841
f 1528 1529 1842
f 1529 1541 1843
f 1523 1844 1530
f 1544 1539 1858
f 1530 1845 1531
f 1531 1846 1532
f 1532 1847 1533
f 1533 1848 1534
f 1534 1849 1535
f 1535 1850 1536
f 1536 1851 1537
f 1538 1537 1852
f 1538 1853 1539
f 1540 1543 1854
f 1541 1540 1855
f 1543 1542 1857
f 1542 1544 1856
f 1480 1795 1796
f 1481 1796 1798
f 1483 1798 1797
f 1482 1797 1799
f 1484 1799 1800
f 1485 1800 1801
f 1486 1801 1802
f 1487 1802 1803
f 1488 1803 1804
f 1489 1804 1805
f 1490 1805 1828
f 1492 1806 1810
f 1491 1807 1806
f 1493 1808 1807
f 1494 1809 1808
f 1496 1811 1809
f 1495 1810 1795
f 1497 1812 1811
f 1498 1813 1812
f 1499 1814 1813
f 1500 1815 1814
f 1501 1816 1815
f 1502 1817 1816
f 1503 1818 1817
f 1504 1819 1818
f 1505 1820 1819
f 1506 1821 1820
f 1507 1822 1821
f 1508 1823 1822
f 1509 1824 1823
f 1510 1825 1824
f 1511 1826 1825
f 1512 1827 1826
f 1525 1839 1827
f 1513 1828 1829
f 1514 1829 1830
f 1515 1830 1831
f 1516 1831 1832
f 1517 1832 1833
f 1518 1833 1834
f 1520 1834 1835
f 1521 1835 1836
f 1522 1836 1837
f 1523 1837 1844
f 1526 1840 1839
f 1524 1838 1840
f 1527 1841 1838
f 1528 1842 1841
f 1529 1843 1842
f 1541 1855 1843
f 1530 1844 1845
f 1531 1845 1846
f 1532 1846 1847
f 1533 1847 1848
f 1534 1848 1849
f 1535 1849 1850
f 1536 1850 1851
f 1538 1852 1853
f 1539 1853 1858
f 1537 1851 1852
f 1543 1857 1854
f 1540 1854 1855
f 1542 1856 1857
f 1544 1858 1856
f 3187 3074 3045
f 3335 3045 3082
f 3308 3081 3074
f 3375 3082 3083
f 3309 3092 3081
f 3376 3083 3092
f 3187 3308 3074
f 3187 3045 3335
f 3187 3318 3308
f 3187 3319 3318
f 3187 3320 3319
f 3187 3321 3320
f 3187 3335 3321
f 3308 3309 3081
f 3335 3082 3375
f 3309 3376 3092
f 3375 3083 3376
f 3308 3329 3309
f 3308 3317 3316
f 3308 3315 3310
f 3308 3316 3315
f 3308 3318 3317
f 3308 3312 3311
f 3308 3311 3314
f 3308 3314 3313
f 3308 3313 3325
f 3308 3325 3326
f 3308 3310 3312
f 3308 3330 3328
f 3308 3326 3327
f 3308 3327 3330
f 3308 3328 3329
f 3321 3335 3322
f 3322 3335 3323
f 3323 3335 3324
f 3324 3335 3331
f 3331 3335 3332
f 3335 3333 3332
f 3335 3334 3333
f 3335 3336 3334
f 3335 3337 3336
f 3335 3338 3337
f 3335 3339 3338
f 3335 3340 3339
f 3335 3341 3340
f 3335 3364 3341
f 3335 3365 3364
f 3329 3342 3309
f 3342 3343 3309
f 3343 3344 3309
f 3344 3345 3309
f 3345 3346 3309
f 3346 3347 3309
f 3347 3348 3309
f 3348 3349 3309
f 3309 3349 3350
f 3309 3350 3351
f 3309 3351 3352
f 3309 3352 3353
f 3309 3353 3354
f 3309 3354 3355
f 3309 3355 3356
f 3335 3375 3365
f 3365 3375 3366
f 3366 3375 3367
f 3367 3375 3368
f 3368 3375 3369
f 3369 3375 3370
f 3370 3375 3372
f 3371 3375 3373
f 3373 3375 3374
f 3360 3361 3375
f 3361 3363 3375
f 3362 3375 3363
f 3362 3359 3375
f 3374 3375 3359
f 3372 3375 3371
f 3309 3356 3376
f 3356 3357 3376
f 3357 3358 3376
f 3358 3360 3376
f 3360 3375 3376
f 3310 4400 3312
f 3311 3312 4399
f 3314 4401 3313
f 3311 4402 3314
f 3315 3316 4403
f 3316 3317 4404
f 3317 3318 4405
f 3318 3319 4406
f 3319 3320 4407
f 3320 3321 4408
f 3321 3322 4409
f 3322 3323 4410
f 3323 3324 4411
f 3315 4398 3310
f 3324 3331 4412
f 3313 4413 3325
f 3325 4414 3326
f 3326 4415 3327
f 3330 4416 3328
f 3328 4417 3329
f 3327 4418 3330
f 3331 3332 4419
f 3332 3333 4420
f 3333 3334 4421
f 3334 3336 4422
f 3336 3337 4423
f 3337 3338 4424
f 3338 3339 4425
f 3339 3340 4426
f 3340 3341 4427
f 3329 4429 3342
f 3342 4430 3343
f 3343 4431 3344
f 3344 4432 3345
f 3345 4433 3346
f 3346 4434 3347
f 3347 4435 3348
f 3348 4436 3349
f 3349 4437 3350
f 3350 4438 3351
f 3351 4439 3352
f 3352 4440 3353
f 3353 4441 3354
f 3354 4442 3355
f 3355 4443 3356
f 3356 4444 3357
f 3357 4445 3358
f 3358 4447 3360
f 3360 4448 3361
f 3361 4449 3363
f 3362 3363 4450
f 3362 4446 3359
f 3341 3364 4428
f 3364 3365 4451
f 3365 3366 4452
f 3366 3367 4453
f 3367 3368 4454
f 3368 3369 4455
f 3369 3370 4456
f 3370 3372 4457
f 3372 3371 4459
f 3371 3373 4458
f 3373 3374 4460
f 3374 3359 4461
f 3310 4398 4400
f 3312 4400 4399
f 3314 4402 4401
f 3311 4399 4402
f 3317 4405 4404
f 3315 4403 4398
f 3316 4404 4403
f 3318 4406 4405
f 3319 4407 4406
f 3320 4408 4407
f 3321 4409 4408
f 3322 4410 4409
f 3323 4411 4410
f 3324 4412 4411
f 3313 4401 4413
f 3325 4413 4414
f 3326 4414 4415
f 3327 4415 4418
f 3330 4418 4416
f 3328 4416 4417
f 3331 4419 4412
f 3332 4420 4419
f 3333 4421 4420
f 3334 4422 4421
f 3336 4423 4422
f 3337 4424 4423
f 3338 4425 4424
f 3339 4426 4425
f 3340 4427 4426
f 3341 4428 4427
f 3329 4417 4429
f 3342 4429 4430
f 3343 4430 4431
f 3344 4431 4432
f 3345 4432 4433
f 3346 4433 4434
f 3347 4434 4435
f 3348 4435 4436
f 3349 4436 4437
f 3350 4437 4438
f 3351 4438 4439
f 3352 4439 4440
f 3353 4440 4441
f 3354 4441 4442
f 3355 4442 4443
f 3356 4443 4444
f 3357 4444 4445
f 3359 4446 4461
f 3358 4445 4447
f 3360 4447 4448
f 3361 4448 4449
f 3363 4449 4450
f 3362 4450 4446
f 3364 4451 4428
f 3365 4452 4451
f 3366 4453 4452
f 3367 4454 4453
f 3368 4455 4454
f 3369 4456 4455
f 3370 4457 4456
f 3372 4459 4457
f 3371 4458 4459
f 3373 4460 4458
f 3374 4461 4460
f 5065 4995 4962
f 5244 4962 4997
f 5178 4996 4995
f 5245 4997 5003
f 5216 5007 4996
f 5246 5003 5007
f 5065 5178 4995
f 5065 4962 5244
f 5065 5192 5178
f 5065 5193 5192
f 5065 5194 5193
f 5065 5195 5194
f 5065 5244 5195
f 5178 5216 4996
f 5244 4997 5245
f 5216 5246 5007
f 5245 5003 5246
f 5178 5189 5198
f 5178 5190 5189
f 5178 5192 5191
f 5178 5191 5190
f 5178 5182 5181
f 5178 5181 5183
f 5178 5183 5184
f 5178 5198 5179
f 5178 5179 5180
f 5178 5180 5182
f 5178 5184 5185
f 5178 5186 5187
f 5178 5185 5186
f 5178 5187 5188
f 5195 5244 5196
f 5196 5244 5197
f 5197 5244 5199
f 5199 5244 5200
f 5200 5244 5201
f 5244 5202 5201
f 5244 5203 5202
f 5244 5204 5203
f 5244 5205 5204
f 5244 5206 5205
f 5244 5207 5206
f 5244 5208 5207
f 5244 5209 5208
f 5244 5222 5209
f 5244 5223 5222
f 5178 5188 5216
f 5216 5188 5210
f 5216 5210 5211
f 5216 5211 5212
f 5216 5212 5213
f 5216 5213 5214
f 5216 5214 5215
f 5216 5215 5217
f 5216 5217 5218
f 5216 5218 5219
f 5216 5219 5220
f 5216 5220 5221
f 5216 5221 5228
f 5216 5228 5229
f 5216 5229 5230
f 5216 5230 5231
f 5223 5245 5224
f 5225 5245 5226
f 5226 5245 5227
f 5224 5245 5225
f 5227 5245 5238
f 5238 5245 5240
f 5234 5235 5245
f 5237 5245 5236
f 5242 5245 5243
f 5237 5243 5245
f 5235 5236 5245
f 5240 5245 5239
f 5239 5245 5241
f 5241 5245 5242
f 5244 5245 5223
f 5216 5231 5246
f 5232 5233 5246
f 5231 5232 5246
f 5233 5234 5246
f 5234 5245 5246
f 5198 6062 5179
f 5179 6063 5180
f 5180 6065 5182
f 5182 6064 5181
f 5181 6066 5183
f 5183 6067 5184
f 5184 6068 5185
f 5185 6069 5186
f 5186 6070 5187
f 5187 6071 5188
f 5189 5190 6072
f 5191 5192 6074
f 5192 5193 6075
f 5190 5191 6073
f 5193 5194 6076
f 5194 5195 6077
f 5195 5196 6078
f 5196 5197 6079
f 5197 5199 6080
f 5189 6081 5198
f 5199 5200 6082
f 5200 5201 6083
f 5201 5202 6084
f 5202 5203 6085
f 5203 5204 6086
f 5204 5205 6087
f 5205 5206 6088
f 5206 5207 6089
f 5207 5208 6090
f 5208 5209 6091
f 5188 6093 5210
f 5210 6094 5211
f 5211 6095 5212
f 5212 6096 5213
f 5213 6097 5214
f 5214 6098 5215
f 5215 6099 5217
f 5217 6100 5218
f 5218 6101 5219
f 5219 6102 5220
f 5220 6103 5221
f 5209 5222 6092
f 5222 5223 6104
f 5223 5224 6105
f 5225 5226 6107
f 5226 5227 6108
f 5224 5225 6106
f 5221 6110 5228
f 5228 6111 5229
f 5229 6112 5230
f 5230 6113 5231
f 5231 6114 5232
f 5232 6115 5233
f 5233 6116 5234
f 5234 6117 5235
f 5237 6125 5243
f 5237 5236 6119
f 5235 6118 5236
f 5227 5238 6109
f 5238 5240 6120
f 5239 5241 6121
f 5240 5239 6122
f 5241 5242 6123
f 5242 5243 6124
f 5179 6062 6063
f 5180 6063 6065
f 5182 6065 6064
f 5181 6064 6066
f 5183 6066 6067
f 5184 6067 6068
f 5185 6068 6069
f 5186 6069 6070
f 5187 6070 6071
f 5189 6072 6081
f 5190 6073 6072
f 5191 6074 6073
f 5192 6075 6074
f 5193 6076 6075
f 5194 6077 6076
f 5195 6078 6077
f 5196 6079 6078
f 5197 6080 6079
f 5198 6081 6062
f 5199 6082 6080
f 5200 6083 6082
f 5201 6084 6083
f 5202 6085 6084
f 5203 6086 6085
f 5204 6087 6086
f 5205 6088 6087
f 5206 6089 6088
f 5207 6090 6089
f 5208 6091 6090
f 5209 6092 6091
f 5188 6071 6093
f 5210 6093 6094
f 5211 6094 6095
f 5212 6095 6096
f 5213 6096 6097
f 5214 6097 6098
f 5215 6098 6099
f 5217 6099 6100
f 5218 6100 6101
f 5219 6101 6102
f 5220 6102 6103
f 5221 6103 6110
f 5222 6104 6092
f 5223 6105 6104
f 5224 6106 6105
f 5226 6108 6107
f 5227 6109 6108
f 5225 6107 6106
f 5228 6110 6111
f 5229 6111 6112
f 5230 6112 6113
f 5231 6113 6114
f 5232 6114 6115
f 5233 6115 6116
f 5234 6116 6117
f 5236 6118 6119
f 5237 6119 6125
f 5235 6117 6118
f 5238 6120 6109
f 5240 6122 6120
f 5241 6123 6121
f 5239 6121 6122
f 5242 6124 6123
f 5243 6125 6124
f 1261 1228 1229
f 1262 1229 1230
f 1263 1232 1228
f 1266 1235 1231
f 1265 1231 1233
f 1264 1233 1232
f 1268 1234 1235
f 1267 1236 1234
f 1269 1237 1236
f 1270 1238 1237
f 1272 1243 1239
f 1271 1239 1238
f 1273 1240 1242
f 1274 1241 1240
f 1275 1245 1241
f 1276 1244 1243
f 1277 1242 1244
f 1278 1246 1245
f 1279 1247 1246
f 1280 1248 1247
f 1283 1249 1250
f 1285 1251 1252
f 1284 1250 1251
f 1287 1256 1254
f 1286 1254 1253
f 1292 1253 1259
f 1288 1252 1255
f 1289 1255 1256
f 1290 1259 1257
f 1291 1257 1258
f 1282 1260 1249
f 1293 1230 1260
f 1281 4113 1248
f 1261 1263 1228
f 1261 1229 1262
f 1293 1262 1230
f 1268 1235 1266
f 1265 1266 1231
f 1263 1264 1232
f 1264 1265 1233
f 1267 1234 1268
f 1267 1269 1236
f 1269 1270 1237
f 1270 1271 1238
f 1271 1272 1239
f 1273 1242 1277
f 1273 1274 1240
f 1274 1275 1241
f 1272 1276 1243
f 1276 1277 1244
f 1275 1278 1245
f 1278 1279 1246
f 1279 1280 1247
f 1280 1281 1248
f 1282 1249 1283
f 1283 1250 1284
f 1284 1251 1285
f 1288 1285 1252
f 1286 1253 1292
f 1286 1287 1254
f 1288 1255 1289
f 1287 1289 1256
f 1292 1259 1290
f 1290 1257 1291
f 1282 1293 1260
f 1291 1258 2561
f 2561 1258 2399
f 2562 2399 2400
f 2563 2400 2401
f 2564 2401 2402
f 2565 2402 2403
f 2566 2403 2404
f 2567 2404 2405
f 2568 2405 2406
f 2573 2406 2407
f 2574 2407 2408
f 2575 2408 2409
f 2576 2409 2410
f 2577 2410 2411
f 2578 2411 2412
f 2579 2412 2413
f 2581 2414 2415
f 2580 2413 2414
f 2582 2415 2416
f 2583 2416 2417
f 2584 2417 2418
f 2585 2418 2419
f 2586 2419 2420
f 2588 2420 2422
f 2587 2422 2421
f 2589 2421 2423
f 2590 2423 2424
f 2591 2424 2425
f 2592 2425 2426
f 2593 2426 2427
f 2595 2428 2429
f 2594 2427 2428
f 2596 2429 2430
f 2597 2430 2431
f 2597 2431 5343
f 2561 2399 2562
f 2562 2400 2563
f 2563 2401 2564
f 2564 2402 2565
f 2565 2403 2566
f 2566 2404 2567
f 2567 2405 2568
f 2573 2568 2406
f 2573 2407 2574
f 2574 2408 2575
f 2575 2409 2576
f 2576 2410 2577
f 2577 2411 2578
f 2578 2412 2579
f 2579 2413 2580
f 2580 2414 2581
f 2581 2415 2582
f 2582 2416 2583
f 2583 2417 2584
f 2584 2418 2585
f 2585 2419 2586
f 2586 2420 2588
f 2587 2421 2589
f 2587 2588 2422
f 2589 2423 2590
f 2590 2424 2591
f 2591 2425 2592
f 2592 2426 2593
f 2593 2427 2594
f 2594 2428 2595
f 2595 2429 2596
f 2596 2430 2597
f 4146 4114 4113
f 4147 4115 4114
f 4148 4116 4115
f 4149 4117 4116
f 4150 4118 4117
f 4151 4119 4118
f 4152 4120 4119
f 4153 4121 4120
f 4154 4122 4121
f 4155 4123 4122
f 4156 4124 4123
f 4157 4125 4124
f 4158 4126 4125
f 4159 4127 4126
f 4160 4128 4127
f 4161 4129 4128
f 4162 4130 4129
f 4163 4131 4130
f 4164 4132 4131
f 4165 4133 4132
f 4166 4134 4133
f 4167 4135 4134
f 4168 4136 4135
f 4169 4137 4136
f 4170 4138 4137
f 4171 4139 4138
f 4172 4140 4139
f 4173 4141 4140
f 4174 4142 4141
f 4175 4143 4142
f 4176 4144 4143
f 4177 4145 4144
f 4178 5406 4145
f 1281 4146 4113
f 4146 4147 4114
f 4147 4148 4115
f 4148 4149 4116
f 4149 4150 4117
f 4150 4151 4118
f 4151 4152 4119
f 4152 4153 4120
f 4153 4154 4121
f 4154 4155 4122
f 4155 4156 4123
f 4156 4157 4124
f 4157 4158 4125
f 4158 4159 4126
f 4159 4160 4127
f 4160 4161 4128
f 4161 4162 4129
f 4162 4163 4130
f 4163 4164 4131
f 4164 4165 4132
f 4165 4166 4133
f 4166 4167 4134
f 4167 4168 4135
f 4168 4169 4136
f 4169 4170 4137
f 4170 4171 4138
f 4171 4172 4139
f 4172 4173 4140
f 4173 4174 4141
f 4174 4175 4142
f 4175 4176 4143
f 4176 4177 4144
f 4177 4178 4145
f 5499 5401 5400
f 5500 5405 5401
f 5501 5403 5402
f 5502 5404 5403
f 5503 5430 5404
f 5504 5402 5405
f 5505 5407 5406
f 5506 5400 5407
f 5510 5343 5408
f 5511 5408 5409
f 5513 5409 5411
f 5512 5411 5410
f 5515 5410 5413
f 5516 5412 5414
f 5514 5413 5412
f 5518 5415 5416
f 5517 5414 5415
f 5519 5422 5417
f 5521 5418 5419
f 5520 5416 5418
f 5522 5419 5420
f 5523 5420 5421
f 5524 5421 5422
f 5525 5417 5425
f 5526 5424 5423
f 5527 5425 5424
f 5529 5426 5427
f 5534 5427 5432
f 5528 5428 5426
f 5530 5423 5429
f 5531 5429 5428
f 5532 5431 5430
f 5533 5432 5431
f 2597 5343 5510
f 4178 5505 5406
f 5499 5500 5401
f 5501 5402 5504
f 5501 5502 5403
f 5502 5503 5404
f 5503 5532 5430
f 5500 5504 5405
f 5505 5506 5407
f 5506 5499 5400
f 5510 5408 5511
f 5511 5409 5513
f 5512 5410 5515
f 5512 5513 5411
f 5514 5412 5516
f 5514 5515 5413
f 5517 5415 5518
f 5517 5516 5414
f 5518 5416 5520
f 5519 5524 5422
f 5520 5418 5521
f 5521 5419 5522
f 5522 5420 5523
f 5523 5421 5524
f 5519 5417 5525
f 5530 5526 5423
f 5526 5527 5424
f 5525 5425 5527
f 5528 5426 5529
f 5529 5427 5534
f 5528 5531 5428
f 5530 5429 5531
f 5532 5533 5431
f 5533 5534 5432
f 2136 2836 2128
f 2131 2834 2130
f 2130 2835 2129
f 2128 2834 2131
f 2132 2838 2137
f 2132 2134 2838
f 2135 2839 2134
f 2135 2133 2840
f 2136 2137 2837
f 2140 2842 2139
f 2139 2843 2141
f 2141 2843 2142
f 2142 2843 2143
f 2138 2129 2841
f 2138 2841 2140
f 2143 2844 2144
f 2144 2845 2145
f 2145 2846 2146
f 2146 2846 2147
f 2147 2847 2148
f 2148 2848 2233
f 2151 2212 2123
f 2124 2123 2184
f 2124 2185 2125
f 2125 2186 2127
f 2126 2187 2823
f 2127 2188 2126
f 2123 2212 2184
f 2124 2184 2185
f 2125 2185 2186
f 2127 2186 2188
f 2126 2188 2187
f 2128 2131 2192
f 2131 2130 2191
f 2130 2129 2190
f 2132 2137 2198
f 2132 2193 2134
f 2133 2194 2149
f 2135 2134 2195
f 2135 2196 2133
f 2136 2197 2137
f 2136 2128 2189
f 2138 2199 2129
f 2138 2140 2201
f 2140 2139 2200
f 2139 2141 2202
f 2141 2142 2203
f 2142 2143 2204
f 2143 2144 2205
f 2144 2145 2206
f 2145 2146 2207
f 2146 2147 2208
f 2147 2148 2209
f 2148 2233 2329
f 2150 2149 2210
f 2150 2211 2151
f 2128 2192 2189
f 2129 2199 2190
f 2131 2191 2192
f 2130 2190 2191
f 2132 2198 2193
f 2134 2193 2195
f 2133 2196 2194
f 2135 2195 2196
f 2137 2197 2198
f 2136 2189 2197
f 2138 2201 2199
f 2140 2200 2201
f 2139 2202 2200
f 2141 2203 2202
f 2142 2204 2203
f 2143 2205 2204
f 2144 2206 2205
f 2145 2207 2206
f 2146 2208 2207
f 2147 2209 2208
f 2148 2329 2209
f 2150 2210 2211
f 2149 2194 2210
f 2151 2211 2212
f 2233 2848 2234
f 2234 2876 2235
f 2235 2877 2236
f 2236 2878 2237
f 2237 2879 2238
f 2233 2234 2330
f 2234 2235 2331
f 2235 2236 2333
f 2236 2237 2334
f 2237 2238 2335
f 2238 2239 2354
f 2239 2240 2355
f 2240 2241 2357
f 2241 2242 2358
f 2242 2243 2361
f 2243 2244 2362
f 2244 2245 2364
f 2245 2246 2366
f 2233 2330 2329
f 2234 2331 2330
f 2235 2333 2331
f 2236 2334 2333
f 2237 2335 2334
f 2238 2354 2335
f 2239 2355 2354
f 2240 2357 2355
f 2241 2358 2357
f 2242 2361 2358
f 2243 2362 2361
f 2244 2364 2362
f 2245 2366 2364
f 2246 2903 2366
f 2151 2123 2857
f 2124 2851 2123
f 2123 2849 2857
f 2123 2850 2849
f 2133 2149 2854
f 2150 2855 2149
f 2150 2151 2856
f 2129 2835 2841
f 2128 2836 2834
f 2136 2837 2836
f 2130 2834 2835
f 2134 2839 2838
f 2135 2840 2839
f 2137 2838 2837
f 2140 2841 2842
f 2139 2842 2843
f 2143 2843 2844
f 2144 2844 2845
f 2145 2845 2846
f 2147 2846 2847
f 2148 2847 2848
f 2133 2854 2840
f 2149 2855 2854
f 2150 2856 2855
f 2151 2857 2856
f 2123 2851 2850
f 2823 2858 2824
f 2824 2859 2825
f 2825 2860 2826
f 2826 2861 2827
f 2827 2862 2828
f 2828 2863 2829
f 2831 2830 2865
f 2831 2866 2832
f 2832 2867 2833
f 2829 2864 2830
f 2823 2187 2858
f 2824 2858 2859
f 2825 2859 2860
f 2826 2860 2861
f 2827 2861 2862
f 2828 2862 2863
f 2829 2863 2864
f 2830 2864 2865
f 2831 2865 2866
f 2832 2866 2867
f 2833 2867 2868
f 2238 2894 2239
f 2234 2848 2876
f 2239 2895 2240
f 2240 2896 2241
f 2235 2876 2877
f 2236 2877 2878
f 2237 2878 2879
f 2238 2879 2894
f 2239 2894 2895
f 2240 2895 2896
f 2241 2896 2897
f 2241 2897 2898
f 2241 2898 2899
f 2241 2899 2900
f 2881 2883 2882
f 2246 2869 2903
f 2869 2870 2904
f 2870 2871 2909
f 2871 2872 2911
f 2872 2873 2918
f 2873 2874 2921
f 2874 2875 2923
f 2875 2880 2929
f 2880 2881 2932
f 2881 2882 2933
f 2882 2883 2936
f 2869 2904 2903
f 2870 2905 2904
f 2870 2906 2905
f 2870 2909 2906
f 2871 2910 2909
f 2871 2911 2910
f 2872 2918 2911
f 2873 2919 2918
f 2873 2921 2919
f 2874 2922 2921
f 2874 2923 2922
f 2875 2929 2923
f 2917 2911 2918
f 2880 2930 2929
f 2880 2932 2930
f 2881 2933 2932
f 2882 2936 2933
f 2823 2824 6230
f 2125 2127 6233
f 2124 2125 6234
f 2127 2126 6232
f 2126 2823 6231
f 2831 2832 5769
f 2832 2833 5768
f 2824 2825 6229
f 2825 2826 5775
f 2826 2827 5774
f 2827 2828 5773
f 2828 2829 5772
f 2829 2830 5771
f 2831 5770 2830
f 2124 6235 2851
f 2952 5720 2953
f 2953 5709 2954
f 2954 5704 2955
f 2955 5707 2956
f 2956 5707 2957
f 2957 5707 2958
f 2958 5707 2959
f 2959 5707 2960
f 2960 5707 2961
f 2961 5707 2962
f 2975 2964 5707
f 2965 2967 5707
f 2965 5707 2964
f 2962 5707 2963
f 2963 5707 2966
f 2967 2966 5707
f 2975 5707 2974
f 2833 2868 5765
f 2241 6322 2242
f 2242 6320 2243
f 2243 6319 2244
f 2244 5859 2245
f 2245 5858 2246
f 2246 5864 2869
f 2869 5863 2870
f 2870 5862 2871
f 2871 5861 2872
f 2872 5860 2873
f 2873 5857 2874
f 2874 5856 2875
f 2875 5855 2880
f 2880 5854 2881
f 2881 5854 2883
f 2241 2900 6322
f 2973 2974 5740
f 2973 5756 2972
f 2900 2901 6322
f 2883 5875 2936
f 2851 6235 2852
f 2852 6235 2853
f 2853 6235 2949
f 2949 6236 2950
f 2950 6237 2951
f 2951 6237 2952
f 2952 5727 5726
f 2952 5728 5727
f 2952 5729 5728
f 2952 5730 5729
f 2952 5731 5730
f 2952 5764 5731
f 2952 5721 5720
f 2952 5722 5721
f 2952 5724 5722
f 2952 5723 5724
f 2953 5715 5714
f 2953 5714 5713
f 2952 5725 5723
f 2952 5726 5725
f 2953 5717 5719
f 2953 5719 5716
f 2953 5716 5715
f 2953 5718 5717
f 2953 5720 5718
f 2953 5713 5709
f 2954 5710 5711
f 2954 5701 5702
f 2954 5711 5712
f 2954 5712 5700
f 2954 5700 5701
f 2954 5709 5708
f 2954 5708 5710
f 2954 5703 5704
f 2954 5702 5703
f 2955 5704 5705
f 2955 5705 5706
f 2955 5706 5707
f 2974 5707 5732
f 2833 5765 5767
f 2833 5767 5768
f 2832 5768 5769
f 2831 5769 5770
f 2830 5770 5771
f 2829 5771 5772
f 2828 5772 5773
f 2827 5773 5774
f 2826 5774 5775
f 2825 5775 6229
f 2824 6229 6230
f 2823 6230 6231
f 2126 6231 6232
f 2127 6232 6233
f 2125 6233 6234
f 2124 6234 6235
f 2952 5776 5764
f 5765 2868 5809
f 2901 2902 6321
f 2902 2968 6321
f 2968 2969 6324
f 2970 2971 6326
f 2971 2972 6323
f 2969 2970 6325
f 2974 5735 5736
f 2974 5734 5735
f 2974 5733 5734
f 2974 5732 5733
f 2974 5737 5738
f 2974 5736 5737
f 2974 5739 5740
f 2974 5738 5739
f 2973 5741 5742
f 2973 5740 5741
f 2973 5743 5744
f 2973 5742 5743
f 2973 5744 5745
f 2973 5745 5746
f 2973 5747 5748
f 2973 5746 5747
f 2973 5748 5749
f 2973 5751 5752
f 2973 5750 5751
f 2973 5749 5750
f 2972 5756 5757
f 2972 5757 5758
f 2972 5758 5759
f 2972 5759 5760
f 2973 5754 5755
f 2973 5753 5754
f 2973 5752 5753
f 2973 5755 5756
f 2972 5760 5761
f 2972 5761 5762
f 2972 5762 5763
f 2972 5763 5820
f 2869 5864 5863
f 2246 5858 5864
f 2244 6319 5859
f 2243 6320 6319
f 2245 5859 5858
f 2242 6322 6320
f 2880 5855 5854
f 2875 5856 5855
f 2874 5857 5856
f 2873 5860 5857
f 2872 5861 5860
f 2871 5862 5861
f 2870 5863 5862
f 2972 5820 6327
f 2883 5854 5875
f 2952 6238 5776
f 2949 6235 6236
f 2950 6236 6237
f 2952 6237 6238
f 5765 5766 5767
f 5777 6238 5778
f 5776 6238 5777
f 5778 6238 5779
f 5781 6238 5782
f 5780 6238 5781
f 5779 6238 5780
f 5784 6238 5785
f 5783 6238 5784
f 5782 6238 5783
f 5785 6238 5786
f 5788 6238 5789
f 5787 6238 5788
f 5786 6238 5787
f 5789 6238 5790
f 5791 6238 5792
f 5790 6238 5791
f 5792 6238 5793
f 5793 6238 5794
f 5795 6238 5796
f 5794 6238 5795
f 5796 6239 5797
f 5797 6239 5798
f 5798 6239 5799
f 5799 6239 5800
f 5800 6239 5801
f 5801 6239 5802
f 5802 6239 5803
f 5803 6239 5804
f 5804 6239 5805
f 5805 6239 5806
f 5806 6239 5807
f 5807 6240 5808
f 5808 6240 5831
f 5765 5809 5766
f 5766 5810 5767
f 5767 5811 5768
f 5768 5812 5769
f 5769 5813 5770
f 5770 5814 5771
f 5771 5815 5772
f 5772 5816 5773
f 5773 5817 5774
f 5774 5818 5775
f 5775 5819 6229
f 5766 5809 5810
f 5767 5810 5811
f 5768 5811 5812
f 5769 5812 5813
f 5770 5813 5814
f 5771 5814 5815
f 5772 5815 5816
f 5773 5816 5817
f 5774 5817 5818
f 5775 5818 5819
f 2901 6321 6322
f 2968 6324 6321
f 2971 6323 6326
f 2972 6327 6323
f 2969 6325 6324
f 2970 6326 6325
f 5820 5821 6327
f 5821 5822 6327
f 5822 5823 6327
f 5823 5824 6327
f 5824 5825 6327
f 5825 5826 6327
f 5826 5827 6327
f 5838 6327 5829
f 5827 5830 6327
f 5830 5828 6327
f 5828 5829 6327
f 5838 5839 6327
f 5840 6327 5839
f 5840 5841 6327
f 5841 5842 6327
f 5843 5845 6327
f 5842 5843 6327
f 5833 5837 6329
f 5832 6329 5837
f 5831 6329 5832
f 5833 6329 5834
f 5846 5851 6328
f 5850 6328 5851
f 5844 5846 6328
f 5852 5835 6328
f 5835 5836 6328
f 5834 6328 5836
f 5847 6328 5850
f 5847 5848 6328
f 5852 6328 5853
f 5848 5849 6328
f 5849 5853 6328
f 5844 6328 5845
f 5854 5855 5876
f 5855 5856 5877
f 5856 5857 5878
f 5857 5860 5887
f 5864 5858 5883
f 5859 5886 5858
f 5860 5861 5889
f 5861 5862 5891
f 5862 5863 5893
f 5863 5864 5901
f 5854 5876 5875
f 5855 5877 5876
f 5856 5878 5877
f 5857 5887 5878
f 5879 5878 5887
f 5864 5883 5901
f 5858 5885 5884
f 5858 5884 5883
f 5858 5886 5885
f 5859 6372 5886
f 5900 5901 5883
f 5860 5888 5887
f 5860 5889 5888
f 5861 5891 5889
f 5862 5892 5891
f 5862 5893 5892
f 5863 5899 5893
f 5863 5901 5899
f 5796 6238 6239
f 5807 6239 6240
f 5831 6240 6241
f 5831 6241 6242
f 5831 6242 6243
f 5831 6243 6244
f 5831 6255 6257
f 5831 6244 6245
f 5831 6245 6246
f 5831 6246 6247
f 5831 6247 6248
f 5831 6248 6249
f 5831 6249 6250
f 5831 6250 6252
f 5831 6252 6251
f 5831 6251 6253
f 5831 6253 6254
f 5831 6256 6255
f 5831 6254 6256
f 6229 6258 6230
f 6230 6259 6231
f 6231 6260 6232
f 6232 6261 6233
f 6233 6262 6234
f 6229 5819 6258
f 6230 6258 6259
f 6231 6259 6260
f 6232 6260 6261
f 6233 6261 6262
f 6234 6262 6263
f 6234 6263 6235
f 6235 6264 6236
f 6236 6265 6237
f 6237 6266 6238
f 6238 6267 6239
f 6239 6268 6240
f 6240 6269 6241
f 6241 6270 6242
f 6242 6271 6243
f 6243 6272 6244
f 6244 6273 6245
f 6245 6274 6246
f 6246 6275 6247
f 6257 6286 6332
f 6247 6276 6248
f 6248 6277 6249
f 6249 6278 6250
f 6250 6279 6252
f 6252 6281 6251
f 6254 6283 6256
f 6251 6280 6253
f 6254 6253 6282
f 6257 6255 6284
f 6256 6285 6255
f 6235 6263 6264
f 6236 6264 6265
f 6237 6265 6266
f 6238 6266 6267
f 6239 6267 6268
f 6240 6268 6269
f 6241 6269 6270
f 6242 6270 6271
f 6243 6271 6272
f 6244 6272 6273
f 6245 6273 6274
f 6246 6274 6275
f 6332 6286 6405
f 6247 6275 6276
f 6248 6276 6277
f 6249 6277 6278
f 6250 6278 6279
f 6252 6279 6281
f 6251 6281 6280
f 6256 6283 6285
f 6253 6280 6282
f 6254 6282 6283
f 6255 6285 6284
f 6257 6284 6286
f 5845 6328 6327
f 5831 6330 6329
f 5831 6331 6330
f 5831 6332 6331
f 5831 6257 6332
f 5834 6329 6328
f 5859 6319 6372
f 6319 6320 6373
f 6320 6322 6376
f 6322 6321 6375
f 6321 6324 6379
f 6324 6325 6380
f 6325 6326 6383
f 6323 6378 6326
f 6328 6401 6327
f 6323 6327 6400
f 6328 6329 6402
f 6331 6404 6330
f 6329 6330 6403
f 6331 6332 6405
f 6319 6373 6372
f 6320 6376 6373
f 6322 6375 6376
f 6323 6400 6378
f 6321 6379 6375
f 6324 6380 6379
f 6325 6383 6380
f 6326 6378 6383
f 6327 6401 6400
f 6328 6402 6401
f 6329 6403 6402
f 6330 6404 6403
f 6331 6405 6404
f 2835 2743 2744
f 2836 2746 2745
f 2834 2745 2743
f 2838 2748 2747
f 2839 2749 2748
f 2837 2747 2746
f 2842 2750 2751
f 2841 2744 2750
f 2843 2751 2752
f 2844 2752 2753
f 2845 2753 2754
f 2846 2754 2755
f 2847 2755 2756
f 2848 2756 2757
f 2849 2759 2758
f 2850 2760 2759
f 2851 2761 2760
f 2852 2762 2761
f 2854 2764 2763
f 2840 2763 2749
f 2855 2765 2764
f 2856 2766 2765
f 2857 2758 2766
f 2876 2757 2773
f 2877 2773 2774
f 2878 2774 2775
f 2879 2775 2776
f 2894 2776 2787
f 2895 2787 2788
f 2896 2788 2789
f 2897 2789 2790
f 2898 2790 2791
f 2899 2791 2792
f 2900 2792 2793
f 2901 2793 2794
f 2902 2794 2795
f 2853 2796 2762
f 2949 2797 2796
f 2950 2798 2797
f 2951 2799 2798
f 2952 2800 2799
f 2953 2801 2800
f 2954 2802 2801
f 2955 2803 2802
f 2956 2804 2803
f 2957 2805 2804
f 2958 2806 2805
f 2959 2807 2806
f 2960 2808 2807
f 2961 2809 2808
f 2962 2810 2809
f 2963 2813 2810
f 2967 2812 2814
f 2964 2822 2811
f 2965 2811 2812
f 2966 2814 2813
f 2968 2795 2815
f 2969 2815 2816
f 2971 2817 2818
f 2972 2818 2819
f 2970 2816 2817
f 2973 2819 2820
f 2974 2820 2821
f 2975 2821 2822
f 2834 2743 2835
f 2835 2744 2841
f 2834 2836 2745
f 2836 2837 2746
f 2837 2838 2747
f 2838 2839 2748
f 2840 2749 2839
f 2841 2750 2842
f 2843 2842 2751
f 2843 2752 2844
f 2844 2753 2845
f 2845 2754 2846
f 2846 2755 2847
f 2847 2756 2848
f 2848 2757 2876
f 2849 2850 2759
f 2850 2851 2760
f 2851 2852 2761
f 2852 2853 2762
f 2840 2854 2763
f 2854 2855 2764
f 2855 2856 2765
f 2856 2857 2766
f 2857 2849 2758
f 2876 2773 2877
f 2877 2774 2878
f 2878 2775 2879
f 2879 2776 2894
f 2894 2787 2895
f 2895 2788 2896
f 2896 2789 2897
f 2897 2790 2898
f 2898 2791 2899
f 2899 2792 2900
f 2900 2793 2901
f 2901 2794 2902
f 2853 2949 2796
f 2949 2950 2797
f 2950 2951 2798
f 2951 2952 2799
f 2952 2953 2800
f 2953 2954 2801
f 2954 2955 2802
f 2955 2956 2803
f 2956 2957 2804
f 2957 2958 2805
f 2958 2959 2806
f 2959 2960 2807
f 2960 2961 2808
f 2961 2962 2809
f 2962 2963 2810
f 2965 2964 2811
f 2965 2812 2967
f 2963 2966 2813
f 2967 2814 2966
f 2902 2795 2968
f 2968 2815 2969
f 2969 2816 2970
f 2970 2817 2971
f 2971 2818 2972
f 2973 2820 2974
f 2973 2972 2819
f 2975 2974 2821
f 2975 2822 2964
f 5701 5552 5553
f 5702 5553 5554
f 5703 5554 5555
f 5704 5555 5556
f 5705 5556 5557
f 5706 5557 5558
f 5707 5558 5559
f 5708 5560 5561
f 5709 5567 5560
f 5710 5561 5562
f 5711 5562 5564
f 5700 5563 5552
f 5712 5564 5563
f 5713 5565 5567
f 5714 5566 5565
f 5715 5568 5566
f 5717 5570 5569
f 5719 5569 5571
f 5716 5571 5568
f 5718 5572 5570
f 5720 5573 5572
f 5721 5574 5573
f 5723 5577 5575
f 5722 5576 5574
f 5724 5575 5576
f 5725 5578 5577
f 5726 5579 5578
f 5727 5580 5579
f 5728 5581 5580
f 5729 5582 5581
f 5730 5583 5582
f 5731 5616 5583
f 5732 5559 5584
f 5733 5584 5585
f 5734 5585 5586
f 5735 5586 5587
f 5736 5587 5588
f 5737 5588 5589
f 5738 5589 5590
f 5739 5590 5591
f 5740 5591 5592
f 5741 5592 5593
f 5742 5593 5594
f 5743 5594 5595
f 5744 5595 5596
f 5745 5596 5597
f 5746 5597 5598
f 5747 5598 5599
f 5748 5599 5600
f 5749 5600 5601
f 5750 5601 5602
f 5751 5602 5603
f 5752 5603 5604
f 5753 5604 5605
f 5754 5605 5606
f 5755 5606 5607
f 5756 5607 5608
f 5757 5608 5609
f 5758 5609 5610
f 5759 5610 5611
f 5760 5611 5612
f 5761 5612 5613
f 5762 5613 5614
f 5763 5614 5615
f 5820 5615 5656
f 5764 5617 5616
f 5776 5618 5617
f 5777 5619 5618
f 5778 5620 5619
f 5779 5621 5620
f 5780 5622 5621
f 5781 5623 5622
f 5782 5624 5623
f 5783 5625 5624
f 5784 5626 5625
f 5785 5627 5626
f 5786 5628 5627
f 5787 5629 5628
f 5788 5630 5629
f 5789 5631 5630
f 5790 5632 5631
f 5791 5633 5632
f 5792 5634 5633
f 5793 5635 5634
f 5794 5636 5635
f 5795 5637 5636
f 5796 5638 5637
f 5797 5639 5638
f 5798 5640 5639
f 5799 5641 5640
f 5800 5642 5641
f 5801 5643 5642
f 5802 5644 5643
f 5803 5645 5644
f 5804 5646 5645
f 5805 5647 5646
f 5806 5648 5647
f 5807 5649 5648
f 5808 5667 5649
f 5821 5656 5657
f 5822 5657 5658
f 5823 5658 5659
f 5824 5659 5660
f 5825 5660 5661
f 5826 5661 5662
f 5827 5662 5663
f 5828 5666 5664
f 5829 5664 5665
f 5830 5663 5666
f 5831 5668 5667
f 5832 5673 5668
f 5837 5669 5673
f 5833 5670 5669
f 5836 5671 5672
f 5834 5672 5670
f 5838 5665 5674
f 5839 5674 5675
f 5840 5675 5676
f 5841 5676 5678
f 5843 5677 5679
f 5842 5678 5677
f 5845 5679 5681
f 5846 5680 5682
f 5844 5681 5680
f 5848 5683 5684
f 5849 5684 5685
f 5851 5682 5687
f 5847 5686 5683
f 5850 5687 5686
f 5835 5688 5671
f 5852 5689 5688
f 5853 5685 5689
f 5701 5700 5552
f 5701 5553 5702
f 5702 5554 5703
f 5703 5555 5704
f 5704 5556 5705
f 5705 5557 5706
f 5706 5558 5707
f 5708 5709 5560
f 5710 5708 5561
f 5710 5562 5711
f 5700 5712 5563
f 5711 5564 5712
f 5713 5714 5565
f 5714 5715 5566
f 5713 5567 5709
f 5715 5716 5568
f 5717 5718 5570
f 5717 5569 5719
f 5719 5571 5716
f 5718 5720 5572
f 5720 5721 5573
f 5721 5722 5574
f 5723 5725 5577
f 5722 5724 5576
f 5723 5575 5724
f 5725 5726 5578
f 5726 5727 5579
f 5727 5728 5580
f 5728 5729 5581
f 5729 5730 5582
f 5730 5731 5583
f 5731 5764 5616
f 5707 5559 5732
f 5732 5584 5733
f 5733 5585 5734
f 5734 5586 5735
f 5735 5587 5736
f 5736 5588 5737
f 5737 5589 5738
f 5738 5590 5739
f 5739 5591 5740
f 5740 5592 5741
f 5741 5593 5742
f 5742 5594 5743
f 5743 5595 5744
f 5744 5596 5745
f 5745 5597 5746
f 5746 5598 5747
f 5747 5599 5748
f 5748 5600 5749
f 5749 5601 5750
f 5750 5602 5751
f 5751 5603 5752
f 5752 5604 5753
f 5753 5605 5754
f 5754 5606 5755
f 5755 5607 5756
f 5756 5608 5757
f 5757 5609 5758
f 5758 5610 5759
f 5759 5611 5760
f 5760 5612 5761
f 5761 5613 5762
f 5762 5614 5763
f 5763 5615 5820
f 5764 5776 5617
f 5776 5777 5618
f 5777 5778 5619
f 5778 5779 5620
f 5779 5780 5621
f 5780 5781 5622
f 5781 5782 5623
f 5782 5783 5624
f 5783 5784 5625
f 5784 5785 5626
f 5785 5786 5627
f 5786 5787 5628
f 5787 5788 5629
f 5788 5789 5630
f 5789 5790 5631
f 5790 5791 5632
f 5791 5792 5633
f 5792 5793 5634
f 5793 5794 5635
f 5794 5795 5636
f 5795 5796 5637
f 5796 5797 5638
f 5797 5798 5639
f 5798 5799 5640
f 5799 5800 5641
f 5800 5801 5642
f 5801 5802 5643
f 5802 5803 5644
f 5803 5804 5645
f 5804 5805 5646
f 5805 5806 5647
f 5806 5807 5648
f 5807 5808 5649
f 5808 5831 5667
f 5820 5656 5821
f 5821 5657 5822
f 5822 5658 5823
f 5823 5659 5824
f 5824 5660 5825
f 5825 5661 5826
f 5826 5662 5827
f 5827 5663 5830
f 5828 5664 5829
f 5830 5666 5828
f 5831 5832 5668
f 5832 5837 5673
f 5833 5669 5837
f 5833 5834 5670
f 5835 5671 5836
f 5834 5836 5672
f 5838 5829 5665
f 5838 5674 5839
f 5840 5839 5675
f 5840 5676 5841
f 5842 5677 5843
f 5841 5678 5842
f 5844 5680 5846
f 5844 5845 5681
f 5846 5682 5851
f 5847 5683 5848
f 5848 5684 5849
f 5847 5850 5686
f 5850 5851 5687
f 5843 5679 5845
f 5852 5688 5835
f 5852 5853 5689
f 5849 5685 5853
f 809 913 810
f 810 914 811
f 811 933 812
f 812 934 813
f 1113 813 938
f 809 1011 913
f 810 913 914
f 811 914 933
f 812 933 934
f 813 934 938
f 1113 938 1152
f 949 959 940
f 939 940 1176
f 939 1177 941
f 943 941 1178
f 943 1180 942
f 942 1186 953
f 953 1188 950
f 944 946 1175
f 945 948 1169
f 945 1168 946
f 947 954 1171
f 948 947 1170
f 949 944 958
f 949 958 959
f 940 959 1176
f 939 1176 1177
f 941 1177 1178
f 943 1178 1179
f 954 955 1173
f 955 956 1181
f 945 1169 1168
f 946 1168 1175
f 948 1167 1169
f 948 1170 1167
f 809 1184 956
f 954 1172 1171
f 954 1173 1172
f 955 1174 1173
f 947 1171 1170
f 944 1175 957
f 944 957 958
f 943 1179 1180
f 942 1180 1186
f 950 1281 951
f 951 1263 952
f 953 1186 1187
f 953 1187 1188
f 950 1188 1189
f 950 1189 1190
f 950 1190 1281
f 949 940 980
f 939 978 940
f 939 941 981
f 943 983 941
f 943 942 982
f 944 989 946
f 945 946 995
f 947 1001 954
f 945 992 948
f 948 1002 947
f 949 1004 944
f 949 980 1004
f 939 979 978
f 940 978 980
f 941 983 981
f 943 982 983
f 939 981 979
f 944 988 989
f 945 995 992
f 946 996 995
f 946 993 996
f 946 989 993
f 947 1002 1001
f 954 1001 1009
f 948 992 1002
f 944 1004 1003
f 944 1003 988
f 953 950 1005
f 950 951 1006
f 951 952 1007
f 942 953 1008
f 953 1005 1008
f 950 1006 1005
f 951 1007 1006
f 942 1008 982
f 954 1009 955
f 955 1010 956
f 809 956 1011
f 955 1009 1010
f 956 1010 1011
f 951 1269 1267
f 952 1282 1283
f 952 1284 1285
f 952 1283 1284
f 952 1286 1292
f 952 1287 1286
f 952 1289 1287
f 952 1288 1289
f 952 1285 1288
f 951 1264 1263
f 951 1265 1264
f 951 1267 1268
f 951 1268 1266
f 951 1266 1265
f 952 1263 1261
f 952 1293 1282
f 952 1262 1293
f 952 1261 1262
f 952 1290 1291
f 952 1292 1290
f 951 1271 1270
f 951 1270 1269
f 951 1276 1272
f 951 1272 1271
f 951 1273 1277
f 951 1277 1276
f 951 1275 1274
f 951 1274 1273
f 951 1278 1275
f 951 1281 1280
f 951 1280 1279
f 951 1279 1278
f 952 1291 2561
f 952 1744 1007
f 952 2561 1733
f 952 1733 1744
f 1113 1152 1114
f 1114 1154 1115
f 1115 1155 1116
f 1116 1156 1117
f 1117 1161 1118
f 1118 1162 1119
f 1119 1163 1120
f 1114 1152 1154
f 1115 1154 1155
f 1116 1155 1156
f 1117 1156 1161
f 1118 1161 1162
f 1119 1162 1163
f 1120 1163 1164
f 1120 1164 1121
f 1121 1165 1122
f 1121 1164 1165
f 1122 1165 1166
f 955 1181 1174
f 956 1182 1181
f 956 1183 1182
f 956 1184 1183
f 809 1185 1184
f 809 1195 1185
f 809 1196 1195
f 1190 1191 1281
f 1191 1192 1281
f 1192 1193 1281
f 1193 1194 1281
f 1194 1207 1281
f 1207 1208 1281
f 1208 1209 1281
f 1209 1210 1281
f 1210 1211 1281
f 1212 1281 1211
f 809 810 4017
f 810 811 4719
f 812 813 4514
f 811 812 4515
f 1114 1115 4511
f 1115 1116 3752
f 1116 1117 3751
f 1113 4513 813
f 1113 1114 4512
f 1118 1119 3749
f 1119 1120 3748
f 1117 1118 3750
f 1120 1121 3747
f 1121 1122 3746
f 1122 1166 3733
f 809 3797 1196
f 1196 3797 1197
f 1197 3798 1198
f 1198 3815 1199
f 1199 3815 1200
f 1203 3831 1204
f 1204 3831 1205
f 1205 3829 1217
f 1217 3837 1218
f 1220 3847 1221
f 1221 3849 1222
f 1222 3870 1223
f 1206 1226 3886
f 1225 3865 1224
f 1224 3885 1226
f 1212 4146 1281
f 1733 2561 1734
f 1734 2561 1735
f 1735 2561 1736
f 1736 2561 1737
f 1737 2561 1738
f 1738 2561 1739
f 1739 2561 1740
f 1740 2561 1741
f 1741 2561 1742
f 1742 2561 1743
f 1743 2563 1756
f 1743 2562 2563
f 1743 2561 2562
f 1756 2563 2564
f 1756 2566 2567
f 1756 2565 2566
f 1756 2564 2565
f 1733 1734 1745
f 1734 1735 1746
f 1735 1736 1747
f 1736 1737 1748
f 1737 1738 1749
f 1738 1739 1750
f 1739 1740 1751
f 1740 1741 1753
f 1741 1742 1754
f 1742 1743 1755
f 1743 1756 1769
f 1733 1745 1744
f 1734 1746 1745
f 1735 1747 1746
f 1736 1748 1747
f 1737 1749 1748
f 1738 1750 1749
f 1739 1751 1750
f 1740 1753 1751
f 1741 1754 1753
f 1752 1751 1753
f 1742 1755 1754
f 1743 1769 1755
f 1756 2568 2573
f 1756 2567 2568
f 1756 2578 2579
f 1756 2577 2578
f 1756 2576 2577
f 1756 2575 2576
f 1756 2574 2575
f 1756 2573 2574
f 1756 1757 1770
f 1757 1758 1771
f 1758 1759 1772
f 1759 1760 1773
f 1756 1770 1769
f 1757 1771 1770
f 1758 1772 1771
f 1759 1773 1772
f 1768 1769 1770
f 1760 1761 1774
f 1761 1762 1775
f 1762 1763 1776
f 1763 1764 1777
f 1764 1765 1778
f 1765 1766 1779
f 1766 1767 1780
f 1767 2569 2604
f 1760 1774 1773
f 1761 1775 1774
f 1762 1776 1775
f 1763 1777 1776
f 1764 1778 1777
f 1765 1779 1778
f 1766 1780 1779
f 1767 2604 1780
f 1756 2582 2583
f 1756 2581 2582
f 1756 2580 2581
f 1756 2579 2580
f 1756 2583 2584
f 1756 2586 2588
f 1756 2585 2586
f 1756 2584 2585
f 1756 2588 2587
f 1756 2587 2589
f 1756 2589 2590
f 1756 2590 2591
f 1756 2591 2592
f 1756 2592 2593
f 1756 2593 2594
f 1756 2594 2595
f 1756 2595 2596
f 1757 2695 1758
f 1758 2686 1759
f 1759 2704 1760
f 1760 2718 1761
f 1758 2687 2686
f 1758 2689 2688
f 1758 2688 2687
f 1759 2722 2699
f 1759 2699 2700
f 1759 2700 2701
f 1759 2678 2721
f 1759 2721 2722
f 1759 2683 2680
f 1759 2680 2681
f 1759 2681 2679
f 1759 2679 2678
f 1758 2691 2694
f 1758 2694 2690
f 1758 2690 2689
f 1758 2693 2692
f 1758 2692 2691
f 1758 2695 2693
f 1759 2682 2683
f 1759 2686 2685
f 1759 2685 2684
f 1759 2684 2682
f 1759 2701 2702
f 1759 2702 2698
f 1759 2698 2696
f 1759 2696 2697
f 1759 2697 2703
f 1759 2703 2704
f 1760 2704 2705
f 1760 2705 2706
f 1760 2706 2707
f 1760 2708 2709
f 1760 2707 2708
f 1760 2710 2711
f 1760 2709 2710
f 1760 2712 2713
f 1760 2711 2712
f 1760 2715 2716
f 1760 2714 2715
f 1760 2713 2714
f 1760 2716 2717
f 1760 2717 2718
f 1761 2719 2720
f 1761 2718 2719
f 1761 2720 2723
f 1761 2724 2725
f 1761 2723 2724
f 1761 2725 2726
f 1761 2727 2728
f 1761 2726 2727
f 1761 2728 2729
f 1761 2730 2731
f 1761 2729 2730
f 1761 2731 2732
f 1761 2732 2733
f 1761 2733 2734
f 1761 2734 2735
f 1761 2735 2736
f 1761 2736 2737
f 1761 2737 2738
f 1761 2738 2739
f 1761 2739 2740
f 1761 2740 2741
f 2601 2603 2602
f 2569 2570 2605
f 2570 2571 2606
f 2571 2572 2607
f 2572 2598 2608
f 2598 2599 2609
f 2599 2600 2610
f 2600 2601 2675
f 2569 2605 2604
f 2570 2606 2605
f 2571 2607 2606
f 2572 2608 2607
f 2598 2609 2608
f 2599 2610 2609
f 2600 2675 2610
f 2601 2602 2676
f 2602 2603 2677
f 2601 2676 2675
f 2602 2677 2676
f 1756 5966 1757
f 1757 5433 2695
f 1761 5965 1762
f 1762 5960 1763
f 1763 5959 1764
f 1764 5958 1765
f 1765 5541 1766
f 1766 5540 1767
f 1756 2596 5966
f 1767 5539 2569
f 2569 5538 2570
f 2570 5537 2571
f 2571 5536 2572
f 2572 5535 2598
f 2598 5509 2599
f 2599 5508 2600
f 2600 5507 2601
f 1757 5434 5433
f 1761 2741 5965
f 2601 5507 2603
f 2596 2597 5966
f 2603 5498 2677
f 1122 3733 3735
f 1122 3735 3746
f 1121 3746 3747
f 1120 3747 3748
f 1119 3748 3749
f 1118 3749 3750
f 1117 3750 3751
f 1116 3751 3752
f 1115 3752 4511
f 1114 4511 4512
f 1113 4512 4513
f 813 4513 4514
f 812 4514 4515
f 811 4515 4719
f 3733 1166 3753
f 1200 4733 1201
f 1201 4733 1202
f 809 3799 3801
f 809 3801 3797
f 809 3806 3800
f 809 3800 3799
f 1202 4734 1203
f 809 3807 3806
f 809 3808 3807
f 809 3809 3808
f 809 3919 3809
f 1218 4737 1219
f 809 4017 3919
f 1197 3797 3798
f 1219 4738 1220
f 1223 4741 1227
f 1227 4742 1225
f 1212 1213 4746
f 1213 1214 4746
f 1214 1215 4745
f 1206 4744 1216
f 1215 1216 4745
f 1198 3798 3802
f 1198 3803 3804
f 1198 3802 3803
f 1198 3804 3805
f 1198 3805 3814
f 1198 3814 3815
f 810 4661 4018
f 810 4018 4017
f 1200 3815 3816
f 1200 3816 3817
f 1203 3832 3831
f 1203 3833 3832
f 1205 3827 3825
f 1205 3825 3826
f 1205 3826 3822
f 1205 3836 3827
f 1205 3831 3836
f 1205 3823 3824
f 1205 3822 3823
f 1205 3828 3829
f 1205 3824 3828
f 1217 3829 3830
f 810 4720 4661
f 1217 3830 3837
f 1218 3837 3838
f 1218 3838 3839
f 1218 3839 3840
f 1203 3933 3833
f 1226 3885 3886
f 1220 3856 3855
f 1220 3857 3856
f 1220 3858 3857
f 1221 3852 3849
f 1220 3855 3848
f 1220 3848 3847
f 1221 3847 3852
f 1222 3849 3850
f 1222 3851 3853
f 1222 3850 3851
f 1222 3854 3863
f 1222 3853 3854
f 1222 3863 3867
f 1222 3867 3868
f 1222 3868 3869
f 1222 3869 3870
f 1225 3864 3865
f 1225 3866 3864
f 1225 3875 3876
f 1225 3876 3866
f 1225 3877 3875
f 1224 3865 3883
f 1224 3883 3884
f 1224 3884 3885
f 1225 3878 3877
f 810 4719 4720
f 1200 3817 4732
f 1203 4027 3933
f 1203 4678 4027
f 1225 3983 3878
f 1225 4712 3983
f 1206 3886 3887
f 1206 3887 3888
f 1206 3888 3889
f 1206 3889 3890
f 1206 3890 3891
f 1206 3891 3892
f 3733 3734 3735
f 3733 3753 3734
f 3734 3754 3735
f 3734 3753 3754
f 3735 3754 3755
f 3735 3755 3746
f 3746 3772 3747
f 3747 3773 3748
f 3748 3774 3749
f 3749 3791 3750
f 3750 3792 3751
f 3751 3794 3752
f 3746 3755 3772
f 3747 3772 3773
f 3748 3773 3774
f 3749 3774 3791
f 3750 3791 3792
f 3751 3792 3794
f 3752 3794 3796
f 1218 3840 4737
f 1203 4734 4678
f 1220 4738 3858
f 1223 3870 4741
f 1200 4732 4733
f 1202 4733 4734
f 1225 4742 4712
f 1206 3892 4744
f 1212 4746 4146
f 3810 3917 3811
f 3809 3918 3810
f 3811 3916 3812
f 3813 3912 3897
f 3812 3913 3813
f 3897 3914 3898
f 3898 3911 3899
f 3899 3921 3900
f 3901 3903 3923
f 3821 3901 3924
f 3900 3921 3902
f 3902 3922 3903
f 3820 3821 3925
f 3819 3820 3926
f 3834 3931 3835
f 3833 3932 3834
f 3835 3937 3841
f 3843 3844 3946
f 3840 3843 3947
f 3841 3937 3842
f 3842 3936 3904
f 3904 3936 3905
f 3905 3938 3906
f 3906 3930 3907
f 3907 3939 3908
f 3908 3941 3910
f 3846 3909 3943
f 3845 3846 3945
f 3845 3945 3844
f 3909 3910 3943
f 3813 3913 3912
f 3811 3917 3916
f 3810 3918 3917
f 3812 3916 3913
f 3898 3914 3915
f 3897 3912 3914
f 3898 3915 3911
f 3899 3911 3921
f 3809 3919 3918
f 3902 3921 3922
f 3903 3922 3923
f 3901 3923 3924
f 3821 3924 3925
f 3820 3925 3926
f 3819 3926 3927
f 3819 3927 3928
f 3835 3931 3940
f 3834 3932 3931
f 3833 3933 3932
f 3842 3937 3935
f 3835 3940 3937
f 3842 3935 3936
f 3905 3936 3938
f 3906 3938 3930
f 3907 3930 3939
f 3908 3939 3941
f 3910 3941 3942
f 3910 3942 3943
f 3846 3943 3944
f 3846 3944 3945
f 3844 3945 3946
f 3843 3946 3947
f 1219 4737 4738
f 3859 3962 3860
f 3860 3959 3861
f 3861 3959 3862
f 3862 3959 3949
f 3949 3963 3950
f 3950 3964 3951
f 3951 3958 3952
f 3955 3967 3953
f 3952 3965 3954
f 3954 3966 3955
f 3879 3980 3880
f 3878 3982 3879
f 3880 3981 3881
f 3873 3874 3972
f 3872 3873 3973
f 3874 3953 3972
f 1227 4741 4742
f 3882 3978 3956
f 3881 3979 3882
f 3956 3977 3957
f 3860 3960 3959
f 3860 3961 3960
f 3860 3962 3961
f 3859 3968 3962
f 3859 3969 3968
f 3949 3959 3963
f 3950 3963 3964
f 3951 3964 3958
f 3952 3958 3965
f 3954 3965 3966
f 3955 3966 3967
f 3953 3967 3971
f 3953 3971 3972
f 3873 3972 3973
f 3872 3973 3974
f 3872 3974 3975
f 3880 3980 3981
f 3879 3982 3980
f 3882 3979 3978
f 3956 3978 3977
f 3957 3977 4086
f 3881 3981 3979
f 3878 3983 3982
f 3919 4017 3920
f 3920 4017 3985
f 3985 4016 3986
f 3987 4011 3988
f 3986 4012 3987
f 3988 4013 3989
f 3989 4015 3990
f 3990 4019 3991
f 3928 3929 4670
f 3817 3818 4732
f 3997 3994 4022
f 3991 4020 3995
f 3995 4020 3996
f 3996 4021 3994
f 3929 3992 4025
f 3997 4023 3993
f 3992 3993 4024
f 3818 3819 4732
f 3933 4027 3934
f 3934 4026 3998
f 3998 4037 3999
f 3999 4029 4000
f 4000 4028 4001
f 4001 4032 4002
f 4002 4032 4003
f 4003 4031 4004
f 4004 4033 4005
f 4005 4034 4010
f 4006 4007 4039
f 4007 4009 4039
f 4008 4010 4035
f 4009 4008 4039
f 3987 4012 4011
f 3985 4017 4016
f 3986 4016 4012
f 3989 4013 4015
f 3988 4011 4013
f 3990 4015 4014
f 3990 4014 4019
f 3991 4019 4020
f 3996 4020 4021
f 3994 4021 4022
f 3997 4022 4023
f 3993 4023 4024
f 3992 4024 4025
f 3929 4025 4670
f 3819 3928 4732
f 3998 4026 4037
f 3934 4027 4026
f 4000 4029 4030
f 4000 4030 4028
f 4001 4028 4032
f 3999 4037 4029
f 4003 4032 4031
f 4004 4031 4033
f 4005 4033 4034
f 4010 4034 4035
f 4008 4035 4036
f 4008 4036 4038
f 4008 4038 4039
f 4006 4039 4040
f 4006 4040 4682
f 3969 4069 3970
f 3970 4068 4041
f 4041 4067 4042
f 4042 4060 4043
f 4043 4061 4044
f 4044 4061 4045
f 4045 4063 4046
f 4046 4062 4047
f 4047 4064 4049
f 4050 4049 4065
f 4050 4066 4048
f 4053 4048 4070
f 4052 4053 4071
f 3983 4079 3984
f 3984 4077 4054
f 4054 4078 4055
f 4056 4076 4057
f 4055 4075 4056
f 4057 4074 4058
f 4043 4060 4059
f 3858 4738 3859
f 4041 4068 4067
f 3970 4069 4068
f 4042 4067 4060
f 4043 4059 4061
f 4045 4061 4063
f 4046 4063 4062
f 4047 4062 4064
f 4049 4064 4065
f 4050 4065 4066
f 4048 4066 4070
f 3969 4695 4069
f 3840 3947 4737
f 3859 4738 3969
f 4053 4070 4071
f 4052 4071 4072
f 4052 4072 4073
f 4052 4073 4707
f 3871 3872 4740
f 3870 3871 4741
f 4054 4077 4078
f 3984 4079 4077
f 4056 4075 4076
f 4057 4076 4074
f 4058 4074 4105
f 4055 4078 4075
f 3983 4712 4079
f 3892 3896 4094
f 3896 3893 4093
f 1214 4745 4746
f 3957 4085 4080
f 4080 4085 4081
f 4081 4087 4082
f 4082 4088 4084
f 4083 4084 4089
f 3894 3895 4091
f 3893 3894 4092
f 4083 4090 3895
f 1216 4744 4745
f 3957 4086 4085
f 4081 4085 4087
f 4082 4087 4088
f 4084 4088 4089
f 4083 4089 4090
f 3895 4090 4091
f 3894 4091 4092
f 3893 4092 4093
f 3896 4093 4094
f 4058 4105 4098
f 4098 4106 4099
f 4099 4106 4100
f 4103 4100 4107
f 4101 4109 4102
f 4097 4102 4110
f 4096 4097 4111
f 4103 4108 4101
f 4094 4095 4724
f 4095 4096 4112
f 4098 4105 4104
f 4098 4104 4106
f 4100 4106 4107
f 4103 4107 4108
f 4101 4108 4109
f 4102 4109 4110
f 4097 4110 4111
f 4096 4111 4112
f 4095 4112 4724
f 3752 3796 4511
f 4511 4570 4512
f 4512 4574 4513
f 4513 4575 4514
f 4514 4594 4515
f 4515 4596 4719
f 4511 3796 4570
f 4512 4570 4574
f 4513 4574 4575
f 4514 4575 4594
f 4515 4594 4596
f 3928 4670 4732
f 4661 4720 4662
f 4662 4720 4663
f 4663 4720 4664
f 4664 4720 4665
f 4665 4720 4666
f 4666 4720 4667
f 4668 4720 4669
f 4667 4720 4668
f 4670 4671 4732
f 4669 4721 4675
f 4676 4675 4721
f 4674 4676 4721
f 4672 4673 4732
f 4671 4672 4732
f 4673 4677 4732
f 4677 4674 4732
f 4006 4682 4736
f 4678 4734 4679
f 4679 4734 4680
f 4680 4734 4681
f 4681 4734 4686
f 4686 4734 4687
f 4685 4693 4735
f 4692 4735 4693
f 4682 4683 4736
f 4683 4684 4736
f 4684 4685 4736
f 3948 4006 4737
f 3947 3948 4737
f 3872 3975 4740
f 3976 4740 3975
f 3976 4051 4740
f 4051 4052 4740
f 3969 4738 4695
f 4052 4707 4740
f 4669 4720 4721
f 4674 4721 4732
f 4687 4735 4688
f 4688 4735 4689
f 4689 4735 4690
f 4690 4735 4691
f 4692 4694 4735
f 4694 4691 4735
f 4687 4734 4735
f 4685 4735 4736
f 4695 4738 4696
f 4696 4738 4697
f 4697 4738 4698
f 4699 4738 4700
f 4698 4738 4699
f 4700 4739 4701
f 4701 4739 4702
f 4706 4705 4739
f 4702 4739 4703
f 4703 4739 4705
f 4707 4708 4740
f 4708 4709 4740
f 4709 4710 4740
f 4710 4711 4740
f 4706 4740 4704
f 4704 4740 4711
f 4712 4742 4713
f 4713 4742 4714
f 4714 4742 4715
f 4715 4742 4716
f 4716 4742 4717
f 4717 4742 4718
f 4718 4742 4726
f 4726 4742 4727
f 4006 4736 4737
f 3871 4740 4741
f 3892 4094 4744
f 4094 4724 4744
f 4724 4725 4744
f 4725 4722 4744
f 4722 4723 4744
f 4727 4743 4728
f 4723 4730 4744
f 4729 4744 4730
f 4731 4728 4744
f 4729 4731 4744
f 4700 4738 4739
f 4706 4739 4740
f 4727 4742 4743
f 4728 4743 4744
f 4719 4747 4720
f 4720 4748 4721
f 4719 4596 4747
f 4720 4747 4748
f 4721 4748 4749
f 4721 4749 4732
f 4732 4751 4733
f 4733 4755 4734
f 4734 4761 4735
f 4735 4766 4736
f 4736 4768 4737
f 4737 4770 4738
f 4738 4788 4739
f 4739 4790 4740
f 4740 4791 4741
f 4741 4793 4742
f 4732 4749 4751
f 4733 4751 4755
f 4734 4755 4761
f 4735 4761 4764
f 4735 4765 4766
f 4735 4764 4765
f 4736 4766 4768
f 4767 4768 4766
f 4737 4768 4770
f 4769 4770 4768
f 4738 4770 4788
f 4739 4788 4790
f 4741 4791 4793
f 4740 4790 4791
f 4742 4793 4792
f 4789 4790 4788
f 4742 4792 4743
f 4743 4795 4744
f 4744 4796 4745
f 4745 4797 4746
f 4743 4792 4795
f 4744 4795 4796
f 4745 4796 4797
f 4746 4797 4798
f 4146 4746 4147
f 4147 4746 4148
f 4148 4746 4149
f 4149 4746 4150
f 4150 4746 4151
f 4151 4746 4152
f 4152 4746 4153
f 4153 4746 4154
f 4154 4746 4155
f 4155 4746 4156
f 4156 4746 4157
f 4157 4746 4158
f 4158 4746 4159
f 4159 4746 4160
f 4160 4746 4161
f 4161 4746 4162
f 4162 4746 4163
f 4163 4746 4164
f 4164 4746 4165
f 4165 4746 4166
f 4166 4746 4167
f 4167 4746 4168
f 4168 4746 4169
f 4169 4746 4170
f 4170 4746 4171
f 4171 4746 4172
f 4172 4746 4173
f 4173 4746 4174
f 4174 4746 4175
f 4175 4746 4176
f 4176 4746 4177
f 4177 4746 4178
f 4178 4746 5939
f 4746 4798 5939
f 4178 5939 5940
f 4178 5940 5941
f 4178 5941 5937
f 4178 5944 5942
f 4178 5938 5943
f 4178 5937 5938
f 4178 5943 5944
f 5939 4798 5950
f 1757 5964 5434
f 2741 2742 5965
f 2600 5508 5507
f 2599 5509 5508
f 2598 5535 5509
f 2572 5536 5535
f 2571 5537 5536
f 1762 5965 5960
f 2569 5539 5538
f 1767 5540 5539
f 1766 5541 5540
f 1765 5958 5541
f 2570 5538 5537
f 1764 5959 5958
f 1763 5960 5959
f 1757 5966 5964
f 2597 5510 5966
f 2742 5451 5965
f 2603 5507 5542
f 2603 5542 5498
f 5451 5452 5961
f 5452 5453 5961
f 5453 5454 5961
f 5454 5455 5961
f 5456 5961 5455
f 5456 5457 5961
f 5459 5961 5457
f 5459 5458 5961
f 5458 5493 5961
f 5493 5494 5961
f 5496 5497 5961
f 5462 5961 5497
f 5464 5466 5961
f 5462 5463 5961
f 5464 5961 5463
f 5492 5961 5494
f 5492 5495 5961
f 5495 5496 5961
f 5435 5964 5436
f 5434 5964 5435
f 5437 5964 5438
f 5436 5964 5437
f 5439 5964 5440
f 5438 5964 5439
f 5440 5964 5441
f 5441 5964 5442
f 5442 5964 5443
f 5443 5964 5444
f 5444 5964 5445
f 5446 5962 5447
f 5488 5963 5465
f 5485 5963 5487
f 5484 5963 5485
f 5483 5963 5484
f 5482 5963 5483
f 5488 5491 5963
f 5490 5963 5491
f 5489 5963 5490
f 5486 5963 5489
f 5486 5487 5963
f 5447 5962 5448
f 5448 5962 5449
f 5449 5962 5450
f 5450 5962 5460
f 5445 5964 5446
f 5460 5962 5461
f 5461 5962 5467
f 5467 5962 5468
f 5468 5962 5469
f 5469 5962 5470
f 5470 5962 5471
f 5471 5962 5472
f 5472 5962 5473
f 5473 5962 5474
f 5474 5962 5475
f 5475 5962 5476
f 5476 5962 5477
f 5477 5963 5478
f 5478 5963 5479
f 5479 5963 5480
f 5480 5963 5481
f 5481 5963 5482
f 5465 5961 5466
f 5451 5961 5965
f 5465 5963 5961
f 5446 5964 5962
f 5477 5962 5963
f 5510 5511 5968
f 5511 5513 5968
f 5512 5968 5513
f 5512 5515 5968
f 5514 5968 5515
f 5514 5516 5968
f 5517 5968 5516
f 5517 5518 5968
f 5518 5520 5968
f 5520 5521 5968
f 5521 5522 5968
f 5522 5523 5968
f 5519 5525 5968
f 5525 5527 5968
f 5526 5968 5527
f 5523 5524 5968
f 5519 5968 5524
f 5532 5968 5533
f 5533 5968 5534
f 5499 5968 5500
f 5503 5968 5532
f 5500 5968 5504
f 5502 5968 5503
f 5501 5968 5502
f 5501 5504 5968
f 5530 5968 5526
f 5530 5531 5968
f 5528 5968 5531
f 5528 5529 5968
f 5529 5534 5968
f 5507 5508 5543
f 5508 5509 5544
f 5507 5543 5542
f 5508 5544 5543
f 5509 5535 5545
f 5535 5536 5546
f 5536 5537 5547
f 5537 5538 5548
f 5538 5539 5549
f 5539 5540 5550
f 5540 5541 5551
f 5509 5545 5544
f 5535 5546 5545
f 5536 5547 5546
f 5537 5548 5547
f 5538 5549 5548
f 5539 5550 5549
f 5540 5551 5550
f 4178 5969 5505
f 4178 5936 5969
f 4178 5945 5935
f 4178 5935 5936
f 4178 5942 5945
f 5505 5969 5506
f 5506 5969 5499
f 5969 5936 5947
f 5936 5935 5946
f 5937 5948 5938
f 5938 5949 5943
f 5939 5950 5940
f 5941 5940 5951
f 5941 5952 5937
f 5945 5942 5954
f 5944 5943 5955
f 5944 5956 5942
f 5945 5957 5935
f 5969 5947 5982
f 5936 5946 5947
f 5938 5948 5949
f 5940 5950 5951
f 5941 5951 5952
f 5937 5952 5948
f 5942 5956 5953
f 5942 5953 5954
f 5944 5955 5956
f 5943 5949 5955
f 5945 5954 5957
f 5935 5957 5946
f 5510 5967 5966
f 5510 5968 5967
f 5499 5969 5968
f 5541 5958 5970
f 5958 5959 5971
f 5959 5960 5972
f 5965 5977 5960
f 5965 5961 5973
f 5961 5963 5975
f 5963 5962 5974
f 5964 5976 5962
f 5541 5970 5551
f 5958 5971 5970
f 5959 5972 5971
f 5960 5977 5972
f 5965 5973 5977
f 5961 5975 5973
f 5963 5974 5975
f 5962 5976 5974
f 5964 5966 5978
f 5968 5980 5967
f 5966 5967 5979
f 5968 5969 5981
f 5966 5979 5978
f 5967 5980 5979
f 5964 5978 5976
f 5968 5981 5980
f 5969 5982 5981
f 957 1050 672
f 958 672 673
f 959 673 674
f 1176 674 1051
f 1175 1050 957
f 957 672 958
f 958 673 959
f 959 674 1176
f 1168 1044 1043
f 1169 1042 1044
f 1170 1046 1045
f 1167 1045 1042
f 1171 1047 1046
f 1172 1048 1047
f 1173 1049 1048
f 1174 1056 1049
f 1175 1043 1050
f 1177 1051 1052
f 1178 1052 1053
f 1179 1053 1054
f 1180 1054 1055
f 1181 1057 1056
f 1182 1058 1057
f 1183 1059 1058
f 1184 1060 1059
f 1185 1070 1060
f 1186 1055 1061
f 1187 1061 1062
f 1188 1062 1063
f 1189 1063 1064
f 1190 1064 1065
f 1191 1065 1066
f 1192 1066 1067
f 1193 1067 1068
f 1194 1068 1069
f 1195 1071 1070
f 1196 1072 1071
f 1197 1073 1072
f 1198 1074 1073
f 1199 1075 1074
f 1200 1076 1075
f 1201 1077 1076
f 1202 1078 1077
f 1203 1079 1078
f 1204 1080 1079
f 1205 1092 1080
f 1206 1091 1081
f 1207 1069 1082
f 1208 1082 1083
f 1209 1083 1084
f 1210 1084 1085
f 1211 1085 1086
f 1212 1086 1087
f 1214 1088 1089
f 1213 1087 1088
f 1215 1089 1090
f 1216 1090 1091
f 1217 1093 1092
f 1218 1094 1093
f 1219 1095 1094
f 1220 1096 1095
f 1221 1097 1096
f 1222 1098 1097
f 1223 1102 1098
f 1227 1100 1102
f 1225 1099 1100
f 1224 1101 1099
f 1226 1081 1101
f 1167 1042 1169
f 1169 1044 1168
f 1175 1168 1043
f 1167 1170 1045
f 1170 1171 1046
f 1171 1172 1047
f 1173 1048 1172
f 1173 1174 1049
f 1176 1051 1177
f 1177 1052 1178
f 1178 1053 1179
f 1179 1054 1180
f 1180 1055 1186
f 1174 1181 1056
f 1181 1182 1057
f 1182 1183 1058
f 1183 1184 1059
f 1184 1185 1060
f 1186 1061 1187
f 1187 1062 1188
f 1188 1063 1189
f 1189 1064 1190
f 1190 1065 1191
f 1191 1066 1192
f 1192 1067 1193
f 1193 1068 1194
f 1194 1069 1207
f 1185 1195 1070
f 1195 1196 1071
f 1196 1197 1072
f 1197 1198 1073
f 1198 1199 1074
f 1199 1200 1075
f 1200 1201 1076
f 1201 1202 1077
f 1202 1203 1078
f 1203 1204 1079
f 1204 1205 1080
f 1206 1081 1226
f 1207 1082 1208
f 1208 1083 1209
f 1209 1084 1210
f 1210 1085 1211
f 1212 1211 1086
f 1212 1087 1213
f 1213 1088 1214
f 1214 1089 1215
f 1215 1090 1216
f 1206 1216 1091
f 1205 1217 1092
f 1217 1218 1093
f 1218 1219 1094
f 1219 1220 1095
f 1220 1221 1096
f 1221 1222 1097
f 1222 1223 1098
f 1223 1227 1102
f 1227 1225 1100
f 1225 1224 1099
f 1224 1226 1101
f 2432 2435 2614
f 2435 2434 2613
f 2434 2433 2612
f 2436 2440 2619
f 2437 2432 2611
f 2438 2439 2618
f 2439 2437 2616
f 2440 2438 2617
f 2433 2441 2620
f 2441 2442 2621
f 2442 2443 2622
f 2443 2444 2623
f 2444 2445 2624
f 2445 2446 2625
f 2446 2447 2626
f 2447 2448 2627
f 2448 2449 2628
f 2449 2450 2629
f 2450 2451 2630
f 2451 2452 2631
f 2454 2453 2632
f 2453 2436 2615
f 2455 2454 2633
f 2456 2455 2634
f 2457 2456 2635
f 2458 2457 2636
f 2459 2458 2637
f 2467 2459 2638
f 2452 2460 2639
f 2460 2461 2640
f 2461 2462 2641
f 2462 2463 2642
f 2463 2464 2643
f 2464 2465 2644
f 2465 2466 2645
f 2468 2467 2646
f 2469 2468 2647
f 2470 2469 2648
f 2471 2470 2649
f 2472 2471 2650
f 2473 2472 2651
f 2474 2473 2652
f 2483 2474 2653
f 2466 2475 2654
f 2475 2476 2655
f 2476 2477 2656
f 2477 2478 2657
f 2478 2480 2659
f 2480 2479 2658
f 2482 2481 2660
f 2479 2482 2661
f 2484 2483 2662
f 2485 2484 2663
f 2486 2485 2664
f 2487 2486 2665
f 2489 2488 2667
f 2495 2489 2668
f 2490 2487 2666
f 2491 2490 2669
f 2492 2491 2670
f 2493 2492 2671
f 2488 2493 2672
f 2481 2494 2673
f 2494 2495 2674
f 2432 2614 2611
f 2434 2612 2613
f 2435 2613 2614
f 2619 2615 2436
f 2437 2611 2616
f 2438 2618 2617
f 2439 2616 2618
f 2440 2617 2619
f 2433 2620 2612
f 2621 2620 2441
f 2442 2622 2621
f 2443 2623 2622
f 2444 2624 2623
f 2445 2625 2624
f 2446 2626 2625
f 2447 2627 2626
f 2628 2627 2448
f 2449 2629 2628
f 2450 2630 2629
f 2451 2631 2630
f 2453 2615 2632
f 2454 2632 2633
f 2455 2633 2634
f 2456 2634 2635
f 2457 2635 2636
f 2636 2637 2458
f 2459 2637 2638
f 2639 2631 2452
f 2460 2640 2639
f 2461 2641 2640
f 2462 2642 2641
f 2463 2643 2642
f 2644 2643 2464
f 2465 2645 2644
f 2466 2654 2645
f 2467 2638 2646
f 2468 2646 2647
f 2469 2647 2648
f 2648 2649 2470
f 2471 2649 2650
f 2472 2650 2651
f 2473 2651 2652
f 2652 2653 2474
f 2475 2655 2654
f 2476 2656 2655
f 2477 2657 2656
f 2659 2657 2478
f 2480 2658 2659
f 2481 2673 2660
f 2482 2660 2661
f 2479 2661 2658
f 2483 2653 2662
f 2484 2662 2663
f 2485 2663 2664
f 2486 2664 2665
f 2487 2665 2666
f 2488 2672 2667
f 2489 2667 2668
f 2666 2669 2490
f 2491 2669 2670
f 2492 2670 2671
f 2493 2671 2672
f 2494 2674 2673
f 2495 2668 2674
f 2678 2497 2496
f 2721 2496 2539
f 2679 2499 2497
f 2681 2498 2499
f 2682 2502 2500
f 2680 2501 2498
f 2683 2500 2501
f 2685 2503 2504
f 2684 2504 2502
f 2687 2506 2505
f 2686 2505 2503
f 2688 2507 2506
f 2689 2508 2507
f 2691 2510 2509
f 2692 2511 2510
f 2690 2512 2508
f 2694 2509 2512
f 2693 2513 2511
f 2696 2516 2514
f 2697 2514 2515
f 2698 2520 2516
f 2699 2540 2519
f 2700 2519 2517
f 2701 2517 2518
f 2702 2518 2520
f 2703 2515 2521
f 2704 2521 2522
f 2705 2522 2523
f 2706 2523 2524
f 2707 2524 2525
f 2708 2525 2526
f 2709 2526 2527
f 2710 2527 2528
f 2711 2528 2529
f 2712 2529 2530
f 2713 2530 2531
f 2714 2531 2532
f 2715 2532 2533
f 2716 2533 2534
f 2717 2534 2535
f 2718 2535 2536
f 2719 2536 2537
f 2720 2537 2538
f 2722 2539 2540
f 2723 2538 2541
f 2724 2541 2542
f 2725 2542 2543
f 2726 2543 2544
f 2727 2544 2545
f 2728 2545 2546
f 2729 2546 2547
f 2730 2547 2548
f 2731 2548 2549
f 2732 2549 2550
f 2733 2550 2551
f 2734 2551 2552
f 2735 2552 2553
f 2736 2553 2554
f 2737 2554 2555
f 2738 2555 2556
f 2739 2556 2557
f 2740 2557 2558
f 2741 2558 2559
f 2742 2559 2560
f 2695 5334 2513
f 2721 2678 2496
f 2679 2497 2678
f 2680 2498 2681
f 2679 2681 2499
f 2682 2684 2502
f 2682 2500 2683
f 2680 2683 2501
f 2685 2686 2503
f 2684 2685 2504
f 2686 2687 2505
f 2687 2688 2506
f 2689 2507 2688
f 2689 2690 2508
f 2691 2692 2510
f 2692 2693 2511
f 2694 2512 2690
f 2694 2691 2509
f 2693 2695 2513
f 2696 2514 2697
f 2696 2698 2516
f 2700 2517 2701
f 2699 2519 2700
f 2701 2518 2702
f 2702 2520 2698
f 2697 2515 2703
f 2703 2521 2704
f 2704 2522 2705
f 2705 2523 2706
f 2706 2524 2707
f 2707 2525 2708
f 2708 2526 2709
f 2709 2527 2710
f 2710 2528 2711
f 2711 2529 2712
f 2712 2530 2713
f 2713 2531 2714
f 2714 2532 2715
f 2715 2533 2716
f 2716 2534 2717
f 2717 2535 2718
f 2718 2536 2719
f 2719 2537 2720
f 2720 2538 2723
f 2721 2539 2722
f 2722 2540 2699
f 2723 2541 2724
f 2724 2542 2725
f 2725 2543 2726
f 2726 2544 2727
f 2727 2545 2728
f 2728 2546 2729
f 2729 2547 2730
f 2730 2548 2731
f 2731 2549 2732
f 2732 2550 2733
f 2733 2551 2734
f 2734 2552 2735
f 2735 2553 2736
f 2736 2554 2737
f 2737 2555 2738
f 2738 2556 2739
f 2739 2557 2740
f 2740 2558 2741
f 2741 2559 2742
f 2742 2560 5451
f 5451 2560 5353
f 5433 5335 5334
f 5434 5336 5335
f 5435 5337 5336
f 5436 5338 5337
f 5437 5339 5338
f 5438 5340 5339
f 5439 5341 5340
f 5440 5342 5341
f 5441 5344 5342
f 5442 5345 5344
f 5443 5346 5345
f 5444 5347 5346
f 5445 5348 5347
f 5446 5349 5348
f 5447 5350 5349
f 5448 5351 5350
f 5449 5352 5351
f 5450 5362 5352
f 5452 5353 5354
f 5453 5354 5355
f 5454 5355 5356
f 5455 5356 5357
f 5456 5357 5358
f 5457 5358 5359
f 5459 5359 5361
f 5493 5360 5395
f 5458 5361 5360
f 5460 5363 5362
f 5461 5369 5363
f 5462 5399 5364
f 5463 5364 5365
f 5466 5367 5368
f 5464 5365 5367
f 5465 5368 5366
f 5467 5370 5369
f 5468 5371 5370
f 5469 5372 5371
f 5470 5373 5372
f 5471 5374 5373
f 5472 5375 5374
f 5473 5376 5375
f 5474 5377 5376
f 5475 5378 5377
f 5476 5379 5378
f 5477 5380 5379
f 5478 5381 5380
f 5479 5382 5381
f 5480 5383 5382
f 5481 5384 5383
f 5482 5385 5384
f 5483 5386 5385
f 5484 5387 5386
f 5485 5389 5387
f 5486 5391 5388
f 5487 5388 5389
f 5488 5366 5390
f 5489 5392 5391
f 5490 5393 5392
f 5491 5390 5393
f 5492 5394 5396
f 5494 5395 5394
f 5495 5396 5397
f 5496 5397 5398
f 5497 5398 5399
f 2695 5433 5334
f 5433 5434 5335
f 5434 5435 5336
f 5435 5436 5337
f 5436 5437 5338
f 5437 5438 5339
f 5438 5439 5340
f 5439 5440 5341
f 5440 5441 5342
f 5441 5442 5344
f 5442 5443 5345
f 5443 5444 5346
f 5444 5445 5347
f 5445 5446 5348
f 5446 5447 5349
f 5447 5448 5350
f 5448 5449 5351
f 5449 5450 5352
f 5450 5460 5362
f 5451 5353 5452
f 5452 5354 5453
f 5453 5355 5454
f 5454 5356 5455
f 5456 5455 5357
f 5456 5358 5457
f 5459 5457 5359
f 5459 5361 5458
f 5458 5360 5493
f 5460 5461 5363
f 5462 5364 5463
f 5464 5463 5365
f 5488 5465 5366
f 5464 5367 5466
f 5465 5466 5368
f 5461 5467 5369
f 5467 5468 5370
f 5468 5469 5371
f 5469 5470 5372
f 5470 5471 5373
f 5471 5472 5374
f 5472 5473 5375
f 5473 5474 5376
f 5474 5475 5377
f 5475 5476 5378
f 5476 5477 5379
f 5477 5478 5380
f 5478 5479 5381
f 5479 5480 5382
f 5480 5481 5383
f 5481 5482 5384
f 5482 5483 5385
f 5483 5484 5386
f 5484 5485 5387
f 5486 5388 5487
f 5485 5487 5389
f 5488 5390 5491
f 5486 5489 5391
f 5489 5490 5392
f 5490 5491 5393
f 5492 5494 5394
f 5493 5395 5494
f 5495 5397 5496
f 5492 5396 5495
f 5496 5398 5497
f 5462 5497 5399
f 3797 3421 3417
f 3798 3417 3418
f 3799 3420 3419
f 3800 3426 3420
f 3801 3419 3421
f 3802 3418 3422
f 3803 3422 3423
f 3804 3423 3424
f 3805 3424 3425
f 3806 3427 3426
f 3807 3428 3427
f 3808 3429 3428
f 3809 3430 3429
f 3810 3431 3430
f 3811 3432 3431
f 3812 3433 3432
f 3814 3425 3434
f 3815 3434 3435
f 3816 3435 3436
f 3817 3436 3437
f 3818 3437 3438
f 3819 3438 3439
f 3820 3439 3441
f 3821 3441 3440
f 3813 3517 3433
f 3897 3518 3517
f 3898 3519 3518
f 3899 3520 3519
f 3900 3522 3520
f 3901 3440 3521
f 3902 3523 3522
f 3903 3521 3523
f 3797 3417 3798
f 3798 3418 3802
f 3799 3800 3420
f 3799 3419 3801
f 3801 3421 3797
f 3802 3422 3803
f 3803 3423 3804
f 3804 3424 3805
f 3805 3425 3814
f 3806 3426 3800
f 3806 3807 3427
f 3807 3808 3428
f 3808 3809 3429
f 3809 3810 3430
f 3810 3811 3431
f 3811 3812 3432
f 3812 3813 3433
f 3814 3434 3815
f 3815 3435 3816
f 3816 3436 3817
f 3817 3437 3818
f 3818 3438 3819
f 3819 3439 3820
f 3820 3441 3821
f 3813 3897 3517
f 3897 3898 3518
f 3898 3899 3519
f 3899 3900 3520
f 3901 3521 3903
f 3821 3440 3901
f 3900 3902 3522
f 3902 3903 3523
f 3822 3446 3442
f 3823 3442 3443
f 3824 3443 3444
f 3826 3445 3446
f 3827 3456 3447
f 3825 3447 3445
f 3828 3444 3448
f 3829 3448 3449
f 3830 3449 3450
f 3836 3451 3456
f 3831 3452 3451
f 3832 3453 3452
f 3833 3454 3453
f 3834 3455 3454
f 3835 3461 3455
f 3837 3450 3457
f 3838 3457 3458
f 3839 3458 3459
f 3840 3459 3460
f 3841 3462 3461
f 3844 3463 3464
f 3843 3460 3463
f 3845 3464 3465
f 3846 3465 3466
f 3842 3524 3462
f 3904 3525 3524
f 3905 3526 3525
f 3906 3527 3526
f 3907 3528 3527
f 3908 3530 3528
f 3909 3466 3529
f 3910 3529 3530
f 3822 3442 3823
f 3823 3443 3824
f 3824 3444 3828
f 3826 3825 3445
f 3822 3826 3446
f 3827 3447 3825
f 3828 3448 3829
f 3829 3449 3830
f 3830 3450 3837
f 3836 3831 3451
f 3831 3832 3452
f 3832 3833 3453
f 3833 3834 3454
f 3834 3835 3455
f 3835 3841 3461
f 3827 3836 3456
f 3837 3457 3838
f 3838 3458 3839
f 3839 3459 3840
f 3841 3842 3462
f 3843 3463 3844
f 3840 3460 3843
f 3845 3844 3464
f 3845 3465 3846
f 3842 3904 3524
f 3904 3905 3525
f 3905 3906 3526
f 3906 3907 3527
f 3907 3908 3528
f 3908 3910 3530
f 3909 3529 3910
f 3846 3466 3909
f 3847 3468 3467
f 3848 3475 3468
f 3849 3472 3469
f 3850 3469 3470
f 3851 3470 3471
f 3852 3467 3472
f 3853 3471 3473
f 3854 3473 3474
f 3855 3476 3475
f 3856 3477 3476
f 3857 3478 3477
f 3858 3479 3478
f 3859 3480 3479
f 3860 3481 3480
f 3861 3482 3481
f 3863 3474 3483
f 3867 3483 3487
f 3868 3487 3488
f 3869 3488 3489
f 3870 3489 3490
f 3871 3490 3491
f 3872 3491 3492
f 3873 3492 3493
f 3874 3493 3494
f 3862 3569 3482
f 3949 3570 3569
f 3950 3571 3570
f 3951 3572 3571
f 3953 3494 3573
f 3952 3574 3572
f 3954 3575 3574
f 3955 3573 3575
f 3847 3848 3468
f 3849 3469 3850
f 3850 3470 3851
f 3851 3471 3853
f 3847 3467 3852
f 3849 3852 3472
f 3853 3473 3854
f 3854 3474 3863
f 3848 3855 3475
f 3855 3856 3476
f 3856 3857 3477
f 3857 3858 3478
f 3858 3859 3479
f 3859 3860 3480
f 3860 3861 3481
f 3861 3862 3482
f 3863 3483 3867
f 3867 3487 3868
f 3868 3488 3869
f 3869 3489 3870
f 3870 3490 3871
f 3871 3491 3872
f 3872 3492 3873
f 3873 3493 3874
f 3862 3949 3569
f 3949 3950 3570
f 3950 3951 3571
f 3951 3952 3572
f 3955 3953 3573
f 3952 3954 3574
f 3954 3955 3575
f 3874 3494 3953
f 3865 3484 3485
f 3864 3486 3484
f 3866 3496 3486
f 3875 3497 3495
f 3876 3495 3496
f 3877 3498 3497
f 3878 3499 3498
f 3879 3500 3499
f 3880 3501 3500
f 3881 3502 3501
f 3883 3485 3503
f 3884 3503 3504
f 3885 3504 3505
f 3886 3505 3506
f 3887 3506 3507
f 3888 3507 3508
f 3889 3508 3509
f 3890 3509 3510
f 3891 3510 3511
f 3892 3511 3512
f 3894 3513 3514
f 3895 3514 3515
f 3896 3512 3516
f 3893 3516 3513
f 3882 3576 3502
f 3956 3577 3576
f 3957 3700 3577
f 4080 3701 3700
f 4081 3702 3701
f 4082 3704 3702
f 4083 3515 3703
f 4084 3703 3704
f 3864 3484 3865
f 3865 3485 3883
f 3864 3866 3486
f 3876 3875 3495
f 3866 3876 3496
f 3875 3877 3497
f 3877 3878 3498
f 3878 3879 3499
f 3879 3880 3500
f 3880 3881 3501
f 3881 3882 3502
f 3883 3503 3884
f 3884 3504 3885
f 3885 3505 3886
f 3886 3506 3887
f 3887 3507 3888
f 3888 3508 3889
f 3889 3509 3890
f 3890 3510 3891
f 3891 3511 3892
f 3893 3513 3894
f 3894 3514 3895
f 3892 3512 3896
f 3896 3516 3893
f 3882 3956 3576
f 3956 3957 3577
f 3957 4080 3700
f 4080 4081 3701
f 4081 4082 3702
f 4082 4084 3704
f 4083 3703 4084
f 4083 3895 3515
f 3911 3535 3531
f 3921 3531 3541
f 3912 3533 3532
f 3913 3536 3533
f 3915 3534 3535
f 3914 3532 3534
f 3916 3537 3536
f 3917 3538 3537
f 3918 3539 3538
f 3919 3540 3539
f 3920 3605 3540
f 3922 3541 3542
f 3923 3542 3543
f 3924 3543 3544
f 3925 3544 3545
f 3926 3545 3546
f 3927 3546 3547
f 3928 3547 3548
f 3929 3548 3549
f 3992 3549 3612
f 3985 3606 3605
f 3986 3607 3606
f 3987 3608 3607
f 3988 3609 3608
f 3989 3610 3609
f 3990 3611 3610
f 3991 3615 3611
f 3993 3612 3613
f 3997 3613 3617
f 3994 3617 3614
f 3995 3616 3615
f 3996 3614 3616
f 3915 3535 3911
f 3911 3531 3921
f 3912 3913 3533
f 3914 3534 3915
f 3914 3912 3532
f 3916 3536 3913
f 3916 3917 3537
f 3917 3918 3538
f 3918 3919 3539
f 3919 3920 3540
f 3920 3985 3605
f 3921 3541 3922
f 3922 3542 3923
f 3923 3543 3924
f 3924 3544 3925
f 3925 3545 3926
f 3926 3546 3927
f 3927 3547 3928
f 3928 3548 3929
f 3929 3549 3992
f 3985 3986 3606
f 3986 3987 3607
f 3987 3988 3608
f 3988 3989 3609
f 3989 3990 3610
f 3990 3991 3611
f 3992 3612 3993
f 3997 3993 3613
f 3997 3617 3994
f 3991 3995 3615
f 3995 3996 3616
f 3996 3994 3614
f 3930 3558 3550
f 3939 3550 3559
f 3940 3551 3560
f 3931 3552 3551
f 3932 3553 3552
f 3933 3554 3553
f 3934 3618 3554
f 3938 3556 3558
f 3936 3555 3556
f 3937 3560 3557
f 3935 3557 3555
f 3941 3559 3561
f 3942 3561 3562
f 3943 3562 3563
f 3944 3563 3564
f 3945 3564 3565
f 3946 3565 3566
f 3947 3566 3567
f 4006 3568 3626
f 3948 3567 3568
f 3998 3619 3618
f 3999 3620 3619
f 4000 3621 3620
f 4001 3622 3621
f 4002 3623 3622
f 4003 3624 3623
f 4004 3625 3624
f 4005 3630 3625
f 4007 3626 3627
f 4009 3627 3629
f 4008 3629 3628
f 4010 3628 3630
f 3938 3558 3930
f 3930 3550 3939
f 3940 3931 3551
f 3931 3932 3552
f 3932 3933 3553
f 3933 3934 3554
f 3934 3998 3618
f 3936 3556 3938
f 3936 3935 3555
f 3937 3557 3935
f 3939 3559 3941
f 3937 3940 3560
f 3941 3561 3942
f 3942 3562 3943
f 3943 3563 3944
f 3944 3564 3945
f 3945 3565 3946
f 3946 3566 3947
f 3948 3568 4006
f 3947 3567 3948
f 3998 3999 3619
f 3999 4000 3620
f 4000 4001 3621
f 4001 4002 3622
f 4002 4003 3623
f 4003 4004 3624
f 4004 4005 3625
f 4005 4010 3630
f 4006 3626 4007
f 4007 3627 4009
f 4009 3629 4008
f 4008 3628 4010
f 3958 3584 3578
f 3965 3578 3585
f 3959 3580 3579
f 3960 3581 3580
f 3961 3582 3581
f 3962 3588 3582
f 3964 3583 3584
f 3963 3579 3583
f 3966 3585 3586
f 3967 3586 3587
f 3968 3589 3588
f 3969 3590 3589
f 3970 3661 3590
f 3971 3587 3591
f 3972 3591 3592
f 3973 3592 3593
f 3974 3593 3594
f 3975 3594 3595
f 3976 3595 3596
f 4051 3596 3671
f 4041 3662 3661
f 4042 3663 3662
f 4043 3664 3663
f 4044 3665 3664
f 4045 3666 3665
f 4046 3667 3666
f 4048 3673 3668
f 4047 3669 3667
f 4049 3670 3669
f 4050 3668 3670
f 4052 3671 3672
f 4053 3672 3673
f 3964 3584 3958
f 3958 3578 3965
f 3959 3960 3580
f 3960 3961 3581
f 3961 3962 3582
f 3959 3579 3963
f 3963 3583 3964
f 3965 3585 3966
f 3966 3586 3967
f 3967 3587 3971
f 3962 3968 3588
f 3968 3969 3589
f 3969 3970 3590
f 3970 4041 3661
f 3971 3591 3972
f 3972 3592 3973
f 3973 3593 3974
f 3974 3594 3975
f 3976 3975 3595
f 3976 3596 4051
f 4041 4042 3662
f 4042 4043 3663
f 4043 4044 3664
f 4044 4045 3665
f 4045 4046 3666
f 4046 4047 3667
f 4047 4049 3669
f 4050 3670 4049
f 4050 4048 3668
f 4051 3671 4052
f 4052 3672 4053
f 4053 3673 4048
f 3977 3597 3598
f 3978 3599 3597
f 3979 3601 3599
f 3980 3602 3600
f 3981 3600 3601
f 3982 3603 3602
f 3983 3604 3603
f 3984 3674 3604
f 4054 3675 3674
f 4055 3676 3675
f 4056 3677 3676
f 4057 3678 3677
f 4058 3718 3678
f 4085 3706 3705
f 4087 3705 3707
f 4086 3598 3706
f 4088 3707 3708
f 4089 3708 3709
f 4090 3709 3710
f 4091 3710 3711
f 4092 3711 3712
f 4093 3712 3713
f 4094 3713 3714
f 4095 3714 3715
f 4096 3715 3716
f 4097 3716 3717
f 4102 3717 3722
f 4098 3719 3718
f 4099 3720 3719
f 4100 3723 3720
f 4101 3722 3721
f 4103 3721 3723
f 3977 3978 3597
f 3977 3598 4086
f 3978 3979 3599
f 3980 3600 3981
f 3979 3981 3601
f 3980 3982 3602
f 3982 3983 3603
f 3983 3984 3604
f 3984 4054 3674
f 4054 4055 3675
f 4055 4056 3676
f 4056 4057 3677
f 4057 4058 3678
f 4086 3706 4085
f 4085 3705 4087
f 4087 3707 4088
f 4088 3708 4089
f 4089 3709 4090
f 4090 3710 4091
f 4091 3711 4092
f 4092 3712 4093
f 4093 3713 4094
f 4094 3714 4095
f 4095 3715 4096
f 4096 3716 4097
f 4097 3717 4102
f 4058 4098 3718
f 4098 4099 3719
f 4099 4100 3720
f 4103 3723 4100
f 4101 4102 3722
f 4103 4101 3721
f 4011 3632 3631
f 4013 3631 3633
f 4015 3633 3635
f 4014 3635 3634
f 4012 3636 3632
f 4016 3637 3636
f 4017 3638 3637
f 4018 4258 3638
f 4019 3634 3639
f 4020 3639 3640
f 4021 3640 3641
f 4022 3641 3642
f 4023 3642 3643
f 4024 3643 3644
f 4025 3644 3645
f 4670 3645 4267
f 4011 4012 3632
f 4013 4011 3631
f 4013 3633 4015
f 4014 3634 4019
f 4014 4015 3635
f 4016 3636 4012
f 4016 4017 3637
f 4017 4018 3638
f 4018 4661 4258
f 4019 3639 4020
f 4020 3640 4021
f 4021 3641 4022
f 4022 3642 4023
f 4023 3643 4024
f 4024 3644 4025
f 4025 3645 4670
f 4661 4259 4258
f 4662 4260 4259
f 4663 4261 4260
f 4664 4262 4261
f 4665 4263 4262
f 4666 4264 4263
f 4667 4265 4264
f 4668 4266 4265
f 4669 4272 4266
f 4671 4267 4268
f 4672 4268 4269
f 4673 4269 4270
f 4677 4270 4274
f 4674 4274 4271
f 4675 4273 4272
f 4676 4271 4273
f 4661 4662 4259
f 4662 4663 4260
f 4663 4664 4261
f 4664 4665 4262
f 4665 4666 4263
f 4666 4667 4264
f 4667 4668 4265
f 4668 4669 4266
f 4670 4267 4671
f 4671 4268 4672
f 4672 4269 4673
f 4673 4270 4677
f 4677 4274 4674
f 4676 4273 4675
f 4669 4675 4272
f 4674 4271 4676
f 4037 3646 3657
f 4026 3647 3646
f 4027 4275 3647
f 4028 3650 3648
f 4032 3648 3652
f 4030 3649 3650
f 4031 3652 3651
f 4033 3651 3653
f 4034 3653 3654
f 4035 3654 3655
f 4036 3655 3656
f 4029 3657 3649
f 4038 3656 3658
f 4039 3658 3659
f 4040 3659 3660
f 4682 3660 4279
f 4037 4026 3646
f 4026 4027 3647
f 4027 4678 4275
f 4028 4030 3650
f 4028 3648 4032
f 4029 3649 4030
f 4031 4032 3652
f 4031 3651 4033
f 4033 3653 4034
f 4034 3654 4035
f 4035 3655 4036
f 4029 4037 3657
f 4036 3656 4038
f 4038 3658 4039
f 4039 3659 4040
f 4040 3660 4682
f 4678 4276 4275
f 4679 4277 4276
f 4680 4278 4277
f 4681 4283 4278
f 4684 4280 4281
f 4683 4279 4280
f 4685 4281 4282
f 4693 4282 4290
f 4686 4284 4283
f 4687 4285 4284
f 4688 4286 4285
f 4689 4287 4286
f 4691 4291 4288
f 4690 4288 4287
f 4692 4290 4289
f 4694 4289 4291
f 4678 4679 4276
f 4679 4680 4277
f 4680 4681 4278
f 4681 4686 4283
f 4683 4280 4684
f 4682 4279 4683
f 4684 4281 4685
f 4685 4282 4693
f 4686 4687 4284
f 4687 4688 4285
f 4688 4689 4286
f 4689 4690 4287
f 4694 4291 4691
f 4690 4691 4288
f 4692 4693 4290
f 4692 4289 4694
f 4059 3680 3679
f 4061 3679 3681
f 4063 3681 3683
f 4062 3683 3682
f 4064 3682 3684
f 4065 3684 3685
f 4066 3685 3686
f 4060 3687 3680
f 4067 3688 3687
f 4068 3689 3688
f 4069 4292 3689
f 4070 3686 3690
f 4071 3690 3691
f 4072 3691 3692
f 4073 3692 3693
f 4707 3693 4304
f 4059 4060 3680
f 4059 3679 4061
f 4061 3681 4063
f 4062 4063 3683
f 4062 3682 4064
f 4064 3684 4065
f 4065 3685 4066
f 4066 3686 4070
f 4060 4067 3687
f 4067 4068 3688
f 4069 3689 4068
f 4069 4695 4292
f 4070 3690 4071
f 4071 3691 4072
f 4072 3692 4073
f 4073 3693 4707
f 4695 4293 4292
f 4696 4294 4293
f 4697 4295 4294
f 4698 4296 4295
f 4699 4297 4296
f 4700 4298 4297
f 4701 4299 4298
f 4702 4300 4299
f 4704 4308 4301
f 4705 4303 4302
f 4703 4302 4300
f 4706 4301 4303
f 4708 4304 4305
f 4709 4305 4306
f 4710 4306 4307
f 4711 4307 4308
f 4695 4696 4293
f 4696 4697 4294
f 4697 4698 4295
f 4698 4699 4296
f 4699 4700 4297
f 4700 4701 4298
f 4701 4702 4299
f 4702 4703 4300
f 4706 4303 4705
f 4703 4705 4302
f 4706 4704 4301
f 4707 4304 4708
f 4708 4305 4709
f 4709 4306 4710
f 4710 4307 4711
f 4704 4711 4308
f 4074 3696 3694
f 4076 3695 3696
f 4075 3698 3695
f 4078 3697 3698
f 4077 3699 3697
f 4079 4309 3699
f 4104 3725 3724
f 4105 3694 3725
f 4106 3724 3726
f 4107 3726 3727
f 4108 3727 3728
f 4109 3728 3729
f 4110 3729 3730
f 4111 3730 3731
f 4112 3731 3732
f 4724 3732 4318
f 4074 4076 3696
f 4074 3694 4105
f 4076 4075 3695
f 4078 4077 3697
f 4075 4078 3698
f 4077 4079 3699
f 4079 4712 4309
f 4104 4105 3725
f 4104 3724 4106
f 4106 3726 4107
f 4107 3727 4108
f 4108 3728 4109
f 4109 3729 4110
f 4110 3730 4111
f 4111 3731 4112
f 4112 3732 4724
f 4712 4310 4309
f 4713 4311 4310
f 4714 4312 4311
f 4715 4313 4312
f 4716 4314 4313
f 4717 4315 4314
f 4718 4320 4315
f 4723 4316 4317
f 4730 4317 4324
f 4725 4318 4319
f 4722 4319 4316
f 4726 4321 4320
f 4728 4325 4322
f 4727 4322 4321
f 4729 4324 4323
f 4731 4323 4325
f 4712 4713 4310
f 4713 4714 4311
f 4714 4715 4312
f 4715 4716 4313
f 4716 4717 4314
f 4717 4718 4315
f 4722 4316 4723
f 4723 4317 4730
f 4724 4318 4725
f 4725 4319 4722
f 4718 4726 4320
f 4726 4727 4321
f 4731 4325 4728
f 4727 4728 4322
f 4729 4730 4324
f 4729 4323 4731
o 02_main_body
usemtl 02_main_body
v -56.735634 -88.036873 4.000000
v -58.535973 -83.369682 4.000000
v -58.981064 -81.761330 4.000000
v -57.411903 -86.511238 4.000000
v -58.012501 -84.954254 4.000000
v -55.162769 -90.979492 4.000000
v -55.985325 -89.527489 4.000000
v -54.269966 -92.389389 4.000000
v -53.309055 -93.753777 4.000000
v -52.589588 -89.437187 4.000000
v -53.339558 -88.113297 4.000000
v -54.640270 -85.363190 4.000000
v -55.665154 -82.498825 4.000000
v -56.070969 -81.032387 4.000000
v -55.187866 -83.943588 4.000000
v -54.023666 -86.754211 4.000000
v -52.282356 -95.069374 4.000000
v -51.192337 -96.333008 4.000000
v -50.041630 -97.541634 4.000000
v -48.833004 -98.692337 4.000000
v -48.969486 -94.318329 4.000000
v -46.253777 -100.809059 4.000000
v -47.569370 -99.782356 4.000000
v -47.920311 -95.420311 4.000000
v -45.666191 -97.463326 4.000000
v -46.818329 -96.469482 4.000000
v -51.775558 -90.722679 4.000000
v -50.899433 -91.966675 4.000000
v -49.963326 -93.166191 4.000000
v -59.346703 -80.133072 4.000000
v -59.632000 -78.488838 4.000000
v -59.836281 -76.832581 4.000000
v -59.959045 -75.168304 4.000000
v -56.404346 -79.547798 4.000000
v -56.664474 -78.048645 4.000000
v -56.850727 -76.538528 4.000000
v -56.962654 -75.021095 4.000000
v -60.000000 -73.500000 4.000000
v -57.000000 -73.500000 4.000000
v -57.265305 -60.500000 4.000000
v -57.000000 -60.500000 4.000000
v -57.367348 -55.500000 4.000000
v -57.000000 -55.500000 4.000000
v -50.991055 -60.666740 4.000000
v -51.090992 -60.500000 4.000000
v -50.991055 -60.500000 4.000000
v -50.710449 -61.045090 4.000000
v -50.394112 -61.394112 4.000000
v -50.045086 -61.710453 4.000000
v -49.262703 -62.233223 4.000000
v -48.836880 -62.434616 4.000000
v -49.666737 -61.991055 4.000000
v -51.090992 -55.500000 4.000000
v -50.999245 -55.500000 4.000000
v -50.991055 -55.333260 4.000000
v -50.710449 -54.954910 4.000000
v -50.394112 -54.605888 4.000000
v -50.045086 -54.289547 4.000000
v -49.666737 -54.008945 4.000000
v -49.262703 -53.766777 4.000000
v -48.393368 -62.593311 4.000000
v -47.936432 -62.707771 4.000000
v -48.290527 -60.500000 4.000000
v -47.470482 -62.776882 4.000000
v -47.000000 -62.799999 4.000000
v -46.529518 -62.776882 4.000000
v -46.063568 -62.707771 4.000000
v -45.606632 -62.593311 4.000000
v -45.163120 -62.434616 4.000000
v -48.413498 -58.944466 4.000000
v -48.499268 -58.801376 4.000000
v -48.314117 -59.078472 4.000000
v -48.078468 -59.314117 4.000000
v -48.225498 -59.176250 4.000000
v -48.202080 -59.202080 4.000000
v -47.944469 -59.413498 4.000000
v -48.570595 -58.650558 4.000000
v -48.626797 -58.493484 4.000000
v -48.691814 -58.166630 4.000000
v -48.667336 -58.331654 4.000000
v -48.700001 -58.000000 4.000000
v -48.691814 -57.833370 4.000000
v -48.667336 -57.668346 4.000000
v -48.626797 -57.506516 4.000000
v -48.570595 -57.349442 4.000000
v -48.499268 -57.198624 4.000000
v -47.801376 -59.499271 4.000000
v -47.650562 -59.570591 4.000000
v -47.493484 -59.626797 4.000000
v -47.331654 -59.667336 4.000000
v -47.166630 -59.691814 4.000000
v -47.000000 -59.700001 4.000000
v -48.413498 -57.055534 4.000000
v -48.314117 -56.921528 4.000000
v -48.202080 -56.797920 4.000000
v -48.104301 -56.709301 4.000000
v -48.078468 -56.685883 4.000000
v -47.944469 -56.586502 4.000000
v -48.044895 -55.500000 4.000000
v -47.801376 -56.500729 4.000000
v -47.650562 -56.429409 4.000000
v -47.493484 -56.373203 4.000000
v -47.331654 -56.332664 4.000000
v -47.166630 -56.308186 4.000000
v -47.000000 -56.299999 4.000000
v -46.833370 -59.691814 4.000000
v -46.668346 -59.667336 4.000000
v -46.506516 -59.626797 4.000000
v -46.349438 -59.570591 4.000000
v -46.198624 -59.499271 4.000000
v -46.055531 -59.413498 4.000000
v -45.921532 -59.314117 4.000000
v -45.797920 -59.202080 4.000000
v -45.685883 -59.078472 4.000000
v -45.586502 -58.944466 4.000000
v -45.500732 -58.801376 4.000000
v -45.500732 -57.198624 4.000000
v -45.429405 -58.650558 4.000000
v -45.373203 -58.493484 4.000000
v -45.332664 -58.331654 4.000000
v -45.308186 -58.166630 4.000000
v -45.299999 -58.000000 4.000000
v -45.308186 -57.833370 4.000000
v -45.332664 -57.668346 4.000000
v -45.429405 -57.349442 4.000000
v -45.373203 -57.506516 4.000000
v -46.833370 -56.308186 4.000000
v -46.668346 -56.332664 4.000000
v -46.506516 -56.373203 4.000000
v -46.349438 -56.429409 4.000000
v -46.198624 -56.500729 4.000000
v -46.055531 -56.586502 4.000000
v -45.797920 -56.797920 4.000000
v -45.921532 -56.685883 4.000000
v -45.586502 -57.055534 4.000000
v -45.685883 -56.921528 4.000000
v -44.889389 -101.769966 4.000000
v -43.479492 -102.662773 4.000000
v -42.027489 -103.485321 4.000000
v -44.466679 -98.399437 4.000000
v -43.222675 -99.275558 4.000000
v -41.937183 -100.089584 4.000000
v -40.536873 -104.235634 4.000000
v -40.613300 -100.839561 4.000000
v -39.011238 -104.911903 4.000000
v -39.254208 -101.523666 4.000000
v -37.863186 -102.140266 4.000000
v -37.454254 -105.512497 4.000000
v -35.869678 -106.035973 4.000000
v -36.443584 -102.687866 4.000000
v -34.261326 -106.481064 4.000000
v -34.998825 -103.165154 4.000000
v -32.633072 -106.846703 4.000000
v -33.532387 -103.570969 4.000000
v -32.047798 -103.904343 4.000000
v -30.988834 -107.132004 4.000000
v -30.548647 -104.164474 4.000000
v -44.737297 -62.233223 4.000000
v -44.333263 -61.991055 4.000000
v -43.954914 -61.710453 4.000000
v -43.605888 -61.394112 4.000000
v -43.289551 -61.045090 4.000000
v -43.008945 -60.666740 4.000000
v -44.737297 -53.766777 4.000000
v -44.333263 -54.008945 4.000000
v -43.605888 -54.605888 4.000000
v -43.954914 -54.289547 4.000000
v -43.289551 -54.954910 4.000000
v -42.766777 -60.262699 4.000000
v -42.565380 -59.836876 4.000000
v -42.406685 -59.393368 4.000000
v -42.292233 -58.936428 4.000000
v -42.223114 -58.470482 4.000000
v -42.200001 -58.000000 4.000000
v -42.223114 -57.529518 4.000000
v -42.766777 -55.737301 4.000000
v -42.292233 -57.063572 4.000000
v -42.406685 -56.606632 4.000000
v -42.565380 -56.163124 4.000000
v -43.008945 -55.333260 4.000000
v -48.836880 -53.565380 4.000000
v -48.393368 -53.406685 4.000000
v -47.936432 -53.292233 4.000000
v -47.470482 -53.223114 4.000000
v -47.000000 -53.200001 4.000000
v -46.529518 -53.223114 4.000000
v -46.063568 -53.292233 4.000000
v -45.606632 -53.406685 4.000000
v -45.163120 -53.565380 4.000000
v -60.000000 -26.000000 20.500000
v -57.000000 -26.000000 20.500000
v -60.000000 -14.000000 20.500000
v -57.000000 -14.000000 20.500000
v -60.000000 -26.000000 23.500000
v -57.000000 -26.000000 23.500000
v -60.000000 -14.000000 23.500000
v -57.000000 -14.000000 23.500000
v -60.000000 -6.000000 20.500000
v -57.000000 -6.000000 20.500000
v -60.000000 -6.000000 23.500000
v -57.000000 -6.000000 23.500000
v -29.332582 -107.336281 4.000000
v -29.038530 -104.350723 4.000000
v -27.668301 -107.459045 4.000000
v -27.521097 -104.462662 4.000000
v -26.000000 -107.500008 4.000000
v -26.000000 -104.500000 4.000000
v -5.500000 -107.500008 4.000000
v -5.500000 -104.500000 4.000000
v -5.500000 -107.500008 8.000000
v -5.500000 -104.500000 8.000000
v -56.735634 -88.036873 44.000000
v -58.535973 -83.369682 44.000000
v -58.981064 -81.761330 44.000000
v -57.411903 -86.511238 44.000000
v -58.012501 -84.954254 44.000000
v -55.162769 -90.979492 44.000000
v -55.985325 -89.527489 44.000000
v -54.269966 -92.389389 44.000000
v -53.309055 -93.753777 44.000000
v -52.589588 -89.437187 44.000000
v -53.339558 -88.113297 44.000000
v -54.640270 -85.363190 44.000000
v -55.665154 -82.498825 44.000000
v -56.070969 -81.032387 44.000000
v -55.187866 -83.943588 44.000000
v -54.023666 -86.754211 44.000000
v -52.282356 -95.069374 44.000000
v -51.192337 -96.333008 44.000000
v -50.041630 -97.541634 44.000000
v -48.833004 -98.692337 44.000000
v -48.969486 -94.318329 44.000000
v -46.253777 -100.809059 44.000000
v -47.569370 -99.782356 44.000000
v -47.920311 -95.420311 44.000000
v -45.666191 -97.463326 44.000000
v -46.818329 -96.469482 44.000000
v -51.775558 -90.722679 44.000000
v -50.899433 -91.966675 44.000000
v -49.963326 -93.166191 44.000000
v -59.346703 -80.133072 44.000000
v -59.632000 -78.488838 44.000000
v -59.836281 -76.832581 44.000000
v -59.959045 -75.168304 44.000000
v -56.404346 -79.547798 44.000000
v -56.664474 -78.048645 44.000000
v -56.850727 -76.538528 44.000000
v -56.962654 -75.021095 44.000000
v -60.000000 -73.500000 44.000000
v -57.000000 -73.500000 44.000000
v -57.000000 -60.500000 41.000000
v -57.000000 -55.500000 41.000000
v -50.991055 -60.666740 41.000000
v -51.090992 -60.500000 41.000000
v -50.710449 -61.045090 41.000000
v -50.394112 -61.394112 41.000000
v -50.045086 -61.710453 41.000000
v -49.262703 -62.233223 41.000000
v -48.836880 -62.434616 41.000000
v -49.666737 -61.991055 41.000000
v -51.233223 -58.883385 41.000000
v -51.167084 -58.916462 41.000000
v -51.090992 -55.500000 41.000000
v -50.991055 -55.333260 41.000000
v -50.710449 -54.954910 41.000000
v -50.394112 -54.605888 41.000000
v -50.045086 -54.289547 41.000000
v -49.666737 -54.008945 41.000000
v -49.262703 -53.766777 41.000000
v -48.393368 -62.593311 41.000000
v -47.936432 -62.707771 41.000000
v -47.470482 -62.776882 41.000000
v -47.000000 -62.799999 41.000000
v -46.529518 -62.776882 41.000000
v -46.063568 -62.707771 41.000000
v -45.606632 -62.593311 41.000000
v -45.163120 -62.434616 41.000000
v -48.413498 -58.944466 41.000000
v -48.499268 -58.801376 41.000000
v -48.314117 -59.078472 41.000000
v -48.078468 -59.314117 41.000000
v -48.202080 -59.202080 41.000000
v -47.944469 -59.413498 41.000000
v -48.570595 -58.650558 41.000000
v -48.626797 -58.493484 41.000000
v -48.691814 -58.166630 41.000000
v -48.667336 -58.331654 41.000000
v -48.700001 -58.000000 41.000000
v -48.691814 -57.833370 41.000000
v -48.667336 -57.668346 41.000000
v -48.626797 -57.506516 41.000000
v -48.570595 -57.349442 41.000000
v -48.499268 -57.198624 41.000000
v -47.801376 -59.499271 41.000000
v -47.650562 -59.570591 41.000000
v -47.493484 -59.626797 41.000000
v -47.331654 -59.667336 41.000000
v -47.166630 -59.691814 41.000000
v -47.000000 -59.700001 41.000000
v -48.413498 -57.055534 41.000000
v -48.314117 -56.921528 41.000000
v -48.202080 -56.797920 41.000000
v -48.078468 -56.685883 41.000000
v -47.944469 -56.586502 41.000000
v -47.801376 -56.500729 41.000000
v -47.650562 -56.429409 41.000000
v -47.493484 -56.373203 41.000000
v -47.331654 -56.332664 41.000000
v -47.166630 -56.308186 41.000000
v -47.000000 -56.299999 41.000000
v -46.833370 -59.691814 41.000000
v -46.668346 -59.667336 41.000000
v -46.506516 -59.626797 41.000000
v -46.349438 -59.570591 41.000000
v -46.198624 -59.499271 41.000000
v -46.055531 -59.413498 41.000000
v -45.921532 -59.314117 41.000000
v -45.797920 -59.202080 41.000000
v -45.685883 -59.078472 41.000000
v -45.586502 -58.944466 41.000000
v -45.500732 -58.801376 41.000000
v -45.500732 -57.198624 41.000000
v -45.429405 -58.650558 41.000000
v -45.373203 -58.493484 41.000000
v -45.332664 -58.331654 41.000000
v -45.308186 -58.166630 41.000000
v -45.299999 -58.000000 41.000000
v -45.308186 -57.833370 41.000000
v -45.332664 -57.668346 41.000000
v -45.429405 -57.349442 41.000000
v -45.373203 -57.506516 41.000000
v -46.833370 -56.308186 41.000000
v -46.668346 -56.332664 41.000000
v -46.506516 -56.373203 41.000000
v -46.349438 -56.429409 41.000000
v -46.198624 -56.500729 41.000000
v -46.055531 -56.586502 41.000000
v -45.797920 -56.797920 41.000000
v -45.921532 -56.685883 41.000000
v -45.586502 -57.055534 41.000000
v -45.685883 -56.921528 41.000000
v -44.889389 -101.769966 44.000000
v -43.479492 -102.662773 44.000000
v -42.027489 -103.485321 44.000000
v -44.466679 -98.399437 44.000000
v -43.222675 -99.275558 44.000000
v -41.937183 -100.089584 44.000000
v -40.536873 -104.235634 44.000000
v -40.613300 -100.839561 44.000000
v -39.011238 -104.911903 44.000000
v -39.254208 -101.523666 44.000000
v -37.863186 -102.140266 44.000000
v -37.454254 -105.512497 44.000000
v -35.869678 -106.035973 44.000000
v -36.443584 -102.687866 44.000000
v -34.261326 -106.481064 44.000000
v -34.998825 -103.165154 44.000000
v -32.633072 -106.846703 44.000000
v -33.532387 -103.570969 44.000000
v -32.047798 -103.904343 44.000000
v -30.988834 -107.132004 44.000000
v -30.548647 -104.164474 44.000000
v -44.737297 -62.233223 41.000000
v -44.333263 -61.991055 41.000000
v -43.954914 -61.710453 41.000000
v -43.605888 -61.394112 41.000000
v -43.289551 -61.045090 41.000000
v -43.008945 -60.666740 41.000000
v -44.737297 -53.766777 41.000000
v -44.333263 -54.008945 41.000000
v -43.605888 -54.605888 41.000000
v -43.954914 -54.289547 41.000000
v -43.289551 -54.954910 41.000000
v -42.766777 -60.262699 41.000000
v -42.565380 -59.836876 41.000000
v -42.406685 -59.393368 41.000000
v -42.292233 -58.936428 41.000000
v -42.223114 -58.470482 41.000000
v -42.200001 -58.000000 41.000000
v -42.223114 -57.529518 41.000000
v -42.766777 -55.737301 41.000000
v -42.292233 -57.063572 41.000000
v -42.406685 -56.606632 41.000000
v -42.565380 -56.163124 41.000000
v -43.008945 -55.333260 41.000000
v -48.836880 -53.565380 41.000000
v -48.393368 -53.406685 41.000000
v -47.936432 -53.292233 41.000000
v -47.470482 -53.223114 41.000000
v -47.000000 -53.200001 41.000000
v -46.529518 -53.223114 41.000000
v -46.063568 -53.292233 41.000000
v -45.606632 -53.406685 41.000000
v -45.163120 -53.565380 41.000000
v -60.000000 -26.000000 35.500000
v -57.000000 -26.000000 35.500000
v -60.000000 -14.000000 35.500000
v -57.000000 -14.000000 35.500000
v -60.000000 -26.000000 38.500000
v -57.000000 -26.000000 38.500000
v -60.000000 -14.000000 38.500000
v -57.000000 -14.000000 38.500000
v -60.000000 -6.000000 35.500000
v -57.000000 -6.000000 35.500000
v -60.000000 -6.000000 38.500000
v -57.000000 -6.000000 38.500000
v -29.332582 -107.336281 44.000000
v -29.038530 -104.350723 44.000000
v -27.668301 -107.459045 44.000000
v -27.521097 -104.462662 44.000000
v -26.000000 -107.500008 44.000000
v -26.000000 -104.500000 44.000000
v -48.836880 53.565380 4.000000
v -48.393368 53.406685 4.000000
v -47.936432 53.292233 4.000000
v -47.470482 53.223114 4.000000
v -47.000000 53.200001 4.000000
v -46.529518 53.223114 4.000000
v -46.063568 53.292233 4.000000
v -45.606632 53.406685 4.000000
v -45.163120 53.565380 4.000000
v -60.000000 6.000000 20.500000
v -57.000000 6.000000 20.500000
v -60.000000 6.000000 23.500000
v -57.000000 6.000000 23.500000
v -60.000000 14.000000 20.500000
v -57.000000 14.000000 20.500000
v -60.000000 26.000000 20.500000
v -57.000000 26.000000 20.500000
v -60.000000 14.000000 23.500000
v -57.000000 14.000000 23.500000
v -60.000000 26.000000 23.500000
v -57.000000 26.000000 23.500000
v -57.000000 55.500000 4.000000
v -57.000000 60.500000 4.000000
v -60.000000 73.500000 4.000000
v -57.000000 73.500000 4.000000
v -59.959045 75.168304 4.000000
v -59.836281 76.832581 4.000000
v -59.632000 78.488838 4.000000
v -59.346703 80.133072 4.000000
v -56.962654 75.021095 4.000000
v -56.850727 76.538528 4.000000
v -56.664474 78.048645 4.000000
v -56.404346 79.547798 4.000000
v -50.991055 55.333260 4.000000
v -50.710449 54.954910 4.000000
v -51.090992 55.500000 4.000000
v -50.991055 55.500000 4.000000
v -50.394112 54.605888 4.000000
v -50.045086 54.289547 4.000000
v -49.666737 54.008945 4.000000
v -49.262703 53.766777 4.000000
v -50.991055 60.666740 4.000000
v -51.090992 60.500000 4.000000
v -50.999245 60.500000 4.000000
v -50.710449 61.045090 4.000000
v -50.394112 61.394112 4.000000
v -50.045086 61.710453 4.000000
v -49.666737 61.991055 4.000000
v -49.262703 62.233223 4.000000
v -48.836880 62.434616 4.000000
v -48.290527 55.500000 4.000000
v -48.413498 57.055534 4.000000
v -48.314117 56.921528 4.000000
v -48.078468 56.685883 4.000000
v -48.225498 56.823750 4.000000
v -48.202080 56.797920 4.000000
v -47.944469 56.586502 4.000000
v -47.801376 56.500729 4.000000
v -47.650562 56.429409 4.000000
v -47.493484 56.373203 4.000000
v -47.331654 56.332664 4.000000
v -47.166630 56.308186 4.000000
v -47.000000 56.299999 4.000000
v -48.570595 57.349442 4.000000
v -48.626797 57.506516 4.000000
v -48.667336 57.668346 4.000000
v -48.691814 57.833370 4.000000
v -48.499268 57.198624 4.000000
v -48.700001 58.000000 4.000000
v -48.691814 58.166630 4.000000
v -48.667336 58.331654 4.000000
v -48.626797 58.493484 4.000000
v -48.570595 58.650558 4.000000
v -48.499268 58.801376 4.000000
v -48.413498 58.944466 4.000000
v -48.314117 59.078472 4.000000
v -48.202080 59.202080 4.000000
v -48.104301 59.290699 4.000000
v -48.078468 59.314117 4.000000
v -47.944469 59.413498 4.000000
v -47.801376 59.499271 4.000000
v -47.650562 59.570591 4.000000
v -47.493484 59.626797 4.000000
v -47.331654 59.667336 4.000000
v -47.166630 59.691814 4.000000
v -47.000000 59.700001 4.000000
v -46.833370 56.308186 4.000000
v -46.668346 56.332664 4.000000
v -46.506516 56.373203 4.000000
v -46.349438 56.429409 4.000000
v -46.198624 56.500729 4.000000
v -46.055531 56.586502 4.000000
v -45.921532 56.685883 4.000000
v -45.797920 56.797920 4.000000
v -45.685883 56.921528 4.000000
v -45.586502 57.055534 4.000000
v -46.506516 59.626797 4.000000
v -46.833370 59.691814 4.000000
v -46.668346 59.667336 4.000000
v -46.349438 59.570591 4.000000
v -46.198624 59.499271 4.000000
v -46.055531 59.413498 4.000000
v -45.500732 57.198624 4.000000
v -45.429405 57.349442 4.000000
v -45.373203 57.506516 4.000000
v -45.332664 57.668346 4.000000
v -45.308186 57.833370 4.000000
v -45.299999 58.000000 4.000000
v -45.308186 58.166630 4.000000
v -45.332664 58.331654 4.000000
v -45.373203 58.493484 4.000000
v -45.429405 58.650558 4.000000
v -45.797920 59.202080 4.000000
v -45.921532 59.314117 4.000000
v -45.586502 58.944466 4.000000
v -45.685883 59.078472 4.000000
v -45.500732 58.801376 4.000000
v -48.044895 60.500000 4.000000
v -48.393368 62.593311 4.000000
v -47.936432 62.707771 4.000000
v -47.470482 62.776882 4.000000
v -47.000000 62.799999 4.000000
v -46.529518 62.776882 4.000000
v -46.063568 62.707771 4.000000
v -45.606632 62.593311 4.000000
v -45.163120 62.434616 4.000000
v -58.981064 81.761330 4.000000
v -58.535973 83.369682 4.000000
v -58.012501 84.954254 4.000000
v -57.411903 86.511238 4.000000
v -56.735634 88.036873 4.000000
v -56.070969 81.032387 4.000000
v -55.665154 82.498825 4.000000
v -55.187866 83.943588 4.000000
v -54.640270 85.363190 4.000000
v -54.023666 86.754211 4.000000
v -55.985325 89.527489 4.000000
v -55.162769 90.979492 4.000000
v -53.339558 88.113297 4.000000
v -52.589588 89.437187 4.000000
v -54.269966 92.389389 4.000000
v -53.309055 93.753777 4.000000
v -51.775558 90.722679 4.000000
v -50.899433 91.966675 4.000000
v -49.963326 93.166191 4.000000
v -52.282356 95.069374 4.000000
v -51.192337 96.333008 4.000000
v -48.969486 94.318329 4.000000
v -50.041630 97.541634 4.000000
v -48.833004 98.692337 4.000000
v -47.920311 95.420311 4.000000
v -47.569370 99.782356 4.000000
v -46.818329 96.469482 4.000000
v -45.666191 97.463326 4.000000
v -46.253777 100.809059 4.000000
v -44.737297 53.766777 4.000000
v -44.333263 54.008945 4.000000
v -43.954914 54.289547 4.000000
v -43.605888 54.605888 4.000000
v -43.289551 54.954910 4.000000
v -43.008945 55.333260 4.000000
v -42.766777 55.737301 4.000000
v -42.565380 56.163124 4.000000
v -42.406685 56.606632 4.000000
v -42.292233 57.063572 4.000000
v -42.223114 57.529518 4.000000
v -42.200001 58.000000 4.000000
v -42.223114 58.470482 4.000000
v -42.766777 60.262699 4.000000
v -42.292233 58.936428 4.000000
v -42.406685 59.393368 4.000000
v -42.565380 59.836876 4.000000
v -44.333263 61.991055 4.000000
v -44.737297 62.233223 4.000000
v -43.954914 61.710453 4.000000
v -43.605888 61.394112 4.000000
v -43.289551 61.045090 4.000000
v -43.008945 60.666740 4.000000
v -44.466679 98.399437 4.000000
v -43.222675 99.275558 4.000000
v -41.937183 100.089584 4.000000
v -44.889389 101.769966 4.000000
v -43.479492 102.662773 4.000000
v -42.027489 103.485321 4.000000
v -40.613300 100.839561 4.000000
v -40.536873 104.235634 4.000000
v -39.254208 101.523666 4.000000
v -37.863186 102.140266 4.000000
v -39.011238 104.911903 4.000000
v -36.443584 102.687866 4.000000
v -37.454254 105.512497 4.000000
v -35.869678 106.035973 4.000000
v -34.998825 103.165154 4.000000
v -34.261326 106.481064 4.000000
v -33.532387 103.570969 4.000000
v -32.047798 103.904343 4.000000
v -32.633072 106.846703 4.000000
v -30.988834 107.132004 4.000000
v -30.548647 104.164474 4.000000
v -29.332582 107.336281 4.000000
v -29.038530 104.350723 4.000000
v -27.521097 104.462662 4.000000
v -27.668301 107.459045 4.000000
v -26.000000 104.500000 4.000000
v -26.000000 107.500008 4.000000
v -60.000000 6.000000 35.500000
v -57.000000 6.000000 35.500000
v -60.000000 6.000000 38.500000
v -57.000000 6.000000 38.500000
v -60.000000 14.000000 35.500000
v -57.000000 14.000000 35.500000
v -60.000000 26.000000 35.500000
v -57.000000 26.000000 35.500000
v -60.000000 14.000000 38.500000
v -57.000000 14.000000 38.500000
v -60.000000 26.000000 38.500000
v -57.000000 26.000000 38.500000
v -48.836880 53.565380 41.000000
v -48.393368 53.406685 41.000000
v -47.936432 53.292233 41.000000
v -47.470482 53.223114 41.000000
v -47.000000 53.200001 41.000000
v -46.529518 53.223114 41.000000
v -46.063568 53.292233 41.000000
v -45.606632 53.406685 41.000000
v -45.163120 53.565380 41.000000
v -57.000000 55.500000 41.000000
v -57.000000 60.500000 41.000000
v -60.000000 73.500000 44.000000
v -57.000000 73.500000 44.000000
v -59.959045 75.168304 44.000000
v -59.836281 76.832581 44.000000
v -59.632000 78.488838 44.000000
v -59.346703 80.133072 44.000000
v -56.962654 75.021095 44.000000
v -56.850727 76.538528 44.000000
v -56.664474 78.048645 44.000000
v -56.404346 79.547798 44.000000
v -50.991055 55.333260 41.000000
v -50.710449 54.954910 41.000000
v -51.167084 57.083538 41.000000
v -51.090992 55.500000 41.000000
v -51.233223 57.116615 41.000000
v -50.394112 54.605888 41.000000
v -50.045086 54.289547 41.000000
v -49.666737 54.008945 41.000000
v -49.262703 53.766777 41.000000
v -50.991055 60.666740 41.000000
v -51.090992 60.500000 41.000000
v -50.710449 61.045090 41.000000
v -50.394112 61.394112 41.000000
v -50.045086 61.710453 41.000000
v -49.666737 61.991055 41.000000
v -49.262703 62.233223 41.000000
v -48.836880 62.434616 41.000000
v -48.413498 57.055534 41.000000
v -48.314117 56.921528 41.000000
v -48.078468 56.685883 41.000000
v -48.202080 56.797920 41.000000
v -47.944469 56.586502 41.000000
v -47.801376 56.500729 41.000000
v -47.650562 56.429409 41.000000
v -47.493484 56.373203 41.000000
v -47.331654 56.332664 41.000000
v -47.166630 56.308186 41.000000
v -47.000000 56.299999 41.000000
v -48.570595 57.349442 41.000000
v -48.626797 57.506516 41.000000
v -48.667336 57.668346 41.000000
v -48.691814 57.833370 41.000000
v -48.499268 57.198624 41.000000
v -48.700001 58.000000 41.000000
v -48.691814 58.166630 41.000000
v -48.667336 58.331654 41.000000
v -48.626797 58.493484 41.000000
v -48.570595 58.650558 41.000000
v -48.499268 58.801376 41.000000
v -48.413498 58.944466 41.000000
v -48.314117 59.078472 41.000000
v -48.202080 59.202080 41.000000
v -48.078468 59.314117 41.000000
v -47.944469 59.413498 41.000000
v -47.801376 59.499271 41.000000
v -47.650562 59.570591 41.000000
v -47.493484 59.626797 41.000000
v -47.331654 59.667336 41.000000
v -47.166630 59.691814 41.000000
v -47.000000 59.700001 41.000000
v -46.833370 56.308186 41.000000
v -46.668346 56.332664 41.000000
v -46.506516 56.373203 41.000000
v -46.349438 56.429409 41.000000
v -46.198624 56.500729 41.000000
v -46.055531 56.586502 41.000000
v -45.921532 56.685883 41.000000
v -45.797920 56.797920 41.000000
v -45.685883 56.921528 41.000000
v -45.586502 57.055534 41.000000
v -46.506516 59.626797 41.000000
v -46.833370 59.691814 41.000000
v -46.668346 59.667336 41.000000
v -46.349438 59.570591 41.000000
v -46.198624 59.499271 41.000000
v -46.055531 59.413498 41.000000
v -45.500732 57.198624 41.000000
v -45.429405 57.349442 41.000000
v -45.373203 57.506516 41.000000
v -45.332664 57.668346 41.000000
v -45.308186 57.833370 41.000000
v -45.299999 58.000000 41.000000
v -45.308186 58.166630 41.000000
v -45.332664 58.331654 41.000000
v -45.373203 58.493484 41.000000
v -45.429405 58.650558 41.000000
v -45.797920 59.202080 41.000000
v -45.921532 59.314117 41.000000
v -45.586502 58.944466 41.000000
v -45.685883 59.078472 41.000000
v -45.500732 58.801376 41.000000
v -48.393368 62.593311 41.000000
v -47.936432 62.707771 41.000000
v -47.470482 62.776882 41.000000
v -47.000000 62.799999 41.000000
v -46.529518 62.776882 41.000000
v -46.063568 62.707771 41.000000
v -45.606632 62.593311 41.000000
v -45.163120 62.434616 41.000000
v -58.981064 81.761330 44.000000
v -58.535973 83.369682 44.000000
v -58.012501 84.954254 44.000000
v -57.411903 86.511238 44.000000
v -56.735634 88.036873 44.000000
v -56.070969 81.032387 44.000000
v -55.665154 82.498825 44.000000
v -55.187866 83.943588 44.000000
v -54.640270 85.363190 44.000000
v -54.023666 86.754211 44.000000
v -55.985325 89.527489 44.000000
v -55.162769 90.979492 44.000000
v -53.339558 88.113297 44.000000
v -52.589588 89.437187 44.000000
v -54.269966 92.389389 44.000000
v -53.309055 93.753777 44.000000
v -51.775558 90.722679 44.000000
v -50.899433 91.966675 44.000000
v -49.963326 93.166191 44.000000
v -52.282356 95.069374 44.000000
v -51.192337 96.333008 44.000000
v -48.969486 94.318329 44.000000
v -50.041630 97.541634 44.000000
v -48.833004 98.692337 44.000000
v -47.920311 95.420311 44.000000
v -47.569370 99.782356 44.000000
v -46.818329 96.469482 44.000000
v -45.666191 97.463326 44.000000
v -46.253777 100.809059 44.000000
v -44.737297 53.766777 41.000000
v -44.333263 54.008945 41.000000
v -43.954914 54.289547 41.000000
v -43.605888 54.605888 41.000000
v -43.289551 54.954910 41.000000
v -43.008945 55.333260 41.000000
v -42.766777 55.737301 41.000000
v -42.565380 56.163124 41.000000
v -42.406685 56.606632 41.000000
v -42.292233 57.063572 41.000000
v -42.223114 57.529518 41.000000
v -42.200001 58.000000 41.000000
v -42.223114 58.470482 41.000000
v -42.766777 60.262699 41.000000
v -42.292233 58.936428 41.000000
v -42.406685 59.393368 41.000000
v -42.565380 59.836876 41.000000
v -44.333263 61.991055 41.000000
v -44.737297 62.233223 41.000000
v -43.954914 61.710453 41.000000
v -43.605888 61.394112 41.000000
v -43.289551 61.045090 41.000000
v -43.008945 60.666740 41.000000
v -44.466679 98.399437 44.000000
v -43.222675 99.275558 44.000000
v -41.937183 100.089584 44.000000
v -44.889389 101.769966 44.000000
v -43.479492 102.662773 44.000000
v -42.027489 103.485321 44.000000
v -40.613300 100.839561 44.000000
v -40.536873 104.235634 44.000000
v -39.254208 101.523666 44.000000
v -37.863186 102.140266 44.000000
v -39.011238 104.911903 44.000000
v -36.443584 102.687866 44.000000
v -37.454254 105.512497 44.000000
v -35.869678 106.035973 44.000000
v -34.998825 103.165154 44.000000
v -34.261326 106.481064 44.000000
v -33.532387 103.570969 44.000000
v -32.047798 103.904343 44.000000
v -32.633072 106.846703 44.000000
v -30.988834 107.132004 44.000000
v -30.548647 104.164474 44.000000
v -29.332582 107.336281 44.000000
v -29.038530 104.350723 44.000000
v -27.521097 104.462662 44.000000
v -27.668301 107.459045 44.000000
v -26.000000 104.500000 44.000000
v -26.000000 107.500008 44.000000
v 5.500000 -107.500008 4.000000
v 5.500000 -104.500000 4.000000
v 5.500000 -107.500008 8.000000
v 5.500000 -104.500000 8.000000
v 26.000000 -107.500008 4.000000
v 26.000000 -104.500000 4.000000
v 27.668301 -107.459045 4.000000
v 27.521097 -104.462662 4.000000
v 29.038530 -104.350723 4.000000
v 29.332582 -107.336281 4.000000
v 30.548647 -104.164474 4.000000
v 30.988834 -107.132004 4.000000
v 32.633072 -106.846703 4.000000
v 32.047798 -103.904343 4.000000
v 33.532387 -103.570969 4.000000
v 34.261326 -106.481064 4.000000
v 34.998825 -103.165154 4.000000
v 35.869678 -106.035973 4.000000
v 37.454254 -105.512497 4.000000
v 36.443584 -102.687866 4.000000
v 39.011238 -104.911903 4.000000
v 37.863186 -102.140266 4.000000
v 39.254208 -101.523666 4.000000
v 40.536873 -104.235634 4.000000
v 40.613300 -100.839561 4.000000
v 42.027489 -103.485321 4.000000
v 43.479492 -102.662773 4.000000
v 44.889389 -101.769966 4.000000
v 41.937183 -100.089584 4.000000
v 43.222675 -99.275558 4.000000
v 44.466679 -98.399437 4.000000
v 43.008945 -60.666740 4.000000
v 43.289551 -61.045090 4.000000
v 43.605888 -61.394112 4.000000
v 43.954914 -61.710453 4.000000
v 44.737297 -62.233223 4.000000
v 44.333263 -61.991055 4.000000
v 42.565380 -59.836876 4.000000
v 42.406685 -59.393368 4.000000
v 42.292233 -58.936428 4.000000
v 42.766777 -60.262699 4.000000
v 42.223114 -58.470482 4.000000
v 42.200001 -58.000000 4.000000
v 42.223114 -57.529518 4.000000
v 42.292233 -57.063572 4.000000
v 42.406685 -56.606632 4.000000
v 42.565380 -56.163124 4.000000
v 42.766777 -55.737301 4.000000
v 43.008945 -55.333260 4.000000
v 43.289551 -54.954910 4.000000
v 43.605888 -54.605888 4.000000
v 43.954914 -54.289547 4.000000
v 44.333263 -54.008945 4.000000
v 44.737297 -53.766777 4.000000
v 46.253777 -100.809059 4.000000
v 45.666191 -97.463326 4.000000
v 46.818329 -96.469482 4.000000
v 47.569370 -99.782356 4.000000
v 47.920311 -95.420311 4.000000
v 48.833004 -98.692337 4.000000
v 50.041630 -97.541634 4.000000
v 48.969486 -94.318329 4.000000
v 51.192337 -96.333008 4.000000
v 52.282356 -95.069374 4.000000
v 49.963326 -93.166191 4.000000
v 50.899433 -91.966675 4.000000
v 51.775558 -90.722679 4.000000
v 53.309055 -93.753777 4.000000
v 54.269966 -92.389389 4.000000
v 52.589588 -89.437187 4.000000
v 53.339558 -88.113297 4.000000
v 55.162769 -90.979492 4.000000
v 55.985325 -89.527489 4.000000
v 54.023666 -86.754211 4.000000
v 54.640270 -85.363190 4.000000
v 55.187866 -83.943588 4.000000
v 55.665154 -82.498825 4.000000
v 56.070969 -81.032387 4.000000
v 56.735634 -88.036873 4.000000
v 57.411903 -86.511238 4.000000
v 58.012501 -84.954254 4.000000
v 58.535973 -83.369682 4.000000
v 58.981064 -81.761330 4.000000
v 45.163120 -62.434616 4.000000
v 45.606632 -62.593311 4.000000
v 46.063568 -62.707771 4.000000
v 46.529518 -62.776882 4.000000
v 47.000000 -62.799999 4.000000
v 47.470482 -62.776882 4.000000
v 47.936432 -62.707771 4.000000
v 48.393368 -62.593311 4.000000
v 48.044895 -60.500000 4.000000
v 45.500732 -58.801376 4.000000
v 45.685883 -59.078472 4.000000
v 45.586502 -58.944466 4.000000
v 45.921532 -59.314117 4.000000
v 45.797920 -59.202080 4.000000
v 45.429405 -58.650558 4.000000
v 45.373203 -58.493484 4.000000
v 45.332664 -58.331654 4.000000
v 45.308186 -58.166630 4.000000
v 45.299999 -58.000000 4.000000
v 45.308186 -57.833370 4.000000
v 45.332664 -57.668346 4.000000
v 45.373203 -57.506516 4.000000
v 45.429405 -57.349442 4.000000
v 45.500732 -57.198624 4.000000
v 46.055531 -59.413498 4.000000
v 46.198624 -59.499271 4.000000
v 46.349438 -59.570591 4.000000
v 46.668346 -59.667336 4.000000
v 46.833370 -59.691814 4.000000
v 46.506516 -59.626797 4.000000
v 45.586502 -57.055534 4.000000
v 45.685883 -56.921528 4.000000
v 45.797920 -56.797920 4.000000
v 45.921532 -56.685883 4.000000
v 46.055531 -56.586502 4.000000
v 46.198624 -56.500729 4.000000
v 46.349438 -56.429409 4.000000
v 46.506516 -56.373203 4.000000
v 46.668346 -56.332664 4.000000
v 46.833370 -56.308186 4.000000
v 47.000000 -59.700001 4.000000
v 47.166630 -59.691814 4.000000
v 47.331654 -59.667336 4.000000
v 47.493484 -59.626797 4.000000
v 47.650562 -59.570591 4.000000
v 47.801376 -59.499271 4.000000
v 47.944469 -59.413498 4.000000
v 48.104301 -59.290699 4.000000
v 48.078468 -59.314117 4.000000
v 48.202080 -59.202080 4.000000
v 48.314117 -59.078472 4.000000
v 48.413498 -58.944466 4.000000
v 48.499268 -58.801376 4.000000
v 48.570595 -58.650558 4.000000
v 48.626797 -58.493484 4.000000
v 48.667336 -58.331654 4.000000
v 48.691814 -58.166630 4.000000
v 48.700001 -58.000000 4.000000
v 48.499268 -57.198624 4.000000
v 48.691814 -57.833370 4.000000
v 48.667336 -57.668346 4.000000
v 48.626797 -57.506516 4.000000
v 48.570595 -57.349442 4.000000
v 47.000000 -56.299999 4.000000
v 47.166630 -56.308186 4.000000
v 47.331654 -56.332664 4.000000
v 47.493484 -56.373203 4.000000
v 47.650562 -56.429409 4.000000
v 47.801376 -56.500729 4.000000
v 47.944469 -56.586502 4.000000
v 48.225498 -56.823750 4.000000
v 48.202080 -56.797920 4.000000
v 48.078468 -56.685883 4.000000
v 48.314117 -56.921528 4.000000
v 48.413498 -57.055534 4.000000
v 48.290527 -55.500000 4.000000
v 48.836880 -62.434616 4.000000
v 49.262703 -62.233223 4.000000
v 49.666737 -61.991055 4.000000
v 50.045086 -61.710453 4.000000
v 50.394112 -61.394112 4.000000
v 50.710449 -61.045090 4.000000
v 50.991055 -60.666740 4.000000
v 51.090992 -60.500000 4.000000
v 49.262703 -53.766777 4.000000
v 49.666737 -54.008945 4.000000
v 50.045086 -54.289547 4.000000
v 50.394112 -54.605888 4.000000
v 51.090992 -55.500000 4.000000
v 50.710449 -54.954910 4.000000
v 50.991055 -55.333260 4.000000
v 56.404346 -79.547798 4.000000
v 56.664474 -78.048645 4.000000
v 56.850727 -76.538528 4.000000
v 56.962654 -75.021095 4.000000
v 59.346703 -80.133072 4.000000
v 59.632000 -78.488838 4.000000
v 59.836281 -76.832581 4.000000
v 59.959045 -75.168304 4.000000
v 57.000000 -73.500000 4.000000
v 60.000000 -73.500000 4.000000
v 57.000000 -60.500000 4.000000
v 57.000000 -55.500000 4.000000
v 45.163120 -53.565380 4.000000
v 45.606632 -53.406685 4.000000
v 46.063568 -53.292233 4.000000
v 46.529518 -53.223114 4.000000
v 47.000000 -53.200001 4.000000
v 47.470482 -53.223114 4.000000
v 47.936432 -53.292233 4.000000
v 48.393368 -53.406685 4.000000
v 48.836880 -53.565380 4.000000
v 57.000000 -26.000000 20.500000
v 60.000000 -26.000000 20.500000
v 57.000000 -14.000000 20.500000
v 60.000000 -14.000000 20.500000
v 57.000000 -26.000000 23.500000
v 60.000000 -26.000000 23.500000
v 57.000000 -14.000000 23.500000
v 60.000000 -14.000000 23.500000
v 57.000000 -6.000000 20.500000
v 60.000000 -6.000000 20.500000
v 57.000000 -6.000000 23.500000
v 60.000000 -6.000000 23.500000
v 26.000000 -107.500008 44.000000
v 26.000000 -104.500000 44.000000
v 27.668301 -107.459045 44.000000
v 27.521097 -104.462662 44.000000
v 29.038530 -104.350723 44.000000
v 29.332582 -107.336281 44.000000
v 30.548647 -104.164474 44.000000
v 30.988834 -107.132004 44.000000
v 32.633072 -106.846703 44.000000
v 32.047798 -103.904343 44.000000
v 33.532387 -103.570969 44.000000
v 34.261326 -106.481064 44.000000
v 34.998825 -103.165154 44.000000
v 35.869678 -106.035973 44.000000
v 37.454254 -105.512497 44.000000
v 36.443584 -102.687866 44.000000
v 39.011238 -104.911903 44.000000
v 37.863186 -102.140266 44.000000
v 39.254208 -101.523666 44.000000
v 40.536873 -104.235634 44.000000
v 40.613300 -100.839561 44.000000
v 42.027489 -103.485321 44.000000
v 43.479492 -102.662773 44.000000
v 44.889389 -101.769966 44.000000
v 41.937183 -100.089584 44.000000
v 43.222675 -99.275558 44.000000
v 44.466679 -98.399437 44.000000
v 43.008945 -60.666740 41.000000
v 43.289551 -61.045090 41.000000
v 43.605888 -61.394112 41.000000
v 43.954914 -61.710453 41.000000
v 44.737297 -62.233223 41.000000
v 44.333263 -61.991055 41.000000
v 42.565380 -59.836876 41.000000
v 42.406685 -59.393368 41.000000
v 42.292233 -58.936428 41.000000
v 42.766777 -60.262699 41.000000
v 42.223114 -58.470482 41.000000
v 42.200001 -58.000000 41.000000
v 42.223114 -57.529518 41.000000
v 42.292233 -57.063572 41.000000
v 42.406685 -56.606632 41.000000
v 42.565380 -56.163124 41.000000
v 42.766777 -55.737301 41.000000
v 43.008945 -55.333260 41.000000
v 43.289551 -54.954910 41.000000
v 43.605888 -54.605888 41.000000
v 43.954914 -54.289547 41.000000
v 44.333263 -54.008945 41.000000
v 44.737297 -53.766777 41.000000
v 46.253777 -100.809059 44.000000
v 45.666191 -97.463326 44.000000
v 46.818329 -96.469482 44.000000
v 47.569370 -99.782356 44.000000
v 47.920311 -95.420311 44.000000
v 48.833004 -98.692337 44.000000
v 50.041630 -97.541634 44.000000
v 48.969486 -94.318329 44.000000
v 51.192337 -96.333008 44.000000
v 52.282356 -95.069374 44.000000
v 49.963326 -93.166191 44.000000
v 50.899433 -91.966675 44.000000
v 51.775558 -90.722679 44.000000
v 53.309055 -93.753777 44.000000
v 54.269966 -92.389389 44.000000
v 52.589588 -89.437187 44.000000
v 53.339558 -88.113297 44.000000
v 55.162769 -90.979492 44.000000
v 55.985325 -89.527489 44.000000
v 54.023666 -86.754211 44.000000
v 54.640270 -85.363190 44.000000
v 55.187866 -83.943588 44.000000
v 55.665154 -82.498825 44.000000
v 56.070969 -81.032387 44.000000
v 56.735634 -88.036873 44.000000
v 57.411903 -86.511238 44.000000
v 58.012501 -84.954254 44.000000
v 58.535973 -83.369682 44.000000
v 58.981064 -81.761330 44.000000
v 45.163120 -62.434616 41.000000
v 45.606632 -62.593311 41.000000
v 46.063568 -62.707771 41.000000
v 46.529518 -62.776882 41.000000
v 47.000000 -62.799999 41.000000
v 47.470482 -62.776882 41.000000
v 47.936432 -62.707771 41.000000
v 48.393368 -62.593311 41.000000
v 45.500732 -58.801376 41.000000
v 45.685883 -59.078472 41.000000
v 45.586502 -58.944466 41.000000
v 45.921532 -59.314117 41.000000
v 45.797920 -59.202080 41.000000
v 45.429405 -58.650558 41.000000
v 45.373203 -58.493484 41.000000
v 45.332664 -58.331654 41.000000
v 45.308186 -58.166630 41.000000
v 45.299999 -58.000000 41.000000
v 45.308186 -57.833370 41.000000
v 45.332664 -57.668346 41.000000
v 45.373203 -57.506516 41.000000
v 45.429405 -57.349442 41.000000
v 45.500732 -57.198624 41.000000
v 46.055531 -59.413498 41.000000
v 46.198624 -59.499271 41.000000
v 46.349438 -59.570591 41.000000
v 46.668346 -59.667336 41.000000
v 46.833370 -59.691814 41.000000
v 46.506516 -59.626797 41.000000
v 45.586502 -57.055534 41.000000
v 45.685883 -56.921528 41.000000
v 45.797920 -56.797920 41.000000
v 45.921532 -56.685883 41.000000
v 46.055531 -56.586502 41.000000
v 46.198624 -56.500729 41.000000
v 46.349438 -56.429409 41.000000
v 46.506516 -56.373203 41.000000
v 46.668346 -56.332664 41.000000
v 46.833370 -56.308186 41.000000
v 47.000000 -59.700001 41.000000
v 47.166630 -59.691814 41.000000
v 47.331654 -59.667336 41.000000
v 47.493484 -59.626797 41.000000
v 47.650562 -59.570591 41.000000
v 47.801376 -59.499271 41.000000
v 47.944469 -59.413498 41.000000
v 48.078468 -59.314117 41.000000
v 48.202080 -59.202080 41.000000
v 48.314117 -59.078472 41.000000
v 48.413498 -58.944466 41.000000
v 48.499268 -58.801376 41.000000
v 48.570595 -58.650558 41.000000
v 48.626797 -58.493484 41.000000
v 48.667336 -58.331654 41.000000
v 48.691814 -58.166630 41.000000
v 48.700001 -58.000000 41.000000
v 48.499268 -57.198624 41.000000
v 48.691814 -57.833370 41.000000
v 48.667336 -57.668346 41.000000
v 48.626797 -57.506516 41.000000
v 48.570595 -57.349442 41.000000
v 47.000000 -56.299999 41.000000
v 47.166630 -56.308186 41.000000
v 47.331654 -56.332664 41.000000
v 47.493484 -56.373203 41.000000
v 47.650562 -56.429409 41.000000
v 47.801376 -56.500729 41.000000
v 47.944469 -56.586502 41.000000
v 48.202080 -56.797920 41.000000
v 48.078468 -56.685883 41.000000
v 48.314117 -56.921528 41.000000
v 48.413498 -57.055534 41.000000
v 48.836880 -62.434616 41.000000
v 49.262703 -62.233223 41.000000
v 49.666737 -61.991055 41.000000
v 50.045086 -61.710453 41.000000
v 50.394112 -61.394112 41.000000
v 50.710449 -61.045090 41.000000
v 50.991055 -60.666740 41.000000
v 51.090992 -60.500000 41.000000
v 49.262703 -53.766777 41.000000
v 49.666737 -54.008945 41.000000
v 50.045086 -54.289547 41.000000
v 50.394112 -54.605888 41.000000
v 51.233223 -57.116615 41.000000
v 51.090992 -55.500000 41.000000
v 51.167084 -57.083538 41.000000
v 50.710449 -54.954910 41.000000
v 50.991055 -55.333260 41.000000
v 56.404346 -79.547798 44.000000
v 56.664474 -78.048645 44.000000
v 56.850727 -76.538528 44.000000
v 56.962654 -75.021095 44.000000
v 59.346703 -80.133072 44.000000
v 59.632000 -78.488838 44.000000
v 59.836281 -76.832581 44.000000
v 59.959045 -75.168304 44.000000
v 57.000000 -73.500000 44.000000
v 60.000000 -73.500000 44.000000
v 57.000000 -60.500000 41.000000
v 57.000000 -55.500000 41.000000
v 45.163120 -53.565380 41.000000
v 45.606632 -53.406685 41.000000
v 46.063568 -53.292233 41.000000
v 46.529518 -53.223114 41.000000
v 47.000000 -53.200001 41.000000
v 47.470482 -53.223114 41.000000
v 47.936432 -53.292233 41.000000
v 48.393368 -53.406685 41.000000
v 48.836880 -53.565380 41.000000
v 57.000000 -26.000000 35.500000
v 60.000000 -26.000000 35.500000
v 57.000000 -14.000000 35.500000
v 60.000000 -14.000000 35.500000
v 57.000000 -26.000000 38.500000
v 60.000000 -26.000000 38.500000
v 57.000000 -14.000000 38.500000
v 60.000000 -14.000000 38.500000
v 57.000000 -6.000000 35.500000
v 60.000000 -6.000000 35.500000
v 57.000000 -6.000000 38.500000
v 60.000000 -6.000000 38.500000
v 26.000000 104.500000 4.000000
v 26.000000 107.500008 4.000000
v 27.521097 104.462662 4.000000
v 27.668301 107.459045 4.000000
v 29.038530 104.350723 4.000000
v 29.332582 107.336281 4.000000
v 45.163120 53.565380 4.000000
v 45.606632 53.406685 4.000000
v 46.063568 53.292233 4.000000
v 46.529518 53.223114 4.000000
v 47.000000 53.200001 4.000000
v 47.470482 53.223114 4.000000
v 47.936432 53.292233 4.000000
v 48.393368 53.406685 4.000000
v 48.836880 53.565380 4.000000
v 57.000000 6.000000 20.500000
v 60.000000 6.000000 20.500000
v 57.000000 6.000000 23.500000
v 60.000000 6.000000 23.500000
v 57.000000 14.000000 20.500000
v 60.000000 14.000000 20.500000
v 57.000000 26.000000 20.500000
v 60.000000 26.000000 20.500000
v 57.000000 14.000000 23.500000
v 60.000000 14.000000 23.500000
v 57.000000 26.000000 23.500000
v 60.000000 26.000000 23.500000
v 43.008945 55.333260 4.000000
v 42.565380 56.163124 4.000000
v 42.406685 56.606632 4.000000
v 42.292233 57.063572 4.000000
v 42.766777 55.737301 4.000000
v 42.223114 57.529518 4.000000
v 42.200001 58.000000 4.000000
v 42.223114 58.470482 4.000000
v 42.292233 58.936428 4.000000
v 42.406685 59.393368 4.000000
v 42.565380 59.836876 4.000000
v 42.766777 60.262699 4.000000
v 43.289551 54.954910 4.000000
v 43.954914 54.289547 4.000000
v 43.605888 54.605888 4.000000
v 44.333263 54.008945 4.000000
v 44.737297 53.766777 4.000000
v 43.008945 60.666740 4.000000
v 43.289551 61.045090 4.000000
v 43.605888 61.394112 4.000000
v 43.954914 61.710453 4.000000
v 44.333263 61.991055 4.000000
v 44.737297 62.233223 4.000000
v 30.548647 104.164474 4.000000
v 30.988834 107.132004 4.000000
v 32.047798 103.904343 4.000000
v 33.532387 103.570969 4.000000
v 32.633072 106.846703 4.000000
v 34.998825 103.165154 4.000000
v 34.261326 106.481064 4.000000
v 36.443584 102.687866 4.000000
v 35.869678 106.035973 4.000000
v 37.454254 105.512497 4.000000
v 37.863186 102.140266 4.000000
v 39.254208 101.523666 4.000000
v 39.011238 104.911903 4.000000
v 40.613300 100.839561 4.000000
v 40.536873 104.235634 4.000000
v 41.937183 100.089584 4.000000
v 43.222675 99.275558 4.000000
v 44.466679 98.399437 4.000000
v 42.027489 103.485321 4.000000
v 43.479492 102.662773 4.000000
v 44.889389 101.769966 4.000000
v 45.685883 56.921528 4.000000
v 45.586502 57.055534 4.000000
v 45.921532 56.685883 4.000000
v 45.797920 56.797920 4.000000
v 46.055531 56.586502 4.000000
v 46.198624 56.500729 4.000000
v 46.349438 56.429409 4.000000
v 46.506516 56.373203 4.000000
v 46.668346 56.332664 4.000000
v 46.833370 56.308186 4.000000
v 45.373203 57.506516 4.000000
v 45.429405 57.349442 4.000000
v 45.332664 57.668346 4.000000
v 45.308186 57.833370 4.000000
v 45.299999 58.000000 4.000000
v 45.308186 58.166630 4.000000
v 45.332664 58.331654 4.000000
v 45.373203 58.493484 4.000000
v 45.429405 58.650558 4.000000
v 45.500732 57.198624 4.000000
v 45.500732 58.801376 4.000000
v 45.586502 58.944466 4.000000
v 45.685883 59.078472 4.000000
v 45.797920 59.202080 4.000000
v 45.921532 59.314117 4.000000
v 46.055531 59.413498 4.000000
v 46.198624 59.499271 4.000000
v 46.349438 59.570591 4.000000
v 46.506516 59.626797 4.000000
v 46.668346 59.667336 4.000000
v 46.833370 59.691814 4.000000
v 47.000000 56.299999 4.000000
v 47.166630 56.308186 4.000000
v 47.331654 56.332664 4.000000
v 47.493484 56.373203 4.000000
v 47.650562 56.429409 4.000000
v 47.801376 56.500729 4.000000
v 48.044895 55.500000 4.000000
v 47.944469 56.586502 4.000000
v 48.078468 56.685883 4.000000
v 48.104301 56.709301 4.000000
v 48.202080 56.797920 4.000000
v 48.314117 56.921528 4.000000
v 48.413498 57.055534 4.000000
v 47.000000 59.700001 4.000000
v 47.166630 59.691814 4.000000
v 47.331654 59.667336 4.000000
v 47.493484 59.626797 4.000000
v 47.650562 59.570591 4.000000
v 47.801376 59.499271 4.000000
v 48.499268 57.198624 4.000000
v 48.570595 57.349442 4.000000
v 48.626797 57.506516 4.000000
v 48.667336 57.668346 4.000000
v 48.691814 57.833370 4.000000
v 48.700001 58.000000 4.000000
v 48.667336 58.331654 4.000000
v 48.691814 58.166630 4.000000
v 48.626797 58.493484 4.000000
v 48.570595 58.650558 4.000000
v 47.944469 59.413498 4.000000
v 48.225498 59.176250 4.000000
v 48.202080 59.202080 4.000000
v 48.078468 59.314117 4.000000
v 48.314117 59.078472 4.000000
v 48.499268 58.801376 4.000000
v 48.413498 58.944466 4.000000
v 45.163120 62.434616 4.000000
v 45.606632 62.593311 4.000000
v 46.063568 62.707771 4.000000
v 46.529518 62.776882 4.000000
v 47.000000 62.799999 4.000000
v 47.470482 62.776882 4.000000
v 48.290527 60.500000 4.000000
v 47.936432 62.707771 4.000000
v 48.393368 62.593311 4.000000
v 49.262703 53.766777 4.000000
v 49.666737 54.008945 4.000000
v 50.045086 54.289547 4.000000
v 50.394112 54.605888 4.000000
v 50.710449 54.954910 4.000000
v 50.991055 55.333260 4.000000
v 51.090992 55.500000 4.000000
v 49.666737 61.991055 4.000000
v 48.836880 62.434616 4.000000
v 49.262703 62.233223 4.000000
v 50.045086 61.710453 4.000000
v 50.394112 61.394112 4.000000
v 50.710449 61.045090 4.000000
v 50.991055 60.666740 4.000000
v 51.090992 60.500000 4.000000
v 57.000000 55.500000 4.000000
v 57.367348 55.500000 4.000000
v 57.000000 60.500000 4.000000
v 57.265305 60.500000 4.000000
v 57.000000 73.500000 4.000000
v 60.000000 73.500000 4.000000
v 56.962654 75.021095 4.000000
v 56.850727 76.538528 4.000000
v 56.664474 78.048645 4.000000
v 56.404346 79.547798 4.000000
v 59.959045 75.168304 4.000000
v 59.836281 76.832581 4.000000
v 59.632000 78.488838 4.000000
v 59.346703 80.133072 4.000000
v 49.963326 93.166191 4.000000
v 50.899433 91.966675 4.000000
v 51.775558 90.722679 4.000000
v 46.818329 96.469482 4.000000
v 45.666191 97.463326 4.000000
v 47.920311 95.420311 4.000000
v 47.569370 99.782356 4.000000
v 46.253777 100.809059 4.000000
v 48.969486 94.318329 4.000000
v 48.833004 98.692337 4.000000
v 50.041630 97.541634 4.000000
v 51.192337 96.333008 4.000000
v 52.282356 95.069374 4.000000
v 54.023666 86.754211 4.000000
v 55.187866 83.943588 4.000000
v 56.070969 81.032387 4.000000
v 55.665154 82.498825 4.000000
v 54.640270 85.363190 4.000000
v 53.339558 88.113297 4.000000
v 52.589588 89.437187 4.000000
v 53.309055 93.753777 4.000000
v 54.269966 92.389389 4.000000
v 55.985325 89.527489 4.000000
v 55.162769 90.979492 4.000000
v 58.012501 84.954254 4.000000
v 57.411903 86.511238 4.000000
v 58.981064 81.761330 4.000000
v 58.535973 83.369682 4.000000
v 56.735634 88.036873 4.000000
v 26.000000 104.500000 44.000000
v 26.000000 107.500008 44.000000
v 27.521097 104.462662 44.000000
v 27.668301 107.459045 44.000000
v 29.038530 104.350723 44.000000
v 29.332582 107.336281 44.000000
v 57.000000 6.000000 35.500000
v 60.000000 6.000000 35.500000
v 57.000000 6.000000 38.500000
v 60.000000 6.000000 38.500000
v 57.000000 14.000000 35.500000
v 60.000000 14.000000 35.500000
v 57.000000 26.000000 35.500000
v 60.000000 26.000000 35.500000
v 57.000000 14.000000 38.500000
v 60.000000 14.000000 38.500000
v 57.000000 26.000000 38.500000
v 60.000000 26.000000 38.500000
v 45.163120 53.565380 41.000000
v 45.606632 53.406685 41.000000
v 46.063568 53.292233 41.000000
v 46.529518 53.223114 41.000000
v 47.000000 53.200001 41.000000
v 47.470482 53.223114 41.000000
v 47.936432 53.292233 41.000000
v 48.393368 53.406685 41.000000
v 48.836880 53.565380 41.000000
v 43.008945 55.333260 41.000000
v 42.565380 56.163124 41.000000
v 42.406685 56.606632 41.000000
v 42.292233 57.063572 41.000000
v 42.766777 55.737301 41.000000
v 42.223114 57.529518 41.000000
v 42.200001 58.000000 41.000000
v 42.223114 58.470482 41.000000
v 42.292233 58.936428 41.000000
v 42.406685 59.393368 41.000000
v 42.565380 59.836876 41.000000
v 42.766777 60.262699 41.000000
v 43.289551 54.954910 41.000000
v 43.954914 54.289547 41.000000
v 43.605888 54.605888 41.000000
v 44.333263 54.008945 41.000000
v 44.737297 53.766777 41.000000
v 43.008945 60.666740 41.000000
v 43.289551 61.045090 41.000000
v 43.605888 61.394112 41.000000
v 43.954914 61.710453 41.000000
v 44.333263 61.991055 41.000000
v 44.737297 62.233223 41.000000
v 30.548647 104.164474 44.000000
v 30.988834 107.132004 44.000000
v 32.047798 103.904343 44.000000
v 33.532387 103.570969 44.000000
v 32.633072 106.846703 44.000000
v 34.998825 103.165154 44.000000
v 34.261326 106.481064 44.000000
v 36.443584 102.687866 44.000000
v 35.869678 106.035973 44.000000
v 37.454254 105.512497 44.000000
v 37.863186 102.140266 44.000000
v 39.254208 101.523666 44.000000
v 39.011238 104.911903 44.000000
v 40.613300 100.839561 44.000000
v 40.536873 104.235634 44.000000
v 41.937183 100.089584 44.000000
v 43.222675 99.275558 44.000000
v 44.466679 98.399437 44.000000
v 42.027489 103.485321 44.000000
v 43.479492 102.662773 44.000000
v 44.889389 101.769966 44.000000
v 45.685883 56.921528 41.000000
v 45.586502 57.055534 41.000000
v 45.921532 56.685883 41.000000
v 45.797920 56.797920 41.000000
v 46.055531 56.586502 41.000000
v 46.198624 56.500729 41.000000
v 46.349438 56.429409 41.000000
v 46.506516 56.373203 41.000000
v 46.668346 56.332664 41.000000
v 46.833370 56.308186 41.000000
v 45.373203 57.506516 41.000000
v 45.429405 57.349442 41.000000
v 45.332664 57.668346 41.000000
v 45.308186 57.833370 41.000000
v 45.299999 58.000000 41.000000
v 45.308186 58.166630 41.000000
v 45.332664 58.331654 41.000000
v 45.373203 58.493484 41.000000
v 45.429405 58.650558 41.000000
v 45.500732 57.198624 41.000000
v 45.500732 58.801376 41.000000
v 45.586502 58.944466 41.000000
v 45.685883 59.078472 41.000000
v 45.797920 59.202080 41.000000
v 45.921532 59.314117 41.000000
v 46.055531 59.413498 41.000000
v 46.198624 59.499271 41.000000
v 46.349438 59.570591 41.000000
v 46.506516 59.626797 41.000000
v 46.668346 59.667336 41.000000
v 46.833370 59.691814 41.000000
v 47.000000 56.299999 41.000000
v 47.166630 56.308186 41.000000
v 47.331654 56.332664 41.000000
v 47.493484 56.373203 41.000000
v 47.650562 56.429409 41.000000
v 47.801376 56.500729 41.000000
v 47.944469 56.586502 41.000000
v 48.078468 56.685883 41.000000
v 48.202080 56.797920 41.000000
v 48.314117 56.921528 41.000000
v 48.413498 57.055534 41.000000
v 47.000000 59.700001 41.000000
v 47.166630 59.691814 41.000000
v 47.331654 59.667336 41.000000
v 47.493484 59.626797 41.000000
v 47.650562 59.570591 41.000000
v 47.801376 59.499271 41.000000
v 48.499268 57.198624 41.000000
v 48.570595 57.349442 41.000000
v 48.626797 57.506516 41.000000
v 48.667336 57.668346 41.000000
v 48.691814 57.833370 41.000000
v 48.700001 58.000000 41.000000
v 48.667336 58.331654 41.000000
v 48.691814 58.166630 41.000000
v 48.626797 58.493484 41.000000
v 48.570595 58.650558 41.000000
v 47.944469 59.413498 41.000000
v 48.202080 59.202080 41.000000
v 48.078468 59.314117 41.000000
v 48.314117 59.078472 41.000000
v 48.499268 58.801376 41.000000
v 48.413498 58.944466 41.000000
v 45.163120 62.434616 41.000000
v 45.606632 62.593311 41.000000
v 46.063568 62.707771 41.000000
v 46.529518 62.776882 41.000000
v 47.000000 62.799999 41.000000
v 47.470482 62.776882 41.000000
v 47.936432 62.707771 41.000000
v 48.393368 62.593311 41.000000
v 49.262703 53.766777 41.000000
v 49.666737 54.008945 41.000000
v 50.045086 54.289547 41.000000
v 50.394112 54.605888 41.000000
v 50.710449 54.954910 41.000000
v 50.991055 55.333260 41.000000
v 51.090992 55.500000 41.000000
v 51.167084 58.916462 41.000000
v 51.233223 58.883385 41.000000
v 49.666737 61.991055 41.000000
v 48.836880 62.434616 41.000000
v 49.262703 62.233223 41.000000
v 50.045086 61.710453 41.000000
v 50.394112 61.394112 41.000000
v 50.710449 61.045090 41.000000
v 50.991055 60.666740 41.000000
v 51.090992 60.500000 41.000000
v 57.000000 55.500000 41.000000
v 57.000000 60.500000 41.000000
v 57.000000 73.500000 44.000000
v 60.000000 73.500000 44.000000
v 56.962654 75.021095 44.000000
v 56.850727 76.538528 44.000000
v 56.664474 78.048645 44.000000
v 56.404346 79.547798 44.000000
v 59.959045 75.168304 44.000000
v 59.836281 76.832581 44.000000
v 59.632000 78.488838 44.000000
v 59.346703 80.133072 44.000000
v 49.963326 93.166191 44.000000
v 50.899433 91.966675 44.000000
v 51.775558 90.722679 44.000000
v 46.818329 96.469482 44.000000
v 45.666191 97.463326 44.000000
v 47.920311 95.420311 44.000000
v 47.569370 99.782356 44.000000
v 46.253777 100.809059 44.000000
v 48.969486 94.318329 44.000000
v 48.833004 98.692337 44.000000
v 50.041630 97.541634 44.000000
v 51.192337 96.333008 44.000000
v 52.282356 95.069374 44.000000
v 54.023666 86.754211 44.000000
v 55.187866 83.943588 44.000000
v 56.070969 81.032387 44.000000
v 55.665154 82.498825 44.000000
v 54.640270 85.363190 44.000000
v 53.339558 88.113297 44.000000
v 52.589588 89.437187 44.000000
v 53.309055 93.753777 44.000000
v 54.269966 92.389389 44.000000
v 55.985325 89.527489 44.000000
v 55.162769 90.979492 44.000000
v 58.012501 84.954254 44.000000
v 57.411903 86.511238 44.000000
v 58.981064 81.761330 44.000000
v 58.535973 83.369682 44.000000
v 56.735634 88.036873 44.000000
f 6603 6630 6614
f 6602 6615 6605
f 6604 6605 6612
f 6602 6603 6613
f 6602 6613 6615
f 6603 6614 6613
f 6601 6611 6607
f 6606 6607 6610
f 6601 6616 6611
f 6606 6628 6608
f 6608 6629 6609
f 6606 6627 6628
f 6607 6611 6610
f 6606 6610 6627
f 6601 6604 6616
f 6604 6612 6616
f 6605 6615 6612
f 6609 6621 6617
f 6617 6624 6618
f 6617 6621 6624
f 6618 6626 6619
f 6619 6625 6620
f 6618 6624 6626
f 6619 6626 6625
f 6620 6741 6623
f 6620 6625 6740
f 6622 6623 6742
f 6620 6740 6741
f 6608 6628 6629
f 6609 6629 6621
f 6630 6631 6634
f 6631 6632 6635
f 6632 6633 6639
f 6633 6638 6639
f 6614 6630 6634
f 6631 6635 6634
f 6632 6636 6635
f 6632 6637 6636
f 6632 6639 6637
f 6638 6640 6639
f 6638 6642 6640
f 6639 6640 6641
f 6622 6744 6737
f 6737 6747 6738
f 6737 6744 6746
f 6623 6741 6742
f 6622 6742 6744
f 6738 6750 6739
f 6737 6746 6747
f 6738 6747 6750
f 6739 6754 6743
f 6739 6750 6752
f 6743 6757 6745
f 6739 6752 6754
f 6743 6754 6755
f 6743 6755 6757
f 6745 6757 6803
f 6745 6803 6805
f 6745 6805 6807
f 6609 6617 6820
f 6601 6607 6812
f 6603 6841 6630
f 6602 6605 6813
f 6602 6814 6603
f 6604 6816 6605
f 6601 6815 6604
f 6606 6608 6817
f 6606 6818 6607
f 6608 6609 6819
f 6617 6618 6828
f 6618 6619 6829
f 6619 6620 6830
f 6622 6737 6833
f 6620 6623 6831
f 6622 6834 6623
f 6630 6842 6631
f 6631 6843 6632
f 6632 6844 6633
f 6633 6849 6638
f 6638 6849 6794
f 6737 6738 6942
f 6738 6739 6943
f 6739 6743 6944
f 6743 6745 6948
f 6745 6748 6950
f 6748 6749 6953
f 6749 6751 6954
f 6751 6753 6956
f 6753 6756 6958
f 6756 6802 6961
f 6638 7036 6642
f 6642 7034 6643
f 6638 6794 6790
f 6638 6790 6792
f 6638 6792 6798
f 6638 6798 7022
f 6638 7022 7026
f 6638 7026 7028
f 6792 6800 6798
f 6745 6808 6748
f 6748 6808 6749
f 6749 6808 6751
f 6751 6808 6753
f 6745 6807 6808
f 6753 6808 6756
f 6756 6808 6802
f 6802 6808 6804
f 6804 6808 6806
f 6807 6809 6808
f 6806 6808 6810
f 6802 6804 7007
f 6804 6806 7009
f 6806 6810 7011
f 7011 6810 7421
f 6617 6828 6820
f 6601 6812 6815
f 6605 6816 6813
f 6603 6814 6841
f 6602 6813 6814
f 6604 6815 6816
f 6608 6819 6817
f 6607 6818 6812
f 6606 6817 6818
f 6609 6820 6819
f 6618 6829 6828
f 6620 6831 6830
f 6619 6830 6829
f 6737 6942 6833
f 6623 6834 6831
f 6622 6833 6834
f 6630 6841 6842
f 6631 6842 6843
f 6632 6843 6844
f 6633 6844 6849
f 6738 6943 6942
f 6739 6944 6943
f 6745 6950 6948
f 6743 6948 6944
f 6748 6953 6950
f 6749 6954 6953
f 6751 6956 6954
f 6753 6958 6956
f 6756 6961 6958
f 6812 6823 6815
f 6815 6826 6816
f 6813 6816 6824
f 6813 6825 6814
f 6816 6826 6824
f 6813 6824 6825
f 6814 6825 6845
f 6812 6818 6827
f 6817 6822 6818
f 6818 6822 6827
f 6817 6819 6838
f 6819 6820 6839
f 6817 6821 6822
f 6817 6838 6821
f 6815 6823 6826
f 6812 6827 6823
f 6828 6829 6832
f 6829 6830 6835
f 6828 6832 6840
f 6829 6835 6832
f 6830 6831 6837
f 6831 6834 6945
f 6831 6836 6837
f 6830 6837 6835
f 6831 6945 6836
f 6833 6946 6834
f 6834 6946 6945
f 6820 6828 6840
f 6819 6839 6838
f 6820 6840 6839
f 6814 6845 6841
f 6842 6847 6843
f 6841 6846 6842
f 6841 6845 6846
f 6842 6846 6847
f 6843 6847 6848
f 6843 6848 6850
f 6833 6942 6947
f 6942 6943 6951
f 6942 6949 6947
f 6942 6951 6949
f 6833 6947 6946
f 6943 6944 6952
f 6943 6952 6951
f 6944 6948 6957
f 6944 6955 6952
f 6944 6957 6955
f 6948 6950 6960
f 6948 6959 6957
f 6950 6953 7012
f 6950 6962 6960
f 6948 6960 6959
f 6953 6954 7012
f 6950 7008 6962
f 6950 7010 7008
f 6950 7012 7010
f 6794 6997 6796
f 6792 6796 7218
f 6792 7222 6800
f 6794 6995 6997
f 6796 6997 7003
f 6796 7003 7218
f 6849 6995 6794
f 6849 6999 6995
f 6849 7001 6999
f 6849 7005 7001
f 6997 7001 7003
f 7001 7005 7003
f 6849 7220 7005
f 6849 7226 7220
f 6843 7242 6844
f 6844 7242 6849
f 6843 6850 7242
f 6802 7007 6961
f 6804 7009 7007
f 6806 7011 7009
f 6954 7627 7012
f 6954 6956 7642
f 6956 6958 7640
f 6958 6961 7639
f 6961 7007 7637
f 7007 7009 7634
f 7009 7011 7633
f 6642 7035 7034
f 6642 7036 7035
f 6638 7028 7036
f 7022 7024 7026
f 7026 7024 7030
f 7036 7028 7032
f 7035 7036 7037
f 7036 7038 7037
f 7038 7039 7042
f 7039 7040 7043
f 7040 7041 7044
f 7041 7139 7045
f 7037 7038 7042
f 7039 7043 7042
f 7040 7044 7043
f 7041 7045 7044
f 7139 7140 7144
f 7140 7141 7145
f 7045 7139 7144
f 7140 7145 7144
f 7141 7146 7145
f 7141 7142 7146
f 7142 7143 7147
f 7142 7147 7146
f 7143 7148 7147
f 7143 7149 7151
f 7143 7151 7148
f 7149 7150 7152
f 7149 7152 7151
f 7150 7155 7152
f 7150 7153 7155
f 7153 7154 7156
f 7153 7156 7155
f 7154 7158 7157
f 7154 7157 7156
f 7158 7159 7160
f 7157 7158 7160
f 7159 7163 7160
f 7159 7161 7165
f 7159 7165 7163
f 7161 7166 7165
f 7161 7162 7166
f 7162 7164 7191
f 7162 7191 7166
f 7164 7167 7192
f 7164 7192 7191
f 7167 7193 7192
f 7167 7197 7193
f 7167 7194 7197
f 7194 7195 7199
f 7194 7199 7197
f 7195 7196 7202
f 7195 7200 7199
f 7195 7202 7200
f 7196 7198 7207
f 7196 7205 7202
f 7196 7207 7205
f 7198 7208 7207
f 7198 7211 7208
f 7198 7213 7211
f 7198 7214 7213
f 7036 7243 7038
f 7038 7244 7039
f 7039 7245 7040
f 7040 7246 7041
f 7036 7032 7241
f 7041 7340 7139
f 7139 7341 7140
f 7140 7342 7141
f 7141 7343 7142
f 7142 7344 7143
f 7143 7350 7149
f 7149 7351 7150
f 7150 7354 7153
f 7153 7355 7154
f 7154 7359 7158
f 7158 7360 7159
f 7159 7362 7161
f 7161 7363 7162
f 7162 7365 7164
f 7164 7368 7167
f 7167 7395 7194
f 7194 7396 7195
f 7195 7397 7196
f 7196 7399 7198
f 7198 7402 7201
f 7201 7404 7203
f 7203 7405 7204
f 7204 7407 7206
f 7206 7410 7209
f 7209 7411 7210
f 7212 7215 7217
f 7198 7201 7885
f 7201 7203 7883
f 7203 7204 7881
f 7204 7206 7878
f 7206 7209 7832
f 7209 7210 7830
f 7210 7212 7828
f 7198 7885 7214
f 7212 7217 7828
f 7214 7885 7216
f 7210 7413 7212
f 7212 7416 7215
f 7215 7418 7217
f 6792 7218 7222
f 7222 7224 6800
f 7241 7024 6800
f 7241 7030 7024
f 7241 7032 7030
f 7218 7220 7222
f 7220 7226 7222
f 6849 7241 7226
f 6849 7242 7241
f 7241 6800 7224
f 7241 7228 7226
f 7241 7224 7228
f 7036 7241 7243
f 7038 7243 7244
f 7039 7244 7245
f 7040 7245 7246
f 7041 7246 7340
f 7139 7340 7341
f 7140 7341 7342
f 7141 7342 7343
f 7142 7343 7344
f 7143 7344 7350
f 7149 7350 7351
f 7150 7351 7354
f 7153 7354 7355
f 7154 7355 7359
f 7158 7359 7360
f 7159 7360 7362
f 7161 7362 7363
f 7162 7363 7365
f 7164 7365 7368
f 7167 7368 7395
f 7194 7395 7396
f 7195 7396 7397
f 7196 7397 7399
f 7198 7399 7402
f 7201 7402 7404
f 7203 7404 7405
f 7204 7405 7407
f 7206 7407 7410
f 7209 7410 7411
f 7210 7411 7413
f 7241 7247 7243
f 7243 7248 7244
f 7244 7249 7245
f 7245 7250 7246
f 7241 7242 7247
f 7243 7247 7248
f 7244 7248 7249
f 7245 7249 7250
f 7246 7250 7345
f 7246 7345 7340
f 7340 7346 7341
f 7340 7345 7346
f 7341 7346 7347
f 7341 7347 7342
f 7342 7348 7343
f 7342 7347 7348
f 7343 7349 7344
f 7343 7348 7349
f 7344 7353 7350
f 7344 7349 7352
f 7344 7352 7353
f 7350 7356 7351
f 7350 7353 7356
f 7351 7357 7354
f 7351 7356 7357
f 7354 7358 7355
f 7354 7357 7358
f 7355 7358 7361
f 7355 7361 7359
f 7359 7364 7360
f 7359 7361 7364
f 7360 7367 7362
f 7360 7364 7366
f 7360 7366 7367
f 7362 7392 7363
f 7362 7367 7392
f 7363 7393 7365
f 7363 7392 7393
f 7365 7394 7368
f 7365 7393 7394
f 7368 7394 7398
f 7368 7400 7395
f 7368 7398 7400
f 7395 7401 7396
f 7395 7400 7401
f 7396 7406 7397
f 7396 7401 7403
f 7396 7403 7406
f 7397 7409 7399
f 7397 7406 7408
f 7397 7408 7409
f 7399 7409 7412
f 7399 7412 7414
f 7399 7414 7415
f 7212 7413 7416
f 7215 7416 7418
f 7217 7418 8033
f 7413 7418 7416
f 7399 8090 7402
f 7402 8088 7404
f 7404 8086 7405
f 7405 8083 7407
f 7407 8037 7410
f 7410 8035 7411
f 7411 8033 7413
f 7399 7415 8090
f 7413 8033 7418
f 7415 7417 8090
f 7424 7419 7420
f 7423 7421 7419
f 7424 7426 7419
f 7423 7419 7428
f 7428 7419 7430
f 7430 7419 7431
f 7431 7419 7434
f 7434 7419 7436
f 7426 7442 7419
f 7436 7419 7437
f 7437 7419 7439
f 7423 7428 7425
f 7439 7419 7442
f 7011 7421 7423
f 7423 7425 7626
f 7425 7428 7628
f 7428 7430 7631
f 7426 7427 7442
f 7427 7429 7442
f 7429 7432 7442
f 7432 7433 7442
f 7433 7435 7444
f 7435 7438 7444
f 7433 7444 7442
f 7438 7440 7445
f 7440 7441 7445
f 7438 7445 7444
f 7441 7443 7446
f 7441 7446 7445
f 7443 7473 7446
f 7443 7447 7473
f 7447 7448 7473
f 7448 7449 7476
f 7448 7476 7473
f 7449 7474 7478
f 7449 7478 7476
f 7474 7479 7478
f 7474 7475 7479
f 7475 7477 7481
f 7475 7481 7479
f 7477 7480 7481
f 7480 7483 7482
f 7480 7482 7481
f 7483 7484 7486
f 7482 7483 7486
f 7484 7485 7487
f 7484 7487 7486
f 7485 7490 7487
f 7485 7488 7490
f 7488 7489 7491
f 7488 7491 7490
f 7489 7492 7497
f 7489 7497 7491
f 7492 7493 7497
f 7493 7494 7498
f 7493 7498 7497
f 7494 7499 7498
f 7494 7495 7499
f 7495 7496 7500
f 7496 7593 7501
f 7495 7500 7499
f 7496 7501 7500
f 7593 7594 7597
f 7594 7595 7598
f 7595 7596 7599
f 7596 7601 7600
f 7501 7593 7597
f 7594 7598 7597
f 7595 7599 7598
f 7596 7600 7599
f 7600 7601 7602
f 7601 7603 7602
f 7430 7431 7633
f 7431 7434 7634
f 7434 7436 7637
f 7436 7437 7639
f 7437 7439 7640
f 7439 7442 7642
f 7442 7444 7645
f 7444 7445 7647
f 7445 7446 7648
f 7446 7473 7649
f 7473 7476 7676
f 7476 7478 7679
f 7478 7479 7681
f 7479 7481 7682
f 7481 7482 7684
f 7482 7486 7685
f 7486 7487 7689
f 7487 7490 7690
f 7490 7491 7693
f 7491 7497 7694
f 7497 7498 7700
f 7498 7499 7701
f 7499 7500 7702
f 7500 7501 7703
f 7501 7597 7704
f 7597 7598 7798
f 7598 7599 7799
f 7599 7600 7800
f 7600 7602 7801
f 7602 7619 7803
f 7602 7603 7990
f 7603 7604 7990
f 7602 7994 7615
f 7602 7615 7619
f 7617 7625 7621
f 7617 7623 7625
f 7011 7423 7626
f 7425 7628 7626
f 7428 7631 7628
f 6954 7629 7627
f 7011 7626 7631
f 6954 7645 7629
f 7011 7631 7633
f 7009 7633 7634
f 7007 7634 7637
f 6961 7637 7639
f 6958 7639 7640
f 6956 7640 7642
f 6954 7642 7645
f 7626 7628 7631
f 7430 7633 7631
f 7431 7634 7633
f 7434 7637 7634
f 7436 7639 7637
f 7437 7640 7639
f 7439 7642 7640
f 7442 7645 7642
f 7444 7647 7645
f 7445 7648 7647
f 7446 7649 7648
f 7473 7676 7649
f 7476 7679 7676
f 7478 7681 7679
f 7479 7682 7681
f 7481 7684 7682
f 7482 7685 7684
f 7486 7689 7685
f 7487 7690 7689
f 7490 7693 7690
f 7491 7694 7693
f 7497 7700 7694
f 7498 7701 7700
f 7499 7702 7701
f 7500 7703 7702
f 7501 7704 7703
f 7597 7798 7704
f 7598 7799 7798
f 7599 7800 7799
f 7600 7801 7800
f 7602 7803 7801
f 7629 7645 7630
f 7630 7645 7632
f 7632 7645 7635
f 7635 7647 7636
f 7636 7647 7638
f 7635 7645 7647
f 7638 7648 7641
f 7641 7648 7643
f 7638 7647 7648
f 7643 7649 7644
f 7643 7648 7649
f 7644 7676 7646
f 7644 7649 7676
f 7646 7676 7650
f 7650 7679 7651
f 7650 7676 7679
f 7651 7681 7652
f 7651 7679 7681
f 7652 7682 7677
f 7652 7681 7682
f 7677 7684 7678
f 7678 7684 7680
f 7677 7682 7684
f 7680 7685 7683
f 7680 7684 7685
f 7683 7685 7689
f 7683 7689 7686
f 7686 7690 7687
f 7686 7689 7690
f 7687 7693 7688
f 7687 7690 7693
f 7688 7694 7691
f 7688 7693 7694
f 7691 7700 7692
f 7692 7700 7695
f 7691 7694 7700
f 7695 7701 7696
f 7695 7700 7701
f 7696 7702 7697
f 7696 7701 7702
f 7697 7702 7703
f 7697 7703 7698
f 7698 7704 7699
f 7698 7703 7704
f 7699 7704 7798
f 7699 7798 7794
f 7794 7799 7795
f 7795 7800 7796
f 7796 7801 7797
f 7797 7803 7802
f 7794 7798 7799
f 7795 7799 7800
f 7796 7800 7801
f 7797 7801 7803
f 7803 7619 7621
f 7803 7621 7625
f 7803 7625 7845
f 7847 7824 7818
f 7818 7816 7845
f 7803 7845 7816
f 7803 7816 7820
f 7803 7820 7822
f 7818 7826 7822
f 7818 7824 7826
f 7802 7803 8195
f 7803 7822 8195
f 7210 7828 7830
f 7209 7830 7832
f 7206 7832 7878
f 7204 7878 7881
f 7203 7881 7883
f 7201 7883 7885
f 7216 7889 7827
f 7216 7885 7886
f 7216 7886 7889
f 7217 8033 7828
f 7828 8035 7830
f 7830 8037 7832
f 7604 7989 7990
f 7602 7990 7994
f 7994 7617 7615
f 7994 7623 7617
f 7994 7843 7623
f 7847 7845 7843
f 7994 7847 7843
f 7994 7849 7847
f 7994 7853 7849
f 7827 7889 7829
f 7829 7889 7831
f 7831 7889 7877
f 7877 7891 7879
f 7879 7891 7880
f 7880 7895 7882
f 7877 7889 7891
f 7882 7895 7884
f 7880 7891 7895
f 7884 7896 7887
f 7887 7897 7888
f 7884 7895 7896
f 7890 8010 7892
f 7892 8009 7893
f 7888 7897 7890
f 7887 7896 7897
f 7890 7897 8010
f 7991 7993 7992
f 7990 7992 7994
f 7992 7993 7994
f 7993 7995 8000
f 7995 7996 8000
f 7996 7997 8000
f 7997 7998 8001
f 7998 8018 8002
f 7993 7999 7994
f 7993 8000 7999
f 7997 8001 8000
f 7998 8002 8001
f 8003 8011 8023
f 8003 8024 8004
f 7893 8012 7894
f 7892 8010 8009
f 7894 8012 8007
f 7893 8009 8012
f 8006 8007 8013
f 8006 8014 8008
f 8007 8012 8013
f 8006 8013 8014
f 8008 8015 8011
f 8008 8014 8015
f 8011 8015 8023
f 8017 8020 8027
f 8016 8028 8020
f 8016 8031 8028
f 8005 8026 8022
f 8021 8022 8025
f 8004 8026 8005
f 8003 8023 8024
f 8004 8024 8026
f 8016 8021 8031
f 8022 8026 8025
f 8021 8025 8031
f 8018 8019 8029
f 8017 8030 8019
f 8019 8030 8029
f 8020 8028 8027
f 8017 8027 8030
f 8002 8018 8029
f 7832 8083 7878
f 7878 8086 7881
f 7881 8088 7883
f 7883 8090 7885
f 7885 8091 7886
f 7886 8094 7889
f 7889 8096 7891
f 7891 8100 7895
f 7895 8101 7896
f 7896 8102 7897
f 7994 7999 8195
f 7999 8000 8200
f 8000 8001 8201
f 8001 8002 8202
f 7994 8195 7853
f 8009 8010 8210
f 8009 8213 8012
f 7897 8211 8010
f 8012 8214 8013
f 8013 8215 8014
f 8014 8216 8015
f 8023 8225 8024
f 8025 8026 8226
f 8024 8227 8026
f 8028 8031 8229
f 8027 8028 8228
f 8029 8030 8230
f 8027 8231 8030
f 8002 8029 8203
f 8025 8232 8031
f 8015 8224 8023
f 7828 8033 8035
f 7830 8035 8037
f 7832 8037 8083
f 7411 8035 8033
f 7410 8037 8035
f 7407 8083 8037
f 7405 8086 8083
f 7404 8088 8086
f 7402 8090 8088
f 7417 8032 8090
f 7847 7818 7845
f 7847 7851 7824
f 7851 7853 8043
f 7824 7851 8039
f 8039 7851 8043
f 7853 8045 8043
f 8039 8047 8041
f 8039 8043 8047
f 8195 7822 7826
f 8195 7826 8041
f 7802 8201 8194
f 7802 8195 8200
f 7802 8200 8201
f 8195 8045 7853
f 8195 8041 8047
f 8195 8047 8049
f 8195 8049 8045
f 7878 8083 8086
f 7881 8086 8088
f 7883 8088 8090
f 7885 8090 8091
f 7886 8091 8094
f 7891 8096 8100
f 7889 8094 8096
f 7895 8100 8101
f 7896 8101 8102
f 7999 8200 8195
f 8000 8201 8200
f 8001 8202 8201
f 8002 8203 8202
f 8010 8211 8210
f 8009 8210 8213
f 7897 8102 8211
f 8013 8214 8215
f 8012 8213 8214
f 8014 8215 8216
f 8023 8224 8225
f 8026 8227 8226
f 8025 8226 8232
f 8024 8225 8227
f 8028 8229 8228
f 8030 8231 8230
f 8029 8230 8203
f 8027 8228 8231
f 8031 8232 8229
f 8015 8216 8224
f 8032 8034 8094
f 8034 8036 8094
f 8036 8082 8094
f 8032 8091 8090
f 8084 8085 8096
f 8082 8084 8094
f 8032 8094 8091
f 8085 8087 8096
f 8084 8096 8094
f 8087 8089 8100
f 8089 8092 8100
f 8087 8100 8096
f 8092 8093 8101
f 8092 8101 8100
f 8097 8098 8211
f 8093 8095 8102
f 8095 8097 8102
f 8093 8102 8101
f 8097 8211 8102
f 8194 8201 8196
f 8196 8201 8197
f 8197 8202 8198
f 8198 8203 8199
f 8198 8202 8203
f 8197 8201 8202
f 8199 8203 8230
f 8204 8205 8224
f 8205 8206 8225
f 8204 8224 8216
f 8098 8099 8210
f 8098 8210 8211
f 8099 8208 8213
f 8207 8209 8214
f 8207 8213 8208
f 8099 8213 8210
f 8207 8214 8213
f 8209 8212 8215
f 8204 8216 8212
f 8209 8215 8214
f 8212 8216 8215
f 8217 8221 8232
f 8218 8229 8221
f 8206 8223 8227
f 8222 8227 8223
f 8205 8225 8224
f 8206 8227 8225
f 8217 8226 8222
f 8222 8226 8227
f 8217 8232 8226
f 8199 8230 8219
f 8219 8231 8220
f 8218 8220 8228
f 8219 8230 8231
f 8220 8231 8228
f 8218 8228 8229
f 8221 8229 8232
f 6610 6611 6822
f 6612 6823 6616
f 6612 6615 6826
f 6613 6824 6615
f 6613 6614 6825
f 6611 6616 6827
f 6621 6832 6624
f 6624 6835 6626
f 6625 6836 6740
f 6625 6626 6837
f 6627 6838 6628
f 6610 6821 6627
f 6628 6839 6629
f 6621 6629 6840
f 6614 6634 6845
f 6634 6635 6846
f 6635 6636 6847
f 6636 6637 6848
f 6637 6639 6850
f 6639 6641 6851
f 6740 6945 6741
f 6741 6946 6742
f 6742 6947 6744
f 6744 6949 6746
f 6746 6951 6747
f 6747 6952 6750
f 6750 6955 6752
f 6752 6957 6754
f 6754 6959 6755
f 6757 6962 6803
f 6755 6960 6757
f 6643 6793 6791
f 6643 6791 6852
f 6643 6799 6793
f 6643 7023 6799
f 6643 7027 7023
f 6793 6801 6797
f 6799 6801 6793
f 6807 6811 6809
f 6803 7008 6805
f 6805 7010 6807
f 6807 7012 6811
f 7012 7422 6811
f 6611 6827 6822
f 6610 6822 6821
f 6612 6826 6823
f 6615 6824 6826
f 6613 6825 6824
f 6616 6823 6827
f 6624 6832 6835
f 6626 6835 6837
f 6625 6837 6836
f 6628 6838 6839
f 6627 6821 6838
f 6629 6839 6840
f 6621 6840 6832
f 6634 6846 6845
f 6635 6847 6846
f 6636 6848 6847
f 6637 6850 6848
f 6639 6851 6850
f 6614 6845 6825
f 6740 6836 6945
f 6741 6945 6946
f 6742 6946 6947
f 6746 6949 6951
f 6747 6951 6952
f 6744 6947 6949
f 6750 6952 6955
f 6752 6955 6957
f 6754 6957 6959
f 6755 6959 6960
f 6757 6960 6962
f 6850 6851 6852
f 6852 6791 6795
f 6852 6795 6996
f 6795 6797 6996
f 6797 6801 7004
f 6801 7025 7004
f 6797 6998 6996
f 6797 7004 6998
f 6852 6996 7000
f 6852 7000 7002
f 6998 7006 7002
f 6998 7004 7006
f 6852 7002 7006
f 6852 7006 7221
f 6850 6852 7239
f 6852 7221 7227
f 6852 7227 7229
f 6803 6962 7008
f 6805 7008 7010
f 6807 7010 7012
f 6643 7034 7027
f 7023 7027 7031
f 7034 7029 7027
f 7034 7033 7029
f 7034 7239 7033
f 7035 7037 7242
f 7037 7042 7247
f 7042 7043 7248
f 7043 7044 7249
f 7044 7045 7250
f 7045 7144 7345
f 7144 7145 7346
f 7145 7146 7347
f 7146 7147 7348
f 7147 7148 7349
f 7148 7151 7352
f 7151 7152 7353
f 7152 7155 7356
f 7155 7156 7357
f 7156 7157 7358
f 7157 7160 7361
f 7160 7163 7364
f 7163 7165 7366
f 7165 7166 7367
f 7166 7191 7392
f 7191 7192 7393
f 7192 7193 7394
f 7193 7197 7398
f 7197 7199 7400
f 7199 7200 7401
f 7200 7202 7403
f 7202 7205 7406
f 7205 7207 7408
f 7207 7208 7409
f 7208 7211 7412
f 7211 7213 7414
f 7213 7214 7415
f 7214 7216 7417
f 7239 7025 7023
f 7239 7023 7031
f 7025 7219 7004
f 7025 7223 7219
f 7025 7225 7223
f 7239 7031 7033
f 7239 7225 7025
f 7219 7227 7221
f 7219 7223 7227
f 6852 7229 7239
f 6850 7239 7240
f 6850 7240 7242
f 7239 7229 7225
f 7035 7242 7240
f 7037 7247 7242
f 7042 7248 7247
f 7043 7249 7248
f 7044 7250 7249
f 7045 7345 7250
f 7144 7346 7345
f 7145 7347 7346
f 7146 7348 7347
f 7147 7349 7348
f 7148 7352 7349
f 7151 7353 7352
f 7152 7356 7353
f 7155 7357 7356
f 7156 7358 7357
f 7157 7361 7358
f 7160 7364 7361
f 7163 7366 7364
f 7165 7367 7366
f 7166 7392 7367
f 7191 7393 7392
f 7192 7394 7393
f 7193 7398 7394
f 7197 7400 7398
f 7199 7401 7400
f 7200 7403 7401
f 7202 7406 7403
f 7205 7408 7406
f 7207 7409 7408
f 7208 7412 7409
f 7211 7414 7412
f 7213 7415 7414
f 7214 7417 7415
f 7216 8032 7417
f 7424 7420 7422
f 7012 7424 7422
f 7424 7627 7426
f 7426 7629 7427
f 7427 7630 7429
f 7429 7632 7432
f 7432 7635 7433
f 7433 7636 7435
f 7435 7638 7438
f 7438 7641 7440
f 7440 7643 7441
f 7441 7644 7443
f 7443 7646 7447
f 7447 7650 7448
f 7448 7651 7449
f 7449 7652 7474
f 7474 7677 7475
f 7475 7678 7477
f 7477 7680 7480
f 7480 7683 7483
f 7483 7686 7484
f 7484 7687 7485
f 7485 7688 7488
f 7488 7691 7489
f 7489 7692 7492
f 7492 7695 7493
f 7493 7696 7494
f 7494 7697 7495
f 7495 7698 7496
f 7496 7699 7593
f 7593 7794 7594
f 7594 7795 7595
f 7595 7796 7596
f 7596 7797 7601
f 7601 7802 7603
f 7604 7616 7989
f 7604 7618 7614
f 7604 7614 7616
f 7604 7805 7618
f 7622 7616 7620
f 7012 7627 7424
f 7426 7627 7629
f 7427 7629 7630
f 7429 7630 7632
f 7432 7632 7635
f 7433 7635 7636
f 7435 7636 7638
f 7438 7638 7641
f 7440 7641 7643
f 7441 7643 7644
f 7443 7644 7646
f 7447 7646 7650
f 7448 7650 7651
f 7449 7651 7652
f 7474 7652 7677
f 7475 7677 7678
f 7477 7678 7680
f 7480 7680 7683
f 7483 7683 7686
f 7484 7686 7687
f 7485 7687 7688
f 7488 7688 7691
f 7489 7691 7692
f 7492 7692 7695
f 7493 7695 7696
f 7494 7696 7697
f 7495 7697 7698
f 7496 7698 7699
f 7593 7699 7794
f 7594 7794 7795
f 7595 7795 7796
f 7596 7796 7797
f 7601 7797 7802
f 7603 7802 7804
f 7805 7620 7618
f 7805 7815 7624
f 7805 7622 7620
f 7805 7624 7622
f 7624 7815 7817
f 7624 7817 7823
f 7624 7823 8038
f 7805 7819 7815
f 7817 7821 7823
f 7821 7825 7823
f 7802 8194 7804
f 7804 8194 7805
f 7805 8192 7819
f 7216 7827 8032
f 7827 7829 8034
f 7829 7831 8036
f 7989 7616 7622
f 7989 7622 7842
f 7989 7842 7846
f 7842 7844 7846
f 7846 7844 7850
f 7989 7846 7848
f 7989 7848 8192
f 7877 7879 8084
f 7831 7877 8082
f 7879 7880 8085
f 7880 7882 8087
f 7882 7884 8089
f 7884 7887 8092
f 7887 7888 8093
f 7888 7890 8095
f 7890 7892 8097
f 7892 7893 8098
f 7893 7894 8099
f 7991 8193 7993
f 7993 8194 7995
f 7995 8196 7996
f 7996 8197 7997
f 7997 8198 7998
f 7998 8199 8018
f 8003 8204 8011
f 8003 8004 8205
f 8005 8022 8223
f 8004 8005 8206
f 8006 8207 8007
f 7894 8007 8208
f 8006 8008 8209
f 8008 8011 8212
f 8016 8217 8021
f 8018 8219 8019
f 8017 8019 8220
f 8017 8218 8020
f 8016 8020 8221
f 8021 8222 8022
f 7827 8034 8032
f 7829 8036 8034
f 7831 8082 8036
f 7624 8038 7844
f 7844 8038 7850
f 7850 8044 7852
f 8038 8042 7850
f 8042 8044 7850
f 8192 7848 7852
f 8192 7852 8044
f 8038 8040 8042
f 8040 8046 8042
f 8192 7821 7819
f 8192 7825 7821
f 8192 8040 7825
f 8192 8046 8040
f 7805 8194 8192
f 8192 8044 8048
f 8192 8048 8046
f 7877 8084 8082
f 7879 8085 8084
f 7880 8087 8085
f 7882 8089 8087
f 7884 8092 8089
f 7890 8097 8095
f 7887 8093 8092
f 7888 8095 8093
f 7892 8098 8097
f 7893 8099 8098
f 7894 8208 8099
f 8018 8199 8219
f 7993 8193 8194
f 7995 8194 8196
f 7996 8196 8197
f 7997 8197 8198
f 7998 8198 8199
f 8011 8204 8212
f 8003 8205 8204
f 8005 8223 8206
f 8004 8206 8205
f 8007 8207 8208
f 8006 8209 8207
f 8008 8212 8209
f 8016 8221 8217
f 8019 8219 8220
f 8017 8220 8218
f 8020 8218 8221
f 8022 8222 8223
f 8021 8217 8222
f 8192 8194 8193
f 6644 6645 6646
f 6644 6646 6663
f 6644 6663 6647
f 6647 6663 6648
f 6649 6663 6652
f 6648 6663 6649
f 6650 6652 6663
f 6650 6663 6651
f 6653 6655 6654
f 6654 6655 6656
f 6654 6656 6657
f 6654 6657 6658
f 6654 6658 6659
f 6654 6659 6660
f 6654 6660 6781
f 6654 6781 6782
f 6654 6782 6699
f 6651 6663 6661
f 6661 6663 6662
f 6662 6663 6676
f 6662 6676 6687
f 6662 6690 6664
f 6662 6687 6688
f 6662 6688 6689
f 6662 6689 6690
f 6664 6692 6665
f 6664 6690 6691
f 6664 6691 6692
f 6665 6692 6706
f 6665 6706 6666
f 6666 6706 6707
f 6666 6707 6708
f 6666 6708 6709
f 6666 6709 6667
f 6667 6709 6710
f 6667 6710 6711
f 6667 6711 6712
f 6667 6713 6668
f 6668 6719 6669
f 6663 6675 6673
f 6663 6673 6676
f 6663 6674 6675
f 6699 6697 6696
f 6699 6698 6697
f 6783 6700 6698
f 6699 6783 6698
f 6699 6782 6783
f 6783 6701 6700
f 6784 6702 6701
f 6784 6703 6702
f 6783 6784 6701
f 6784 6704 6703
f 6785 6705 6704
f 6784 6785 6704
f 6667 6712 6713
f 6668 6713 6714
f 6668 6714 6715
f 6668 6715 6716
f 6668 6718 6719
f 6668 6716 6718
f 6669 6719 6720
f 6669 6720 6721
f 6669 6721 6722
f 6669 6722 6789
f 6788 6732 6731
f 6786 6727 6705
f 6786 6728 6727
f 6787 6729 6728
f 6785 6786 6705
f 6786 6787 6728
f 6787 6730 6729
f 6787 6731 6730
f 6787 6788 6731
f 6788 6734 6732
f 6788 6733 6734
f 6788 6736 6733
f 6789 6735 6736
f 6789 6723 6724
f 6789 6722 6723
f 6669 6789 6764
f 6789 6725 6717
f 6789 6717 6735
f 6789 6724 6726
f 6789 6726 6725
f 6788 6789 6736
f 6669 6764 6758
f 6758 6765 6759
f 6759 6767 6760
f 6760 6766 6761
f 6761 6768 6762
f 6762 6768 6780
f 6758 6764 6765
f 6759 6765 6767
f 6760 6767 6766
f 6761 6766 6768
f 6762 6780 6763
f 6763 6776 6769
f 6763 6780 6776
f 6769 6776 6779
f 6769 6779 6770
f 6770 6778 6771
f 6771 6777 6772
f 6772 6775 6773
f 6773 6775 6774
f 6770 6779 6778
f 6771 6778 6777
f 6772 6777 6775
f 6644 6853 6645
f 6644 6647 6853
f 6648 6649 6856
f 6647 6648 6855
f 6649 6652 6857
f 6650 6651 6858
f 6650 6860 6652
f 6653 6863 6655
f 6655 6865 6656
f 6656 6866 6657
f 6657 6867 6658
f 6658 6868 6659
f 6659 6869 6660
f 6651 6661 6859
f 6661 6662 6870
f 6662 6664 6871
f 6664 6665 6872
f 6665 6666 6873
f 6666 6667 6874
f 6667 6668 6875
f 6668 6669 6876
f 6669 6758 6877
f 6758 6759 6963
f 6759 6760 6964
f 6760 6761 6965
f 6761 6762 6966
f 6762 6763 6967
f 6763 6769 6968
f 6764 6970 6765
f 6765 6972 6767
f 6766 6767 6971
f 6766 6973 6768
f 6769 6770 6974
f 6770 6771 6975
f 6771 6772 6976
f 6772 6773 6977
f 6773 6774 6978
f 6774 6775 6979
f 6775 6777 6980
f 6776 6780 6981
f 6778 6779 6983
f 6777 6778 6982
f 6776 6984 6779
f 6768 6985 6780
f 6660 6986 6781
f 6781 6987 6782
f 6782 6988 6783
f 6783 6989 6784
f 6784 6990 6785
f 6785 6991 6786
f 6786 6992 6787
f 6787 6993 6788
f 6788 6994 6789
f 6764 6789 6969
f 6645 6853 6854
f 6647 6855 6853
f 6649 6857 6856
f 6648 6856 6855
f 6652 6860 6857
f 6650 6858 6860
f 6651 6859 6858
f 6655 6863 6864
f 6655 6864 6865
f 6656 6865 6866
f 6657 6866 6867
f 6658 6867 6868
f 6659 6868 6869
f 6661 6870 6859
f 6662 6871 6870
f 6664 6872 6871
f 6665 6873 6872
f 6666 6874 6873
f 6667 6875 6874
f 6668 6876 6875
f 6669 6877 6876
f 6758 6963 6877
f 6759 6964 6963
f 6760 6965 6964
f 6761 6966 6965
f 6762 6967 6966
f 6763 6968 6967
f 6764 6969 6970
f 6765 6970 6972
f 6767 6972 6971
f 6766 6971 6973
f 6768 6973 6985
f 6769 6974 6968
f 6770 6975 6974
f 6771 6976 6975
f 6772 6977 6976
f 6773 6978 6977
f 6774 6979 6978
f 6775 6980 6979
f 6777 6982 6980
f 6780 6985 6981
f 6776 6981 6984
f 6779 6984 6983
f 6778 6983 6982
f 6853 6862 6854
f 6853 6855 6865
f 6861 6862 6863
f 6853 6864 6862
f 6853 6865 6864
f 6862 6864 6863
f 6855 6856 6866
f 6856 6857 6867
f 6857 6860 6868
f 6858 6869 6860
f 6858 6859 6986
f 6859 6888 6986
f 6855 6866 6865
f 6856 6867 6866
f 6857 6868 6867
f 6860 6869 6868
f 6858 6986 6869
f 6859 6870 6878
f 6870 6871 6883
f 6871 6894 6883
f 6871 6872 6896
f 6871 6895 6894
f 6871 6896 6895
f 6872 6897 6896
f 6872 6873 6898
f 6872 6898 6897
f 6873 6899 6898
f 6873 6874 6899
f 6874 6911 6899
f 6874 6912 6911
f 6874 6913 6912
f 6874 6875 6913
f 6875 6914 6913
f 6875 6915 6914
f 6875 6916 6915
f 6875 6917 6916
f 6875 6876 6917
f 6876 6877 6923
f 6859 6878 6879
f 6859 6884 6885
f 6859 6879 6884
f 6859 6885 6887
f 6859 6887 6886
f 6870 6882 6880
f 6870 6880 6878
f 6859 6886 6888
f 6870 6881 6882
f 6870 6883 6881
f 6986 6889 6890
f 6986 6888 6889
f 6986 6891 6892
f 6986 6890 6891
f 6987 6892 6893
f 6987 6893 6900
f 6987 6900 6901
f 6987 6901 6902
f 6987 6902 6903
f 6988 6903 6904
f 6988 6904 6905
f 6986 6892 6987
f 6987 6903 6988
f 6988 6905 6906
f 6988 6906 6907
f 6989 6907 6908
f 6988 6907 6989
f 6989 6908 6909
f 6989 6909 6910
f 6990 6910 6932
f 6989 6910 6990
f 6876 6918 6917
f 6876 6919 6918
f 6876 6920 6919
f 6876 6921 6920
f 6876 6923 6921
f 6877 6924 6923
f 6877 6925 6924
f 6877 6926 6925
f 6877 6927 6926
f 6877 6994 6927
f 6992 6936 6937
f 6991 6932 6933
f 6991 6933 6934
f 6990 6932 6991
f 6992 6934 6935
f 6992 6935 6936
f 6991 6934 6992
f 6993 6937 6939
f 6993 6939 6938
f 6993 6941 6940
f 6993 6938 6941
f 6994 6929 6928
f 6994 6928 6927
f 6877 6969 6994
f 6994 6922 6930
f 6994 6940 6922
f 6994 6931 6929
f 6994 6930 6931
f 6992 6937 6993
f 6993 6940 6994
f 6877 6963 6969
f 6963 6964 6970
f 6964 6965 6972
f 6965 6966 6971
f 6966 6967 6973
f 6967 6985 6973
f 6963 6970 6969
f 6964 6972 6970
f 6965 6971 6972
f 6966 6973 6971
f 6967 6968 6985
f 6968 6974 6981
f 6968 6981 6985
f 6974 6984 6981
f 6974 6975 6984
f 6975 6976 6983
f 6976 6977 6982
f 6977 6978 6980
f 6978 6979 6980
f 6975 6983 6984
f 6976 6982 6983
f 6977 6980 6982
f 6660 6869 6986
f 6781 6986 6987
f 6782 6987 6988
f 6783 6988 6989
f 6784 6989 6990
f 6785 6990 6991
f 6786 6991 6992
f 6787 6992 6993
f 6788 6993 6994
f 6789 6994 6969
f 6640 6642 6643
f 6640 6643 6653
f 6640 6699 6641
f 6640 6653 6654
f 6641 6699 6645
f 6640 6654 6699
f 6645 6699 6646
f 6646 6681 6679
f 6646 6677 6671
f 6646 6678 6677
f 6646 6670 6672
f 6646 6671 6670
f 6646 6680 6678
f 6646 6679 6680
f 6646 6674 6663
f 6646 6672 6674
f 6646 6682 6681
f 6646 6683 6682
f 6646 6685 6684
f 6646 6684 6683
f 6646 6686 6685
f 6646 6693 6686
f 6646 6694 6693
f 6646 6699 6694
f 6699 6695 6694
f 6699 6696 6695
f 6641 6645 6851
f 6643 6863 6653
f 6645 6854 6851
f 6643 6852 6863
f 6851 6863 6852
f 6851 6854 6862
f 6851 6862 6861
f 6851 6861 6863
f 7013 7259 7053
f 7013 7014 7230
f 7014 7015 7231
f 7015 7016 7232
f 7016 7017 7233
f 7017 7018 7234
f 7018 7019 7235
f 7019 7020 7236
f 7020 7021 7237
f 7021 7168 7238
f 7046 7048 7049
f 7046 7063 7047
f 7047 7063 7050
f 7046 7049 7063
f 7050 7063 7051
f 7051 7063 7052
f 7052 7063 7053
f 7013 7053 7063
f 7054 7056 7055
f 7054 7057 7056
f 7056 7057 7058
f 7056 7058 7059
f 7056 7059 7060
f 7056 7060 7061
f 7056 7061 7062
f 7056 7062 7131
f 7056 7131 7130
f 7013 7063 7014
f 7014 7063 7015
f 7015 7063 7069
f 7063 7066 7069
f 7015 7069 7070
f 7063 7067 7068
f 7063 7068 7066
f 7015 7073 7016
f 7015 7070 7071
f 7015 7071 7072
f 7015 7072 7073
f 7016 7075 7017
f 7016 7073 7074
f 7016 7074 7075
f 7017 7075 7099
f 7130 7091 7090
f 7130 7092 7091
f 7017 7099 7018
f 7018 7099 7100
f 7018 7100 7101
f 7018 7101 7102
f 7018 7102 7019
f 7019 7102 7103
f 7019 7103 7104
f 7019 7104 7105
f 7019 7106 7020
f 7020 7117 7021
f 7019 7105 7106
f 7020 7107 7108
f 7020 7106 7107
f 7020 7115 7116
f 7020 7108 7115
f 7020 7116 7117
f 7021 7117 7118
f 7021 7118 7119
f 7021 7119 7120
f 7021 7120 7138
f 7137 7126 7114
f 7137 7125 7126
f 7137 7128 7125
f 7138 7127 7128
f 7138 7120 7121
f 7021 7138 7186
f 7138 7124 7129
f 7138 7122 7123
f 7138 7121 7122
f 7138 7123 7124
f 7138 7129 7127
f 7130 7132 7092
f 7132 7093 7092
f 7130 7131 7132
f 7132 7094 7093
f 7133 7095 7094
f 7133 7096 7095
f 7132 7133 7094
f 7133 7097 7096
f 7134 7098 7097
f 7133 7134 7097
f 7135 7110 7098
f 7135 7111 7110
f 7136 7109 7111
f 7134 7135 7098
f 7135 7136 7111
f 7136 7112 7109
f 7136 7113 7112
f 7137 7114 7113
f 7136 7137 7113
f 7137 7138 7128
f 7021 7186 7168
f 7168 7185 7169
f 7169 7187 7170
f 7170 7188 7171
f 7171 7189 7172
f 7168 7186 7185
f 7169 7185 7187
f 7170 7187 7188
f 7171 7188 7189
f 7172 7189 7190
f 7172 7190 7173
f 7173 7181 7174
f 7173 7190 7181
f 7174 7181 7184
f 7174 7184 7175
f 7175 7183 7176
f 7176 7182 7177
f 7177 7180 7178
f 7175 7184 7183
f 7176 7183 7182
f 7178 7180 7179
f 7177 7182 7180
f 7046 7251 7048
f 7046 7047 7251
f 7050 7051 7256
f 7047 7050 7252
f 7051 7052 7257
f 7052 7053 7258
f 7054 7055 7261
f 7054 7262 7057
f 7057 7263 7058
f 7058 7264 7059
f 7059 7265 7060
f 7060 7266 7061
f 7061 7267 7062
f 7062 7332 7131
f 7131 7333 7132
f 7132 7334 7133
f 7133 7335 7134
f 7134 7336 7135
f 7135 7337 7136
f 7136 7338 7137
f 7137 7339 7138
f 7168 7169 7369
f 7169 7170 7370
f 7170 7171 7371
f 7171 7172 7372
f 7172 7173 7373
f 7173 7174 7374
f 7174 7175 7375
f 7175 7176 7376
f 7176 7177 7377
f 7177 7178 7378
f 7178 7179 7379
f 7179 7180 7380
f 7180 7182 7381
f 7181 7190 7382
f 7183 7184 7384
f 7182 7183 7383
f 7181 7385 7184
f 7185 7186 7386
f 7185 7388 7187
f 7138 7387 7186
f 7187 7389 7188
f 7188 7390 7189
f 7189 7391 7190
f 7013 7230 7259
f 7014 7231 7230
f 7015 7232 7231
f 7016 7233 7232
f 7017 7234 7233
f 7018 7235 7234
f 7019 7236 7235
f 7020 7237 7236
f 7021 7238 7237
f 7168 7369 7238
f 7047 7252 7251
f 7048 7251 7254
f 7051 7257 7256
f 7050 7256 7252
f 7052 7258 7257
f 7053 7259 7258
f 7054 7261 7260
f 7054 7260 7262
f 7057 7262 7263
f 7058 7263 7264
f 7059 7264 7265
f 7060 7265 7266
f 7061 7266 7267
f 7062 7267 7332
f 7131 7332 7333
f 7132 7333 7334
f 7133 7334 7335
f 7134 7335 7336
f 7135 7336 7337
f 7136 7337 7338
f 7137 7338 7339
f 7138 7339 7387
f 7169 7370 7369
f 7170 7371 7370
f 7171 7372 7371
f 7172 7373 7372
f 7173 7374 7373
f 7174 7375 7374
f 7175 7376 7375
f 7176 7377 7376
f 7177 7378 7377
f 7178 7379 7378
f 7179 7380 7379
f 7180 7381 7380
f 7182 7383 7381
f 7181 7382 7385
f 7183 7384 7383
f 7184 7385 7384
f 7185 7386 7388
f 7186 7387 7386
f 7187 7388 7389
f 7188 7389 7390
f 7189 7390 7391
f 7190 7391 7382
f 7251 7253 7254
f 7253 7261 7255
f 7251 7260 7253
f 7251 7252 7262
f 7251 7262 7260
f 7253 7260 7261
f 7252 7256 7263
f 7256 7257 7264
f 7257 7258 7265
f 7258 7259 7266
f 7230 7267 7259
f 7252 7263 7262
f 7256 7264 7263
f 7257 7265 7264
f 7230 7284 7267
f 7258 7266 7265
f 7259 7267 7266
f 7230 7231 7268
f 7231 7232 7272
f 7230 7283 7279
f 7230 7280 7281
f 7230 7279 7280
f 7230 7268 7283
f 7231 7271 7269
f 7231 7269 7268
f 7230 7281 7282
f 7230 7282 7284
f 7231 7270 7271
f 7231 7272 7270
f 7232 7273 7272
f 7232 7233 7275
f 7232 7274 7273
f 7232 7275 7274
f 7233 7276 7275
f 7233 7234 7277
f 7233 7277 7276
f 7234 7278 7277
f 7267 7284 7285
f 7267 7286 7287
f 7267 7285 7286
f 7267 7287 7288
f 7332 7288 7289
f 7332 7289 7290
f 7332 7290 7291
f 7332 7291 7292
f 7332 7292 7293
f 7234 7235 7278
f 7235 7301 7278
f 7235 7302 7301
f 7235 7303 7302
f 7235 7236 7303
f 7236 7304 7303
f 7236 7305 7304
f 7236 7306 7305
f 7236 7307 7306
f 7236 7237 7307
f 7237 7238 7318
f 7237 7308 7307
f 7237 7309 7308
f 7237 7310 7309
f 7237 7318 7317
f 7237 7317 7310
f 7238 7319 7318
f 7238 7320 7319
f 7238 7321 7320
f 7238 7322 7321
f 7238 7339 7322
f 7338 7316 7328
f 7338 7328 7327
f 7338 7330 7329
f 7338 7327 7330
f 7339 7323 7322
f 7238 7387 7339
f 7339 7331 7326
f 7339 7324 7323
f 7339 7325 7324
f 7339 7326 7325
f 7339 7329 7331
f 7267 7288 7332
f 7333 7293 7294
f 7333 7294 7295
f 7332 7293 7333
f 7333 7295 7296
f 7333 7296 7297
f 7334 7297 7298
f 7333 7297 7334
f 7334 7298 7299
f 7334 7299 7300
f 7335 7300 7312
f 7334 7300 7335
f 7336 7312 7313
f 7336 7313 7311
f 7335 7312 7336
f 7337 7311 7314
f 7337 7314 7315
f 7337 7315 7316
f 7336 7311 7337
f 7337 7316 7338
f 7338 7329 7339
f 7238 7369 7387
f 7369 7370 7386
f 7370 7371 7388
f 7371 7372 7389
f 7372 7373 7390
f 7369 7386 7387
f 7370 7388 7386
f 7371 7389 7388
f 7372 7390 7389
f 7373 7391 7390
f 7373 7374 7391
f 7374 7375 7382
f 7374 7382 7391
f 7375 7385 7382
f 7375 7376 7385
f 7376 7377 7384
f 7377 7378 7383
f 7378 7379 7381
f 7376 7384 7385
f 7377 7383 7384
f 7379 7380 7381
f 7378 7381 7383
f 7034 7035 7055
f 7034 7055 7056
f 7034 7130 7048
f 7034 7056 7130
f 7049 7076 7080
f 7049 7064 7065
f 7049 7080 7064
f 7049 7077 7076
f 7049 7078 7077
f 7049 7079 7078
f 7049 7067 7063
f 7049 7065 7067
f 7048 7130 7049
f 7049 7081 7079
f 7049 7082 7081
f 7049 7083 7082
f 7049 7084 7083
f 7049 7086 7085
f 7049 7085 7084
f 7049 7088 7087
f 7049 7087 7086
f 7049 7130 7088
f 7130 7089 7088
f 7130 7090 7089
f 7034 7048 7239
f 7035 7261 7055
f 7048 7254 7239
f 7035 7240 7261
f 7239 7261 7240
f 7239 7254 7253
f 7239 7253 7255
f 7239 7255 7261
f 7458 7460 7463
f 7460 7461 7462
f 7457 7458 7464
f 7456 7457 7465
f 7460 7462 7463
f 7458 7463 7464
f 7457 7464 7465
f 7456 7465 7466
f 7456 7466 7459
f 7450 7459 7467
f 7459 7466 7467
f 7450 7467 7468
f 7450 7468 7451
f 7451 7469 7452
f 7452 7470 7453
f 7453 7471 7455
f 7454 7455 7472
f 7451 7468 7469
f 7452 7469 7470
f 7453 7470 7471
f 7455 7471 7472
f 7454 7472 7605
f 7502 7512 7503
f 7503 7527 7504
f 7503 7526 7527
f 7504 7527 7528
f 7504 7528 7531
f 7504 7529 7505
f 7505 7542 7506
f 7504 7531 7529
f 7505 7529 7530
f 7505 7530 7542
f 7506 7543 7507
f 7506 7542 7543
f 7507 7543 7544
f 7507 7546 7508
f 7507 7544 7545
f 7507 7545 7546
f 7508 7546 7547
f 7508 7510 7509
f 7508 7547 7548
f 7508 7548 7510
f 7502 7511 7513
f 7502 7517 7516
f 7502 7518 7517
f 7502 7519 7518
f 7502 7516 7511
f 7454 7605 7502
f 7502 7520 7519
f 7502 7513 7512
f 7503 7512 7515
f 7503 7515 7514
f 7503 7514 7526
f 7502 7605 7520
f 7605 7522 7521
f 7605 7521 7520
f 7605 7523 7522
f 7606 7524 7523
f 7606 7525 7524
f 7606 7532 7525
f 7606 7533 7532
f 7606 7534 7533
f 7607 7535 7534
f 7605 7606 7523
f 7606 7607 7534
f 7607 7536 7535
f 7607 7537 7536
f 7607 7538 7537
f 7607 7608 7538
f 7608 7539 7538
f 7608 7540 7539
f 7608 7541 7540
f 7608 7609 7541
f 7510 7548 7550
f 7510 7550 7549
f 7609 7565 7541
f 7610 7566 7565
f 7610 7567 7566
f 7609 7610 7565
f 7611 7569 7568
f 7611 7568 7567
f 7611 7570 7569
f 7610 7611 7567
f 7577 7572 7573
f 7577 7573 7574
f 7611 7571 7570
f 7577 7574 7571
f 7577 7571 7611
f 7577 7611 7612
f 7577 7612 7613
f 7509 7510 7585
f 7509 7585 7578
f 7578 7585 7579
f 7579 7585 7580
f 7580 7585 7581
f 7581 7585 7582
f 7582 7585 7583
f 7583 7585 7584
f 7577 7613 7586
f 7577 7586 7587
f 7577 7587 7588
f 7577 7588 7589
f 7577 7592 7590
f 7577 7589 7591
f 7577 7591 7592
f 7450 7451 7653
f 7451 7452 7654
f 7452 7453 7655
f 7454 7502 7657
f 7453 7455 7656
f 7454 7658 7455
f 7456 7459 7659
f 7457 7661 7458
f 7456 7660 7457
f 7450 7662 7459
f 7458 7663 7460
f 7460 7664 7461
f 7461 7665 7462
f 7462 7666 7463
f 7463 7667 7464
f 7464 7668 7465
f 7465 7669 7466
f 7466 7670 7467
f 7467 7671 7468
f 7468 7672 7469
f 7469 7673 7470
f 7470 7674 7471
f 7471 7675 7472
f 7502 7503 7705
f 7503 7504 7706
f 7504 7505 7707
f 7505 7506 7708
f 7506 7507 7709
f 7507 7508 7710
f 7508 7509 7711
f 7509 7578 7712
f 7578 7579 7777
f 7579 7580 7778
f 7580 7581 7779
f 7581 7582 7780
f 7582 7583 7781
f 7583 7584 7782
f 7584 7585 7784
f 7586 7786 7587
f 7587 7787 7588
f 7589 7792 7591
f 7588 7788 7589
f 7591 7793 7592
f 7590 7592 7793
f 7472 7806 7605
f 7605 7807 7606
f 7606 7808 7607
f 7607 7809 7608
f 7608 7810 7609
f 7609 7811 7610
f 7610 7812 7611
f 7611 7813 7612
f 7612 7814 7613
f 7586 7613 7785
f 7450 7653 7662
f 7451 7654 7653
f 7452 7655 7654
f 7453 7656 7655
f 7454 7657 7658
f 7455 7658 7656
f 7456 7659 7660
f 7457 7660 7661
f 7459 7662 7659
f 7458 7661 7663
f 7460 7663 7664
f 7461 7664 7665
f 7462 7665 7666
f 7463 7666 7667
f 7464 7667 7668
f 7465 7668 7669
f 7466 7669 7670
f 7467 7670 7671
f 7468 7671 7672
f 7469 7672 7673
f 7470 7673 7674
f 7471 7674 7675
f 7502 7705 7657
f 7503 7706 7705
f 7504 7707 7706
f 7505 7708 7707
f 7506 7709 7708
f 7507 7710 7709
f 7508 7711 7710
f 7509 7712 7711
f 7578 7777 7712
f 7579 7778 7777
f 7580 7779 7778
f 7581 7780 7779
f 7582 7781 7780
f 7583 7782 7781
f 7584 7783 7782
f 7584 7784 7783
f 7586 7785 7786
f 7587 7786 7787
f 7589 7788 7792
f 7588 7787 7788
f 7590 7793 7790
f 7591 7792 7793
f 7661 7666 7663
f 7663 7665 7664
f 7660 7667 7661
f 7659 7668 7660
f 7663 7666 7665
f 7661 7667 7666
f 7660 7668 7667
f 7659 7669 7668
f 7659 7662 7669
f 7653 7670 7662
f 7662 7670 7669
f 7653 7671 7670
f 7653 7654 7671
f 7654 7655 7672
f 7655 7656 7673
f 7656 7658 7674
f 7657 7675 7658
f 7654 7672 7671
f 7655 7673 7672
f 7656 7674 7673
f 7658 7675 7674
f 7657 7806 7675
f 7705 7706 7715
f 7706 7707 7728
f 7707 7708 7733
f 7707 7729 7728
f 7707 7730 7729
f 7707 7733 7730
f 7708 7709 7732
f 7708 7731 7733
f 7708 7732 7731
f 7709 7710 7744
f 7709 7744 7732
f 7710 7745 7744
f 7710 7746 7745
f 7710 7711 7747
f 7710 7747 7746
f 7711 7748 7747
f 7711 7749 7748
f 7711 7712 7751
f 7711 7750 7749
f 7711 7751 7750
f 7712 7777 7756
f 7705 7715 7713
f 7705 7718 7719
f 7705 7719 7720
f 7705 7720 7721
f 7705 7713 7718
f 7657 7705 7806
f 7705 7721 7722
f 7706 7717 7714
f 7706 7714 7715
f 7706 7716 7717
f 7706 7728 7716
f 7705 7722 7806
f 7806 7723 7724
f 7806 7722 7723
f 7806 7725 7726
f 7806 7724 7725
f 7807 7726 7727
f 7807 7727 7734
f 7807 7734 7735
f 7807 7735 7736
f 7807 7736 7737
f 7806 7726 7807
f 7807 7737 7808
f 7808 7737 7738
f 7808 7738 7739
f 7808 7739 7740
f 7808 7740 7741
f 7808 7741 7809
f 7809 7741 7742
f 7809 7742 7743
f 7809 7743 7766
f 7809 7766 7810
f 7712 7752 7751
f 7712 7753 7752
f 7712 7754 7753
f 7712 7755 7754
f 7712 7756 7755
f 7777 7757 7756
f 7777 7758 7757
f 7777 7759 7758
f 7777 7760 7759
f 7810 7766 7767
f 7811 7767 7768
f 7810 7767 7811
f 7811 7768 7769
f 7812 7769 7770
f 7812 7770 7771
f 7811 7769 7812
f 7812 7771 7772
f 7813 7772 7774
f 7813 7774 7773
f 7814 7763 7762
f 7814 7762 7760
f 7813 7775 7776
f 7813 7773 7775
f 7814 7776 7761
f 7814 7764 7763
f 7814 7765 7764
f 7814 7761 7765
f 7812 7772 7813
f 7813 7776 7814
f 7777 7778 7785
f 7778 7779 7786
f 7777 7814 7760
f 7779 7780 7787
f 7780 7781 7788
f 7781 7782 7792
f 7777 7785 7814
f 7778 7786 7785
f 7779 7787 7786
f 7780 7788 7787
f 7781 7792 7788
f 7783 7784 7791
f 7782 7783 7793
f 7782 7793 7792
f 7783 7791 7793
f 7784 7789 7791
f 7790 7793 7791
f 7472 7675 7806
f 7605 7806 7807
f 7606 7807 7808
f 7607 7808 7809
f 7608 7809 7810
f 7609 7810 7811
f 7610 7811 7812
f 7611 7812 7813
f 7612 7813 7814
f 7613 7814 7785
f 7510 7549 7551
f 7510 7551 7552
f 7510 7552 7590
f 7590 7552 7553
f 7590 7553 7554
f 7590 7554 7555
f 7590 7555 7556
f 7590 7557 7558
f 7590 7556 7557
f 7590 7559 7561
f 7590 7558 7559
f 7590 7575 7572
f 7577 7590 7572
f 7590 7563 7564
f 7590 7576 7575
f 7590 7560 7576
f 7590 7564 7560
f 7590 7561 7562
f 7590 7562 7563
f 7510 7604 7585
f 7510 7590 7604
f 7585 7604 7603
f 7585 7603 7784
f 7590 7805 7604
f 7603 7804 7784
f 7590 7790 7805
f 7784 7805 7789
f 7789 7805 7791
f 7790 7791 7805
f 7784 7804 7805
f 7833 8075 7870
f 7833 7834 8050
f 7834 7835 8051
f 7835 7836 8052
f 7836 7837 8053
f 7837 7838 8054
f 7838 7839 8055
f 7839 7840 8056
f 7840 7841 8057
f 7841 7974 8058
f 7857 7859 7862
f 7856 7857 7863
f 7855 7856 7864
f 7859 7860 7861
f 7859 7861 7862
f 7857 7862 7863
f 7856 7863 7864
f 7855 7864 7865
f 7855 7865 7858
f 7854 7858 7871
f 7858 7865 7871
f 7854 7871 7872
f 7866 7873 7868
f 7867 7868 7874
f 7867 7875 7869
f 7869 7876 7870
f 7854 7872 7866
f 7866 7872 7873
f 7868 7873 7874
f 7867 7874 7875
f 7869 7875 7876
f 7870 7876 7965
f 7833 7898 7834
f 7833 7908 7909
f 7833 7910 7908
f 7833 7909 7917
f 7833 7917 7899
f 7833 7870 7965
f 7833 7911 7910
f 7833 7912 7911
f 7833 7899 7898
f 7834 7898 7901
f 7834 7901 7900
f 7834 7900 7902
f 7834 7903 7835
f 7835 7903 7904
f 7835 7904 7905
f 7835 7906 7836
f 7836 7929 7837
f 7835 7905 7906
f 7836 7906 7907
f 7836 7907 7929
f 7834 7902 7903
f 7833 7965 7912
f 7965 7913 7912
f 7965 7915 7914
f 7965 7914 7913
f 7966 7916 7915
f 7966 7918 7916
f 7966 7919 7918
f 7966 7920 7919
f 7966 7921 7920
f 7967 7922 7921
f 7837 7930 7838
f 7837 7929 7930
f 7838 7930 7931
f 7838 7933 7839
f 7838 7931 7932
f 7838 7932 7933
f 7839 7933 7934
f 7839 7935 7840
f 7839 7936 7935
f 7839 7934 7936
f 7935 7936 7937
f 7935 7937 7938
f 7971 7959 7960
f 7971 7961 7958
f 7971 7960 7961
f 7965 7966 7915
f 7966 7967 7921
f 7967 7923 7922
f 7967 7924 7923
f 7967 7925 7924
f 7967 7968 7925
f 7968 7926 7925
f 7968 7927 7926
f 7968 7928 7927
f 7968 7969 7928
f 7969 7942 7928
f 7970 7943 7942
f 7970 7944 7943
f 7969 7970 7942
f 7972 7946 7945
f 7972 7945 7944
f 7972 7947 7946
f 7970 7972 7944
f 7972 7958 7947
f 7971 7958 7972
f 7971 7972 7973
f 7971 7973 7982
f 7840 7935 7980
f 7840 7980 7841
f 7841 7980 7974
f 7974 7980 7975
f 7975 7980 7976
f 7976 7980 7977
f 7977 7980 7978
f 7978 7980 7979
f 7971 7982 7983
f 7971 7983 7981
f 7971 7984 7985
f 7971 7981 7984
f 7971 7985 7986
f 7971 7986 7987
f 7971 7987 7988
f 7854 7866 8059
f 7855 7858 8060
f 7856 8062 7857
f 7855 8061 7856
f 7854 8063 7858
f 7857 8064 7859
f 7859 8065 7860
f 7860 8066 7861
f 7861 8067 7862
f 7862 8068 7863
f 7863 8069 7864
f 7864 8070 7865
f 7866 7868 8071
f 7867 8073 7868
f 7867 7869 8072
f 7869 7870 8074
f 7865 8076 7871
f 7871 8077 7872
f 7872 8078 7873
f 7873 8079 7874
f 7874 8080 7875
f 7875 8081 7876
f 7876 8167 7965
f 7965 8168 7966
f 7966 8169 7967
f 7967 8170 7968
f 7968 8171 7969
f 7969 8172 7970
f 7970 8173 7972
f 7972 8174 7973
f 7973 8185 7982
f 7974 7975 8175
f 7975 7976 8176
f 7976 7977 8177
f 7977 7978 8178
f 7978 7979 8179
f 7979 7980 8181
f 7981 7983 8184
f 7982 8186 7983
f 7981 8187 7984
f 7985 8189 7986
f 7984 8188 7985
f 7986 8190 7987
f 7987 8190 7988
f 7833 8050 8075
f 7834 8051 8050
f 7835 8052 8051
f 7836 8053 8052
f 7837 8054 8053
f 7838 8055 8054
f 7839 8056 8055
f 7840 8057 8056
f 7841 8058 8057
f 7974 8175 8058
f 7856 8061 8062
f 7855 8060 8061
f 7858 8063 8060
f 7854 8059 8063
f 7857 8062 8064
f 7859 8064 8065
f 7860 8065 8066
f 7861 8066 8067
f 7862 8067 8068
f 7863 8068 8069
f 7864 8069 8070
f 7865 8070 8076
f 7866 8071 8059
f 7868 8073 8071
f 7867 8072 8073
f 7869 8074 8072
f 7870 8075 8074
f 7871 8076 8077
f 7872 8077 8078
f 7873 8078 8079
f 7874 8079 8080
f 7875 8080 8081
f 7876 8081 8167
f 7965 8167 8168
f 7966 8168 8169
f 7967 8169 8170
f 7968 8170 8171
f 7969 8171 8172
f 7970 8172 8173
f 7972 8173 8174
f 7973 8174 8185
f 7975 8176 8175
f 7976 8177 8176
f 7977 8178 8177
f 7978 8179 8178
f 7979 8180 8179
f 7979 8181 8180
f 7982 8185 8186
f 7983 8186 8184
f 7981 8184 8187
f 7985 8188 8189
f 7984 8187 8188
f 7986 8189 8190
f 7988 8190 8191
f 8062 8067 8064
f 8061 8068 8062
f 8060 8069 8061
f 8064 8066 8065
f 8064 8067 8066
f 8062 8068 8067
f 8061 8069 8068
f 8060 8070 8069
f 8060 8063 8070
f 8059 8076 8063
f 8063 8076 8070
f 8059 8077 8076
f 8071 8073 8078
f 8072 8079 8073
f 8072 8074 8080
f 8074 8075 8081
f 8059 8071 8077
f 8071 8078 8077
f 8073 8079 8078
f 8072 8080 8079
f 8074 8081 8080
f 8075 8167 8081
f 8050 8051 8104
f 8051 8052 8107
f 8050 8113 8115
f 8050 8114 8113
f 8050 8122 8114
f 8050 8104 8122
f 8050 8167 8075
f 8050 8115 8116
f 8050 8116 8117
f 8051 8106 8103
f 8051 8103 8104
f 8051 8105 8106
f 8051 8107 8105
f 8052 8053 8110
f 8052 8109 8108
f 8052 8110 8109
f 8053 8054 8112
f 8053 8111 8110
f 8053 8112 8111
f 8052 8108 8107
f 8050 8117 8167
f 8167 8117 8118
f 8167 8119 8120
f 8167 8118 8119
f 8167 8120 8121
f 8168 8121 8123
f 8168 8123 8124
f 8168 8124 8125
f 8168 8125 8126
f 8168 8126 8127
f 8054 8055 8134
f 8054 8134 8112
f 8055 8135 8134
f 8055 8136 8135
f 8055 8056 8137
f 8055 8137 8136
f 8056 8138 8137
f 8056 8139 8138
f 8056 8057 8141
f 8057 8058 8152
f 8056 8140 8139
f 8056 8141 8140
f 8057 8142 8141
f 8057 8143 8142
f 8057 8144 8143
f 8057 8152 8151
f 8057 8151 8144
f 8058 8153 8152
f 8058 8154 8153
f 8058 8155 8154
f 8058 8156 8155
f 8174 8161 8163
f 8174 8163 8162
f 8185 8158 8156
f 8174 8164 8166
f 8174 8162 8164
f 8185 8157 8158
f 8185 8159 8157
f 8185 8160 8159
f 8185 8165 8160
f 8185 8166 8165
f 8167 8121 8168
f 8168 8127 8169
f 8169 8127 8128
f 8169 8128 8129
f 8169 8129 8130
f 8169 8130 8131
f 8169 8131 8170
f 8170 8131 8132
f 8170 8132 8133
f 8170 8133 8145
f 8170 8145 8171
f 8171 8145 8146
f 8172 8146 8147
f 8171 8146 8172
f 8172 8147 8148
f 8173 8148 8149
f 8173 8149 8150
f 8172 8148 8173
f 8173 8150 8161
f 8173 8161 8174
f 8174 8166 8185
f 8058 8175 8186
f 8175 8176 8184
f 8176 8177 8187
f 8177 8178 8188
f 8178 8179 8189
f 8058 8185 8156
f 8058 8186 8185
f 8175 8184 8186
f 8176 8187 8184
f 8177 8188 8187
f 8178 8189 8188
f 8180 8181 8182
f 8179 8180 8190
f 8180 8182 8190
f 8181 8183 8182
f 8179 8190 8189
f 8182 8191 8190
f 7935 7938 7939
f 7935 7939 7940
f 7935 7940 7988
f 7988 7940 7941
f 7988 7941 7948
f 7988 7948 7949
f 7988 7949 7950
f 7988 7950 7951
f 7988 7952 7953
f 7988 7951 7952
f 7988 7962 7959
f 7971 7988 7959
f 7988 7963 7964
f 7988 7964 7962
f 7988 7957 7963
f 7988 7956 7957
f 7988 7953 7955
f 7988 7954 7956
f 7988 7955 7954
f 7935 7992 7980
f 7935 7988 7991
f 7935 7991 7992
f 7980 7992 7989
f 7989 7992 7990
f 7980 7989 8181
f 7988 8193 7991
f 7989 8192 8181
f 7988 8191 8193
f 8181 8193 8183
f 8182 8183 8193
f 8182 8193 8191
f 8181 8192 8193
f 6670 6671 6879
f 6674 6672 6880
f 6672 6670 6878
f 6673 6675 6882
f 6674 6880 6675
f 6676 6673 6881
f 6687 6676 6883
f 6678 6680 6887
f 6671 6677 6884
f 6677 6678 6885
f 6680 6679 6886
f 6679 6681 6888
f 6681 6682 6889
f 6682 6683 6890
f 6683 6684 6891
f 6684 6685 6892
f 6685 6686 6893
f 6690 6689 6896
f 6688 6687 6894
f 6689 6688 6895
f 6691 6690 6897
f 6692 6691 6898
f 6706 6692 6899
f 6686 6693 6900
f 6693 6694 6901
f 6694 6695 6902
f 6696 6903 6695
f 6696 6697 6903
f 6697 6698 6904
f 6698 6700 6905
f 6700 6701 6906
f 6701 6702 6907
f 6702 6703 6908
f 6703 6704 6909
f 6704 6705 6910
f 6705 6727 6932
f 6707 6706 6911
f 6708 6707 6912
f 6709 6708 6913
f 6710 6709 6914
f 6711 6710 6915
f 6712 6711 6916
f 6713 6712 6917
f 6714 6713 6918
f 6715 6714 6919
f 6716 6715 6920
f 6718 6716 6921
f 6735 6717 6922
f 6719 6718 6923
f 6720 6719 6924
f 6721 6720 6925
f 6722 6721 6926
f 6723 6722 6927
f 6724 6723 6928
f 6726 6724 6929
f 6725 6726 6931
f 6717 6725 6930
f 6727 6728 6933
f 6728 6729 6934
f 6729 6730 6935
f 6730 6731 6936
f 6731 6732 6937
f 6732 6734 6939
f 6734 6733 6938
f 6733 6736 6941
f 6736 6735 6940
f 6670 6879 6878
f 6878 6880 6672
f 6673 6882 6881
f 6880 6882 6675
f 6676 6881 6883
f 6687 6883 6894
f 6887 6885 6678
f 6671 6884 6879
f 6677 6885 6884
f 6680 6886 6887
f 6679 6888 6886
f 6681 6889 6888
f 6682 6890 6889
f 6683 6891 6890
f 6892 6891 6684
f 6685 6893 6892
f 6686 6900 6893
f 6896 6897 6690
f 6894 6895 6688
f 6689 6895 6896
f 6691 6897 6898
f 6692 6898 6899
f 6899 6911 6706
f 6901 6900 6693
f 6694 6902 6901
f 6903 6902 6695
f 6697 6904 6903
f 6905 6904 6698
f 6700 6906 6905
f 6907 6906 6701
f 6908 6907 6702
f 6703 6909 6908
f 6910 6909 6704
f 6705 6932 6910
f 6707 6911 6912
f 6912 6913 6708
f 6913 6914 6709
f 6710 6914 6915
f 6915 6916 6711
f 6712 6916 6917
f 6917 6918 6713
f 6714 6918 6919
f 6919 6920 6715
f 6716 6920 6921
f 6717 6930 6922
f 6718 6921 6923
f 6923 6924 6719
f 6720 6924 6925
f 6721 6925 6926
f 6722 6926 6927
f 6929 6931 6726
f 6723 6927 6928
f 6724 6928 6929
f 6725 6931 6930
f 6727 6933 6932
f 6934 6933 6728
f 6729 6935 6934
f 6936 6935 6730
f 6731 6937 6936
f 6732 6939 6937
f 6734 6938 6939
f 6941 6938 6733
f 6940 6941 6736
f 6735 6922 6940
f 7067 7065 7269
f 7065 7064 7268
f 7067 7269 7068
f 7066 7068 7271
f 7069 7066 7270
f 7070 7069 7272
f 7071 7070 7273
f 7072 7071 7274
f 7073 7072 7275
f 7074 7073 7276
f 7075 7074 7277
f 7099 7075 7278
f 7080 7076 7279
f 7076 7077 7280
f 7077 7078 7281
f 7078 7079 7282
f 7079 7081 7284
f 7064 7080 7283
f 7081 7082 7285
f 7082 7083 7286
f 7083 7084 7287
f 7084 7085 7288
f 7085 7086 7289
f 7086 7087 7290
f 7087 7088 7291
f 7088 7089 7292
f 7090 7293 7089
f 7090 7091 7293
f 7091 7092 7294
f 7092 7093 7295
f 7093 7094 7296
f 7094 7095 7297
f 7095 7096 7298
f 7096 7097 7299
f 7097 7098 7300
f 7098 7110 7312
f 7100 7099 7301
f 7101 7100 7302
f 7102 7101 7303
f 7103 7102 7304
f 7104 7103 7305
f 7105 7104 7306
f 7106 7105 7307
f 7107 7106 7308
f 7108 7107 7309
f 7115 7108 7310
f 7110 7111 7313
f 7111 7109 7311
f 7109 7112 7314
f 7112 7113 7315
f 7113 7114 7316
f 7114 7126 7328
f 7116 7115 7317
f 7117 7116 7318
f 7118 7117 7319
f 7119 7118 7320
f 7120 7119 7321
f 7121 7120 7322
f 7122 7121 7323
f 7124 7123 7325
f 7129 7124 7326
f 7123 7122 7324
f 7125 7128 7330
f 7126 7125 7327
f 7128 7127 7329
f 7127 7129 7331
f 7064 7283 7268
f 7268 7269 7065
f 7269 7271 7068
f 7066 7271 7270
f 7069 7270 7272
f 7070 7272 7273
f 7273 7274 7071
f 7072 7274 7275
f 7275 7276 7073
f 7074 7276 7277
f 7075 7277 7278
f 7278 7301 7099
f 7080 7279 7283
f 7076 7280 7279
f 7281 7280 7077
f 7078 7282 7281
f 7079 7284 7282
f 7081 7285 7284
f 7082 7286 7285
f 7083 7287 7286
f 7288 7287 7084
f 7085 7289 7288
f 7086 7290 7289
f 7291 7290 7087
f 7088 7292 7291
f 7293 7292 7089
f 7091 7294 7293
f 7295 7294 7092
f 7093 7296 7295
f 7297 7296 7094
f 7298 7297 7095
f 7096 7299 7298
f 7300 7299 7097
f 7098 7312 7300
f 7100 7301 7302
f 7302 7303 7101
f 7303 7304 7102
f 7103 7304 7305
f 7305 7306 7104
f 7105 7306 7307
f 7307 7308 7106
f 7107 7308 7309
f 7309 7310 7108
f 7109 7314 7311
f 7110 7313 7312
f 7311 7313 7111
f 7315 7314 7112
f 7113 7316 7315
f 7114 7328 7316
f 7115 7310 7317
f 7129 7326 7331
f 7116 7317 7318
f 7318 7319 7117
f 7118 7319 7320
f 7119 7320 7321
f 7120 7321 7322
f 7121 7322 7323
f 7122 7323 7324
f 7324 7325 7123
f 7124 7325 7326
f 7330 7327 7125
f 7126 7327 7328
f 7329 7330 7128
f 7127 7331 7329
f 7513 7511 7713
f 7512 7513 7715
f 7514 7515 7717
f 7515 7512 7714
f 7517 7518 7720
f 7511 7516 7718
f 7516 7517 7719
f 7518 7519 7721
f 7519 7520 7722
f 7520 7521 7723
f 7521 7522 7724
f 7522 7523 7725
f 7523 7524 7726
f 7524 7525 7727
f 7526 7514 7716
f 7527 7526 7728
f 7528 7527 7729
f 7531 7528 7730
f 7529 7531 7733
f 7530 7529 7731
f 7525 7532 7734
f 7532 7533 7735
f 7533 7534 7736
f 7534 7535 7737
f 7535 7536 7738
f 7536 7537 7739
f 7537 7538 7740
f 7538 7539 7741
f 7539 7540 7742
f 7540 7541 7743
f 7542 7530 7732
f 7543 7542 7744
f 7544 7543 7745
f 7545 7544 7746
f 7546 7545 7747
f 7547 7546 7748
f 7548 7547 7749
f 7550 7548 7750
f 7549 7751 7551
f 7549 7550 7751
f 7552 7551 7752
f 7553 7552 7753
f 7554 7553 7754
f 7555 7554 7755
f 7556 7555 7756
f 7557 7556 7757
f 7558 7557 7758
f 7559 7558 7759
f 7576 7560 7761
f 7561 7559 7760
f 7562 7561 7762
f 7563 7562 7763
f 7564 7563 7764
f 7560 7564 7765
f 7541 7565 7766
f 7565 7566 7767
f 7566 7567 7768
f 7567 7568 7769
f 7568 7569 7770
f 7569 7570 7771
f 7570 7571 7772
f 7571 7574 7774
f 7574 7573 7773
f 7572 7775 7573
f 7575 7576 7776
f 7572 7575 7775
f 7513 7713 7715
f 7715 7714 7512
f 7514 7717 7716
f 7714 7717 7515
f 7516 7719 7718
f 7720 7719 7517
f 7518 7721 7720
f 7519 7722 7721
f 7520 7723 7722
f 7521 7724 7723
f 7522 7725 7724
f 7726 7725 7523
f 7524 7727 7726
f 7511 7718 7713
f 7525 7734 7727
f 7526 7716 7728
f 7527 7728 7729
f 7729 7730 7528
f 7733 7731 7529
f 7530 7731 7732
f 7531 7730 7733
f 7735 7734 7532
f 7533 7736 7735
f 7737 7736 7534
f 7535 7738 7737
f 7739 7738 7536
f 7537 7740 7739
f 7741 7740 7538
f 7742 7741 7539
f 7540 7743 7742
f 7542 7732 7744
f 7744 7745 7543
f 7544 7745 7746
f 7746 7747 7545
f 7747 7748 7546
f 7547 7748 7749
f 7749 7750 7548
f 7550 7750 7751
f 7751 7752 7551
f 7552 7752 7753
f 7753 7754 7553
f 7554 7754 7755
f 7555 7755 7756
f 7756 7757 7556
f 7557 7757 7758
f 7558 7758 7759
f 7559 7759 7760
f 7561 7760 7762
f 7562 7762 7763
f 7763 7764 7563
f 7564 7764 7765
f 7560 7765 7761
f 7766 7743 7541
f 7565 7767 7766
f 7566 7768 7767
f 7769 7768 7567
f 7568 7770 7769
f 7771 7770 7569
f 7570 7772 7771
f 7571 7774 7772
f 7574 7773 7774
f 7775 7773 7573
f 7776 7775 7575
f 7576 7761 7776
f 7898 7899 8104
f 7901 7898 8103
f 7900 7901 8106
f 7902 7900 8105
f 7903 7902 8107
f 7904 7903 8108
f 7905 7904 8109
f 7906 7905 8110
f 7907 7906 8111
f 7917 7909 8114
f 7909 7908 8113
f 7908 7910 8115
f 7910 7911 8116
f 7911 7912 8117
f 7912 7913 8118
f 7913 7914 8119
f 7914 7915 8120
f 7915 7916 8121
f 7899 7917 8122
f 7916 7918 8123
f 7918 7919 8124
f 7919 7920 8125
f 7920 7921 8126
f 7921 7922 8127
f 7922 7923 8128
f 7923 7924 8129
f 7924 7925 8130
f 7925 7926 8131
f 7926 7927 8132
f 7927 7928 8133
f 7929 7907 8112
f 7930 7929 8134
f 7931 7930 8135
f 7932 7931 8136
f 7933 7932 8137
f 7934 7933 8138
f 7936 7934 8139
f 7937 7936 8140
f 7938 8141 7939
f 7938 7937 8141
f 7940 7939 8142
f 7941 7940 8143
f 7948 7941 8144
f 7928 7942 8145
f 7942 7943 8146
f 7943 7944 8147
f 7945 7946 8149
f 7946 7947 8150
f 7944 7945 8148
f 7949 7948 8151
f 7950 7949 8152
f 7951 7950 8153
f 7952 7951 8154
f 7953 7952 8155
f 7955 7953 8156
f 7954 7955 8158
f 7957 7956 8159
f 7963 7957 8160
f 7956 7954 8157
f 7947 7958 8161
f 7958 7961 8163
f 7959 8164 7960
f 7961 7960 8162
f 7962 7964 8166
f 7959 7962 8164
f 7964 7963 8165
f 7899 8122 8104
f 8104 8103 7898
f 8103 8106 7901
f 7900 8106 8105
f 7902 8105 8107
f 7903 8107 8108
f 8108 8109 7904
f 7905 8109 8110
f 8110 8111 7906
f 7907 8111 8112
f 7909 8113 8114
f 7910 8116 8115
f 7911 8117 8116
f 8115 8113 7908
f 7912 8118 8117
f 7913 8119 8118
f 7914 8120 8119
f 8121 8120 7915
f 7916 8123 8121
f 7917 8114 8122
f 7918 8124 8123
f 8125 8124 7919
f 7920 8126 8125
f 8127 8126 7921
f 7922 8128 8127
f 8129 8128 7923
f 7924 8130 8129
f 8131 8130 7925
f 8132 8131 7926
f 7927 8133 8132
f 7929 8112 8134
f 8134 8135 7930
f 7931 8135 8136
f 8136 8137 7932
f 8137 8138 7933
f 7934 8138 8139
f 8139 8140 7936
f 7937 8140 8141
f 8141 8142 7939
f 7940 8142 8143
f 8143 8144 7941
f 8145 8133 7928
f 7942 8146 8145
f 7943 8147 8146
f 7945 8149 8148
f 8150 8149 7946
f 8148 8147 7944
f 7948 8144 8151
f 7949 8151 8152
f 8152 8153 7950
f 7951 8153 8154
f 7952 8154 8155
f 7953 8155 8156
f 7955 8156 8158
f 7954 8158 8157
f 7957 8159 8160
f 7963 8160 8165
f 8157 8159 7956
f 7947 8161 8150
f 7958 8163 8161
f 8164 8162 7960
f 7961 8162 8163
f 8166 8164 7962
f 7964 8165 8166
f 6791 6792 6790
f 6791 6793 6792
f 6790 6794 6795
f 6791 6790 6795
f 6795 6794 6797
f 6793 6796 6792
f 6793 6797 6796
f 6794 6796 6797
f 6995 6996 6997
f 6996 6998 6997
f 7000 6995 6999
f 6996 6995 7000
f 7000 6999 7002
f 6998 7001 6997
f 6998 7002 7001
f 6999 7001 7002
f 6798 6799 7022
f 6798 6800 6801
f 6799 6798 6801
f 6800 7025 6801
f 6799 7023 7022
f 7023 7024 7022
f 7023 7025 7024
f 6800 7024 7025
f 7003 7004 7218
f 7003 7005 7006
f 7004 7003 7006
f 7006 7005 7221
f 7004 7219 7218
f 7219 7220 7218
f 7219 7221 7220
f 7005 7220 7221
f 7026 7027 7028
f 7027 7029 7028
f 7026 7030 7031
f 7027 7026 7031
f 7031 7030 7033
f 7029 7032 7028
f 7029 7033 7032
f 7030 7032 7033
f 7222 7223 7224
f 7223 7225 7224
f 7222 7226 7227
f 7223 7222 7227
f 7227 7226 7229
f 7225 7228 7224
f 7225 7229 7228
f 7226 7228 7229
f 7616 7614 7615
f 7616 7615 7617
f 7614 7618 7619
f 7614 7619 7615
f 7618 7621 7619
f 7616 7617 7620
f 7617 7621 7620
f 7618 7620 7621
f 7815 7816 7817
f 7817 7816 7818
f 7819 7820 7815
f 7815 7820 7816
f 7819 7822 7820
f 7817 7818 7821
f 7818 7822 7821
f 7819 7821 7822
f 7622 7623 7842
f 7622 7624 7625
f 7622 7625 7623
f 7624 7845 7625
f 7842 7623 7843
f 7842 7843 7844
f 7843 7845 7844
f 7845 7624 7844
f 7823 7824 8038
f 7823 7825 7826
f 7823 7826 7824
f 7825 8041 7826
f 8038 7824 8039
f 8038 8039 8040
f 8039 8041 8040
f 7825 8040 8041
f 7846 7847 7848
f 7848 7847 7849
f 7846 7850 7851
f 7846 7851 7847
f 7850 7853 7851
f 7848 7849 7852
f 7849 7853 7852
f 7850 7852 7853
f 8042 8043 8044
f 8044 8043 8045
f 8042 8046 8047
f 8042 8047 8043
f 8046 8049 8047
f 8044 8045 8048
f 8045 8049 8048
f 8046 8048 8049
f 6809 6810 6808
f 6809 6811 6810
f 6810 6811 7421
f 7420 7419 7422
f 7421 6811 7422
f 7419 7421 7422
o 03_rear_plate
usemtl 03_rear_plate
v -56.735634 -88.036873 -27.000000
v -58.535973 -83.369682 -27.000000
v -58.981064 -81.761330 -27.000000
v -57.411903 -86.511238 -27.000000
v -58.012501 -84.954254 -27.000000
v -55.162769 -90.979492 -27.000000
v -55.985325 -89.527489 -27.000000
v -54.269966 -92.389389 -27.000000
v -53.309055 -93.753777 -27.000000
v -52.282356 -95.069374 -27.000000
v -51.192337 -96.333008 -27.000000
v -50.041630 -97.541634 -27.000000
v -48.833004 -98.692337 -27.000000
v -46.253777 -100.809059 -27.000000
v -47.569370 -99.782356 -27.000000
v -59.346703 -80.133072 -27.000000
v -59.632000 -78.488838 -27.000000
v -59.836281 -76.832581 -27.000000
v -59.959045 -75.168304 -27.000000
v -60.000000 -73.500000 -27.000000
v -49.061779 -60.512283 -27.000000
v -48.805603 -60.702278 -27.000000
v -49.702278 -59.805599 -27.000000
v -50.002609 -59.243717 -27.000000
v -50.110058 -58.943424 -27.000000
v -49.866245 -59.532040 -27.000000
v -50.187553 -58.634041 -27.000000
v -50.234352 -58.318554 -27.000000
v -50.250000 -58.000000 -27.000000
v -50.234352 -57.681446 -27.000000
v -50.187553 -57.365959 -27.000000
v -49.512283 -60.061779 -27.000000
v -49.298096 -60.298092 -27.000000
v -50.110058 -57.056576 -27.000000
v -50.002609 -56.756283 -27.000000
v -49.866245 -56.467960 -27.000000
v -49.702278 -56.194401 -27.000000
v -49.512283 -55.938221 -27.000000
v -49.298096 -55.701908 -27.000000
v -49.061779 -55.487717 -27.000000
v -48.805603 -55.297722 -27.000000
v -48.532040 -60.866245 -27.000000
v -48.243721 -61.002613 -27.000000
v -47.943424 -61.110062 -27.000000
v -47.634045 -61.187553 -27.000000
v -47.318554 -61.234356 -27.000000
v -47.000000 -61.249996 -27.000000
v -46.681446 -61.234356 -27.000000
v -46.365955 -61.187553 -27.000000
v -46.056576 -61.110062 -27.000000
v -45.756279 -61.002613 -27.000000
v -45.467960 -60.866245 -27.000000
v -45.194397 -60.702278 -27.000000
v -48.532040 -55.133755 -27.000000
v -48.243721 -54.997387 -27.000000
v -47.943424 -54.889938 -27.000000
v -47.634045 -54.812447 -27.000000
v -47.318554 -54.765644 -27.000000
v -47.000000 -54.750004 -27.000000
v -46.681446 -54.765644 -27.000000
v -46.365955 -54.812447 -27.000000
v -46.056576 -54.889938 -27.000000
v -45.756279 -54.997387 -27.000000
v -45.467960 -55.133755 -27.000000
v -45.194397 -55.297722 -27.000000
v -44.889389 -101.769966 -27.000000
v -43.479492 -102.662773 -27.000000
v -42.027489 -103.485321 -27.000000
v -40.536873 -104.235634 -27.000000
v -39.011238 -104.911903 -27.000000
v -37.454254 -105.512497 -27.000000
v -35.869678 -106.035973 -27.000000
v -34.261326 -106.481064 -27.000000
v -32.633072 -106.846703 -27.000000
v -30.988834 -107.132004 -27.000000
v -44.938221 -60.512283 -27.000000
v -44.701904 -60.298092 -27.000000
v -44.487717 -60.061779 -27.000000
v -44.297722 -59.805599 -27.000000
v -44.133755 -59.532040 -27.000000
v -43.997391 -59.243717 -27.000000
v -43.889942 -58.943424 -27.000000
v -43.812447 -58.634041 -27.000000
v -43.765648 -58.318554 -27.000000
v -43.750000 -58.000000 -27.000000
v -43.765648 -57.681446 -27.000000
v -43.812447 -57.365959 -27.000000
v -44.938221 -55.487717 -27.000000
v -44.701904 -55.701908 -27.000000
v -44.133755 -56.467960 -27.000000
v -44.487717 -55.938221 -27.000000
v -44.297722 -56.194401 -27.000000
v -43.997391 -56.756283 -27.000000
v -43.889942 -57.056576 -27.000000
v -49.061779 -60.512283 -25.000000
v -48.805603 -60.702278 -25.000000
v -49.702278 -59.805599 -25.000000
v -50.002609 -59.243717 -25.000000
v -50.110058 -58.943424 -25.000000
v -49.866245 -59.532040 -25.000000
v -50.187553 -58.634041 -25.000000
v -50.234352 -58.318554 -25.000000
v -50.250000 -58.000000 -25.000000
v -50.234352 -57.681446 -25.000000
v -50.187553 -57.365959 -25.000000
v -49.512283 -60.061779 -25.000000
v -49.298096 -60.298092 -25.000000
v -50.110058 -57.056576 -25.000000
v -50.002609 -56.756283 -25.000000
v -49.866245 -56.467960 -25.000000
v -49.702278 -56.194401 -25.000000
v -49.512283 -55.938221 -25.000000
v -49.298096 -55.701908 -25.000000
v -49.061779 -55.487717 -25.000000
v -48.805603 -55.297722 -25.000000
v -48.532040 -60.866245 -25.000000
v -48.243721 -61.002613 -25.000000
v -47.943424 -61.110062 -25.000000
v -47.634045 -61.187553 -25.000000
v -47.318554 -61.234356 -25.000000
v -47.000000 -61.249996 -25.000000
v -46.681446 -61.234356 -25.000000
v -46.365955 -61.187553 -25.000000
v -46.056576 -61.110062 -25.000000
v -45.756279 -61.002613 -25.000000
v -45.467960 -60.866245 -25.000000
v -45.194397 -60.702278 -25.000000
v -48.413498 -58.944466 -25.000000
v -48.499268 -58.801376 -25.000000
v -48.314117 -59.078472 -25.000000
v -48.078468 -59.314117 -25.000000
v -48.202080 -59.202080 -25.000000
v -47.944469 -59.413498 -25.000000
v -48.570595 -58.650558 -25.000000
v -48.626797 -58.493484 -25.000000
v -48.691814 -58.166630 -25.000000
v -48.667336 -58.331654 -25.000000
v -48.700001 -58.000000 -25.000000
v -48.691814 -57.833370 -25.000000
v -48.667336 -57.668346 -25.000000
v -48.626797 -57.506516 -25.000000
v -48.570595 -57.349442 -25.000000
v -48.499268 -57.198624 -25.000000
v -47.801376 -59.499271 -25.000000
v -47.650562 -59.570591 -25.000000
v -47.493484 -59.626797 -25.000000
v -47.331654 -59.667336 -25.000000
v -47.166630 -59.691814 -25.000000
v -47.000000 -59.700001 -25.000000
v -48.413498 -57.055534 -25.000000
v -48.314117 -56.921528 -25.000000
v -48.202080 -56.797920 -25.000000
v -48.078468 -56.685883 -25.000000
v -47.944469 -56.586502 -25.000000
v -48.532040 -55.133755 -25.000000
v -48.243721 -54.997387 -25.000000
v -47.943424 -54.889938 -25.000000
v -47.801376 -56.500729 -25.000000
v -47.650562 -56.429409 -25.000000
v -47.493484 -56.373203 -25.000000
v -47.331654 -56.332664 -25.000000
v -47.166630 -56.308186 -25.000000
v -47.000000 -56.299999 -25.000000
v -47.634045 -54.812447 -25.000000
v -47.318554 -54.765644 -25.000000
v -47.000000 -54.750004 -25.000000
v -46.833370 -59.691814 -25.000000
v -46.668346 -59.667336 -25.000000
v -46.506516 -59.626797 -25.000000
v -46.349438 -59.570591 -25.000000
v -46.198624 -59.499271 -25.000000
v -46.055531 -59.413498 -25.000000
v -45.921532 -59.314117 -25.000000
v -45.797920 -59.202080 -25.000000
v -45.685883 -59.078472 -25.000000
v -45.586502 -58.944466 -25.000000
v -45.500732 -58.801376 -25.000000
v -45.500732 -57.198624 -25.000000
v -45.429405 -58.650558 -25.000000
v -45.373203 -58.493484 -25.000000
v -45.332664 -58.331654 -25.000000
v -45.308186 -58.166630 -25.000000
v -45.299999 -58.000000 -25.000000
v -45.308186 -57.833370 -25.000000
v -45.332664 -57.668346 -25.000000
v -45.373203 -57.506516 -25.000000
v -45.429405 -57.349442 -25.000000
v -46.833370 -56.308186 -25.000000
v -46.668346 -56.332664 -25.000000
v -46.506516 -56.373203 -25.000000
v -46.349438 -56.429409 -25.000000
v -46.198624 -56.500729 -25.000000
v -46.055531 -56.586502 -25.000000
v -46.681446 -54.765644 -25.000000
v -46.365955 -54.812447 -25.000000
v -46.056576 -54.889938 -25.000000
v -45.797920 -56.797920 -25.000000
v -45.921532 -56.685883 -25.000000
v -45.685883 -56.921528 -25.000000
v -45.586502 -57.055534 -25.000000
v -45.756279 -54.997387 -25.000000
v -45.467960 -55.133755 -25.000000
v -45.194397 -55.297722 -25.000000
v -44.938221 -60.512283 -25.000000
v -44.701904 -60.298092 -25.000000
v -44.487717 -60.061779 -25.000000
v -44.297722 -59.805599 -25.000000
v -44.133755 -59.532040 -25.000000
v -43.997391 -59.243717 -25.000000
v -43.889942 -58.943424 -25.000000
v -43.812447 -58.634041 -25.000000
v -43.765648 -58.318554 -25.000000
v -43.750000 -58.000000 -25.000000
v -43.765648 -57.681446 -25.000000
v -43.812447 -57.365959 -25.000000
v -44.938221 -55.487717 -25.000000
v -44.701904 -55.701908 -25.000000
v -44.133755 -56.467960 -25.000000
v -44.487717 -55.938221 -25.000000
v -44.297722 -56.194401 -25.000000
v -43.997391 -56.756283 -25.000000
v -43.889942 -57.056576 -25.000000
v -29.332582 -107.336281 -27.000000
v -27.668301 -107.459045 -27.000000
v -26.000000 -107.500008 -27.000000
v -5.500000 -107.500008 -27.000000
v -5.500000 -101.500000 -27.000000
v -1.870807 -94.250031 -27.000000
v -1.739274 -94.427383 -27.000000
v -1.590990 -94.590988 -27.000000
v -1.427385 -94.739273 -27.000000
v -1.060643 -94.984322 -27.000000
v -1.250033 -94.870804 -27.000000
v -0.861038 -95.078728 -27.000000
v -0.653141 -95.153114 -27.000000
v -0.438953 -95.206764 -27.000000
v -0.220539 -95.239166 -27.000000
v -2.153116 -93.653137 -27.000000
v -2.206767 -93.438950 -27.000000
v -2.078729 -93.861038 -27.000000
v -1.984323 -94.060646 -27.000000
v -2.239166 -93.220535 -27.000000
v -2.250000 -93.000000 -27.000000
v -2.239166 -92.779465 -27.000000
v -2.206767 -92.561050 -27.000000
v -2.153116 -92.346863 -27.000000
v -2.078729 -92.138962 -27.000000
v -1.984323 -91.939354 -27.000000
v -1.870807 -91.749969 -27.000000
v -1.739274 -91.572617 -27.000000
v -1.590990 -91.409012 -27.000000
v -1.427385 -91.260727 -27.000000
v -1.250033 -91.129196 -27.000000
v -1.060643 -91.015678 -27.000000
v -0.861038 -90.921272 -27.000000
v -0.653141 -90.846886 -27.000000
v -0.438953 -90.793236 -27.000000
v -0.220539 -90.760834 -27.000000
v -56.735634 -88.036873 -23.000000
v -58.535973 -83.369682 -23.000000
v -58.981064 -81.761330 -23.000000
v -57.411903 -86.511238 -23.000000
v -58.012501 -84.954254 -23.000000
v -55.162769 -90.979492 -23.000000
v -55.985325 -89.527489 -23.000000
v -54.269966 -92.389389 -23.000000
v -53.309055 -93.753777 -23.000000
v -53.030888 -87.948311 -23.000000
v -55.330219 -82.397224 -23.000000
v -55.731457 -80.947342 -23.000000
v -54.858322 -83.825676 -23.000000
v -53.707272 -86.604561 -23.000000
v -54.316910 -85.229248 -23.000000
v -52.794331 -81.627968 -23.000000
v -52.282356 -95.069374 -23.000000
v -51.192337 -96.333008 -23.000000
v -50.041630 -97.541634 -23.000000
v -48.833004 -98.692337 -23.000000
v -46.253777 -100.809059 -23.000000
v -47.569370 -99.782356 -23.000000
v -48.710152 -94.083282 -23.000000
v -47.672821 -95.172821 -23.000000
v -46.583282 -96.210152 -23.000000
v -45.444153 -97.192772 -23.000000
v -52.289383 -89.257248 -23.000000
v -51.484543 -90.528229 -23.000000
v -49.692772 -92.944153 -23.000000
v -50.618309 -91.758186 -23.000000
v -50.016399 -87.894875 -23.000000
v -49.281151 -89.055969 -23.000000
v -51.868626 -84.215134 -23.000000
v -50.693794 -86.699112 -23.000000
v -51.311699 -85.471542 -23.000000
v -52.363235 -82.932915 -23.000000
v -47.644291 -91.263016 -23.000000
v -48.489811 -90.179581 -23.000000
v -46.746632 -92.303650 -23.000000
v -45.798988 -93.298988 -23.000000
v -59.346703 -80.133072 -23.000000
v -59.632000 -78.488838 -23.000000
v -59.836281 -76.832581 -23.000000
v -59.959045 -75.168304 -23.000000
v -56.318260 -77.997292 -23.000000
v -56.502415 -76.504227 -23.000000
v -56.613083 -75.003922 -23.000000
v -60.000000 -73.500000 -23.000000
v -56.650002 -73.500000 -23.000000
v -56.061069 -79.479515 -23.000000
v -53.461987 -78.962532 -23.000000
v -53.696941 -77.608452 -23.000000
v -53.160873 -80.303444 -23.000000
v -53.865170 -76.244476 -23.000000
v -53.966270 -74.873894 -23.000000
v -54.000000 -73.500000 -23.000000
v -56.650002 -65.000000 -23.000000
v -54.000000 -65.000000 -23.000000
v -48.413498 -58.944466 -23.000000
v -48.499268 -58.801376 -23.000000
v -48.314117 -59.078472 -23.000000
v -48.078468 -59.314117 -23.000000
v -48.202080 -59.202080 -23.000000
v -47.944469 -59.413498 -23.000000
v -48.570595 -58.650558 -23.000000
v -48.626797 -58.493484 -23.000000
v -48.691814 -58.166630 -23.000000
v -48.667336 -58.331654 -23.000000
v -48.700001 -58.000000 -23.000000
v -48.691814 -57.833370 -23.000000
v -48.667336 -57.668346 -23.000000
v -48.626797 -57.506516 -23.000000
v -48.570595 -57.349442 -23.000000
v -48.499268 -57.198624 -23.000000
v -47.801376 -59.499271 -23.000000
v -47.650562 -59.570591 -23.000000
v -47.493484 -59.626797 -23.000000
v -47.331654 -59.667336 -23.000000
v -47.166630 -59.691814 -23.000000
v -47.000000 -59.700001 -23.000000
v -48.413498 -57.055534 -23.000000
v -48.314117 -56.921528 -23.000000
v -48.202080 -56.797920 -23.000000
v -48.078468 -56.685883 -23.000000
v -47.944469 -56.586502 -23.000000
v -47.801376 -56.500729 -23.000000
v -47.650562 -56.429409 -23.000000
v -47.493484 -56.373203 -23.000000
v -47.331654 -56.332664 -23.000000
v -47.166630 -56.308186 -23.000000
v -47.000000 -56.299999 -23.000000
v -46.833370 -59.691814 -23.000000
v -46.668346 -59.667336 -23.000000
v -46.506516 -59.626797 -23.000000
v -46.349438 -59.570591 -23.000000
v -46.198624 -59.499271 -23.000000
v -46.055531 -59.413498 -23.000000
v -45.921532 -59.314117 -23.000000
v -45.797920 -59.202080 -23.000000
v -45.685883 -59.078472 -23.000000
v -45.586502 -58.944466 -23.000000
v -45.500732 -58.801376 -23.000000
v -45.500732 -57.198624 -23.000000
v -45.429405 -58.650558 -23.000000
v -45.373203 -58.493484 -23.000000
v -45.332664 -58.331654 -23.000000
v -45.308186 -58.166630 -23.000000
v -45.299999 -58.000000 -23.000000
v -45.308186 -57.833370 -23.000000
v -45.332664 -57.668346 -23.000000
v -45.373203 -57.506516 -23.000000
v -45.429405 -57.349442 -23.000000
v -46.833370 -56.308186 -23.000000
v -46.668346 -56.332664 -23.000000
v -46.506516 -56.373203 -23.000000
v -46.349438 -56.429409 -23.000000
v -46.198624 -56.500729 -23.000000
v -46.055531 -56.586502 -23.000000
v -45.797920 -56.797920 -23.000000
v -45.921532 -56.685883 -23.000000
v -45.685883 -56.921528 -23.000000
v -45.586502 -57.055534 -23.000000
v -44.889389 -101.769966 -23.000000
v -43.479492 -102.662773 -23.000000
v -42.027489 -103.485321 -23.000000
v -44.258183 -98.118309 -23.000000
v -44.803650 -94.246628 -23.000000
v -43.763012 -95.144295 -23.000000
v -43.028229 -98.984543 -23.000000
v -41.757248 -99.789383 -23.000000
v -42.679581 -95.989807 -23.000000
v -41.555965 -96.781151 -23.000000
v -40.536873 -104.235634 -23.000000
v -39.011238 -104.911903 -23.000000
v -39.104565 -101.207275 -23.000000
v -37.729248 -101.816910 -23.000000
v -40.448311 -100.530884 -23.000000
v -40.394878 -97.516403 -23.000000
v -39.199108 -98.193794 -23.000000
v -37.971542 -98.811699 -23.000000
v -37.454254 -105.512497 -23.000000
v -35.869678 -106.035973 -23.000000
v -36.325672 -102.358322 -23.000000
v -34.261326 -106.481064 -23.000000
v -34.897224 -102.830223 -23.000000
v -36.715137 -99.368629 -23.000000
v -35.432915 -99.863235 -23.000000
v -34.127972 -100.294327 -23.000000
v -32.633072 -106.846703 -23.000000
v -33.447342 -103.231461 -23.000000
v -31.979521 -103.561066 -23.000000
v -30.988834 -107.132004 -23.000000
v -31.462528 -100.961990 -23.000000
v -30.497290 -103.818260 -23.000000
v -30.108454 -101.196945 -23.000000
v -32.803444 -100.660873 -23.000000
v -53.030888 -87.948311 -20.000000
v -55.330219 -82.397224 -20.000000
v -55.731457 -80.947342 -20.000000
v -54.858322 -83.825676 -20.000000
v -53.707272 -86.604561 -20.000000
v -54.316910 -85.229248 -20.000000
v -52.794331 -81.627968 -20.000000
v -48.710152 -94.083282 -20.000000
v -47.672821 -95.172821 -20.000000
v -46.583282 -96.210152 -20.000000
v -45.444153 -97.192772 -20.000000
v -52.289383 -89.257248 -20.000000
v -51.484543 -90.528229 -20.000000
v -49.692772 -92.944153 -20.000000
v -50.618309 -91.758186 -20.000000
v -50.016399 -87.894875 -20.000000
v -49.281151 -89.055969 -20.000000
v -51.868626 -84.215134 -20.000000
v -50.693794 -86.699112 -20.000000
v -51.311699 -85.471542 -20.000000
v -52.363235 -82.932915 -20.000000
v -47.644291 -91.263016 -20.000000
v -48.489811 -90.179581 -20.000000
v -46.746632 -92.303650 -20.000000
v -45.798988 -93.298988 -20.000000
v -56.318260 -77.997292 -20.000000
v -56.502415 -76.504227 -20.000000
v -56.613083 -75.003922 -20.000000
v -56.650002 -73.500000 -20.000000
v -56.061069 -79.479515 -20.000000
v -53.461987 -78.962532 -20.000000
v -53.696941 -77.608452 -20.000000
v -53.160873 -80.303444 -20.000000
v -53.865170 -76.244476 -20.000000
v -53.966270 -74.873894 -20.000000
v -54.000000 -73.500000 -20.000000
v -56.650002 -65.000000 -20.000000
v -54.000000 -65.000000 -20.000000
v -44.258183 -98.118309 -20.000000
v -44.803650 -94.246628 -20.000000
v -43.763012 -95.144295 -20.000000
v -43.028229 -98.984543 -20.000000
v -41.757248 -99.789383 -20.000000
v -42.679581 -95.989807 -20.000000
v -41.555965 -96.781151 -20.000000
v -39.104565 -101.207275 -20.000000
v -37.729248 -101.816910 -20.000000
v -40.448311 -100.530884 -20.000000
v -40.394878 -97.516403 -20.000000
v -39.199108 -98.193794 -20.000000
v -37.971542 -98.811699 -20.000000
v -36.325672 -102.358322 -20.000000
v -34.897224 -102.830223 -20.000000
v -36.715137 -99.368629 -20.000000
v -35.432915 -99.863235 -20.000000
v -34.127972 -100.294327 -20.000000
v -33.447342 -103.231461 -20.000000
v -31.979521 -103.561066 -20.000000
v -31.462528 -100.961990 -20.000000
v -30.497290 -103.818260 -20.000000
v -30.108454 -101.196945 -20.000000
v -32.803444 -100.660873 -20.000000
v -56.650002 -51.000000 -23.000000
v -54.000000 -51.000000 -23.000000
v -56.650002 -51.000000 -20.000000
v -54.000000 -51.000000 -20.000000
v -29.332582 -107.336281 -23.000000
v -29.004225 -104.002411 -23.000000
v -28.744480 -101.365173 -23.000000
v -27.668301 -107.459045 -23.000000
v -27.503923 -104.113083 -23.000000
v -27.373894 -101.466270 -23.000000
v -26.000000 -107.500008 -23.000000
v -26.000000 -104.150002 -23.000000
v -26.000000 -101.500000 -23.000000
v -5.500000 -107.500008 -23.000000
v -5.500000 -104.150002 -23.000000
v -5.500000 -101.500000 -23.000000
v -1.870807 -94.250031 -23.000000
v -1.739274 -94.427383 -23.000000
v -1.590990 -94.590988 -23.000000
v -1.427385 -94.739273 -23.000000
v -1.060643 -94.984322 -23.000000
v -1.250033 -94.870804 -23.000000
v -0.861038 -95.078728 -23.000000
v -0.653141 -95.153114 -23.000000
v -0.438953 -95.206764 -23.000000
v -0.220539 -95.239166 -23.000000
v -2.153116 -93.653137 -23.000000
v -2.206767 -93.438950 -23.000000
v -2.078729 -93.861038 -23.000000
v -1.984323 -94.060646 -23.000000
v -2.239166 -93.220535 -23.000000
v -2.250000 -93.000000 -23.000000
v -2.239166 -92.779465 -23.000000
v -2.206767 -92.561050 -23.000000
v -2.153116 -92.346863 -23.000000
v -2.078729 -92.138962 -23.000000
v -1.984323 -91.939354 -23.000000
v -1.870807 -91.749969 -23.000000
v -1.739274 -91.572617 -23.000000
v -1.590990 -91.409012 -23.000000
v -1.427385 -91.260727 -23.000000
v -1.250033 -91.129196 -23.000000
v -1.060643 -91.015678 -23.000000
v -0.861038 -90.921272 -23.000000
v -0.653141 -90.846886 -23.000000
v -0.438953 -90.793236 -23.000000
v -0.220539 -90.760834 -23.000000
v -29.004225 -104.002411 -20.000000
v -28.744480 -101.365173 -20.000000
v -27.503923 -104.113083 -20.000000
v -27.373894 -101.466270 -20.000000
v -26.000000 -104.150002 -20.000000
v -26.000000 -101.500000 -20.000000
v -5.500000 -104.150002 -20.000000
v -5.500000 -101.500000 -20.000000
v -60.000000 73.500000 -27.000000
v -59.959045 75.168304 -27.000000
v -59.836281 76.832581 -27.000000
v -59.632000 78.488838 -27.000000
v -59.346703 80.133072 -27.000000
v -49.702278 56.194401 -27.000000
v -50.110058 57.056576 -27.000000
v -50.002609 56.756283 -27.000000
v -49.866245 56.467960 -27.000000
v -48.805603 55.297722 -27.000000
v -49.512283 55.938221 -27.000000
v -49.298096 55.701908 -27.000000
v -49.061779 55.487717 -27.000000
v -50.187553 57.365959 -27.000000
v -50.234352 57.681446 -27.000000
v -50.250000 58.000000 -27.000000
v -50.234352 58.318554 -27.000000
v -50.187553 58.634041 -27.000000
v -50.110058 58.943424 -27.000000
v -50.002609 59.243717 -27.000000
v -49.866245 59.532040 -27.000000
v -49.702278 59.805599 -27.000000
v -49.512283 60.061779 -27.000000
v -49.298096 60.298092 -27.000000
v -49.061779 60.512283 -27.000000
v -48.805603 60.702278 -27.000000
v -48.532040 55.133755 -27.000000
v -48.243721 54.997387 -27.000000
v -47.943424 54.889938 -27.000000
v -47.634045 54.812447 -27.000000
v -47.318554 54.765644 -27.000000
v -47.000000 54.750004 -27.000000
v -46.681446 54.765644 -27.000000
v -46.365955 54.812447 -27.000000
v -46.056576 54.889938 -27.000000
v -45.756279 54.997387 -27.000000
v -45.467960 55.133755 -27.000000
v -45.194397 55.297722 -27.000000
v -48.532040 60.866245 -27.000000
v -48.243721 61.002613 -27.000000
v -47.943424 61.110062 -27.000000
v -47.634045 61.187553 -27.000000
v -47.318554 61.234356 -27.000000
v -47.000000 61.249996 -27.000000
v -46.681446 61.234356 -27.000000
v -46.365955 61.187553 -27.000000
v -46.056576 61.110062 -27.000000
v -45.756279 61.002613 -27.000000
v -45.467960 60.866245 -27.000000
v -45.194397 60.702278 -27.000000
v -58.981064 81.761330 -27.000000
v -58.535973 83.369682 -27.000000
v -58.012501 84.954254 -27.000000
v -57.411903 86.511238 -27.000000
v -56.735634 88.036873 -27.000000
v -55.985325 89.527489 -27.000000
v -55.162769 90.979492 -27.000000
v -54.269966 92.389389 -27.000000
v -53.309055 93.753777 -27.000000
v -52.282356 95.069374 -27.000000
v -51.192337 96.333008 -27.000000
v -50.041630 97.541634 -27.000000
v -48.833004 98.692337 -27.000000
v -47.569370 99.782356 -27.000000
v -46.253777 100.809059 -27.000000
v -44.938221 55.487717 -27.000000
v -44.701904 55.701908 -27.000000
v -44.487717 55.938221 -27.000000
v -44.297722 56.194401 -27.000000
v -44.133755 56.467960 -27.000000
v -43.997391 56.756283 -27.000000
v -43.889942 57.056576 -27.000000
v -44.701904 60.298092 -27.000000
v -44.133755 59.532040 -27.000000
v -44.297722 59.805599 -27.000000
v -44.487717 60.061779 -27.000000
v -43.812447 57.365959 -27.000000
v -43.765648 57.681446 -27.000000
v -43.750000 58.000000 -27.000000
v -43.765648 58.318554 -27.000000
v -43.812447 58.634041 -27.000000
v -43.889942 58.943424 -27.000000
v -43.997391 59.243717 -27.000000
v -44.938221 60.512283 -27.000000
v -44.889389 101.769966 -27.000000
v -43.479492 102.662773 -27.000000
v -42.027489 103.485321 -27.000000
v -40.536873 104.235634 -27.000000
v -39.011238 104.911903 -27.000000
v -37.454254 105.512497 -27.000000
v -35.869678 106.035973 -27.000000
v -34.261326 106.481064 -27.000000
v -32.633072 106.846703 -27.000000
v -30.988834 107.132004 -27.000000
v -49.702278 56.194401 -25.000000
v -50.110058 57.056576 -25.000000
v -50.002609 56.756283 -25.000000
v -49.866245 56.467960 -25.000000
v -48.805603 55.297722 -25.000000
v -49.512283 55.938221 -25.000000
v -49.298096 55.701908 -25.000000
v -49.061779 55.487717 -25.000000
v -50.187553 57.365959 -25.000000
v -50.234352 57.681446 -25.000000
v -50.250000 58.000000 -25.000000
v -50.234352 58.318554 -25.000000
v -50.187553 58.634041 -25.000000
v -50.110058 58.943424 -25.000000
v -50.002609 59.243717 -25.000000
v -49.866245 59.532040 -25.000000
v -49.702278 59.805599 -25.000000
v -49.512283 60.061779 -25.000000
v -49.298096 60.298092 -25.000000
v -49.061779 60.512283 -25.000000
v -48.805603 60.702278 -25.000000
v -48.532040 55.133755 -25.000000
v -48.243721 54.997387 -25.000000
v -47.943424 54.889938 -25.000000
v -48.413498 57.055534 -25.000000
v -48.314117 56.921528 -25.000000
v -48.078468 56.685883 -25.000000
v -48.202080 56.797920 -25.000000
v -47.944469 56.586502 -25.000000
v -47.634045 54.812447 -25.000000
v -47.318554 54.765644 -25.000000
v -47.000000 54.750004 -25.000000
v -47.801376 56.500729 -25.000000
v -47.650562 56.429409 -25.000000
v -47.493484 56.373203 -25.000000
v -47.331654 56.332664 -25.000000
v -47.166630 56.308186 -25.000000
v -47.000000 56.299999 -25.000000
v -48.626797 57.506516 -25.000000
v -48.570595 57.349442 -25.000000
v -48.667336 57.668346 -25.000000
v -48.691814 57.833370 -25.000000
v -48.499268 57.198624 -25.000000
v -48.700001 58.000000 -25.000000
v -48.691814 58.166630 -25.000000
v -48.667336 58.331654 -25.000000
v -48.626797 58.493484 -25.000000
v -48.570595 58.650558 -25.000000
v -48.499268 58.801376 -25.000000
v -48.413498 58.944466 -25.000000
v -48.314117 59.078472 -25.000000
v -48.202080 59.202080 -25.000000
v -48.078468 59.314117 -25.000000
v -47.944469 59.413498 -25.000000
v -47.801376 59.499271 -25.000000
v -47.650562 59.570591 -25.000000
v -47.493484 59.626797 -25.000000
v -47.331654 59.667336 -25.000000
v -47.166630 59.691814 -25.000000
v -47.000000 59.700001 -25.000000
v -46.681446 54.765644 -25.000000
v -46.365955 54.812447 -25.000000
v -46.056576 54.889938 -25.000000
v -46.833370 56.308186 -25.000000
v -46.668346 56.332664 -25.000000
v -46.506516 56.373203 -25.000000
v -46.349438 56.429409 -25.000000
v -46.198624 56.500729 -25.000000
v -46.055531 56.586502 -25.000000
v -45.756279 54.997387 -25.000000
v -45.467960 55.133755 -25.000000
v -45.194397 55.297722 -25.000000
v -45.921532 56.685883 -25.000000
v -45.797920 56.797920 -25.000000
v -45.685883 56.921528 -25.000000
v -45.586502 57.055534 -25.000000
v -46.506516 59.626797 -25.000000
v -46.833370 59.691814 -25.000000
v -46.668346 59.667336 -25.000000
v -46.349438 59.570591 -25.000000
v -46.198624 59.499271 -25.000000
v -46.055531 59.413498 -25.000000
v -45.500732 57.198624 -25.000000
v -45.429405 57.349442 -25.000000
v -45.373203 57.506516 -25.000000
v -45.332664 57.668346 -25.000000
v -45.308186 57.833370 -25.000000
v -45.299999 58.000000 -25.000000
v -45.308186 58.166630 -25.000000
v -45.332664 58.331654 -25.000000
v -45.373203 58.493484 -25.000000
v -45.429405 58.650558 -25.000000
v -45.797920 59.202080 -25.000000
v -45.921532 59.314117 -25.000000
v -45.586502 58.944466 -25.000000
v -45.685883 59.078472 -25.000000
v -45.500732 58.801376 -25.000000
v -48.532040 60.866245 -25.000000
v -48.243721 61.002613 -25.000000
v -47.943424 61.110062 -25.000000
v -47.634045 61.187553 -25.000000
v -47.318554 61.234356 -25.000000
v -47.000000 61.249996 -25.000000
v -46.681446 61.234356 -25.000000
v -46.365955 61.187553 -25.000000
v -46.056576 61.110062 -25.000000
v -45.756279 61.002613 -25.000000
v -45.467960 60.866245 -25.000000
v -45.194397 60.702278 -25.000000
v -44.938221 55.487717 -25.000000
v -44.701904 55.701908 -25.000000
v -44.487717 55.938221 -25.000000
v -44.297722 56.194401 -25.000000
v -44.133755 56.467960 -25.000000
v -43.997391 56.756283 -25.000000
v -43.889942 57.056576 -25.000000
v -44.701904 60.298092 -25.000000
v -44.133755 59.532040 -25.000000
v -44.297722 59.805599 -25.000000
v -44.487717 60.061779 -25.000000
v -43.812447 57.365959 -25.000000
v -43.765648 57.681446 -25.000000
v -43.750000 58.000000 -25.000000
v -43.765648 58.318554 -25.000000
v -43.812447 58.634041 -25.000000
v -43.889942 58.943424 -25.000000
v -43.997391 59.243717 -25.000000
v -44.938221 60.512283 -25.000000
v -29.332582 107.336281 -27.000000
v -27.668301 107.459045 -27.000000
v -26.000000 107.500008 -27.000000
v -2.153116 92.346863 -27.000000
v -1.984323 91.939354 -27.000000
v -2.078729 92.138962 -27.000000
v -2.239166 92.779465 -27.000000
v -2.206767 92.561050 -27.000000
v -2.250000 93.000000 -27.000000
v -2.239166 93.220535 -27.000000
v -2.206767 93.438950 -27.000000
v -2.153116 93.653137 -27.000000
v -2.078729 93.861038 -27.000000
v -1.984323 94.060646 -27.000000
v -1.590990 91.409012 -27.000000
v -1.427385 91.260727 -27.000000
v -1.870807 91.749969 -27.000000
v -1.739274 91.572617 -27.000000
v -1.250033 91.129196 -27.000000
v -1.060643 91.015678 -27.000000
v -0.861038 90.921272 -27.000000
v -0.653141 90.846886 -27.000000
v -0.438953 90.793236 -27.000000
v -0.220539 90.760834 -27.000000
v -1.870807 94.250031 -27.000000
v -1.739274 94.427383 -27.000000
v -1.590990 94.590988 -27.000000
v -1.427385 94.739273 -27.000000
v -1.250033 94.870804 -27.000000
v -1.060643 94.984322 -27.000000
v -0.861038 95.078728 -27.000000
v -0.653141 95.153114 -27.000000
v -0.438953 95.206764 -27.000000
v -0.220539 95.239166 -27.000000
v -56.650002 51.000000 -23.000000
v -54.000000 51.000000 -23.000000
v -56.650002 51.000000 -20.000000
v -54.000000 51.000000 -20.000000
v -56.650002 65.000000 -23.000000
v -54.000000 65.000000 -23.000000
v -60.000000 73.500000 -23.000000
v -56.650002 73.500000 -23.000000
v -59.959045 75.168304 -23.000000
v -59.836281 76.832581 -23.000000
v -59.632000 78.488838 -23.000000
v -59.346703 80.133072 -23.000000
v -56.613083 75.003922 -23.000000
v -56.502415 76.504227 -23.000000
v -56.318260 77.997292 -23.000000
v -54.000000 73.500000 -23.000000
v -56.061069 79.479515 -23.000000
v -53.966270 74.873894 -23.000000
v -53.865170 76.244476 -23.000000
v -53.696941 77.608452 -23.000000
v -53.461987 78.962532 -23.000000
v -53.160873 80.303444 -23.000000
v -48.413498 57.055534 -23.000000
v -48.314117 56.921528 -23.000000
v -48.078468 56.685883 -23.000000
v -48.202080 56.797920 -23.000000
v -47.944469 56.586502 -23.000000
v -47.801376 56.500729 -23.000000
v -47.650562 56.429409 -23.000000
v -47.493484 56.373203 -23.000000
v -47.331654 56.332664 -23.000000
v -47.166630 56.308186 -23.000000
v -47.000000 56.299999 -23.000000
v -48.570595 57.349442 -23.000000
v -48.626797 57.506516 -23.000000
v -48.667336 57.668346 -23.000000
v -48.691814 57.833370 -23.000000
v -48.499268 57.198624 -23.000000
v -48.700001 58.000000 -23.000000
v -48.691814 58.166630 -23.000000
v -48.667336 58.331654 -23.000000
v -48.626797 58.493484 -23.000000
v -48.570595 58.650558 -23.000000
v -48.499268 58.801376 -23.000000
v -48.413498 58.944466 -23.000000
v -48.314117 59.078472 -23.000000
v -48.202080 59.202080 -23.000000
v -48.078468 59.314117 -23.000000
v -47.944469 59.413498 -23.000000
v -47.801376 59.499271 -23.000000
v -47.650562 59.570591 -23.000000
v -47.493484 59.626797 -23.000000
v -47.331654 59.667336 -23.000000
v -47.166630 59.691814 -23.000000
v -47.000000 59.700001 -23.000000
v -46.833370 56.308186 -23.000000
v -46.668346 56.332664 -23.000000
v -46.506516 56.373203 -23.000000
v -46.349438 56.429409 -23.000000
v -46.198624 56.500729 -23.000000
v -46.055531 56.586502 -23.000000
v -45.921532 56.685883 -23.000000
v -45.797920 56.797920 -23.000000
v -45.685883 56.921528 -23.000000
v -45.586502 57.055534 -23.000000
v -46.506516 59.626797 -23.000000
v -46.833370 59.691814 -23.000000
v -46.668346 59.667336 -23.000000
v -46.349438 59.570591 -23.000000
v -46.198624 59.499271 -23.000000
v -46.055531 59.413498 -23.000000
v -45.500732 57.198624 -23.000000
v -45.429405 57.349442 -23.000000
v -45.373203 57.506516 -23.000000
v -45.332664 57.668346 -23.000000
v -45.308186 57.833370 -23.000000
v -45.299999 58.000000 -23.000000
v -45.308186 58.166630 -23.000000
v -45.332664 58.331654 -23.000000
v -45.373203 58.493484 -23.000000
v -45.429405 58.650558 -23.000000
v -45.797920 59.202080 -23.000000
v -45.921532 59.314117 -23.000000
v -45.586502 58.944466 -23.000000
v -45.685883 59.078472 -23.000000
v -45.500732 58.801376 -23.000000
v -58.981064 81.761330 -23.000000
v -58.535973 83.369682 -23.000000
v -58.012501 84.954254 -23.000000
v -57.411903 86.511238 -23.000000
v -56.735634 88.036873 -23.000000
v -55.731457 80.947342 -23.000000
v -55.330219 82.397224 -23.000000
v -54.858322 83.825676 -23.000000
v -52.794331 81.627968 -23.000000
v -54.316910 85.229248 -23.000000
v -53.707272 86.604561 -23.000000
v -55.985325 89.527489 -23.000000
v -55.162769 90.979492 -23.000000
v -53.030888 87.948311 -23.000000
v -54.269966 92.389389 -23.000000
v -53.309055 93.753777 -23.000000
v -52.363235 82.932915 -23.000000
v -51.868626 84.215134 -23.000000
v -51.311699 85.471542 -23.000000
v -50.693794 86.699112 -23.000000
v -52.289383 89.257248 -23.000000
v -51.484543 90.528229 -23.000000
v -50.016399 87.894875 -23.000000
v -49.281151 89.055969 -23.000000
v -50.618309 91.758186 -23.000000
v -49.692772 92.944153 -23.000000
v -48.489811 90.179581 -23.000000
v -47.644291 91.263016 -23.000000
v -46.746632 92.303650 -23.000000
v -45.798988 93.298988 -23.000000
v -52.282356 95.069374 -23.000000
v -51.192337 96.333008 -23.000000
v -50.041630 97.541634 -23.000000
v -48.833004 98.692337 -23.000000
v -48.710152 94.083282 -23.000000
v -47.672821 95.172821 -23.000000
v -47.569370 99.782356 -23.000000
v -46.583282 96.210152 -23.000000
v -45.444153 97.192772 -23.000000
v -46.253777 100.809059 -23.000000
v -44.803650 94.246628 -23.000000
v -43.763012 95.144295 -23.000000
v -44.258183 98.118309 -23.000000
v -42.679581 95.989807 -23.000000
v -41.555965 96.781151 -23.000000
v -43.028229 98.984543 -23.000000
v -41.757248 99.789383 -23.000000
v -44.889389 101.769966 -23.000000
v -43.479492 102.662773 -23.000000
v -42.027489 103.485321 -23.000000
v -40.394878 97.516403 -23.000000
v -40.448311 100.530884 -23.000000
v -39.199108 98.193794 -23.000000
v -37.971542 98.811699 -23.000000
v -40.536873 104.235634 -23.000000
v -39.104565 101.207275 -23.000000
v -37.729248 101.816910 -23.000000
v -39.011238 104.911903 -23.000000
v -36.715137 99.368629 -23.000000
v -35.432915 99.863235 -23.000000
v -34.127972 100.294327 -23.000000
v -36.325672 102.358322 -23.000000
v -37.454254 105.512497 -23.000000
v -35.869678 106.035973 -23.000000
v -34.897224 102.830223 -23.000000
v -34.261326 106.481064 -23.000000
v -32.803444 100.660873 -23.000000
v -33.447342 103.231461 -23.000000
v -31.979521 103.561066 -23.000000
v -32.633072 106.846703 -23.000000
v -31.462528 100.961990 -23.000000
v -30.108454 101.196945 -23.000000
v -30.497290 103.818260 -23.000000
v -30.988834 107.132004 -23.000000
v -56.650002 65.000000 -20.000000
v -54.000000 65.000000 -20.000000
v -56.650002 73.500000 -20.000000
v -56.613083 75.003922 -20.000000
v -56.502415 76.504227 -20.000000
v -56.318260 77.997292 -20.000000
v -54.000000 73.500000 -20.000000
v -56.061069 79.479515 -20.000000
v -53.966270 74.873894 -20.000000
v -53.865170 76.244476 -20.000000
v -53.696941 77.608452 -20.000000
v -53.461987 78.962532 -20.000000
v -53.160873 80.303444 -20.000000
v -55.731457 80.947342 -20.000000
v -55.330219 82.397224 -20.000000
v -54.858322 83.825676 -20.000000
v -52.794331 81.627968 -20.000000
v -54.316910 85.229248 -20.000000
v -53.707272 86.604561 -20.000000
v -53.030888 87.948311 -20.000000
v -52.363235 82.932915 -20.000000
v -51.868626 84.215134 -20.000000
v -51.311699 85.471542 -20.000000
v -50.693794 86.699112 -20.000000
v -52.289383 89.257248 -20.000000
v -51.484543 90.528229 -20.000000
v -50.016399 87.894875 -20.000000
v -49.281151 89.055969 -20.000000
v -50.618309 91.758186 -20.000000
v -49.692772 92.944153 -20.000000
v -48.489811 90.179581 -20.000000
v -47.644291 91.263016 -20.000000
v -46.746632 92.303650 -20.000000
v -45.798988 93.298988 -20.000000
v -48.710152 94.083282 -20.000000
v -47.672821 95.172821 -20.000000
v -46.583282 96.210152 -20.000000
v -45.444153 97.192772 -20.000000
v -44.803650 94.246628 -20.000000
v -43.763012 95.144295 -20.000000
v -44.258183 98.118309 -20.000000
v -42.679581 95.989807 -20.000000
v -41.555965 96.781151 -20.000000
v -43.028229 98.984543 -20.000000
v -41.757248 99.789383 -20.000000
v -40.394878 97.516403 -20.000000
v -40.448311 100.530884 -20.000000
v -39.199108 98.193794 -20.000000
v -37.971542 98.811699 -20.000000
v -39.104565 101.207275 -20.000000
v -37.729248 101.816910 -20.000000
v -36.715137 99.368629 -20.000000
v -35.432915 99.863235 -20.000000
v -34.127972 100.294327 -20.000000
v -36.325672 102.358322 -20.000000
v -34.897224 102.830223 -20.000000
v -32.803444 100.660873 -20.000000
v -33.447342 103.231461 -20.000000
v -31.979521 103.561066 -20.000000
v -31.462528 100.961990 -20.000000
v -30.108454 101.196945 -20.000000
v -30.497290 103.818260 -20.000000
v -28.744480 101.365173 -23.000000
v -29.004225 104.002411 -23.000000
v -29.332582 107.336281 -23.000000
v -27.373894 101.466270 -23.000000
v -27.503923 104.113083 -23.000000
v -27.668301 107.459045 -23.000000
v -26.000000 101.500000 -23.000000
v -26.000000 104.150002 -23.000000
v -26.000000 107.500008 -23.000000
v -2.153116 92.346863 -23.000000
v -1.984323 91.939354 -23.000000
v -2.078729 92.138962 -23.000000
v -2.239166 92.779465 -23.000000
v -2.206767 92.561050 -23.000000
v -2.250000 93.000000 -23.000000
v -2.239166 93.220535 -23.000000
v -2.206767 93.438950 -23.000000
v -2.153116 93.653137 -23.000000
v -2.078729 93.861038 -23.000000
v -1.984323 94.060646 -23.000000
v -1.590990 91.409012 -23.000000
v -1.427385 91.260727 -23.000000
v -1.870807 91.749969 -23.000000
v -1.739274 91.572617 -23.000000
v -1.250033 91.129196 -23.000000
v -1.060643 91.015678 -23.000000
v -0.861038 90.921272 -23.000000
v -0.653141 90.846886 -23.000000
v -0.438953 90.793236 -23.000000
v -0.220539 90.760834 -23.000000
v -1.870807 94.250031 -23.000000
v -1.739274 94.427383 -23.000000
v -1.590990 94.590988 -23.000000
v -1.427385 94.739273 -23.000000
v -1.250033 94.870804 -23.000000
v -1.060643 94.984322 -23.000000
v -0.861038 95.078728 -23.000000
v -0.653141 95.153114 -23.000000
v -0.438953 95.206764 -23.000000
v -0.220539 95.239166 -23.000000
v -28.744480 101.365173 -20.000000
v -29.004225 104.002411 -20.000000
v -27.373894 101.466270 -20.000000
v -27.503923 104.113083 -20.000000
v -26.000000 101.500000 -20.000000
v -26.000000 104.150002 -20.000000
v 0.000000 -95.250000 -27.000000
v 0.220539 -95.239166 -27.000000
v 0.438953 -95.206764 -27.000000
v 0.653141 -95.153114 -27.000000
v 0.861038 -95.078728 -27.000000
v 1.060643 -94.984322 -27.000000
v 1.250033 -94.870804 -27.000000
v 1.427385 -94.739273 -27.000000
v 1.590990 -94.590988 -27.000000
v 1.739274 -94.427383 -27.000000
v 1.870807 -94.250031 -27.000000
v 5.500000 -107.500008 -27.000000
v 5.500000 -101.500000 -27.000000
v 0.000000 -90.750000 -27.000000
v 0.220539 -90.760834 -27.000000
v 0.438953 -90.793236 -27.000000
v 0.653141 -90.846886 -27.000000
v 0.861038 -90.921272 -27.000000
v 1.060643 -91.015678 -27.000000
v 1.250033 -91.129196 -27.000000
v 1.739274 -91.572617 -27.000000
v 1.870807 -91.749969 -27.000000
v 1.427385 -91.260727 -27.000000
v 1.590990 -91.409012 -27.000000
v 1.984323 -94.060646 -27.000000
v 2.078729 -93.861038 -27.000000
v 2.153116 -93.653137 -27.000000
v 2.206767 -93.438950 -27.000000
v 2.239166 -93.220535 -27.000000
v 2.250000 -93.000000 -27.000000
v 2.206767 -92.561050 -27.000000
v 2.239166 -92.779465 -27.000000
v 2.078729 -92.138962 -27.000000
v 1.984323 -91.939354 -27.000000
v 2.153116 -92.346863 -27.000000
v 26.000000 -107.500008 -27.000000
v 27.668301 -107.459045 -27.000000
v 29.332582 -107.336281 -27.000000
v 30.988834 -107.132004 -27.000000
v 32.633072 -106.846703 -27.000000
v 34.261326 -106.481064 -27.000000
v 35.869678 -106.035973 -27.000000
v 37.454254 -105.512497 -27.000000
v 39.011238 -104.911903 -27.000000
v 40.536873 -104.235634 -27.000000
v 42.027489 -103.485321 -27.000000
v 43.479492 -102.662773 -27.000000
v 44.889389 -101.769966 -27.000000
v 44.938221 -60.512283 -27.000000
v 43.997391 -59.243717 -27.000000
v 43.889942 -58.943424 -27.000000
v 43.812447 -58.634041 -27.000000
v 43.765648 -58.318554 -27.000000
v 43.750000 -58.000000 -27.000000
v 43.765648 -57.681446 -27.000000
v 43.812447 -57.365959 -27.000000
v 44.487717 -60.061779 -27.000000
v 44.297722 -59.805599 -27.000000
v 44.133755 -59.532040 -27.000000
v 44.701904 -60.298092 -27.000000
v 43.889942 -57.056576 -27.000000
v 43.997391 -56.756283 -27.000000
v 44.133755 -56.467960 -27.000000
v 44.297722 -56.194401 -27.000000
v 44.487717 -55.938221 -27.000000
v 44.701904 -55.701908 -27.000000
v 44.938221 -55.487717 -27.000000
v 46.253777 -100.809059 -27.000000
v 47.569370 -99.782356 -27.000000
v 48.833004 -98.692337 -27.000000
v 50.041630 -97.541634 -27.000000
v 51.192337 -96.333008 -27.000000
v 52.282356 -95.069374 -27.000000
v 53.309055 -93.753777 -27.000000
v 54.269966 -92.389389 -27.000000
v 55.162769 -90.979492 -27.000000
v 55.985325 -89.527489 -27.000000
v 56.735634 -88.036873 -27.000000
v 57.411903 -86.511238 -27.000000
v 58.012501 -84.954254 -27.000000
v 58.535973 -83.369682 -27.000000
v 58.981064 -81.761330 -27.000000
v 45.194397 -60.702278 -27.000000
v 45.467960 -60.866245 -27.000000
v 45.756279 -61.002613 -27.000000
v 46.056576 -61.110062 -27.000000
v 46.365955 -61.187553 -27.000000
v 46.681446 -61.234356 -27.000000
v 47.000000 -61.249996 -27.000000
v 47.318554 -61.234356 -27.000000
v 47.634045 -61.187553 -27.000000
v 47.943424 -61.110062 -27.000000
v 48.243721 -61.002613 -27.000000
v 48.532040 -60.866245 -27.000000
v 45.194397 -55.297722 -27.000000
v 45.467960 -55.133755 -27.000000
v 45.756279 -54.997387 -27.000000
v 46.056576 -54.889938 -27.000000
v 46.365955 -54.812447 -27.000000
v 46.681446 -54.765644 -27.000000
v 47.000000 -54.750004 -27.000000
v 47.318554 -54.765644 -27.000000
v 47.634045 -54.812447 -27.000000
v 47.943424 -54.889938 -27.000000
v 48.243721 -54.997387 -27.000000
v 48.532040 -55.133755 -27.000000
v 48.805603 -60.702278 -27.000000
v 49.061779 -60.512283 -27.000000
v 49.298096 -60.298092 -27.000000
v 49.512283 -60.061779 -27.000000
v 49.702278 -59.805599 -27.000000
v 49.866245 -59.532040 -27.000000
v 50.002609 -59.243717 -27.000000
v 50.110058 -58.943424 -27.000000
v 50.187553 -58.634041 -27.000000
v 50.234352 -58.318554 -27.000000
v 50.250000 -58.000000 -27.000000
v 50.234352 -57.681446 -27.000000
v 50.187553 -57.365959 -27.000000
v 49.061779 -55.487717 -27.000000
v 49.298096 -55.701908 -27.000000
v 49.512283 -55.938221 -27.000000
v 48.805603 -55.297722 -27.000000
v 49.866245 -56.467960 -27.000000
v 50.002609 -56.756283 -27.000000
v 50.110058 -57.056576 -27.000000
v 49.702278 -56.194401 -27.000000
v 59.346703 -80.133072 -27.000000
v 59.632000 -78.488838 -27.000000
v 59.836281 -76.832581 -27.000000
v 59.959045 -75.168304 -27.000000
v 60.000000 -73.500000 -27.000000
v 44.938221 -60.512283 -25.000000
v 43.997391 -59.243717 -25.000000
v 43.889942 -58.943424 -25.000000
v 43.812447 -58.634041 -25.000000
v 43.765648 -58.318554 -25.000000
v 43.750000 -58.000000 -25.000000
v 43.765648 -57.681446 -25.000000
v 43.812447 -57.365959 -25.000000
v 44.487717 -60.061779 -25.000000
v 44.297722 -59.805599 -25.000000
v 44.133755 -59.532040 -25.000000
v 44.701904 -60.298092 -25.000000
v 43.889942 -57.056576 -25.000000
v 43.997391 -56.756283 -25.000000
v 44.133755 -56.467960 -25.000000
v 44.297722 -56.194401 -25.000000
v 44.487717 -55.938221 -25.000000
v 44.701904 -55.701908 -25.000000
v 44.938221 -55.487717 -25.000000
v 45.194397 -60.702278 -25.000000
v 45.467960 -60.866245 -25.000000
v 45.756279 -61.002613 -25.000000
v 46.056576 -61.110062 -25.000000
v 46.365955 -61.187553 -25.000000
v 46.681446 -61.234356 -25.000000
v 47.000000 -61.249996 -25.000000
v 47.318554 -61.234356 -25.000000
v 47.634045 -61.187553 -25.000000
v 47.943424 -61.110062 -25.000000
v 48.243721 -61.002613 -25.000000
v 48.532040 -60.866245 -25.000000
v 45.500732 -58.801376 -25.000000
v 45.685883 -59.078472 -25.000000
v 45.586502 -58.944466 -25.000000
v 45.921532 -59.314117 -25.000000
v 45.797920 -59.202080 -25.000000
v 45.429405 -58.650558 -25.000000
v 45.373203 -58.493484 -25.000000
v 45.332664 -58.331654 -25.000000
v 45.308186 -58.166630 -25.000000
v 45.299999 -58.000000 -25.000000
v 45.308186 -57.833370 -25.000000
v 45.332664 -57.668346 -25.000000
v 45.373203 -57.506516 -25.000000
v 45.429405 -57.349442 -25.000000
v 45.500732 -57.198624 -25.000000
v 46.055531 -59.413498 -25.000000
v 46.198624 -59.499271 -25.000000
v 46.349438 -59.570591 -25.000000
v 46.668346 -59.667336 -25.000000
v 46.833370 -59.691814 -25.000000
v 46.506516 -59.626797 -25.000000
v 45.586502 -57.055534 -25.000000
v 45.685883 -56.921528 -25.000000
v 45.797920 -56.797920 -25.000000
v 45.921532 -56.685883 -25.000000
v 45.194397 -55.297722 -25.000000
v 45.467960 -55.133755 -25.000000
v 45.756279 -54.997387 -25.000000
v 46.055531 -56.586502 -25.000000
v 46.198624 -56.500729 -25.000000
v 46.349438 -56.429409 -25.000000
v 46.506516 -56.373203 -25.000000
v 46.668346 -56.332664 -25.000000
v 46.833370 -56.308186 -25.000000
v 46.056576 -54.889938 -25.000000
v 46.365955 -54.812447 -25.000000
v 46.681446 -54.765644 -25.000000
v 47.000000 -59.700001 -25.000000
v 47.166630 -59.691814 -25.000000
v 47.331654 -59.667336 -25.000000
v 47.493484 -59.626797 -25.000000
v 47.650562 -59.570591 -25.000000
v 47.801376 -59.499271 -25.000000
v 47.944469 -59.413498 -25.000000
v 48.078468 -59.314117 -25.000000
v 48.202080 -59.202080 -25.000000
v 48.314117 -59.078472 -25.000000
v 48.413498 -58.944466 -25.000000
v 48.499268 -58.801376 -25.000000
v 48.570595 -58.650558 -25.000000
v 48.626797 -58.493484 -25.000000
v 48.667336 -58.331654 -25.000000
v 48.691814 -58.166630 -25.000000
v 48.700001 -58.000000 -25.000000
v 48.499268 -57.198624 -25.000000
v 48.691814 -57.833370 -25.000000
v 48.667336 -57.668346 -25.000000
v 48.570595 -57.349442 -25.000000
v 48.626797 -57.506516 -25.000000
v 47.000000 -56.299999 -25.000000
v 47.166630 -56.308186 -25.000000
v 47.331654 -56.332664 -25.000000
v 47.493484 -56.373203 -25.000000
v 47.650562 -56.429409 -25.000000
v 47.801376 -56.500729 -25.000000
v 47.000000 -54.750004 -25.000000
v 47.318554 -54.765644 -25.000000
v 47.634045 -54.812447 -25.000000
v 47.944469 -56.586502 -25.000000
v 48.202080 -56.797920 -25.000000
v 48.078468 -56.685883 -25.000000
v 48.314117 -56.921528 -25.000000
v 48.413498 -57.055534 -25.000000
v 47.943424 -54.889938 -25.000000
v 48.243721 -54.997387 -25.000000
v 48.532040 -55.133755 -25.000000
v 48.805603 -60.702278 -25.000000
v 49.061779 -60.512283 -25.000000
v 49.298096 -60.298092 -25.000000
v 49.512283 -60.061779 -25.000000
v 49.702278 -59.805599 -25.000000
v 49.866245 -59.532040 -25.000000
v 50.002609 -59.243717 -25.000000
v 50.110058 -58.943424 -25.000000
v 50.187553 -58.634041 -25.000000
v 50.234352 -58.318554 -25.000000
v 50.250000 -58.000000 -25.000000
v 50.234352 -57.681446 -25.000000
v 50.187553 -57.365959 -25.000000
v 49.061779 -55.487717 -25.000000
v 49.298096 -55.701908 -25.000000
v 49.512283 -55.938221 -25.000000
v 48.805603 -55.297722 -25.000000
v 49.866245 -56.467960 -25.000000
v 50.002609 -56.756283 -25.000000
v 50.110058 -57.056576 -25.000000
v 49.702278 -56.194401 -25.000000
v 0.000000 -95.250000 -23.000000
v 0.220539 -95.239166 -23.000000
v 0.438953 -95.206764 -23.000000
v 0.653141 -95.153114 -23.000000
v 0.861038 -95.078728 -23.000000
v 1.060643 -94.984322 -23.000000
v 1.250033 -94.870804 -23.000000
v 1.427385 -94.739273 -23.000000
v 1.590990 -94.590988 -23.000000
v 1.739274 -94.427383 -23.000000
v 1.870807 -94.250031 -23.000000
v 5.500000 -107.500008 -23.000000
v 5.500000 -104.150002 -23.000000
v 5.500000 -101.500000 -23.000000
v 0.000000 -90.750000 -23.000000
v 0.220539 -90.760834 -23.000000
v 0.438953 -90.793236 -23.000000
v 0.653141 -90.846886 -23.000000
v 0.861038 -90.921272 -23.000000
v 1.060643 -91.015678 -23.000000
v 1.250033 -91.129196 -23.000000
v 1.739274 -91.572617 -23.000000
v 1.870807 -91.749969 -23.000000
v 1.427385 -91.260727 -23.000000
v 1.590990 -91.409012 -23.000000
v 1.984323 -94.060646 -23.000000
v 2.078729 -93.861038 -23.000000
v 2.153116 -93.653137 -23.000000
v 2.206767 -93.438950 -23.000000
v 2.239166 -93.220535 -23.000000
v 2.250000 -93.000000 -23.000000
v 2.206767 -92.561050 -23.000000
v 2.239166 -92.779465 -23.000000
v 2.078729 -92.138962 -23.000000
v 1.984323 -91.939354 -23.000000
v 2.153116 -92.346863 -23.000000
v 26.000000 -107.500008 -23.000000
v 26.000000 -104.150002 -23.000000
v 26.000000 -101.500000 -23.000000
v 27.668301 -107.459045 -23.000000
v 27.503923 -104.113083 -23.000000
v 27.373894 -101.466270 -23.000000
v 29.332582 -107.336281 -23.000000
v 29.004225 -104.002411 -23.000000
v 28.744480 -101.365173 -23.000000
v 5.500000 -104.150002 -20.000000
v 5.500000 -101.500000 -20.000000
v 26.000000 -104.150002 -20.000000
v 26.000000 -101.500000 -20.000000
v 27.503923 -104.113083 -20.000000
v 27.373894 -101.466270 -20.000000
v 29.004225 -104.002411 -20.000000
v 28.744480 -101.365173 -20.000000
v 30.988834 -107.132004 -23.000000
v 30.497290 -103.818260 -23.000000
v 30.108454 -101.196945 -23.000000
v 31.462528 -100.961990 -23.000000
v 32.633072 -106.846703 -23.000000
v 31.979521 -103.561066 -23.000000
v 33.447342 -103.231461 -23.000000
v 32.803444 -100.660873 -23.000000
v 34.261326 -106.481064 -23.000000
v 34.897224 -102.830223 -23.000000
v 35.869678 -106.035973 -23.000000
v 37.454254 -105.512497 -23.000000
v 36.325672 -102.358322 -23.000000
v 34.127972 -100.294327 -23.000000
v 35.432915 -99.863235 -23.000000
v 36.715137 -99.368629 -23.000000
v 39.011238 -104.911903 -23.000000
v 37.729248 -101.816910 -23.000000
v 39.104565 -101.207275 -23.000000
v 40.536873 -104.235634 -23.000000
v 37.971542 -98.811699 -23.000000
v 39.199108 -98.193794 -23.000000
v 40.448311 -100.530884 -23.000000
v 40.394878 -97.516403 -23.000000
v 42.027489 -103.485321 -23.000000
v 43.479492 -102.662773 -23.000000
v 44.889389 -101.769966 -23.000000
v 41.757248 -99.789383 -23.000000
v 43.028229 -98.984543 -23.000000
v 41.555965 -96.781151 -23.000000
v 42.679581 -95.989807 -23.000000
v 44.258183 -98.118309 -23.000000
v 43.763012 -95.144295 -23.000000
v 44.803650 -94.246628 -23.000000
v 46.253777 -100.809059 -23.000000
v 45.444153 -97.192772 -23.000000
v 46.583282 -96.210152 -23.000000
v 47.569370 -99.782356 -23.000000
v 47.672821 -95.172821 -23.000000
v 48.710152 -94.083282 -23.000000
v 48.833004 -98.692337 -23.000000
v 50.041630 -97.541634 -23.000000
v 51.192337 -96.333008 -23.000000
v 52.282356 -95.069374 -23.000000
v 45.798988 -93.298988 -23.000000
v 46.746632 -92.303650 -23.000000
v 47.644291 -91.263016 -23.000000
v 48.489811 -90.179581 -23.000000
v 49.692772 -92.944153 -23.000000
v 50.618309 -91.758186 -23.000000
v 49.281151 -89.055969 -23.000000
v 50.016399 -87.894875 -23.000000
v 51.484543 -90.528229 -23.000000
v 52.289383 -89.257248 -23.000000
v 50.693794 -86.699112 -23.000000
v 51.311699 -85.471542 -23.000000
v 51.868626 -84.215134 -23.000000
v 52.363235 -82.932915 -23.000000
v 53.309055 -93.753777 -23.000000
v 54.269966 -92.389389 -23.000000
v 53.030888 -87.948311 -23.000000
v 55.162769 -90.979492 -23.000000
v 55.985325 -89.527489 -23.000000
v 53.707272 -86.604561 -23.000000
v 54.316910 -85.229248 -23.000000
v 52.794331 -81.627968 -23.000000
v 54.858322 -83.825676 -23.000000
v 55.330219 -82.397224 -23.000000
v 55.731457 -80.947342 -23.000000
v 56.735634 -88.036873 -23.000000
v 57.411903 -86.511238 -23.000000
v 58.012501 -84.954254 -23.000000
v 58.535973 -83.369682 -23.000000
v 58.981064 -81.761330 -23.000000
v 45.500732 -58.801376 -23.000000
v 45.685883 -59.078472 -23.000000
v 45.586502 -58.944466 -23.000000
v 45.921532 -59.314117 -23.000000
v 45.797920 -59.202080 -23.000000
v 45.429405 -58.650558 -23.000000
v 45.373203 -58.493484 -23.000000
v 45.332664 -58.331654 -23.000000
v 45.308186 -58.166630 -23.000000
v 45.299999 -58.000000 -23.000000
v 45.308186 -57.833370 -23.000000
v 45.332664 -57.668346 -23.000000
v 45.373203 -57.506516 -23.000000
v 45.429405 -57.349442 -23.000000
v 45.500732 -57.198624 -23.000000
v 46.055531 -59.413498 -23.000000
v 46.198624 -59.499271 -23.000000
v 46.349438 -59.570591 -23.000000
v 46.668346 -59.667336 -23.000000
v 46.833370 -59.691814 -23.000000
v 46.506516 -59.626797 -23.000000
v 45.586502 -57.055534 -23.000000
v 45.685883 -56.921528 -23.000000
v 45.797920 -56.797920 -23.000000
v 45.921532 -56.685883 -23.000000
v 46.055531 -56.586502 -23.000000
v 46.198624 -56.500729 -23.000000
v 46.349438 -56.429409 -23.000000
v 46.506516 -56.373203 -23.000000
v 46.668346 -56.332664 -23.000000
v 46.833370 -56.308186 -23.000000
v 47.000000 -59.700001 -23.000000
v 47.166630 -59.691814 -23.000000
v 47.331654 -59.667336 -23.000000
v 47.493484 -59.626797 -23.000000
v 47.650562 -59.570591 -23.000000
v 47.801376 -59.499271 -23.000000
v 47.944469 -59.413498 -23.000000
v 48.078468 -59.314117 -23.000000
v 48.202080 -59.202080 -23.000000
v 48.314117 -59.078472 -23.000000
v 48.413498 -58.944466 -23.000000
v 48.499268 -58.801376 -23.000000
v 48.570595 -58.650558 -23.000000
v 48.626797 -58.493484 -23.000000
v 48.667336 -58.331654 -23.000000
v 48.691814 -58.166630 -23.000000
v 48.700001 -58.000000 -23.000000
v 48.499268 -57.198624 -23.000000
v 48.691814 -57.833370 -23.000000
v 48.667336 -57.668346 -23.000000
v 48.626797 -57.506516 -23.000000
v 48.570595 -57.349442 -23.000000
v 47.000000 -56.299999 -23.000000
v 47.166630 -56.308186 -23.000000
v 47.331654 -56.332664 -23.000000
v 47.493484 -56.373203 -23.000000
v 47.650562 -56.429409 -23.000000
v 47.801376 -56.500729 -23.000000
v 47.944469 -56.586502 -23.000000
v 48.202080 -56.797920 -23.000000
v 48.078468 -56.685883 -23.000000
v 48.314117 -56.921528 -23.000000
v 48.413498 -57.055534 -23.000000
v 53.160873 -80.303444 -23.000000
v 53.461987 -78.962532 -23.000000
v 53.696941 -77.608452 -23.000000
v 53.865170 -76.244476 -23.000000
v 53.966270 -74.873894 -23.000000
v 56.061069 -79.479515 -23.000000
v 54.000000 -73.500000 -23.000000
v 56.318260 -77.997292 -23.000000
v 56.502415 -76.504227 -23.000000
v 56.613083 -75.003922 -23.000000
v 59.346703 -80.133072 -23.000000
v 59.632000 -78.488838 -23.000000
v 59.836281 -76.832581 -23.000000
v 59.959045 -75.168304 -23.000000
v 56.650002 -73.500000 -23.000000
v 60.000000 -73.500000 -23.000000
v 54.000000 -65.000000 -23.000000
v 56.650002 -65.000000 -23.000000
v 30.497290 -103.818260 -20.000000
v 30.108454 -101.196945 -20.000000
v 31.462528 -100.961990 -20.000000
v 31.979521 -103.561066 -20.000000
v 33.447342 -103.231461 -20.000000
v 32.803444 -100.660873 -20.000000
v 34.897224 -102.830223 -20.000000
v 36.325672 -102.358322 -20.000000
v 34.127972 -100.294327 -20.000000
v 35.432915 -99.863235 -20.000000
v 36.715137 -99.368629 -20.000000
v 37.729248 -101.816910 -20.000000
v 39.104565 -101.207275 -20.000000
v 37.971542 -98.811699 -20.000000
v 39.199108 -98.193794 -20.000000
v 40.448311 -100.530884 -20.000000
v 40.394878 -97.516403 -20.000000
v 41.757248 -99.789383 -20.000000
v 43.028229 -98.984543 -20.000000
v 41.555965 -96.781151 -20.000000
v 42.679581 -95.989807 -20.000000
v 44.258183 -98.118309 -20.000000
v 43.763012 -95.144295 -20.000000
v 44.803650 -94.246628 -20.000000
v 45.444153 -97.192772 -20.000000
v 46.583282 -96.210152 -20.000000
v 47.672821 -95.172821 -20.000000
v 48.710152 -94.083282 -20.000000
v 45.798988 -93.298988 -20.000000
v 46.746632 -92.303650 -20.000000
v 47.644291 -91.263016 -20.000000
v 48.489811 -90.179581 -20.000000
v 49.692772 -92.944153 -20.000000
v 50.618309 -91.758186 -20.000000
v 49.281151 -89.055969 -20.000000
v 50.016399 -87.894875 -20.000000
v 51.484543 -90.528229 -20.000000
v 52.289383 -89.257248 -20.000000
v 50.693794 -86.699112 -20.000000
v 51.311699 -85.471542 -20.000000
v 51.868626 -84.215134 -20.000000
v 52.363235 -82.932915 -20.000000
v 53.030888 -87.948311 -20.000000
v 53.707272 -86.604561 -20.000000
v 54.316910 -85.229248 -20.000000
v 52.794331 -81.627968 -20.000000
v 54.858322 -83.825676 -20.000000
v 55.330219 -82.397224 -20.000000
v 55.731457 -80.947342 -20.000000
v 53.160873 -80.303444 -20.000000
v 53.461987 -78.962532 -20.000000
v 53.696941 -77.608452 -20.000000
v 53.865170 -76.244476 -20.000000
v 53.966270 -74.873894 -20.000000
v 56.061069 -79.479515 -20.000000
v 54.000000 -73.500000 -20.000000
v 56.318260 -77.997292 -20.000000
v 56.502415 -76.504227 -20.000000
v 56.613083 -75.003922 -20.000000
v 56.650002 -73.500000 -20.000000
v 54.000000 -65.000000 -20.000000
v 56.650002 -65.000000 -20.000000
v 54.000000 -51.000000 -23.000000
v 56.650002 -51.000000 -23.000000
v 54.000000 -51.000000 -20.000000
v 56.650002 -51.000000 -20.000000
v 0.000000 90.750000 -27.000000
v 0.220539 90.760834 -27.000000
v 0.438953 90.793236 -27.000000
v 0.653141 90.846886 -27.000000
v 0.861038 90.921272 -27.000000
v 1.060643 91.015678 -27.000000
v 1.250033 91.129196 -27.000000
v 1.427385 91.260727 -27.000000
v 1.590990 91.409012 -27.000000
v 1.739274 91.572617 -27.000000
v 1.870807 91.749969 -27.000000
v 1.984323 91.939354 -27.000000
v 2.078729 92.138962 -27.000000
v 2.153116 92.346863 -27.000000
v 2.206767 92.561050 -27.000000
v 2.239166 92.779465 -27.000000
v 2.250000 93.000000 -27.000000
v 2.239166 93.220535 -27.000000
v 1.984323 94.060646 -27.000000
v 2.078729 93.861038 -27.000000
v 2.206767 93.438950 -27.000000
v 2.153116 93.653137 -27.000000
v 0.000000 95.250000 -27.000000
v 0.220539 95.239166 -27.000000
v 0.438953 95.206764 -27.000000
v 0.653141 95.153114 -27.000000
v 0.861038 95.078728 -27.000000
v 1.250033 94.870804 -27.000000
v 1.060643 94.984322 -27.000000
v 1.427385 94.739273 -27.000000
v 1.590990 94.590988 -27.000000
v 1.739274 94.427383 -27.000000
v 1.870807 94.250031 -27.000000
v 26.000000 107.500008 -27.000000
v 27.668301 107.459045 -27.000000
v 29.332582 107.336281 -27.000000
v 43.889942 57.056576 -27.000000
v 43.997391 56.756283 -27.000000
v 44.297722 56.194401 -27.000000
v 44.487717 55.938221 -27.000000
v 44.133755 56.467960 -27.000000
v 44.701904 55.701908 -27.000000
v 44.938221 55.487717 -27.000000
v 43.812447 57.365959 -27.000000
v 43.765648 57.681446 -27.000000
v 43.750000 58.000000 -27.000000
v 43.765648 58.318554 -27.000000
v 43.812447 58.634041 -27.000000
v 43.889942 58.943424 -27.000000
v 43.997391 59.243717 -27.000000
v 44.133755 59.532040 -27.000000
v 44.297722 59.805599 -27.000000
v 44.487717 60.061779 -27.000000
v 44.701904 60.298092 -27.000000
v 44.938221 60.512283 -27.000000
v 30.988834 107.132004 -27.000000
v 32.633072 106.846703 -27.000000
v 34.261326 106.481064 -27.000000
v 35.869678 106.035973 -27.000000
v 37.454254 105.512497 -27.000000
v 39.011238 104.911903 -27.000000
v 40.536873 104.235634 -27.000000
v 42.027489 103.485321 -27.000000
v 43.479492 102.662773 -27.000000
v 44.889389 101.769966 -27.000000
v 45.194397 55.297722 -27.000000
v 45.467960 55.133755 -27.000000
v 45.756279 54.997387 -27.000000
v 46.056576 54.889938 -27.000000
v 46.365955 54.812447 -27.000000
v 46.681446 54.765644 -27.000000
v 47.000000 54.750004 -27.000000
v 47.318554 54.765644 -27.000000
v 47.634045 54.812447 -27.000000
v 47.943424 54.889938 -27.000000
v 48.243721 54.997387 -27.000000
v 48.532040 55.133755 -27.000000
v 45.194397 60.702278 -27.000000
v 45.467960 60.866245 -27.000000
v 45.756279 61.002613 -27.000000
v 46.056576 61.110062 -27.000000
v 46.365955 61.187553 -27.000000
v 46.681446 61.234356 -27.000000
v 47.000000 61.249996 -27.000000
v 47.318554 61.234356 -27.000000
v 47.634045 61.187553 -27.000000
v 47.943424 61.110062 -27.000000
v 48.243721 61.002613 -27.000000
v 48.532040 60.866245 -27.000000
v 48.805603 55.297722 -27.000000
v 49.061779 55.487717 -27.000000
v 49.298096 55.701908 -27.000000
v 49.512283 55.938221 -27.000000
v 49.702278 56.194401 -27.000000
v 49.866245 56.467960 -27.000000
v 50.002609 56.756283 -27.000000
v 50.110058 57.056576 -27.000000
v 49.298096 60.298092 -27.000000
v 49.512283 60.061779 -27.000000
v 50.187553 57.365959 -27.000000
v 50.234352 57.681446 -27.000000
v 50.250000 58.000000 -27.000000
v 50.234352 58.318554 -27.000000
v 50.187553 58.634041 -27.000000
v 49.866245 59.532040 -27.000000
v 50.110058 58.943424 -27.000000
v 50.002609 59.243717 -27.000000
v 49.702278 59.805599 -27.000000
v 48.805603 60.702278 -27.000000
v 49.061779 60.512283 -27.000000
v 60.000000 73.500000 -27.000000
v 59.959045 75.168304 -27.000000
v 59.836281 76.832581 -27.000000
v 59.632000 78.488838 -27.000000
v 59.346703 80.133072 -27.000000
v 47.569370 99.782356 -27.000000
v 46.253777 100.809059 -27.000000
v 48.833004 98.692337 -27.000000
v 50.041630 97.541634 -27.000000
v 51.192337 96.333008 -27.000000
v 52.282356 95.069374 -27.000000
v 53.309055 93.753777 -27.000000
v 54.269966 92.389389 -27.000000
v 55.985325 89.527489 -27.000000
v 55.162769 90.979492 -27.000000
v 58.012501 84.954254 -27.000000
v 57.411903 86.511238 -27.000000
v 58.981064 81.761330 -27.000000
v 58.535973 83.369682 -27.000000
v 56.735634 88.036873 -27.000000
v 43.889942 57.056576 -25.000000
v 43.997391 56.756283 -25.000000
v 44.297722 56.194401 -25.000000
v 44.487717 55.938221 -25.000000
v 44.133755 56.467960 -25.000000
v 44.701904 55.701908 -25.000000
v 44.938221 55.487717 -25.000000
v 43.812447 57.365959 -25.000000
v 43.765648 57.681446 -25.000000
v 43.750000 58.000000 -25.000000
v 43.765648 58.318554 -25.000000
v 43.812447 58.634041 -25.000000
v 43.889942 58.943424 -25.000000
v 43.997391 59.243717 -25.000000
v 44.133755 59.532040 -25.000000
v 44.297722 59.805599 -25.000000
v 44.487717 60.061779 -25.000000
v 44.701904 60.298092 -25.000000
v 44.938221 60.512283 -25.000000
v 45.194397 55.297722 -25.000000
v 45.467960 55.133755 -25.000000
v 45.756279 54.997387 -25.000000
v 45.685883 56.921528 -25.000000
v 45.586502 57.055534 -25.000000
v 45.921532 56.685883 -25.000000
v 45.797920 56.797920 -25.000000
v 46.056576 54.889938 -25.000000
v 46.365955 54.812447 -25.000000
v 46.681446 54.765644 -25.000000
v 46.055531 56.586502 -25.000000
v 46.198624 56.500729 -25.000000
v 46.349438 56.429409 -25.000000
v 46.506516 56.373203 -25.000000
v 46.668346 56.332664 -25.000000
v 46.833370 56.308186 -25.000000
v 45.373203 57.506516 -25.000000
v 45.429405 57.349442 -25.000000
v 45.332664 57.668346 -25.000000
v 45.308186 57.833370 -25.000000
v 45.299999 58.000000 -25.000000
v 45.308186 58.166630 -25.000000
v 45.332664 58.331654 -25.000000
v 45.373203 58.493484 -25.000000
v 45.429405 58.650558 -25.000000
v 45.500732 57.198624 -25.000000
v 45.500732 58.801376 -25.000000
v 45.586502 58.944466 -25.000000
v 45.685883 59.078472 -25.000000
v 45.797920 59.202080 -25.000000
v 45.921532 59.314117 -25.000000
v 46.055531 59.413498 -25.000000
v 46.198624 59.499271 -25.000000
v 46.349438 59.570591 -25.000000
v 46.506516 59.626797 -25.000000
v 46.668346 59.667336 -25.000000
v 46.833370 59.691814 -25.000000
v 47.000000 54.750004 -25.000000
v 47.318554 54.765644 -25.000000
v 47.634045 54.812447 -25.000000
v 47.000000 56.299999 -25.000000
v 47.166630 56.308186 -25.000000
v 47.331654 56.332664 -25.000000
v 47.493484 56.373203 -25.000000
v 47.650562 56.429409 -25.000000
v 47.801376 56.500729 -25.000000
v 47.943424 54.889938 -25.000000
v 48.243721 54.997387 -25.000000
v 48.532040 55.133755 -25.000000
v 47.944469 56.586502 -25.000000
v 48.078468 56.685883 -25.000000
v 48.202080 56.797920 -25.000000
v 48.314117 56.921528 -25.000000
v 48.413498 57.055534 -25.000000
v 47.000000 59.700001 -25.000000
v 47.166630 59.691814 -25.000000
v 47.331654 59.667336 -25.000000
v 47.493484 59.626797 -25.000000
v 47.650562 59.570591 -25.000000
v 47.801376 59.499271 -25.000000
v 48.499268 57.198624 -25.000000
v 48.570595 57.349442 -25.000000
v 48.626797 57.506516 -25.000000
v 48.667336 57.668346 -25.000000
v 48.691814 57.833370 -25.000000
v 48.700001 58.000000 -25.000000
v 48.667336 58.331654 -25.000000
v 48.691814 58.166630 -25.000000
v 48.626797 58.493484 -25.000000
v 48.570595 58.650558 -25.000000
v 47.944469 59.413498 -25.000000
v 48.202080 59.202080 -25.000000
v 48.078468 59.314117 -25.000000
v 48.314117 59.078472 -25.000000
v 48.413498 58.944466 -25.000000
v 48.499268 58.801376 -25.000000
v 45.194397 60.702278 -25.000000
v 45.467960 60.866245 -25.000000
v 45.756279 61.002613 -25.000000
v 46.056576 61.110062 -25.000000
v 46.365955 61.187553 -25.000000
v 46.681446 61.234356 -25.000000
v 47.000000 61.249996 -25.000000
v 47.318554 61.234356 -25.000000
v 47.634045 61.187553 -25.000000
v 47.943424 61.110062 -25.000000
v 48.243721 61.002613 -25.000000
v 48.532040 60.866245 -25.000000
v 48.805603 55.297722 -25.000000
v 49.061779 55.487717 -25.000000
v 49.298096 55.701908 -25.000000
v 49.512283 55.938221 -25.000000
v 49.702278 56.194401 -25.000000
v 49.866245 56.467960 -25.000000
v 50.002609 56.756283 -25.000000
v 50.110058 57.056576 -25.000000
v 49.298096 60.298092 -25.000000
v 49.512283 60.061779 -25.000000
v 50.187553 57.365959 -25.000000
v 50.234352 57.681446 -25.000000
v 50.250000 58.000000 -25.000000
v 50.234352 58.318554 -25.000000
v 50.187553 58.634041 -25.000000
v 49.866245 59.532040 -25.000000
v 50.110058 58.943424 -25.000000
v 50.002609 59.243717 -25.000000
v 49.702278 59.805599 -25.000000
v 48.805603 60.702278 -25.000000
v 49.061779 60.512283 -25.000000
v 0.000000 90.750000 -23.000000
v 0.220539 90.760834 -23.000000
v 0.438953 90.793236 -23.000000
v 0.653141 90.846886 -23.000000
v 0.861038 90.921272 -23.000000
v 1.060643 91.015678 -23.000000
v 1.250033 91.129196 -23.000000
v 1.427385 91.260727 -23.000000
v 1.590990 91.409012 -23.000000
v 1.739274 91.572617 -23.000000
v 1.870807 91.749969 -23.000000
v 1.984323 91.939354 -23.000000
v 2.078729 92.138962 -23.000000
v 2.153116 92.346863 -23.000000
v 2.206767 92.561050 -23.000000
v 2.239166 92.779465 -23.000000
v 2.250000 93.000000 -23.000000
v 2.239166 93.220535 -23.000000
v 1.984323 94.060646 -23.000000
v 2.078729 93.861038 -23.000000
v 2.206767 93.438950 -23.000000
v 2.153116 93.653137 -23.000000
v 0.000000 95.250000 -23.000000
v 0.220539 95.239166 -23.000000
v 0.438953 95.206764 -23.000000
v 0.653141 95.153114 -23.000000
v 0.861038 95.078728 -23.000000
v 1.250033 94.870804 -23.000000
v 1.060643 94.984322 -23.000000
v 1.427385 94.739273 -23.000000
v 1.590990 94.590988 -23.000000
v 1.739274 94.427383 -23.000000
v 1.870807 94.250031 -23.000000
v 26.000000 101.500000 -23.000000
v 26.000000 104.150002 -23.000000
v 26.000000 107.500008 -23.000000
v 27.373894 101.466270 -23.000000
v 27.503923 104.113083 -23.000000
v 27.668301 107.459045 -23.000000
v 28.744480 101.365173 -23.000000
v 29.004225 104.002411 -23.000000
v 29.332582 107.336281 -23.000000
v 26.000000 101.500000 -20.000000
v 26.000000 104.150002 -20.000000
v 27.373894 101.466270 -20.000000
v 27.503923 104.113083 -20.000000
v 28.744480 101.365173 -20.000000
v 29.004225 104.002411 -20.000000
v 54.000000 51.000000 -23.000000
v 56.650002 51.000000 -23.000000
v 54.000000 51.000000 -20.000000
v 56.650002 51.000000 -20.000000
v 32.803444 100.660873 -23.000000
v 30.108454 101.196945 -23.000000
v 30.497290 103.818260 -23.000000
v 31.462528 100.961990 -23.000000
v 30.988834 107.132004 -23.000000
v 31.979521 103.561066 -23.000000
v 33.447342 103.231461 -23.000000
v 32.633072 106.846703 -23.000000
v 34.127972 100.294327 -23.000000
v 35.432915 99.863235 -23.000000
v 36.715137 99.368629 -23.000000
v 34.897224 102.830223 -23.000000
v 34.261326 106.481064 -23.000000
v 36.325672 102.358322 -23.000000
v 35.869678 106.035973 -23.000000
v 37.454254 105.512497 -23.000000
v 37.971542 98.811699 -23.000000
v 39.199108 98.193794 -23.000000
v 40.394878 97.516403 -23.000000
v 40.448311 100.530884 -23.000000
v 37.729248 101.816910 -23.000000
v 39.104565 101.207275 -23.000000
v 39.011238 104.911903 -23.000000
v 40.536873 104.235634 -23.000000
v 41.555965 96.781151 -23.000000
v 42.679581 95.989807 -23.000000
v 41.757248 99.789383 -23.000000
v 43.028229 98.984543 -23.000000
v 43.763012 95.144295 -23.000000
v 44.803650 94.246628 -23.000000
v 44.258183 98.118309 -23.000000
v 42.027489 103.485321 -23.000000
v 43.479492 102.662773 -23.000000
v 44.889389 101.769966 -23.000000
v 45.586502 57.055534 -23.000000
v 45.685883 56.921528 -23.000000
v 45.921532 56.685883 -23.000000
v 45.797920 56.797920 -23.000000
v 46.055531 56.586502 -23.000000
v 46.198624 56.500729 -23.000000
v 46.349438 56.429409 -23.000000
v 46.506516 56.373203 -23.000000
v 46.668346 56.332664 -23.000000
v 46.833370 56.308186 -23.000000
v 45.429405 57.349442 -23.000000
v 45.373203 57.506516 -23.000000
v 45.332664 57.668346 -23.000000
v 45.308186 57.833370 -23.000000
v 45.299999 58.000000 -23.000000
v 45.308186 58.166630 -23.000000
v 45.332664 58.331654 -23.000000
v 45.373203 58.493484 -23.000000
v 45.429405 58.650558 -23.000000
v 45.500732 57.198624 -23.000000
v 45.500732 58.801376 -23.000000
v 45.586502 58.944466 -23.000000
v 45.685883 59.078472 -23.000000
v 45.797920 59.202080 -23.000000
v 45.921532 59.314117 -23.000000
v 46.055531 59.413498 -23.000000
v 46.198624 59.499271 -23.000000
v 46.349438 59.570591 -23.000000
v 46.506516 59.626797 -23.000000
v 46.668346 59.667336 -23.000000
v 46.833370 59.691814 -23.000000
v 47.000000 56.299999 -23.000000
v 47.166630 56.308186 -23.000000
v 47.331654 56.332664 -23.000000
v 47.493484 56.373203 -23.000000
v 47.650562 56.429409 -23.000000
v 47.801376 56.500729 -23.000000
v 47.944469 56.586502 -23.000000
v 48.078468 56.685883 -23.000000
v 48.202080 56.797920 -23.000000
v 48.314117 56.921528 -23.000000
v 48.413498 57.055534 -23.000000
v 47.000000 59.700001 -23.000000
v 47.166630 59.691814 -23.000000
v 47.331654 59.667336 -23.000000
v 47.493484 59.626797 -23.000000
v 47.650562 59.570591 -23.000000
v 47.801376 59.499271 -23.000000
v 48.499268 57.198624 -23.000000
v 48.570595 57.349442 -23.000000
v 48.626797 57.506516 -23.000000
v 48.667336 57.668346 -23.000000
v 48.691814 57.833370 -23.000000
v 48.700001 58.000000 -23.000000
v 48.667336 58.331654 -23.000000
v 48.691814 58.166630 -23.000000
v 48.626797 58.493484 -23.000000
v 48.570595 58.650558 -23.000000
v 47.944469 59.413498 -23.000000
v 48.202080 59.202080 -23.000000
v 48.078468 59.314117 -23.000000
v 48.314117 59.078472 -23.000000
v 48.413498 58.944466 -23.000000
v 48.499268 58.801376 -23.000000
v 54.000000 65.000000 -23.000000
v 56.650002 65.000000 -23.000000
v 54.000000 73.500000 -23.000000
v 53.966270 74.873894 -23.000000
v 53.865170 76.244476 -23.000000
v 53.160873 80.303444 -23.000000
v 53.696941 77.608452 -23.000000
v 53.461987 78.962532 -23.000000
v 56.061069 79.479515 -23.000000
v 56.650002 73.500000 -23.000000
v 60.000000 73.500000 -23.000000
v 56.613083 75.003922 -23.000000
v 56.502415 76.504227 -23.000000
v 56.318260 77.997292 -23.000000
v 59.959045 75.168304 -23.000000
v 59.836281 76.832581 -23.000000
v 59.632000 78.488838 -23.000000
v 59.346703 80.133072 -23.000000
v 45.798988 93.298988 -23.000000
v 46.746632 92.303650 -23.000000
v 48.489811 90.179581 -23.000000
v 47.644291 91.263016 -23.000000
v 52.363235 82.932915 -23.000000
v 51.311699 85.471542 -23.000000
v 50.693794 86.699112 -23.000000
v 51.868626 84.215134 -23.000000
v 49.281151 89.055969 -23.000000
v 50.016399 87.894875 -23.000000
v 50.618309 91.758186 -23.000000
v 49.692772 92.944153 -23.000000
v 51.484543 90.528229 -23.000000
v 52.289383 89.257248 -23.000000
v 45.444153 97.192772 -23.000000
v 46.583282 96.210152 -23.000000
v 47.672821 95.172821 -23.000000
v 48.710152 94.083282 -23.000000
v 47.569370 99.782356 -23.000000
v 46.253777 100.809059 -23.000000
v 48.833004 98.692337 -23.000000
v 50.041630 97.541634 -23.000000
v 51.192337 96.333008 -23.000000
v 52.282356 95.069374 -23.000000
v 52.794331 81.627968 -23.000000
v 54.316910 85.229248 -23.000000
v 53.707272 86.604561 -23.000000
v 54.858322 83.825676 -23.000000
v 55.731457 80.947342 -23.000000
v 55.330219 82.397224 -23.000000
v 53.030888 87.948311 -23.000000
v 53.309055 93.753777 -23.000000
v 54.269966 92.389389 -23.000000
v 55.985325 89.527489 -23.000000
v 55.162769 90.979492 -23.000000
v 58.012501 84.954254 -23.000000
v 57.411903 86.511238 -23.000000
v 58.981064 81.761330 -23.000000
v 58.535973 83.369682 -23.000000
v 56.735634 88.036873 -23.000000
v 32.803444 100.660873 -20.000000
v 30.108454 101.196945 -20.000000
v 30.497290 103.818260 -20.000000
v 31.462528 100.961990 -20.000000
v 31.979521 103.561066 -20.000000
v 33.447342 103.231461 -20.000000
v 34.127972 100.294327 -20.000000
v 35.432915 99.863235 -20.000000
v 36.715137 99.368629 -20.000000
v 34.897224 102.830223 -20.000000
v 36.325672 102.358322 -20.000000
v 37.971542 98.811699 -20.000000
v 39.199108 98.193794 -20.000000
v 40.394878 97.516403 -20.000000
v 40.448311 100.530884 -20.000000
v 37.729248 101.816910 -20.000000
v 39.104565 101.207275 -20.000000
v 41.555965 96.781151 -20.000000
v 42.679581 95.989807 -20.000000
v 41.757248 99.789383 -20.000000
v 43.028229 98.984543 -20.000000
v 43.763012 95.144295 -20.000000
v 44.803650 94.246628 -20.000000
v 44.258183 98.118309 -20.000000
v 54.000000 65.000000 -20.000000
v 56.650002 65.000000 -20.000000
v 54.000000 73.500000 -20.000000
v 53.966270 74.873894 -20.000000
v 53.865170 76.244476 -20.000000
v 53.160873 80.303444 -20.000000
v 53.696941 77.608452 -20.000000
v 53.461987 78.962532 -20.000000
v 56.061069 79.479515 -20.000000
v 56.650002 73.500000 -20.000000
v 56.613083 75.003922 -20.000000
v 56.502415 76.504227 -20.000000
v 56.318260 77.997292 -20.000000
v 45.798988 93.298988 -20.000000
v 46.746632 92.303650 -20.000000
v 48.489811 90.179581 -20.000000
v 47.644291 91.263016 -20.000000
v 52.363235 82.932915 -20.000000
v 51.311699 85.471542 -20.000000
v 50.693794 86.699112 -20.000000
v 51.868626 84.215134 -20.000000
v 49.281151 89.055969 -20.000000
v 50.016399 87.894875 -20.000000
v 50.618309 91.758186 -20.000000
v 49.692772 92.944153 -20.000000
v 51.484543 90.528229 -20.000000
v 52.289383 89.257248 -20.000000
v 45.444153 97.192772 -20.000000
v 46.583282 96.210152 -20.000000
v 47.672821 95.172821 -20.000000
v 48.710152 94.083282 -20.000000
v 52.794331 81.627968 -20.000000
v 54.316910 85.229248 -20.000000
v 53.707272 86.604561 -20.000000
v 54.858322 83.825676 -20.000000
v 55.731457 80.947342 -20.000000
v 55.330219 82.397224 -20.000000
v 53.030888 87.948311 -20.000000
f 8241 8242 8499
f 8233 8239 8491
f 8235 8531 8248
f 8234 8237 8492
f 8234 8493 8235
f 8236 8495 8237
f 8233 8494 8236
f 8238 8240 8496
f 8238 8497 8239
f 8240 8241 8498
f 8242 8243 8507
f 8243 8244 8508
f 8244 8245 8509
f 8246 8298 8511
f 8245 8247 8510
f 8246 8512 8247
f 8250 8251 8278
f 8251 8252 8274
f 8252 8257 8256
f 8252 8256 8258
f 8252 8258 8255
f 8252 8255 8264
f 8252 8265 8253
f 8252 8253 8254
f 8252 8264 8265
f 8252 8260 8259
f 8252 8261 8260
f 8252 8259 8257
f 8251 8274 8275
f 8251 8275 8276
f 8251 8276 8277
f 8251 8277 8278
f 8252 8254 8274
f 8248 8532 8249
f 8249 8533 8250
f 8250 8534 8251
f 8251 8538 8252
f 8242 8472 8243
f 8243 8467 8244
f 8299 8458 8300
f 8240 8486 8241
f 8241 8477 8242
f 8298 8299 8613
f 8299 8300 8614
f 8300 8301 8615
f 8301 8302 8623
f 8302 8303 8624
f 8303 8304 8631
f 8304 8305 8632
f 8305 8306 8634
f 8306 8307 8639
f 8307 8455 8642
f 8242 8507 8499
f 8233 8491 8494
f 8237 8495 8492
f 8235 8493 8531
f 8234 8492 8493
f 8236 8494 8495
f 8240 8498 8496
f 8239 8497 8491
f 8238 8496 8497
f 8241 8499 8498
f 8243 8508 8507
f 8245 8510 8509
f 8244 8509 8508
f 8298 8613 8511
f 8247 8512 8510
f 8246 8511 8512
f 8248 8531 8532
f 8249 8532 8533
f 8250 8533 8534
f 8251 8534 8538
f 8299 8614 8613
f 8300 8615 8614
f 8302 8624 8623
f 8301 8623 8615
f 8303 8631 8624
f 8304 8632 8631
f 8305 8634 8632
f 8306 8639 8634
f 8307 8642 8639
f 8252 8829 8261
f 8261 8829 8262
f 8262 8829 8263
f 8263 8829 8266
f 8266 8829 8267
f 8267 8829 8268
f 8268 8829 8269
f 8269 8829 8270
f 8270 8829 8271
f 8271 8829 8272
f 8272 8829 8273
f 8273 8829 8286
f 8286 8829 8287
f 8287 8829 8288
f 8288 8829 8289
f 8289 8829 8290
f 8252 8538 9026
f 8300 8458 8301
f 8301 8458 8302
f 8302 8458 8303
f 8303 8458 8304
f 8304 8458 8305
f 8305 8458 8306
f 8306 8458 8307
f 8307 8458 8455
f 8455 8458 8456
f 8456 8458 8457
f 8242 8470 8472
f 8299 8459 8458
f 8243 8472 8473
f 8243 8473 8460
f 8243 8461 8462
f 8243 8460 8461
f 8243 8462 8463
f 8243 8465 8464
f 8243 8463 8465
f 8244 8467 8468
f 8244 8468 8469
f 8243 8464 8466
f 8243 8466 8467
f 8245 9359 8247
f 8244 8469 9288
f 8244 9360 8245
f 8241 8478 8477
f 8242 8471 8470
f 8242 8474 8471
f 8242 8475 8474
f 8242 8477 8476
f 8242 8476 8475
f 8241 8480 8479
f 8241 8479 8478
f 8241 8481 8480
f 8241 8483 8482
f 8241 8482 8481
f 8241 8484 8483
f 8236 8237 9369
f 8234 9415 8237
f 8234 8235 9416
f 8241 8485 8484
f 8241 8486 8485
f 8240 8487 8486
f 8240 8488 8487
f 8240 8489 8488
f 8240 8490 8489
f 8240 9301 8490
f 8238 8239 9366
f 8233 9367 8239
f 8238 9365 8240
f 8233 8236 9368
f 8455 8456 8713
f 8456 8457 8716
f 8235 8248 9417
f 8248 8249 9418
f 8249 8250 9419
f 8250 8278 9419
f 8298 9356 8299
f 8246 8247 9358
f 8246 9357 8298
f 8299 9356 8459
f 8457 8458 8722
f 9419 8278 8279
f 8313 9346 8312
f 8314 9337 8313
f 8315 9338 8314
f 8316 9339 8315
f 8317 9340 8316
f 8318 9341 8317
f 8319 9342 8318
f 8326 9343 8319
f 8325 9348 8326
f 9419 8279 8280
f 9419 8280 8281
f 9419 8281 8282
f 9419 8282 8283
f 9419 8283 8284
f 9419 8284 8285
f 9419 8285 8308
f 9419 8308 8309
f 9419 8309 8310
f 9419 8310 8311
f 9419 8311 8312
f 8455 8713 8642
f 8456 8716 8713
f 8457 8719 8716
f 8457 8722 8719
f 8290 9859 8291
f 8291 9859 8292
f 9860 8294 8293
f 9860 8295 8294
f 9860 8293 8292
f 9860 8296 8295
f 8296 9862 8297
f 9864 8320 8297
f 9864 8321 8320
f 8321 9888 8323
f 9889 8325 8322
f 9889 8324 8323
f 9889 8322 8324
f 8494 8503 8495
f 8492 8495 8501
f 8492 8502 8493
f 8493 8502 8540
f 8492 8501 8502
f 8491 8497 8504
f 8496 8517 8497
f 8496 8498 8518
f 8498 8499 8520
f 8497 8500 8504
f 8497 8517 8500
f 8496 8518 8517
f 8491 8505 8494
f 8494 8505 8503
f 8491 8504 8505
f 8495 8503 8501
f 8507 8508 8513
f 8508 8509 8515
f 8508 8514 8513
f 8509 8510 8516
f 8510 8512 8616
f 8508 8515 8514
f 8509 8516 8515
f 8510 8616 8516
f 8511 8619 8512
f 8499 8507 8519
f 8498 8520 8518
f 8499 8519 8520
f 8507 8513 8519
f 8493 8540 8531
f 8532 8536 8533
f 8531 8535 8532
f 8531 8540 8535
f 8532 8535 8536
f 8533 8536 8537
f 8533 8537 8539
f 8533 8547 8534
f 8534 8547 8538
f 8533 8539 8547
f 8547 8548 8710
f 8547 8710 8709
f 8546 8568 8548
f 8546 8569 8568
f 8546 8570 8569
f 8546 8582 8570
f 8546 8583 8582
f 8546 8584 8583
f 8546 8585 8584
f 8546 8586 8585
f 8546 8587 8586
f 8548 8555 8556
f 8548 8558 8557
f 8548 8556 8558
f 8548 8549 8550
f 8548 8551 8549
f 8548 8553 8551
f 8548 8550 8555
f 8548 8566 8565
f 8548 8567 8566
f 8548 8552 8553
f 8548 8554 8552
f 8548 8565 8554
f 8548 8568 8567
f 8548 8557 8710
f 8710 8557 8559
f 8710 8559 8560
f 8710 8560 8561
f 8710 8561 8562
f 8710 8562 8563
f 8710 8563 8564
f 8710 8564 8571
f 8710 8572 8573
f 8710 8571 8572
f 8710 8573 8574
f 8710 8574 8575
f 8710 8576 8577
f 8710 8575 8576
f 8710 8577 8578
f 8710 8578 8579
f 8710 8579 8580
f 8546 8588 8587
f 8546 8589 8588
f 8546 8590 8589
f 8511 8613 8627
f 8613 8614 8625
f 8613 8625 8627
f 8512 8619 8616
f 8511 8620 8619
f 8511 8627 8620
f 8614 8615 8633
f 8614 8626 8625
f 8615 8623 8640
f 8614 8633 8626
f 8615 8635 8633
f 8623 8624 8714
f 8615 8640 8635
f 8624 8631 8720
f 8623 8641 8640
f 8623 8644 8641
f 8623 8714 8644
f 8624 8717 8714
f 8624 8720 8717
f 8529 8530 8749
f 8530 8617 8749
f 8617 8618 8743
f 8538 8547 9026
f 8547 8709 9026
f 8631 8632 8723
f 8618 8621 8735
f 8621 8622 8725
f 8622 8628 8731
f 8632 8634 8723
f 8634 8639 8723
f 8639 8642 8723
f 8631 8723 8720
f 8642 8713 8723
f 8713 8716 8723
f 8716 8719 8723
f 8618 8735 8736
f 8621 8737 8735
f 8621 8725 8738
f 8621 8738 8737
f 8622 8726 8725
f 8618 8736 8739
f 8618 8739 8740
f 8618 8741 8742
f 8618 8740 8741
f 8618 8742 8743
f 8617 8743 8744
f 8617 8745 8746
f 8617 8744 8745
f 8617 8746 8747
f 8617 8747 8748
f 8529 8749 8750
f 8617 8748 8749
f 8529 8750 8751
f 8529 8751 8752
f 8529 8752 8753
f 8529 8753 8754
f 8529 8754 8755
f 8529 8755 9562
f 8522 8528 9657
f 8506 8526 9741
f 8521 9658 8524
f 8524 9666 8525
f 8521 8522 9657
f 8523 8525 9740
f 8523 9741 8526
f 8506 9742 8543
f 8541 8543 9743
f 8541 9745 8542
f 8542 9755 8544
f 8544 9755 8545
f 8545 9755 8546
f 8719 8722 8723
f 8622 8728 8727
f 8622 8727 8726
f 8622 8730 8728
f 8622 8729 8730
f 8622 8731 8729
f 8628 8732 8731
f 8628 8733 8732
f 8628 8734 8733
f 8628 9548 8734
f 8628 8629 9633
f 8630 8636 9631
f 8637 8638 9624
f 8636 8637 9631
f 8629 8630 9633
f 8643 9621 8646
f 8638 8646 9624
f 8643 8645 9621
f 8527 8529 9652
f 8527 9656 8528
f 8715 8718 9615
f 8718 8721 9615
f 8645 8715 9621
f 8546 10233 8590
f 8710 8580 10233
f 10233 8591 8590
f 10233 8592 8591
f 10233 8594 8592
f 10233 8595 8594
f 10233 8597 8596
f 10233 8596 8595
f 10233 8611 8612
f 10233 8599 8598
f 10233 8598 8597
f 10233 8601 8600
f 10233 8600 8599
f 10233 8593 8602
f 10233 8612 8593
f 10233 8602 8601
f 10233 8580 8581
f 10233 8581 8603
f 10233 8603 8604
f 10233 8604 8605
f 10233 8605 8606
f 10233 8606 8607
f 10233 8608 8610
f 10233 8607 8608
f 10233 8610 8609
f 10233 8609 8611
f 8252 8771 8772
f 8252 8769 8774
f 8252 8772 8769
f 8252 8775 8776
f 8252 8776 8773
f 8252 8774 8775
f 8252 8764 8779
f 8252 8778 8777
f 8252 8779 8778
f 8252 8777 8770
f 8252 8770 8771
f 8252 8773 8790
f 8252 8791 8792
f 8252 8790 8791
f 8252 8792 8793
f 8252 8793 8794
f 8252 8794 8795
f 8252 8795 8796
f 8252 8796 8797
f 8252 8797 8798
f 8252 8798 8799
f 8252 8799 8800
f 8252 8800 8801
f 8252 8801 8829
f 8290 8829 8830
f 8290 8830 8831
f 8290 8831 8832
f 8290 8832 8833
f 8290 8833 8834
f 8290 8834 8835
f 8290 8835 8840
f 8252 9026 8764
f 8290 8840 8841
f 8764 8780 8779
f 8764 8781 8780
f 8764 8782 8781
f 8764 8783 8782
f 8764 8784 8783
f 8764 8785 8784
f 8764 8786 8785
f 8764 8787 8786
f 8764 8788 8787
f 8764 8789 8788
f 8764 8802 8789
f 8764 8803 8802
f 8764 8804 8803
f 8764 8805 8804
f 8764 8806 8805
f 8764 8807 8806
f 8764 9028 8765
f 8765 9029 8766
f 8766 9030 8767
f 8767 9031 8768
f 8768 9106 8814
f 8814 9107 8815
f 8815 9108 8816
f 8816 9109 8817
f 8817 9110 8818
f 8818 9117 8819
f 8819 9118 8820
f 8820 9120 8821
f 8821 9121 8822
f 8822 9136 8823
f 8823 9137 8824
f 8824 9138 8825
f 8825 9139 8826
f 8826 9142 8827
f 8827 9145 8828
f 8828 9153 8848
f 8818 8819 9006
f 8819 8820 9003
f 8820 8821 8992
f 8821 8822 9010
f 8848 9154 8849
f 8849 9155 8850
f 8850 9160 8851
f 8851 9163 8852
f 8852 9168 8853
f 8853 9169 8854
f 8854 9171 8855
f 8855 9175 8856
f 8856 9179 8857
f 8764 9026 9028
f 8765 9028 9029
f 8766 9029 9030
f 8767 9030 9031
f 8768 9031 9106
f 8814 9106 9107
f 8815 9107 9108
f 8816 9108 9109
f 8817 9109 9110
f 8818 9110 9117
f 8819 9117 9118
f 8820 9118 9120
f 8821 9120 9121
f 8822 9121 9136
f 8823 9136 9137
f 8824 9137 9138
f 8825 9138 9139
f 8826 9139 9142
f 8827 9142 9145
f 8828 9145 9153
f 8848 9153 9154
f 8849 9154 9155
f 8850 9155 9160
f 8851 9160 9163
f 8852 9163 9168
f 8853 9168 9169
f 8854 9169 9171
f 8855 9171 9175
f 8856 9175 9179
f 8857 9179 9244
f 8290 8841 9859
f 8764 9859 8807
f 8807 9859 8808
f 8808 9859 8809
f 8809 9859 8810
f 8810 9859 8811
f 8812 9859 8813
f 8811 9859 8812
f 8813 9859 8847
f 8847 9859 8836
f 8836 9859 8839
f 8764 8765 9936
f 8765 8766 9937
f 8766 8767 9950
f 8986 8987 8988
f 8767 8768 9951
f 8768 8814 9948
f 8814 8815 9949
f 8815 8816 9952
f 8816 8817 9946
f 8817 8818 9947
f 8819 9001 9004
f 8818 9006 9007
f 8818 9007 9008
f 8819 9004 9005
f 8819 9005 9006
f 8818 9009 9823
f 8818 9008 9009
f 8819 9003 9000
f 8820 8993 8989
f 8820 8991 8990
f 8820 8989 8991
f 8820 8992 8993
f 8819 9000 9001
f 8820 9002 9003
f 8820 8990 9002
f 8821 8994 8992
f 8821 8995 8994
f 8821 8996 8995
f 8821 8997 8996
f 8821 8998 8997
f 8821 9010 8999
f 8821 8999 8998
f 8822 9012 9011
f 8822 9011 9010
f 8822 9013 9012
f 8822 9014 9013
f 8822 9015 9014
f 8822 9016 9015
f 8822 8823 9941
f 8822 9017 9016
f 8822 9018 9017
f 8822 9019 9018
f 8822 9845 9019
f 8823 8824 9940
f 8824 8825 9938
f 8825 8826 9939
f 8826 8827 9887
f 8827 8828 9886
f 8828 8848 9885
f 8848 8849 9884
f 8849 8850 9883
f 8850 8851 9882
f 8857 9244 8986
f 8986 9247 8987
f 8987 9250 8988
f 8842 9859 8841
f 8843 9859 8842
f 8844 9859 8843
f 8845 9859 8844
f 8846 9859 8845
f 8837 9859 8846
f 8839 9859 8838
f 8838 9859 8837
f 8851 8852 9881
f 8852 8853 9880
f 8853 8854 9879
f 8854 8855 9878
f 8855 8856 9858
f 8856 8857 9857
f 8857 8986 9856
f 8986 8988 9856
f 8818 9823 9945
f 8822 9941 9845
f 8986 9244 9247
f 8987 9247 9250
f 8988 9250 10116
f 8709 9020 9026
f 9020 9024 9026
f 9020 9021 9025
f 9020 9025 9024
f 9024 9027 9026
f 9026 9032 9028
f 9028 9033 9029
f 9029 9034 9030
f 9030 9036 9031
f 9026 9027 9032
f 9028 9032 9033
f 9029 9033 9034
f 9030 9034 9036
f 9031 9036 9111
f 9021 9062 9025
f 9021 9054 9055
f 9021 9053 9054
f 9021 9043 9042
f 9021 9045 9043
f 9021 9057 9053
f 9021 9042 9057
f 9021 9044 9045
f 9021 9046 9044
f 9021 9047 9046
f 9021 9048 9047
f 9021 9049 9048
f 9021 9056 9058
f 9021 9055 9056
f 9021 9059 9060
f 9021 9058 9059
f 9021 9061 9062
f 9021 9060 9061
f 9021 9050 9049
f 9021 9051 9050
f 9021 9052 9051
f 9021 9075 9052
f 9021 9076 9075
f 9025 9062 9063
f 9025 9063 9064
f 9025 9065 9066
f 9025 9064 9065
f 9025 9066 9067
f 9025 9067 9068
f 9025 9068 9069
f 9025 9069 9070
f 9025 9070 9071
f 9025 9071 9072
f 9025 9072 9073
f 9025 9073 9074
f 9025 9074 9086
f 9025 9089 9090
f 9025 9086 9087
f 9025 9087 9085
f 9025 9085 9088
f 9025 9088 9089
f 9031 9111 9106
f 9106 9112 9107
f 9106 9111 9112
f 9107 9113 9108
f 9108 9115 9109
f 9107 9112 9113
f 9108 9113 9115
f 9109 9115 9116
f 9109 9116 9119
f 9109 9119 9110
f 9110 9126 9117
f 9110 9119 9126
f 9117 9127 9118
f 9117 9126 9127
f 9118 9130 9120
f 9118 9127 9130
f 9120 9131 9121
f 9120 9130 9131
f 9121 9131 9140
f 9121 9140 9136
f 9136 9143 9137
f 9136 9140 9141
f 9136 9141 9143
f 9137 9144 9138
f 9137 9143 9144
f 9138 9148 9139
f 9138 9144 9148
f 9139 9151 9142
f 9139 9148 9151
f 9142 9157 9145
f 9142 9151 9152
f 9142 9152 9157
f 9145 9161 9153
f 9145 9157 9161
f 9153 9167 9154
f 9153 9161 9162
f 9153 9162 9167
f 9154 9173 9155
f 9154 9167 9170
f 9155 9178 9160
f 9129 9264 9132
f 9132 9254 9133
f 9133 9257 9134
f 9134 9275 9135
f 9154 9170 9173
f 9155 9173 9174
f 9155 9174 9178
f 9165 9248 9166
f 9160 9178 9243
f 9160 9243 9246
f 9166 9248 9172
f 9172 9248 9176
f 9160 9246 9249
f 8710 10233 9021
f 9021 10233 9076
f 9025 9090 10233
f 9025 10237 9035
f 9035 10238 9037
f 9037 10236 9038
f 9038 10273 9039
f 9039 10256 9040
f 9176 9248 9177
f 9177 9245 9242
f 9177 9248 9245
f 9244 9250 9247
f 9040 10254 9041
f 9041 10254 9114
f 9114 10255 9122
f 9122 10258 9123
f 9123 10251 9124
f 9124 10252 9125
f 9125 10252 9128
f 9128 10250 9129
f 9129 9262 9265
f 9129 9263 9262
f 9129 9266 9263
f 9129 9267 9266
f 9129 9269 9268
f 9129 9268 9267
f 9129 9265 9264
f 9132 9252 9253
f 9132 9264 9252
f 9132 9251 9255
f 9132 9255 9254
f 9132 9253 9251
f 9133 9254 9256
f 9133 9256 9257
f 9134 9257 9258
f 9134 9258 9259
f 9134 9259 9260
f 9134 9260 9261
f 9129 9270 9269
f 9129 9271 9270
f 9129 10081 9271
f 9134 9261 9272
f 9134 9272 9273
f 9134 9273 9274
f 9134 9274 9275
f 9135 10151 9146
f 9135 9275 9276
f 9135 9276 9277
f 9146 10151 9147
f 9147 10149 9149
f 9135 9277 9278
f 9135 9278 9279
f 9135 9279 9280
f 9135 9280 9281
f 9135 9281 10103
f 9149 10142 9150
f 9150 10142 9156
f 9156 10133 9158
f 9159 10120 9164
f 10233 9077 9076
f 10233 9078 9077
f 10233 9079 9078
f 10233 9080 9079
f 10233 9081 9080
f 10233 9082 9081
f 10233 9084 9083
f 10233 9083 9082
f 10233 9092 9091
f 10233 9091 9084
f 10233 9094 9093
f 10233 9093 9092
f 10233 9096 9095
f 10233 9095 9094
f 10233 9097 9096
f 10233 9098 9097
f 10233 9105 9100
f 10233 9103 9105
f 10233 9099 9098
f 10233 9100 9099
f 10233 9090 9102
f 10233 9102 9101
f 10233 9104 9103
f 10233 9101 9104
f 9158 10133 9159
f 9164 10120 9165
f 9160 10147 9163
f 9163 10145 9168
f 9160 9249 10115
f 9168 10140 9169
f 9165 10114 9248
f 9169 10137 9171
f 9171 10122 9175
f 9175 10119 9179
f 9179 10116 9244
f 9244 10116 9250
f 9129 10250 10081
f 9135 10103 10151
f 8244 9288 9361
f 8240 9365 9301
f 9323 9299 9300
f 8312 9345 9344
f 8313 9337 9346
f 8314 9338 9337
f 8312 9346 9345
f 8315 9339 9338
f 8316 9340 9339
f 8317 9341 9340
f 8318 9342 9341
f 8319 9343 9342
f 8326 9348 9343
f 9356 9300 8459
f 8298 9357 9356
f 8246 9358 9357
f 8247 9359 9358
f 8245 9360 9359
f 9361 9288 9289
f 9361 9289 9290
f 9361 9290 9291
f 9361 9291 9292
f 8244 9361 9360
f 9361 9292 9293
f 9361 9293 9294
f 9361 9294 9295
f 9323 9300 9325
f 9325 9300 9326
f 9361 9295 9296
f 9361 9296 9297
f 9361 9297 9298
f 9362 9298 9312
f 9362 9312 9313
f 9362 9313 9314
f 9362 9314 9315
f 9362 9315 9316
f 9362 9316 9317
f 9362 9317 9319
f 9363 9321 9309
f 9363 9309 9308
f 9364 9311 9310
f 9363 9319 9318
f 9363 9322 9320
f 9363 9320 9321
f 9363 9318 9322
f 9364 9308 9311
f 9365 9303 9302
f 9365 9302 9301
f 9364 9306 9305
f 9364 9307 9306
f 9365 9304 9303
f 9365 9305 9304
f 9364 9310 9307
f 8238 9366 9365
f 8239 9367 9366
f 8233 9368 9367
f 8236 9369 9368
f 8237 9415 9369
f 8234 9416 9415
f 9326 9300 9327
f 9327 9300 9328
f 9328 9300 9329
f 9329 9300 9330
f 9323 9325 9324
f 9330 9300 9331
f 9331 9300 9332
f 9332 9300 9333
f 9323 9584 9299
f 9323 9324 9584
f 9324 9325 9587
f 9325 9326 9590
f 8235 9417 9416
f 8248 9418 9417
f 8249 9419 9418
f 8312 9347 9336
f 8312 9344 9347
f 9419 8312 9336
f 9584 9559 9299
f 9324 9587 9584
f 9325 9590 9587
f 8325 9891 9348
f 9333 9300 9334
f 9334 9300 9335
f 9335 9300 9355
f 9355 9300 9356
f 9361 9298 9362
f 9362 9319 9363
f 9363 9308 9364
f 9364 9305 9365
f 9326 9327 9601
f 9327 9328 9605
f 9328 9329 9609
f 9329 9330 9611
f 9330 9331 9612
f 9331 9332 9617
f 9332 9333 9620
f 9333 9334 9625
f 9334 9335 9626
f 9335 9355 9627
f 9355 9356 9635
f 9356 9357 9638
f 9357 9358 9641
f 9358 9359 9642
f 9359 9360 9643
f 9360 9361 9644
f 9361 9362 9659
f 9362 9363 9660
f 9363 9364 9662
f 9364 9365 9663
f 9365 9366 9670
f 9366 9367 9671
f 9367 9368 9672
f 9368 9369 9673
f 9369 9415 9674
f 9419 9336 9370
f 9419 9370 9371
f 9419 9371 9372
f 9419 9372 9373
f 9419 9373 9374
f 9419 9374 9375
f 9419 9375 9376
f 9419 9376 9377
f 9419 9377 9378
f 9419 9378 9379
f 9419 9379 9380
f 9419 9380 9381
f 9419 9381 9394
f 9419 9394 9395
f 9419 9395 9396
f 9419 9396 9397
f 9419 9397 9398
f 9419 9398 9399
f 9419 9399 9400
f 9419 9400 9401
f 9419 9401 9402
f 9419 9402 9403
f 9419 9403 9404
f 9415 9416 9749
f 9416 9417 9750
f 9417 9418 9751
f 9418 9419 9752
f 9326 9601 9590
f 9327 9605 9601
f 9328 9609 9605
f 9329 9611 9609
f 9330 9612 9611
f 9331 9617 9612
f 9332 9620 9617
f 9333 9625 9620
f 9334 9626 9625
f 9335 9627 9626
f 9355 9635 9627
f 9356 9638 9635
f 9357 9641 9638
f 9358 9642 9641
f 9359 9643 9642
f 9360 9644 9643
f 9361 9659 9644
f 9362 9660 9659
f 9363 9662 9660
f 9364 9663 9662
f 9365 9670 9663
f 9366 9671 9670
f 9367 9672 9671
f 9368 9673 9672
f 9369 9674 9673
f 9415 9749 9674
f 9416 9750 9749
f 9417 9751 9750
f 9418 9752 9751
f 9419 9754 9752
f 9348 9891 9349
f 9349 9891 9350
f 9350 9891 9351
f 9351 9891 9352
f 9352 9891 9353
f 9353 9891 9354
f 9354 9891 9382
f 9382 9891 9383
f 9383 9891 9384
f 9384 9891 9385
f 9385 9892 9386
f 9386 9893 9387
f 9387 9894 9388
f 9388 9895 9389
f 9389 9896 9390
f 9390 9897 9391
f 9391 9898 9392
f 9392 9899 9393
f 9393 9912 9410
f 9407 9914 9408
f 9408 9915 9409
f 9409 9915 9414
f 9410 9913 9407
f 9405 9915 9404
f 9406 9915 9405
f 9413 9915 9406
f 9411 9915 9412
f 9414 9915 9411
f 9412 9915 9413
f 9419 9404 9915
f 9419 9933 9754
f 8721 8724 9615
f 8628 9645 9548
f 8529 9562 9651
f 9585 9560 9559
f 9615 8724 9561
f 8715 9615 9616
f 8646 9621 9622
f 8546 9679 9676
f 8546 9676 9677
f 8546 9678 9679
f 8546 9691 9690
f 8546 9690 9678
f 8546 9692 9691
f 8546 9693 9695
f 8546 9695 9692
f 8546 9680 9681
f 8546 9681 9682
f 8546 9677 9675
f 8546 9675 9680
f 8546 9682 9683
f 8546 9683 9684
f 8546 9684 9685
f 8546 9685 9686
f 8546 9686 9687
f 8546 9687 9688
f 8546 9688 9689
f 8546 9689 9696
f 8546 9696 9697
f 8546 9697 9698
f 8546 9698 9699
f 8546 9700 9701
f 8546 9699 9700
f 8546 9701 9702
f 8546 9702 9703
f 8546 9703 9704
f 8546 9694 9693
f 8546 9706 9694
f 8546 9707 9706
f 8715 9616 9621
f 8646 9622 9624
f 8637 9624 9630
f 8637 9630 9631
f 9645 9549 9548
f 9645 9550 9549
f 9645 9551 9550
f 9645 9552 9551
f 9645 9553 9552
f 8630 9631 9633
f 8628 9633 9634
f 9645 9554 9553
f 9645 9555 9554
f 8628 9634 9645
f 9584 9590 9559
f 9590 9601 9559
f 9586 9615 9561
f 9646 9556 9555
f 9646 9557 9556
f 9646 9558 9557
f 9646 9573 9558
f 9651 9562 9563
f 9651 9563 9564
f 9651 9564 9565
f 9646 9574 9573
f 9646 9575 9574
f 9646 9576 9575
f 9646 9577 9576
f 9647 9578 9577
f 9647 9580 9578
f 9648 9581 9583
f 9648 9579 9580
f 9648 9583 9579
f 9648 9570 9582
f 9648 9582 9581
f 9651 9569 9570
f 9651 9566 9567
f 9651 9565 9566
f 9651 9567 9568
f 9651 9568 9571
f 9651 9571 9572
f 9651 9572 9569
f 8529 9651 9652
f 8527 9652 9655
f 8527 9655 9656
f 8528 9656 9657
f 8521 9657 9658
f 8524 9658 9666
f 8525 9666 9739
f 8525 9739 9740
f 9601 9605 9559
f 9605 9609 9559
f 9585 9559 9620
f 9609 9611 9559
f 9611 9612 9559
f 9612 9617 9559
f 9584 9587 9590
f 9586 9589 9603
f 9617 9620 9559
f 9589 9592 9603
f 9586 9603 9604
f 8523 9740 9741
f 8506 9741 9742
f 8543 9742 9743
f 8541 9743 9745
f 8542 9745 9755
f 8546 9755 9707
f 8546 9704 9819
f 8546 9819 10129
f 9585 9620 9588
f 9586 9604 9608
f 9586 9608 9614
f 9588 9620 9591
f 9591 9620 9602
f 9586 9614 9615
f 9602 9625 9606
f 9606 9625 9607
f 9607 9626 9610
f 9645 9646 9555
f 9646 9647 9577
f 9647 9648 9580
f 9648 9651 9570
f 9602 9620 9625
f 9610 9626 9613
f 9607 9625 9626
f 9613 9627 9618
f 9618 9627 9619
f 9613 9626 9627
f 9619 9635 9623
f 9619 9627 9635
f 9623 9638 9628
f 9628 9638 9629
f 9623 9635 9638
f 9629 9641 9632
f 9629 9638 9641
f 9632 9642 9636
f 9632 9641 9642
f 9636 9643 9637
f 9636 9642 9643
f 9637 9644 9639
f 9639 9644 9640
f 9637 9643 9644
f 9640 9644 9659
f 9640 9659 9649
f 9649 9660 9650
f 9649 9659 9660
f 9650 9662 9653
f 9650 9660 9662
f 9653 9663 9654
f 9653 9662 9663
f 9654 9670 9661
f 9654 9663 9670
f 9661 9670 9671
f 9661 9671 9664
f 9664 9671 9665
f 9665 9672 9667
f 9667 9673 9668
f 9665 9671 9672
f 9667 9672 9673
f 9668 9674 9669
f 9668 9673 9674
f 9669 9674 9749
f 9755 9708 9707
f 9755 9709 9708
f 9755 9710 9709
f 9755 9711 9710
f 9755 9712 9711
f 9755 9713 9712
f 9755 9714 9713
f 9755 9716 9715
f 9755 9715 9714
f 9755 9717 9716
f 9755 9718 9717
f 9755 9719 9718
f 9755 9721 9720
f 9755 9720 9719
f 9755 9722 9721
f 9819 9704 9705
f 9819 9705 9728
f 9819 9728 9729
f 9819 9729 9730
f 9819 9730 9731
f 9819 9724 9722
f 9819 9725 9724
f 9819 9731 9732
f 9819 9733 9734
f 9819 9732 9733
f 9819 9734 9736
f 9819 9736 9735
f 9819 9723 9727
f 9819 9738 9723
f 9819 9737 9738
f 9819 9735 9737
f 9819 9726 9725
f 9819 9727 9726
f 9755 9819 9722
f 9669 9749 9744
f 9744 9750 9746
f 9746 9751 9747
f 9747 9752 9748
f 9748 9754 9753
f 9744 9749 9750
f 9746 9750 9751
f 9747 9751 9752
f 9748 9752 9754
f 9753 9754 9756
f 9755 9756 9820
f 9755 9820 9819
f 9754 9820 9756
f 9754 10130 9820
f 9860 8292 9859
f 8296 9863 9861
f 8296 9861 9862
f 8296 9860 9863
f 9864 8297 9862
f 8321 9864 9865
f 8321 9865 9888
f 9889 8323 9888
f 8325 9889 9890
f 8325 9890 9891
f 8764 9866 9859
f 8764 9867 9866
f 8764 9868 9867
f 8764 9869 9868
f 8764 9870 9869
f 8764 9871 9870
f 8764 9872 9871
f 8764 9873 9872
f 8764 9874 9873
f 8764 9875 9874
f 8764 9876 9875
f 8764 9877 9876
f 8764 9900 9877
f 8764 9901 9900
f 8764 9902 9901
f 8764 9903 9902
f 8764 9904 9903
f 8764 9905 9904
f 8764 9906 9905
f 8764 9907 9906
f 8857 9856 9857
f 8856 9857 9858
f 8855 9858 9878
f 8854 9878 9879
f 8853 9879 9880
f 8852 9880 9881
f 8851 9881 9882
f 8826 9887 9939
f 8825 9939 9938
f 8849 9883 9884
f 8828 9885 9886
f 8848 9884 9885
f 8850 9882 9883
f 8827 9886 9887
f 8988 10116 9856
f 8764 9935 9907
f 8764 9936 9935
f 8765 9937 9936
f 8766 9950 9937
f 8815 9952 9949
f 8818 9945 9947
f 8816 9946 9952
f 8817 9947 9946
f 9945 9823 9824
f 9945 9824 9825
f 9945 9825 9826
f 9945 9826 9827
f 9945 9827 9828
f 9944 9828 9829
f 9944 9829 9830
f 8767 9951 9950
f 8768 9948 9951
f 8814 9949 9948
f 9944 9830 9831
f 9944 9831 9832
f 9944 9832 9833
f 9944 9833 9834
f 9944 9834 9835
f 9944 9835 9836
f 9943 9837 9838
f 9943 9838 9839
f 9943 9839 9840
f 9943 9843 9844
f 9943 9840 9843
f 9944 9836 9837
f 8823 9940 9941
f 9941 9846 9845
f 8824 9938 9940
f 9942 9849 9848
f 9942 9851 9849
f 9941 9847 9846
f 9941 9848 9847
f 9942 9852 9850
f 9942 9850 9851
f 9942 9853 9852
f 9942 9855 9854
f 9942 9854 9853
f 9942 9841 9855
f 9942 9842 9841
f 9943 9844 9842
f 9856 10119 9857
f 9857 10122 9858
f 9856 10116 10119
f 9857 10119 10122
f 9858 10122 10137
f 9385 9891 9892
f 9386 9892 9893
f 9387 9893 9894
f 9388 9894 9895
f 9389 9895 9896
f 9390 9896 9897
f 9391 9897 9898
f 9392 9898 9899
f 9393 9899 9912
f 9410 9912 9913
f 9407 9913 9914
f 9408 9914 9915
f 9419 9915 9916
f 9419 9916 9917
f 9419 9917 9918
f 9419 9919 9922
f 9419 9918 9919
f 9419 9922 9923
f 9419 9923 9924
f 9419 9924 9925
f 9419 9925 9933
f 9754 9933 10241
f 9943 9944 9837
f 9944 9945 9828
f 9941 9942 9848
f 9942 9943 9842
f 9858 10137 9878
f 9878 10140 9879
f 9879 10145 9880
f 9880 10147 9881
f 9881 10148 9882
f 9882 10155 9883
f 9883 10156 9884
f 9884 10164 9885
f 9885 10165 9886
f 9886 10166 9887
f 9933 9931 9911
f 9934 9908 9907
f 9934 9909 9908
f 9934 9910 9909
f 9934 9911 9910
f 9933 9926 9928
f 9933 9925 9926
f 9933 9921 9920
f 9933 9932 9931
f 9933 9920 9932
f 9933 9930 9921
f 9933 9927 9930
f 9933 9929 9927
f 9933 9928 9929
f 9933 9911 9934
f 9934 9907 9935
f 9933 9934 10241
f 9934 9935 10245
f 9935 9936 10246
f 9936 9937 10247
f 9938 9939 10267
f 9938 10269 9940
f 9887 10268 9939
f 9940 10270 9941
f 9941 10271 9942
f 9942 10272 9943
f 9944 10281 9945
f 9946 9947 10282
f 9945 10283 9947
f 9949 9952 10285
f 9948 9949 10284
f 9950 9951 10286
f 9948 10287 9951
f 9937 9950 10248
f 9946 10288 9952
f 9943 10280 9944
f 9878 10137 10140
f 9879 10140 10145
f 9880 10145 10147
f 9881 10147 10148
f 9882 10148 10155
f 9884 10156 10164
f 9883 10155 10156
f 9885 10164 10165
f 9886 10165 10166
f 9934 10245 10241
f 9935 10246 10245
f 9936 10247 10246
f 9937 10248 10247
f 9939 10268 10267
f 9938 10267 10269
f 9887 10166 10268
f 9941 10270 10271
f 9940 10269 10270
f 9942 10271 10272
f 9944 10280 10281
f 9947 10283 10282
f 9946 10282 10288
f 9945 10281 10283
f 9949 10285 10284
f 9951 10287 10286
f 9950 10286 10248
f 9948 10284 10287
f 9952 10288 10285
f 9943 10272 10280
f 8546 10170 10168
f 8546 10169 10170
f 8546 10172 10171
f 8546 10171 10169
f 8546 10173 10172
f 8546 10174 10173
f 8546 10175 10174
f 8546 10176 10175
f 8546 10198 10176
f 8546 10199 10198
f 8546 10177 10178
f 8546 10167 10186
f 8546 10186 10177
f 8546 10178 10179
f 8546 10179 10180
f 8546 10180 10181
f 8546 10181 10182
f 8546 10168 10167
f 8546 10182 10183
f 8546 10183 10184
f 8546 10184 10185
f 8546 10185 10187
f 8546 10187 10188
f 8546 10188 10189
f 8546 10129 10199
f 8546 10189 10233
f 9159 10134 10120
f 9165 10117 10114
f 9165 10120 10117
f 9124 10251 10252
f 9128 10252 10250
f 9159 10136 10134
f 9156 10141 10133
f 9159 10133 10136
f 9147 10150 10149
f 9149 10143 10142
f 9156 10142 10141
f 9149 10149 10143
f 9160 10115 10148
f 9179 10119 10116
f 9175 10122 10119
f 9171 10137 10122
f 9169 10140 10137
f 9168 10145 10140
f 9163 10147 10145
f 9160 10148 10147
f 9147 10151 10150
f 10151 10103 10104
f 10151 10104 10105
f 10151 10105 10106
f 10151 10106 10107
f 10157 10107 10109
f 10157 10109 10108
f 10157 10108 10110
f 10157 10111 10112
f 10157 10110 10111
f 9025 10233 10234
f 9025 10234 10235
f 9025 10235 10237
f 9035 10237 10238
f 9037 10238 10236
f 9038 10236 10273
f 9039 10253 10256
f 9040 10256 10254
f 9123 10258 10257
f 9114 10254 10255
f 9122 10255 10258
f 9039 10273 10253
f 9123 10257 10251
f 10250 10082 10081
f 10250 10083 10082
f 10250 10084 10083
f 10250 10085 10084
f 10250 10086 10085
f 10250 10087 10086
f 10162 10089 10088
f 10250 10088 10087
f 10162 10090 10089
f 10162 10091 10090
f 10162 10092 10091
f 10162 10093 10092
f 10162 10094 10093
f 10161 10095 10094
f 10161 10097 10096
f 10161 10096 10095
f 10161 10098 10097
f 10161 10101 10098
f 10157 10112 10113
f 10158 10099 10100
f 10158 10113 10099
f 10158 10100 10102
f 10161 10102 10101
f 10151 10107 10157
f 10157 10113 10158
f 10158 10102 10161
f 9754 10232 10130
f 9754 10241 10232
f 10161 10094 10162
f 10162 10088 10249
f 10249 10088 10250
f 10115 10118 10155
f 10118 10121 10155
f 10121 10135 10156
f 10135 10138 10156
f 10138 10139 10156
f 10115 10155 10148
f 10139 10144 10164
f 10121 10156 10155
f 10144 10146 10164
f 10146 10153 10165
f 10139 10164 10156
f 10153 10154 10165
f 10146 10165 10164
f 10152 10159 10268
f 10159 10160 10268
f 10160 10163 10267
f 10152 10166 10154
f 10154 10166 10165
f 10152 10268 10166
f 10233 10189 10190
f 10233 10190 10191
f 10233 10191 10192
f 10129 10200 10199
f 10129 10201 10200
f 10129 10202 10201
f 10129 10203 10202
f 10129 10204 10203
f 10129 10205 10204
f 10129 10206 10205
f 10129 10207 10206
f 10129 10208 10207
f 10129 10216 10215
f 10129 10215 10208
f 10129 10218 10217
f 10129 10217 10216
f 10129 10220 10219
f 10129 10219 10218
f 10129 10222 10220
f 10129 10231 10222
f 10231 10211 10212
f 10231 10214 10225
f 10231 10225 10227
f 10231 10227 10226
f 10231 10212 10213
f 10231 10213 10214
f 10231 10230 10224
f 10231 10228 10229
f 10231 10226 10228
f 10231 10229 10230
f 10231 10221 10222
f 10231 10223 10221
f 10231 10224 10223
f 10233 10193 10194
f 10233 10192 10193
f 10233 10194 10195
f 10233 10195 10196
f 10233 10196 10197
f 10233 10197 10209
f 10233 10209 10210
f 10233 10210 10211
f 10231 10233 10211
f 10129 10130 10232
f 10129 10232 10231
f 10232 10246 10240
f 10232 10241 10245
f 10232 10245 10246
f 10240 10246 10242
f 10242 10246 10243
f 10243 10247 10244
f 10239 10244 10248
f 10244 10247 10248
f 10243 10246 10247
f 10239 10248 10286
f 10260 10272 10266
f 10259 10280 10260
f 10259 10261 10281
f 10260 10280 10272
f 10160 10267 10268
f 10163 10263 10269
f 10263 10264 10270
f 10264 10265 10271
f 10163 10269 10267
f 10263 10270 10269
f 10265 10266 10271
f 10264 10271 10270
f 10266 10272 10271
f 10276 10278 10284
f 10274 10288 10275
f 10274 10276 10285
f 10274 10285 10288
f 10261 10262 10283
f 10262 10279 10282
f 10275 10282 10279
f 10259 10281 10280
f 10261 10283 10281
f 10262 10282 10283
f 10275 10288 10282
f 10277 10287 10278
f 10239 10286 10277
f 10277 10286 10287
f 10278 10287 10284
f 10276 10284 10285
f 8500 8517 8647
f 8503 8505 8650
f 8501 8649 8502
f 8501 8503 8648
f 8504 8652 8505
f 8500 8651 8504
f 8513 8514 8654
f 8514 8515 8655
f 8516 8616 8657
f 8515 8516 8656
f 8518 8520 8659
f 8517 8518 8658
f 8519 8661 8520
f 8513 8660 8519
f 8535 8673 8536
f 8536 8674 8537
f 8537 8675 8539
f 8539 8675 8547
f 8502 8676 8540
f 8535 8540 8672
f 8616 8619 8685
f 8619 8620 8688
f 8620 8627 8689
f 8625 8626 8692
f 8625 8694 8627
f 8626 8633 8693
f 8633 8635 8698
f 8635 8640 8699
f 8640 8641 8703
f 8641 8644 8704
f 8500 8647 8651
f 8517 8658 8647
f 8505 8652 8650
f 8501 8648 8649
f 8503 8650 8648
f 8504 8651 8652
f 8514 8655 8654
f 8515 8656 8655
f 8516 8657 8656
f 8520 8661 8659
f 8518 8659 8658
f 8519 8660 8661
f 8513 8654 8660
f 8648 8679 8649
f 8650 8652 8667
f 8647 8666 8651
f 8651 8664 8652
f 8652 8664 8667
f 8648 8650 8653
f 8648 8653 8679
f 8650 8667 8653
f 8654 8655 8671
f 8655 8656 8686
f 8655 8686 8671
f 8656 8687 8686
f 8647 8658 8665
f 8658 8659 8663
f 8658 8662 8665
f 8659 8661 8669
f 8660 8668 8661
f 8661 8668 8669
f 8659 8669 8663
f 8658 8663 8662
f 8647 8665 8666
f 8651 8666 8664
f 8654 8670 8660
f 8660 8670 8668
f 8654 8671 8670
f 8535 8672 8673
f 8536 8673 8674
f 8537 8674 8675
f 8547 8675 8683
f 8502 8649 8676
f 8540 8676 8672
f 8672 8676 8678
f 8649 8677 8676
f 8676 8677 8678
f 8672 8678 8680
f 8672 8680 8673
f 8673 8680 8681
f 8673 8681 8682
f 8649 8679 8677
f 8673 8684 8674
f 8674 8684 8675
f 8673 8682 8684
f 8675 8684 8683
f 8616 8685 8657
f 8619 8688 8685
f 8620 8689 8688
f 8625 8692 8694
f 8626 8693 8692
f 8627 8694 8689
f 8633 8698 8693
f 8635 8699 8698
f 8640 8703 8699
f 8641 8704 8703
f 8644 8706 8704
f 8656 8657 8690
f 8656 8690 8687
f 8657 8685 8691
f 8657 8691 8690
f 8685 8688 8695
f 8685 8695 8691
f 8688 8689 8697
f 8688 8696 8695
f 8689 8694 8700
f 8688 8697 8696
f 8689 8700 8697
f 8692 8702 8694
f 8694 8701 8700
f 8692 8693 8705
f 8692 8705 8708
f 8694 8702 8701
f 8692 8708 8702
f 8693 8698 8761
f 8693 8707 8705
f 8698 8699 8761
f 8693 8757 8707
f 8693 8759 8757
f 8693 8761 8759
f 8709 8711 9020
f 8711 8712 9023
f 8644 8714 8706
f 8714 8717 8756
f 8717 8720 8758
f 8720 8723 8762
f 8706 8714 8756
f 8717 8758 8756
f 8720 8760 8758
f 8720 8762 8760
f 8699 8703 8763
f 8703 8704 8763
f 8704 8706 8763
f 8706 8756 8763
f 8699 8763 8761
f 8756 8758 8763
f 8758 8760 8763
f 8760 8762 8763
f 8711 9022 9020
f 8711 9023 9022
f 9024 9180 9027
f 9027 9183 9032
f 9032 9184 9033
f 9033 9185 9034
f 9034 9187 9036
f 9036 9193 9111
f 9111 9194 9112
f 9112 9195 9113
f 9113 9197 9115
f 9115 9198 9116
f 9116 9199 9119
f 9119 9204 9126
f 9126 9205 9127
f 9127 9208 9130
f 9130 9209 9131
f 9131 9214 9140
f 9140 9215 9141
f 9141 9216 9143
f 9143 9217 9144
f 9144 9220 9148
f 9148 9223 9151
f 9151 9224 9152
f 9152 9226 9157
f 9157 9229 9161
f 9161 9230 9162
f 9162 9234 9167
f 9167 9235 9170
f 9170 9237 9173
f 9173 9238 9174
f 9174 9241 9178
f 9027 9180 9182
f 9027 9182 9183
f 9032 9183 9184
f 9033 9184 9185
f 9034 9185 9187
f 9036 9187 9193
f 9180 9181 9186
f 9180 9186 9182
f 9182 9188 9183
f 9183 9189 9184
f 9182 9186 9188
f 9183 9188 9189
f 9184 9189 9190
f 9184 9190 9185
f 9185 9191 9187
f 9185 9190 9191
f 9187 9192 9193
f 9187 9191 9192
f 9111 9193 9194
f 9112 9194 9195
f 9113 9195 9197
f 9115 9197 9198
f 9116 9198 9199
f 9119 9199 9204
f 9126 9204 9205
f 9127 9205 9208
f 9130 9208 9209
f 9131 9209 9214
f 9140 9214 9215
f 9141 9215 9216
f 9143 9216 9217
f 9144 9217 9220
f 9193 9196 9194
f 9192 9196 9193
f 9194 9200 9195
f 9194 9196 9200
f 9195 9200 9201
f 9195 9201 9197
f 9197 9202 9198
f 9197 9201 9202
f 9198 9202 9203
f 9198 9203 9206
f 9198 9206 9199
f 9199 9207 9204
f 9199 9206 9207
f 9204 9210 9205
f 9204 9207 9210
f 9205 9210 9211
f 9205 9211 9208
f 9208 9212 9209
f 9208 9211 9212
f 9209 9213 9214
f 9209 9212 9213
f 9213 9218 9214
f 9214 9218 9215
f 9215 9218 9219
f 9215 9221 9216
f 9148 9220 9223
f 9151 9223 9224
f 9152 9224 9226
f 9157 9226 9229
f 9161 9229 9230
f 9162 9230 9234
f 9167 9234 9235
f 9170 9235 9237
f 9173 9237 9238
f 9174 9238 9241
f 9215 9219 9221
f 9216 9222 9217
f 9216 9221 9222
f 9217 9225 9220
f 9217 9222 9225
f 9220 9228 9223
f 9220 9225 9227
f 9220 9227 9228
f 9223 9231 9224
f 9223 9228 9231
f 9224 9233 9226
f 9224 9231 9232
f 9224 9232 9233
f 9226 9233 9236
f 9226 9236 9239
f 9226 9239 9229
f 9229 9284 9230
f 9229 9239 9240
f 9229 9240 9282
f 9229 9282 9284
f 9230 9284 9286
f 9178 9283 9243
f 9243 9285 9246
f 9246 9287 9249
f 9178 9241 9283
f 9243 9283 9285
f 9246 9285 9287
f 9283 9287 9285
f 9249 9287 10124
f 9230 10294 9234
f 9230 9286 10123
f 9234 10293 9235
f 9235 10291 9237
f 9237 10128 9238
f 9238 10126 9241
f 9241 10124 9283
f 9283 10124 9287
f 9585 9595 9560
f 9585 9588 9595
f 9588 9591 9597
f 9591 9602 9599
f 9595 9593 9560
f 9596 9594 9593
f 9588 9597 9595
f 9591 9599 9597
f 9599 9602 9757
f 9595 9599 9593
f 9599 9757 9593
f 9757 9760 9593
f 9596 9593 9768
f 9760 9761 9593
f 9761 9763 9593
f 9763 9764 9593
f 9764 9768 9593
f 9595 9597 9599
f 9602 9606 9757
f 9606 9607 9760
f 9607 9610 9761
f 9610 9613 9763
f 9613 9618 9764
f 9618 9619 9768
f 9619 9623 9769
f 9623 9628 9772
f 9628 9629 9774
f 9629 9632 9775
f 9632 9636 9778
f 9636 9637 9781
f 9637 9639 9782
f 9639 9640 9783
f 9640 9649 9784
f 9649 9650 9789
f 9650 9653 9790
f 9653 9654 9793
f 9654 9661 9794
f 9661 9664 9799
f 9664 9665 9800
f 9665 9667 9801
f 9667 9668 9803
f 9668 9669 9804
f 9669 9744 9805
f 9744 9746 9811
f 9746 9747 9813
f 9747 9748 9814
f 9748 9753 9815
f 9753 9756 9818
f 9606 9760 9757
f 9607 9761 9760
f 9610 9763 9761
f 9613 9764 9763
f 9618 9768 9764
f 9619 9769 9768
f 9623 9772 9769
f 9628 9774 9772
f 9629 9775 9774
f 9632 9778 9775
f 9596 9768 9598
f 9598 9769 9600
f 9600 9769 9758
f 9758 9769 9759
f 9598 9768 9769
f 9759 9769 9772
f 9759 9772 9762
f 9762 9772 9765
f 9765 9774 9766
f 9766 9774 9767
f 9765 9772 9774
f 9767 9775 9770
f 9767 9774 9775
f 9770 9778 9771
f 9771 9778 9773
f 9770 9775 9778
f 9773 9781 9776
f 9773 9778 9781
f 9776 9782 9777
f 9776 9781 9782
f 9777 9783 9779
f 9636 9781 9778
f 9637 9782 9781
f 9639 9783 9782
f 9640 9784 9783
f 9649 9789 9784
f 9650 9790 9789
f 9653 9793 9790
f 9654 9794 9793
f 9661 9799 9794
f 9664 9800 9799
f 9665 9801 9800
f 9667 9803 9801
f 9668 9804 9803
f 9669 9805 9804
f 9777 9782 9783
f 9779 9783 9780
f 9780 9783 9784
f 9780 9784 9785
f 9785 9789 9786
f 9784 9789 9785
f 9786 9790 9787
f 9786 9789 9790
f 9787 9790 9793
f 9787 9793 9788
f 9788 9794 9791
f 9788 9793 9794
f 9791 9799 9792
f 9791 9794 9799
f 9792 9799 9800
f 9792 9800 9795
f 9795 9800 9796
f 9796 9801 9797
f 9796 9800 9801
f 9797 9801 9803
f 9797 9803 9798
f 9798 9804 9802
f 9798 9803 9804
f 9802 9805 9806
f 9802 9804 9805
f 9744 9811 9805
f 9746 9813 9811
f 9747 9814 9813
f 9748 9815 9814
f 9753 9816 9815
f 9753 9818 9816
f 9806 9811 9807
f 9805 9811 9806
f 9807 9813 9808
f 9807 9811 9813
f 9808 9813 9814
f 9808 9814 9809
f 9809 9815 9810
f 9810 9816 9812
f 9809 9814 9815
f 9810 9815 9816
f 9812 9816 9818
f 9812 9818 9817
f 9820 10132 9822
f 9821 9822 10132
f 9249 10124 10115
f 10115 10126 10118
f 10118 10128 10121
f 10121 10291 10135
f 9230 10123 10298
f 9241 10126 10124
f 9238 10128 10126
f 9237 10291 10128
f 9235 10293 10291
f 9234 10294 10293
f 9230 10298 10294
f 10115 10124 10126
f 10118 10126 10128
f 10121 10128 10291
f 9820 10130 10132
f 9821 10132 10131
f 10135 10293 10138
f 10138 10294 10139
f 10139 10298 10144
f 10144 10299 10146
f 10146 10304 10153
f 10152 10154 10303
f 10153 10305 10154
f 10152 10308 10159
f 10159 10309 10160
f 10160 10312 10163
f 10239 10325 10244
f 10239 10277 10321
f 10232 10240 10322
f 10240 10242 10322
f 10242 10243 10323
f 10243 10244 10324
f 10260 10266 10337
f 10259 10260 10336
f 10261 10339 10262
f 10259 10338 10261
f 10263 10341 10264
f 10163 10340 10263
f 10264 10342 10265
f 10265 10343 10266
f 10275 10279 10346
f 10274 10275 10345
f 10276 10349 10278
f 10277 10278 10348
f 10274 10347 10276
f 10262 10350 10279
f 10135 10291 10293
f 10138 10293 10294
f 10139 10294 10298
f 10144 10298 10299
f 10146 10299 10304
f 10152 10303 10308
f 10153 10304 10305
f 10154 10305 10303
f 10159 10308 10309
f 10160 10309 10312
f 10163 10312 10340
f 10123 10125 10304
f 10125 10127 10304
f 10127 10290 10304
f 10123 10299 10298
f 10290 10292 10304
f 10123 10304 10299
f 10289 10295 10305
f 10295 10296 10303
f 10289 10305 10292
f 10292 10305 10304
f 10296 10297 10303
f 10295 10303 10305
f 10297 10300 10308
f 10300 10301 10309
f 10297 10308 10303
f 10301 10302 10309
f 10300 10309 10308
f 10302 10306 10312
f 10302 10312 10309
f 10306 10307 10340
f 10306 10340 10312
f 10307 10310 10341
f 10307 10341 10340
f 10239 10321 10325
f 10277 10348 10321
f 10232 10322 10314
f 10242 10323 10322
f 10243 10324 10323
f 10244 10325 10324
f 10313 10314 10322
f 10313 10324 10315
f 10313 10322 10323
f 10313 10323 10324
f 10318 10320 10348
f 10315 10324 10316
f 10316 10324 10317
f 10317 10324 10325
f 10317 10325 10319
f 10319 10321 10320
f 10320 10321 10348
f 10319 10325 10321
f 10266 10343 10337
f 10260 10337 10336
f 10261 10338 10339
f 10259 10336 10338
f 10263 10340 10341
f 10264 10341 10342
f 10265 10342 10343
f 10275 10346 10345
f 10276 10347 10349
f 10278 10349 10348
f 10274 10345 10347
f 10262 10339 10350
f 10279 10350 10346
f 10326 10327 10343
f 10327 10329 10337
f 10327 10337 10343
f 10331 10333 10346
f 10331 10350 10332
f 10334 10335 10339
f 10328 10334 10338
f 10328 10336 10329
f 10329 10336 10337
f 10328 10338 10336
f 10332 10339 10335
f 10334 10339 10338
f 10332 10350 10339
f 10310 10311 10341
f 10311 10326 10342
f 10311 10342 10341
f 10326 10343 10342
f 10330 10344 10347
f 10318 10349 10344
f 10344 10349 10347
f 10330 10345 10333
f 10333 10345 10346
f 10331 10346 10350
f 10330 10347 10345
f 10318 10348 10349
f 8506 8543 8679
f 8506 8653 8526
f 8521 8662 8522
f 8522 8663 8528
f 8523 8664 8525
f 8524 8525 8666
f 8523 8526 8667
f 8521 8524 8665
f 8527 8668 8529
f 8527 8528 8669
f 8529 8670 8530
f 8530 8671 8617
f 8541 8542 8678
f 8541 8677 8543
f 8542 8544 8680
f 8544 8545 8681
f 8545 8546 8682
f 8546 8548 8684
f 8617 8686 8618
f 8618 8687 8621
f 8621 8690 8622
f 8628 8695 8629
f 8622 8691 8628
f 8629 8696 8630
f 8630 8697 8636
f 8636 8700 8637
f 8637 8701 8638
f 8643 8705 8645
f 8638 8702 8646
f 8643 8646 8708
f 8526 8653 8667
f 8506 8679 8653
f 8521 8665 8662
f 8528 8663 8669
f 8522 8662 8663
f 8524 8666 8665
f 8525 8664 8666
f 8523 8667 8664
f 8527 8669 8668
f 8529 8668 8670
f 8530 8670 8671
f 8617 8671 8686
f 8541 8678 8677
f 8543 8677 8679
f 8542 8680 8678
f 8544 8681 8680
f 8545 8682 8681
f 8546 8684 8682
f 8618 8686 8687
f 8621 8687 8690
f 8622 8690 8691
f 8629 8695 8696
f 8628 8691 8695
f 8630 8696 8697
f 8636 8697 8700
f 8637 8700 8701
f 8638 8701 8702
f 8643 8708 8705
f 8645 8705 8707
f 8646 8702 8708
f 8710 9023 8712
f 8645 8707 8715
f 8715 8757 8718
f 8718 8759 8721
f 8721 8761 8724
f 8707 8757 8715
f 8718 8757 8759
f 8721 8759 8761
f 8761 8763 8724
f 8710 9021 9023
f 9025 9035 9186
f 9035 9037 9188
f 9037 9038 9189
f 9038 9039 9190
f 9039 9040 9191
f 9040 9041 9192
f 9041 9114 9196
f 9114 9122 9200
f 9122 9123 9201
f 9123 9124 9202
f 9124 9125 9203
f 9125 9128 9206
f 9128 9129 9207
f 9129 9132 9210
f 9132 9133 9211
f 9133 9134 9212
f 9134 9135 9213
f 9135 9146 9218
f 9146 9147 9219
f 9147 9149 9221
f 9149 9150 9222
f 9150 9156 9225
f 9156 9158 9227
f 9158 9159 9228
f 9159 9164 9231
f 9164 9165 9232
f 9165 9166 9233
f 9166 9172 9236
f 9172 9176 9239
f 9176 9177 9240
f 9025 9186 9181
f 9035 9188 9186
f 9037 9189 9188
f 9038 9190 9189
f 9039 9191 9190
f 9040 9192 9191
f 9041 9196 9192
f 9114 9200 9196
f 9122 9201 9200
f 9123 9202 9201
f 9124 9203 9202
f 9125 9206 9203
f 9128 9207 9206
f 9129 9210 9207
f 9132 9211 9210
f 9133 9212 9211
f 9134 9213 9212
f 9135 9218 9213
f 9146 9219 9218
f 9147 9221 9219
f 9149 9222 9221
f 9150 9225 9222
f 9156 9227 9225
f 9158 9228 9227
f 9159 9231 9228
f 9164 9232 9231
f 9165 9233 9232
f 9166 9236 9233
f 9172 9239 9236
f 9176 9240 9239
f 9177 9242 9282
f 9242 9245 9284
f 9245 9248 9286
f 9177 9282 9240
f 9242 9284 9282
f 9245 9286 9284
f 9248 10123 9286
f 9586 9561 9594
f 9586 9596 9589
f 9589 9598 9592
f 9592 9600 9603
f 9586 9594 9596
f 9589 9596 9598
f 9592 9598 9600
f 9600 9758 9603
f 9603 9758 9604
f 9604 9759 9608
f 9608 9762 9614
f 9614 9765 9615
f 9615 9766 9616
f 9616 9767 9621
f 9621 9770 9622
f 9622 9771 9624
f 9624 9773 9630
f 9630 9776 9631
f 9631 9777 9633
f 9633 9779 9634
f 9634 9780 9645
f 9645 9785 9646
f 9646 9786 9647
f 9647 9787 9648
f 9648 9788 9651
f 9651 9791 9652
f 9652 9792 9655
f 9655 9795 9656
f 9656 9796 9657
f 9657 9797 9658
f 9658 9798 9666
f 9666 9802 9739
f 9739 9806 9740
f 9740 9807 9741
f 9741 9808 9742
f 9742 9809 9743
f 9743 9810 9745
f 9745 9812 9755
f 9604 9758 9759
f 9608 9759 9762
f 9614 9762 9765
f 9615 9765 9766
f 9616 9766 9767
f 9621 9767 9770
f 9622 9770 9771
f 9624 9771 9773
f 9630 9773 9776
f 9631 9776 9777
f 9633 9777 9779
f 9634 9779 9780
f 9645 9780 9785
f 9646 9785 9786
f 9647 9786 9787
f 9648 9787 9788
f 9651 9788 9791
f 9652 9791 9792
f 9655 9792 9795
f 9656 9795 9796
f 9657 9796 9797
f 9658 9797 9798
f 9666 9798 9802
f 9739 9802 9806
f 9740 9806 9807
f 9741 9807 9808
f 9742 9808 9809
f 9743 9809 9810
f 9745 9810 9812
f 9755 9812 9817
f 9819 9821 10129
f 9248 10114 10123
f 10114 10117 10125
f 10117 10120 10127
f 10120 10134 10290
f 10114 10125 10123
f 10117 10127 10125
f 10120 10290 10127
f 9821 10131 10129
f 10133 10289 10136
f 10133 10141 10295
f 10134 10136 10292
f 10141 10142 10296
f 10142 10143 10297
f 10143 10149 10300
f 10149 10150 10301
f 10151 10157 10306
f 10150 10151 10302
f 10157 10158 10307
f 10158 10161 10310
f 10161 10162 10311
f 10231 10313 10233
f 10233 10315 10234
f 10234 10316 10235
f 10235 10317 10237
f 10236 10238 10320
f 10237 10319 10238
f 10162 10249 10326
f 10249 10250 10327
f 10251 10328 10252
f 10250 10252 10329
f 10255 10332 10258
f 10253 10330 10256
f 10254 10331 10255
f 10254 10256 10333
f 10251 10257 10334
f 10257 10258 10335
f 10253 10273 10344
f 10236 10318 10273
f 10133 10295 10289
f 10134 10292 10290
f 10136 10289 10292
f 10141 10296 10295
f 10142 10297 10296
f 10143 10300 10297
f 10149 10301 10300
f 10151 10306 10302
f 10150 10302 10301
f 10157 10307 10306
f 10158 10310 10307
f 10161 10311 10310
f 10233 10313 10315
f 10234 10315 10316
f 10235 10316 10317
f 10237 10317 10319
f 10236 10320 10318
f 10238 10319 10320
f 10162 10326 10311
f 10249 10327 10326
f 10250 10329 10327
f 10252 10328 10329
f 10256 10330 10333
f 10254 10333 10331
f 10255 10331 10332
f 10257 10335 10334
f 10251 10334 10328
f 10258 10332 10335
f 10273 10318 10344
f 10253 10344 10330
f 8547 8683 8548
f 8548 8683 8684
f 8709 8710 8712
f 8709 8712 8711
f 9020 9022 9021
f 9021 9022 9023
f 9024 9025 9181
f 9024 9181 9180
f 9755 9817 9756
f 9756 9817 9818
f 9819 9820 9822
f 9819 9822 9821
f 10129 10131 10130
f 10130 10131 10132
f 10231 10232 10314
f 10231 10314 10313
f 8360 8361 8550
f 8360 8549 8362
f 8364 8553 8363
f 8362 8551 8364
f 8363 8552 8365
f 8365 8554 8376
f 8367 8369 8558
f 8361 8366 8555
f 8367 8556 8366
f 8368 8557 8369
f 8368 8370 8559
f 8370 8371 8560
f 8371 8372 8561
f 8372 8373 8562
f 8373 8374 8563
f 8374 8375 8564
f 8378 8567 8379
f 8376 8565 8377
f 8377 8566 8378
f 8380 8379 8568
f 8380 8569 8381
f 8381 8570 8399
f 8375 8382 8571
f 8382 8383 8572
f 8383 8384 8573
f 8384 8385 8574
f 8385 8386 8575
f 8386 8390 8576
f 8390 8391 8577
f 8391 8392 8578
f 8392 8393 8579
f 8393 8394 8580
f 8394 8395 8581
f 8395 8420 8603
f 8399 8582 8400
f 8400 8583 8401
f 8401 8584 8402
f 8402 8585 8403
f 8403 8586 8404
f 8404 8587 8405
f 8405 8588 8406
f 8406 8589 8407
f 8407 8590 8408
f 8408 8591 8409
f 8409 8592 8411
f 8432 8410 8593
f 8411 8594 8412
f 8412 8595 8413
f 8413 8596 8414
f 8414 8597 8415
f 8415 8598 8416
f 8416 8599 8417
f 8418 8417 8600
f 8418 8601 8419
f 8419 8602 8410
f 8420 8421 8604
f 8421 8422 8605
f 8423 8606 8422
f 8423 8424 8607
f 8424 8425 8608
f 8425 8430 8610
f 8430 8429 8609
f 8429 8431 8611
f 8431 8432 8612
f 8360 8550 8549
f 8362 8549 8551
f 8363 8553 8552
f 8364 8551 8553
f 8365 8552 8554
f 8376 8554 8565
f 8367 8558 8556
f 8366 8556 8555
f 8361 8555 8550
f 8369 8557 8558
f 8368 8559 8557
f 8370 8560 8559
f 8371 8561 8560
f 8372 8562 8561
f 8373 8563 8562
f 8374 8564 8563
f 8375 8571 8564
f 8379 8567 8568
f 8377 8565 8566
f 8378 8566 8567
f 8380 8568 8569
f 8381 8569 8570
f 8399 8570 8582
f 8382 8572 8571
f 8383 8573 8572
f 8384 8574 8573
f 8385 8575 8574
f 8386 8576 8575
f 8390 8577 8576
f 8391 8578 8577
f 8392 8579 8578
f 8393 8580 8579
f 8394 8581 8580
f 8395 8603 8581
f 8400 8582 8583
f 8401 8583 8584
f 8402 8584 8585
f 8403 8585 8586
f 8404 8586 8587
f 8405 8587 8588
f 8406 8588 8589
f 8407 8589 8590
f 8408 8590 8591
f 8409 8591 8592
f 8410 8602 8593
f 8411 8592 8594
f 8412 8594 8595
f 8413 8595 8596
f 8414 8596 8597
f 8415 8597 8598
f 8418 8600 8601
f 8416 8598 8599
f 8417 8599 8600
f 8419 8601 8602
f 8420 8604 8603
f 8421 8605 8604
f 8422 8606 8605
f 8423 8607 8606
f 8424 8608 8607
f 8425 8610 8608
f 8430 8609 8610
f 8429 8611 8609
f 8431 8612 8611
f 8432 8593 8612
f 8327 8254 8253
f 8330 8258 8256
f 8331 8256 8257
f 8332 8255 8258
f 8333 8257 8259
f 8334 8259 8260
f 8335 8260 8261
f 8336 8261 8262
f 8337 8262 8263
f 8340 8263 8266
f 8329 8264 8255
f 8338 8265 8264
f 8339 8253 8265
f 8341 8266 8267
f 8342 8267 8268
f 8343 8268 8269
f 8344 8269 8270
f 8345 8270 8271
f 8346 8271 8272
f 8347 8272 8273
f 8328 8274 8254
f 8348 8275 8274
f 8349 8276 8275
f 8350 8277 8276
f 8351 8278 8277
f 8352 8279 8278
f 8353 8280 8279
f 8354 8281 8280
f 8355 8282 8281
f 8356 8283 8282
f 8357 8284 8283
f 8358 8285 8284
f 8359 8308 8285
f 8387 8273 8286
f 8388 8286 8287
f 8389 8287 8288
f 8396 8288 8289
f 8397 8289 8290
f 8398 8290 8291
f 8426 8291 8292
f 8427 8292 8293
f 8428 8293 8294
f 8433 8294 8295
f 8434 8295 8296
f 8435 8296 8297
f 8448 8297 8320
f 8327 8328 8254
f 8329 8255 8332
f 8331 8257 8333
f 8331 8330 8256
f 8332 8258 8330
f 8333 8259 8334
f 8334 8260 8335
f 8335 8261 8336
f 8336 8262 8337
f 8337 8263 8340
f 8329 8338 8264
f 8338 8339 8265
f 8339 8327 8253
f 8340 8266 8341
f 8341 8267 8342
f 8342 8268 8343
f 8343 8269 8344
f 8344 8270 8345
f 8345 8271 8346
f 8346 8272 8347
f 8328 8348 8274
f 8348 8349 8275
f 8349 8350 8276
f 8350 8351 8277
f 8351 8352 8278
f 8352 8353 8279
f 8353 8354 8280
f 8354 8355 8281
f 8355 8356 8282
f 8356 8357 8283
f 8357 8358 8284
f 8358 8359 8285
f 8359 8436 8308
f 8347 8273 8387
f 8387 8286 8388
f 8388 8287 8389
f 8389 8288 8396
f 8396 8289 8397
f 8397 8290 8398
f 8398 8291 8426
f 8427 8426 8292
f 8427 8293 8428
f 8428 8294 8433
f 8433 8295 8434
f 8434 8296 8435
f 8435 8297 8448
f 8436 8309 8308
f 8437 8310 8309
f 8438 8311 8310
f 8439 8312 8311
f 8440 8313 8312
f 8441 8314 8313
f 8442 8315 8314
f 8443 8316 8315
f 8444 8317 8316
f 8447 8326 8319
f 8445 8318 8317
f 8446 8319 8318
f 8449 8320 8321
f 8451 8321 8323
f 8450 8324 8322
f 8452 8323 8324
f 8454 8325 8326
f 8453 8322 8325
f 8436 8437 8309
f 8437 8438 8310
f 8438 8439 8311
f 8439 8440 8312
f 8440 8441 8313
f 8441 8442 8314
f 8442 8443 8315
f 8443 8444 8316
f 8444 8445 8317
f 8447 8454 8326
f 8445 8446 8318
f 8447 8319 8446
f 8448 8320 8449
f 8449 8321 8451
f 8450 8452 8324
f 8450 8322 8453
f 8451 8323 8452
f 8453 8325 8454
f 8333 8334 8337
f 8334 8335 8336
f 8334 8336 8337
f 8333 8337 8340
f 8331 8333 8340
f 8331 8341 8330
f 8332 8330 8342
f 8329 8332 8343
f 8331 8340 8341
f 8330 8341 8342
f 8332 8342 8343
f 8327 8347 8328
f 8329 8344 8338
f 8338 8345 8339
f 8329 8343 8344
f 8338 8344 8345
f 8339 8345 8346
f 8339 8346 8327
f 8328 8347 8370
f 8327 8346 8347
f 8349 8376 8350
f 8350 8378 8351
f 8351 8380 8352
f 8352 8381 8353
f 8353 8399 8354
f 8354 8401 8355
f 8355 8403 8356
f 8356 8405 8357
f 8328 8361 8348
f 8348 8364 8349
f 8348 8360 8362
f 8348 8362 8364
f 8328 8367 8366
f 8328 8366 8361
f 8328 8369 8367
f 8328 8368 8369
f 8328 8370 8368
f 8348 8361 8360
f 8349 8364 8363
f 8349 8363 8365
f 8349 8365 8376
f 8350 8376 8377
f 8350 8377 8378
f 8351 8378 8379
f 8351 8379 8380
f 8352 8380 8381
f 8353 8381 8399
f 8370 8347 8371
f 8371 8347 8372
f 8372 8387 8373
f 8373 8387 8374
f 8374 8387 8375
f 8375 8387 8382
f 8382 8388 8383
f 8347 8387 8372
f 8382 8387 8388
f 8383 8388 8384
f 8384 8388 8385
f 8385 8388 8389
f 8385 8389 8386
f 8386 8389 8390
f 8390 8396 8391
f 8391 8396 8392
f 8392 8397 8393
f 8393 8397 8394
f 8394 8398 8395
f 8389 8396 8390
f 8396 8397 8392
f 8394 8397 8398
f 8395 8398 8426
f 8399 8400 8354
f 8354 8400 8401
f 8355 8401 8402
f 8355 8402 8403
f 8356 8403 8404
f 8356 8404 8405
f 8357 8405 8406
f 8357 8406 8407
f 8357 8408 8358
f 8357 8407 8408
f 8408 8409 8358
f 8358 8413 8359
f 8358 8409 8411
f 8358 8411 8412
f 8358 8412 8413
f 8359 8413 8414
f 8359 8414 8415
f 8359 8448 8436
f 8359 8415 8435
f 8359 8435 8448
f 8395 8426 8420
f 8420 8427 8421
f 8421 8427 8422
f 8423 8422 8428
f 8423 8428 8424
f 8424 8433 8425
f 8424 8428 8433
f 8420 8426 8427
f 8422 8427 8428
f 8429 8434 8431
f 8431 8434 8432
f 8432 8434 8410
f 8425 8433 8430
f 8430 8433 8429
f 8429 8433 8434
f 8415 8416 8435
f 8416 8417 8435
f 8418 8435 8417
f 8418 8419 8435
f 8419 8410 8435
f 8410 8434 8435
f 8436 8449 8437
f 8437 8451 8438
f 8436 8448 8449
f 8437 8449 8451
f 8438 8452 8439
f 8439 8450 8440
f 8438 8451 8452
f 8440 8450 8453
f 8439 8452 8450
f 8440 8453 8441
f 8441 8454 8442
f 8442 8447 8443
f 8443 8446 8444
f 8444 8446 8445
f 8441 8453 8454
f 8442 8454 8447
f 8443 8447 8446
f 8883 8882 9042
f 8883 9043 8885
f 8885 9045 8884
f 8884 9044 8886
f 8886 9046 8890
f 8890 9047 8891
f 8891 9048 8892
f 8892 9049 8893
f 8893 9050 8894
f 8894 9051 8895
f 8895 9052 8921
f 8900 8897 9053
f 8896 9054 8897
f 8896 8898 9055
f 8899 9056 8898
f 8899 8901 9058
f 8900 9057 8882
f 8901 8902 9059
f 8902 8903 9060
f 8903 8904 9061
f 8904 8905 9062
f 8905 8906 9063
f 8906 8907 9064
f 8907 8908 9065
f 8908 8909 9066
f 8909 8910 9067
f 8910 8911 9068
f 8911 8912 9069
f 8912 8913 9070
f 8913 8914 9071
f 8914 8915 9072
f 8915 8916 9073
f 8916 8917 9074
f 8917 8935 9086
f 8921 9075 8922
f 8922 9076 8923
f 8923 9077 8924
f 8924 9078 8925
f 8925 9079 8926
f 8926 9080 8930
f 8930 9081 8931
f 8931 9082 8932
f 8932 9083 8933
f 8933 9084 8940
f 8935 8936 9087
f 8936 8934 9085
f 8934 8937 9088
f 8937 8938 9089
f 8938 8939 9090
f 8951 9102 8939
f 8940 9091 8941
f 8941 9092 8942
f 8942 9093 8943
f 8943 9094 8944
f 8944 9095 8945
f 8945 9096 8946
f 8946 9097 8947
f 8948 9099 8949
f 8954 8949 9100
f 8948 8947 9098
f 8950 8953 9104
f 8951 8950 9101
f 8952 9103 8953
f 8952 8954 9105
f 8882 9057 9042
f 8883 9042 9043
f 8885 9043 9045
f 8884 9045 9044
f 8886 9044 9046
f 8890 9046 9047
f 8891 9047 9048
f 8892 9048 9049
f 8893 9049 9050
f 8894 9050 9051
f 8895 9051 9052
f 8921 9052 9075
f 8900 9053 9057
f 8897 9054 9053
f 8896 9055 9054
f 8898 9056 9055
f 8899 9058 9056
f 8901 9059 9058
f 8902 9060 9059
f 8903 9061 9060
f 8904 9062 9061
f 8905 9063 9062
f 8906 9064 9063
f 8907 9065 9064
f 8908 9066 9065
f 8909 9067 9066
f 8910 9068 9067
f 8911 9069 9068
f 8912 9070 9069
f 8913 9071 9070
f 8914 9072 9071
f 8915 9073 9072
f 8916 9074 9073
f 8917 9086 9074
f 8922 9075 9076
f 8923 9076 9077
f 8924 9077 9078
f 8925 9078 9079
f 8926 9079 9080
f 8930 9080 9081
f 8931 9081 9082
f 8932 9082 9083
f 8933 9083 9084
f 8934 9088 9085
f 8935 9087 9086
f 8936 9085 9087
f 8937 9089 9088
f 8938 9090 9089
f 8939 9102 9090
f 8940 9084 9091
f 8954 9100 9105
f 8941 9091 9092
f 8942 9092 9093
f 8943 9093 9094
f 8944 9094 9095
f 8945 9095 9096
f 8946 9096 9097
f 8947 9097 9098
f 8948 9098 9099
f 8949 9099 9100
f 8950 9104 9101
f 8951 9101 9102
f 8953 9103 9104
f 8952 9105 9103
f 8860 8772 8771
f 8859 8771 8770
f 8861 8769 8772
f 8865 8773 8776
f 8858 8774 8769
f 8864 8776 8775
f 8863 8775 8774
f 8866 8770 8777
f 8867 8777 8778
f 8868 8778 8779
f 8869 8779 8780
f 8870 8780 8781
f 8871 8781 8782
f 8872 8782 8783
f 8873 8783 8784
f 8874 8784 8785
f 8875 8785 8786
f 8876 8786 8787
f 8877 8787 8788
f 8878 8788 8789
f 8862 8790 8773
f 8879 8791 8790
f 8880 8792 8791
f 8881 8793 8792
f 8887 8794 8793
f 8888 8795 8794
f 8889 8796 8795
f 8918 8797 8796
f 8919 8798 8797
f 8920 8799 8798
f 8927 8800 8799
f 8928 8801 8800
f 8929 8829 8801
f 8955 8789 8802
f 8956 8802 8803
f 8957 8803 8804
f 8958 8804 8805
f 8959 8805 8806
f 8960 8806 8807
f 8961 8807 8808
f 8962 8808 8809
f 8963 8809 8810
f 8964 8810 8811
f 8965 8811 8812
f 8966 8812 8813
f 8985 8813 8847
f 8860 8771 8859
f 8861 8772 8860
f 8861 8858 8769
f 8865 8862 8773
f 8863 8774 8858
f 8863 8864 8775
f 8864 8865 8776
f 8866 8777 8867
f 8867 8778 8868
f 8868 8779 8869
f 8869 8780 8870
f 8870 8781 8871
f 8859 8770 8866
f 8871 8782 8872
f 8872 8783 8873
f 8873 8784 8874
f 8874 8785 8875
f 8875 8786 8876
f 8876 8787 8877
f 8877 8788 8878
f 8862 8879 8790
f 8879 8880 8791
f 8880 8881 8792
f 8881 8887 8793
f 8887 8888 8794
f 8888 8889 8795
f 8889 8918 8796
f 8918 8919 8797
f 8919 8920 8798
f 8920 8927 8799
f 8927 8928 8800
f 8928 8929 8801
f 8929 8967 8829
f 8878 8789 8955
f 8955 8802 8956
f 8956 8803 8957
f 8957 8804 8958
f 8958 8805 8959
f 8959 8806 8960
f 8960 8807 8961
f 8961 8808 8962
f 8962 8809 8963
f 8963 8810 8964
f 8964 8811 8965
f 8965 8812 8966
f 8966 8813 8985
f 8967 8830 8829
f 8968 8831 8830
f 8969 8832 8831
f 8970 8833 8832
f 8971 8834 8833
f 8972 8835 8834
f 8974 8847 8836
f 8977 8836 8839
f 8975 8838 8837
f 8976 8839 8838
f 8973 8840 8835
f 8978 8841 8840
f 8979 8842 8841
f 8982 8845 8844
f 8980 8843 8842
f 8981 8844 8843
f 8983 8846 8845
f 8984 8837 8846
f 8967 8968 8830
f 8968 8969 8831
f 8969 8970 8832
f 8970 8971 8833
f 8971 8972 8834
f 8972 8973 8835
f 8985 8847 8974
f 8977 8974 8836
f 8984 8975 8837
f 8977 8839 8976
f 8976 8838 8975
f 8973 8978 8840
f 8978 8979 8841
f 8979 8980 8842
f 8980 8981 8843
f 8981 8982 8844
f 8984 8846 8983
f 8983 8845 8982
f 8866 8867 8870
f 8867 8868 8869
f 8867 8869 8870
f 8866 8870 8871
f 8859 8866 8871
f 8860 8859 8872
f 8861 8874 8858
f 8861 8860 8873
f 8859 8871 8872
f 8860 8872 8873
f 8861 8873 8874
f 8863 8858 8875
f 8863 8876 8864
f 8858 8874 8875
f 8863 8875 8876
f 8864 8877 8865
f 8865 8878 8862
f 8862 8878 8901
f 8864 8876 8877
f 8865 8877 8878
f 8862 8900 8879
f 8879 8885 8880
f 8862 8897 8900
f 8862 8898 8896
f 8862 8896 8897
f 8862 8899 8898
f 8862 8901 8899
f 8879 8882 8883
f 8879 8900 8882
f 8879 8883 8885
f 8880 8885 8884
f 8880 8884 8886
f 8880 8890 8881
f 8880 8886 8890
f 8881 8892 8887
f 8887 8894 8888
f 8888 8895 8889
f 8881 8890 8891
f 8881 8891 8892
f 8887 8892 8893
f 8887 8893 8894
f 8888 8894 8895
f 8889 8895 8921
f 8901 8878 8902
f 8902 8878 8903
f 8903 8955 8904
f 8904 8955 8905
f 8905 8955 8906
f 8906 8955 8907
f 8878 8955 8903
f 8907 8956 8908
f 8907 8955 8956
f 8908 8956 8909
f 8909 8956 8910
f 8910 8957 8911
f 8911 8957 8912
f 8912 8958 8913
f 8913 8958 8914
f 8914 8959 8915
f 8915 8959 8916
f 8916 8960 8917
f 8889 8921 8918
f 8918 8923 8919
f 8919 8925 8920
f 8918 8921 8922
f 8918 8922 8923
f 8919 8923 8924
f 8919 8924 8925
f 8920 8925 8926
f 8920 8926 8930
f 8920 8930 8927
f 8927 8930 8931
f 8927 8931 8932
f 8927 8933 8928
f 8927 8932 8933
f 8928 8933 8940
f 8928 8943 8929
f 8928 8940 8941
f 8928 8941 8942
f 8928 8942 8943
f 8929 8943 8944
f 8929 8944 8945
f 8929 8985 8967
f 8917 8961 8935
f 8935 8962 8936
f 8936 8962 8934
f 8934 8963 8937
f 8937 8963 8938
f 8938 8964 8939
f 8929 8945 8966
f 8952 8965 8954
f 8951 8939 8964
f 8951 8964 8950
f 8950 8965 8953
f 8952 8953 8965
f 8950 8964 8965
f 8945 8946 8966
f 8946 8947 8966
f 8948 8966 8947
f 8954 8966 8949
f 8948 8949 8966
f 8929 8966 8985
f 8954 8965 8966
f 8910 8956 8957
f 8957 8958 8912
f 8914 8958 8959
f 8916 8959 8960
f 8917 8960 8961
f 8935 8961 8962
f 8934 8962 8963
f 8938 8963 8964
f 8967 8974 8968
f 8968 8977 8969
f 8967 8985 8974
f 8968 8974 8977
f 8969 8976 8970
f 8970 8975 8971
f 8969 8977 8976
f 8970 8976 8975
f 8971 8975 8984
f 8971 8984 8972
f 8972 8983 8973
f 8973 8982 8978
f 8978 8981 8979
f 8972 8984 8983
f 8973 8983 8982
f 8978 8982 8981
f 8979 8981 8980
f 9451 9675 9453
f 9453 9677 9452
f 9454 9455 9679
f 9452 9676 9455
f 9458 9682 9457
f 9456 9680 9451
f 9456 9457 9681
f 9458 9459 9683
f 9459 9460 9684
f 9460 9461 9685
f 9461 9462 9686
f 9462 9463 9687
f 9463 9464 9688
f 9464 9465 9689
f 9454 9678 9466
f 9466 9690 9467
f 9467 9691 9468
f 9468 9692 9471
f 9471 9695 9469
f 9470 9469 9693
f 9465 9472 9696
f 9472 9473 9697
f 9473 9474 9698
f 9474 9475 9699
f 9475 9479 9700
f 9479 9480 9701
f 9480 9481 9702
f 9481 9482 9703
f 9482 9483 9704
f 9483 9484 9705
f 9470 9694 9488
f 9488 9706 9489
f 9489 9707 9490
f 9490 9708 9491
f 9491 9709 9492
f 9492 9710 9493
f 9493 9711 9494
f 9494 9712 9495
f 9495 9713 9496
f 9496 9714 9497
f 9497 9715 9498
f 9498 9716 9499
f 9499 9717 9500
f 9500 9718 9501
f 9501 9719 9502
f 9502 9720 9503
f 9503 9721 9504
f 9523 9505 9723
f 9504 9722 9506
f 9507 9506 9724
f 9507 9725 9509
f 9508 9509 9726
f 9508 9727 9505
f 9484 9510 9728
f 9510 9511 9729
f 9511 9512 9730
f 9512 9513 9731
f 9514 9732 9513
f 9514 9515 9733
f 9515 9519 9734
f 9519 9521 9736
f 9521 9520 9735
f 9520 9522 9737
f 9522 9523 9738
f 9453 9675 9677
f 9452 9677 9676
f 9454 9679 9678
f 9455 9676 9679
f 9456 9681 9680
f 9457 9682 9681
f 9458 9683 9682
f 9459 9684 9683
f 9460 9685 9684
f 9461 9686 9685
f 9462 9687 9686
f 9463 9688 9687
f 9464 9689 9688
f 9451 9680 9675
f 9465 9696 9689
f 9466 9678 9690
f 9467 9690 9691
f 9468 9691 9692
f 9469 9695 9693
f 9470 9693 9694
f 9471 9692 9695
f 9472 9697 9696
f 9473 9698 9697
f 9474 9699 9698
f 9475 9700 9699
f 9479 9701 9700
f 9480 9702 9701
f 9481 9703 9702
f 9482 9704 9703
f 9483 9705 9704
f 9488 9694 9706
f 9489 9706 9707
f 9490 9707 9708
f 9491 9708 9709
f 9492 9709 9710
f 9493 9710 9711
f 9494 9711 9712
f 9495 9712 9713
f 9496 9713 9714
f 9497 9714 9715
f 9498 9715 9716
f 9499 9716 9717
f 9500 9717 9718
f 9501 9718 9719
f 9502 9719 9720
f 9503 9720 9721
f 9504 9721 9722
f 9506 9722 9724
f 9507 9724 9725
f 9509 9725 9726
f 9508 9726 9727
f 9505 9727 9723
f 9484 9728 9705
f 9510 9729 9728
f 9511 9730 9729
f 9512 9731 9730
f 9513 9732 9731
f 9514 9733 9732
f 9515 9734 9733
f 9519 9736 9734
f 9521 9735 9736
f 9520 9737 9735
f 9522 9738 9737
f 9523 9723 9738
f 9421 9346 9337
f 9422 9337 9338
f 9424 9339 9340
f 9425 9340 9341
f 9423 9338 9339
f 9426 9341 9342
f 9427 9342 9343
f 9432 9343 9348
f 9429 9344 9345
f 9430 9345 9346
f 9428 9347 9344
f 9431 9336 9347
f 9433 9348 9349
f 9434 9349 9350
f 9435 9350 9351
f 9436 9351 9352
f 9437 9352 9353
f 9438 9353 9354
f 9422 9338 9423
f 9422 9421 9337
f 9424 9423 9339
f 9424 9340 9425
f 9425 9341 9426
f 9426 9342 9427
f 9427 9343 9432
f 9429 9345 9430
f 9429 9428 9344
f 9430 9346 9421
f 9428 9431 9347
f 9431 9420 9336
f 9432 9348 9433
f 9433 9349 9434
f 9434 9350 9435
f 9435 9351 9436
f 9436 9352 9437
f 9437 9353 9438
f 9420 9370 9336
f 9439 9371 9370
f 9440 9372 9371
f 9441 9373 9372
f 9442 9374 9373
f 9443 9375 9374
f 9444 9376 9375
f 9445 9377 9376
f 9446 9378 9377
f 9447 9379 9378
f 9448 9380 9379
f 9449 9381 9380
f 9450 9394 9381
f 9476 9354 9382
f 9477 9382 9383
f 9478 9383 9384
f 9485 9384 9385
f 9486 9385 9386
f 9487 9386 9387
f 9516 9387 9388
f 9517 9388 9389
f 9518 9389 9390
f 9524 9390 9391
f 9525 9391 9392
f 9526 9392 9393
f 9543 9393 9410
f 9527 9395 9394
f 9528 9396 9395
f 9529 9397 9396
f 9530 9398 9397
f 9531 9399 9398
f 9532 9400 9399
f 9533 9401 9400
f 9534 9402 9401
f 9535 9403 9402
f 9536 9404 9403
f 9537 9405 9404
f 9538 9406 9405
f 9539 9413 9406
f 9542 9408 9409
f 9541 9407 9408
f 9547 9409 9414
f 9540 9410 9407
f 9544 9414 9411
f 9546 9412 9413
f 9545 9411 9412
f 9420 9439 9370
f 9439 9440 9371
f 9440 9441 9372
f 9441 9442 9373
f 9442 9443 9374
f 9443 9444 9375
f 9444 9445 9376
f 9445 9446 9377
f 9446 9447 9378
f 9447 9448 9379
f 9448 9449 9380
f 9449 9450 9381
f 9450 9527 9394
f 9438 9354 9476
f 9476 9382 9477
f 9477 9383 9478
f 9478 9384 9485
f 9485 9385 9486
f 9486 9386 9487
f 9487 9387 9516
f 9516 9388 9517
f 9518 9517 9389
f 9518 9390 9524
f 9524 9391 9525
f 9525 9392 9526
f 9526 9393 9543
f 9527 9528 9395
f 9528 9529 9396
f 9529 9530 9397
f 9530 9531 9398
f 9531 9532 9399
f 9532 9533 9400
f 9533 9534 9401
f 9539 9546 9413
f 9534 9535 9402
f 9535 9536 9403
f 9536 9537 9404
f 9537 9538 9405
f 9538 9539 9406
f 9540 9407 9541
f 9541 9408 9542
f 9542 9409 9547
f 9543 9410 9540
f 9544 9547 9414
f 9544 9411 9545
f 9545 9412 9546
f 9424 9427 9423
f 9424 9425 9426
f 9422 9423 9432
f 9422 9433 9421
f 9424 9426 9427
f 9423 9427 9432
f 9422 9432 9433
f 9421 9433 9434
f 9430 9421 9434
f 9429 9430 9435
f 9429 9436 9428
f 9430 9434 9435
f 9429 9435 9436
f 9428 9437 9431
f 9431 9438 9420
f 9428 9436 9437
f 9431 9437 9438
f 9441 9467 9442
f 9442 9471 9443
f 9443 9470 9444
f 9444 9488 9445
f 9445 9489 9446
f 9446 9491 9447
f 9447 9493 9448
f 9448 9495 9449
f 9439 9451 9440
f 9420 9476 9439
f 9439 9457 9456
f 9439 9456 9451
f 9439 9458 9457
f 9439 9459 9458
f 9439 9460 9459
f 9440 9455 9441
f 9440 9453 9452
f 9440 9452 9455
f 9441 9455 9454
f 9441 9454 9466
f 9440 9451 9453
f 9439 9476 9460
f 9441 9466 9467
f 9442 9467 9468
f 9442 9468 9471
f 9443 9471 9469
f 9443 9469 9470
f 9444 9470 9488
f 9420 9438 9476
f 9460 9476 9461
f 9461 9476 9462
f 9462 9477 9463
f 9463 9477 9464
f 9464 9477 9465
f 9462 9476 9477
f 9465 9477 9472
f 9472 9478 9473
f 9477 9478 9472
f 9473 9478 9474
f 9474 9478 9475
f 9475 9478 9485
f 9475 9485 9479
f 9479 9485 9480
f 9480 9486 9481
f 9481 9486 9482
f 9482 9487 9483
f 9483 9487 9484
f 9480 9485 9486
f 9482 9486 9487
f 9484 9487 9516
f 9445 9488 9489
f 9446 9489 9490
f 9446 9490 9491
f 9447 9491 9492
f 9447 9492 9493
f 9493 9494 9448
f 9448 9494 9495
f 9449 9495 9496
f 9449 9496 9497
f 9449 9498 9450
f 9449 9497 9498
f 9450 9502 9527
f 9450 9498 9499
f 9450 9499 9500
f 9450 9500 9501
f 9450 9501 9502
f 9502 9503 9527
f 9527 9503 9504
f 9484 9516 9510
f 9510 9517 9511
f 9511 9518 9512
f 9512 9518 9513
f 9514 9513 9524
f 9514 9524 9515
f 9510 9516 9517
f 9511 9517 9518
f 9513 9518 9524
f 9515 9525 9519
f 9515 9524 9525
f 9519 9525 9521
f 9521 9525 9520
f 9520 9526 9522
f 9523 9526 9505
f 9522 9526 9523
f 9504 9506 9543
f 9507 9543 9506
f 9508 9543 9509
f 9507 9509 9543
f 9508 9505 9543
f 9520 9525 9526
f 9505 9526 9543
f 9527 9540 9528
f 9528 9541 9529
f 9527 9504 9543
f 9527 9543 9540
f 9528 9540 9541
f 9529 9542 9530
f 9530 9547 9531
f 9529 9541 9542
f 9530 9542 9547
f 9531 9544 9532
f 9532 9545 9533
f 9533 9546 9534
f 9532 9544 9545
f 9531 9547 9544
f 9533 9545 9546
f 9534 9546 9539
f 9534 9539 9535
f 9535 9538 9536
f 9536 9538 9537
f 9535 9539 9538
f 9975 9976 10167
f 9975 10168 9978
f 9978 10170 9977
f 9977 10169 9982
f 9982 10171 9983
f 9983 10172 9984
f 9984 10173 9985
f 9985 10174 9986
f 9986 10175 9987
f 9997 9989 10177
f 9988 10178 9989
f 9990 10179 9988
f 9990 9991 10180
f 9991 9992 10181
f 9992 9993 10182
f 9993 9994 10183
f 9994 9995 10184
f 9995 9996 10185
f 9997 10186 9976
f 9996 9998 10187
f 9998 9999 10188
f 9999 10000 10189
f 10000 10001 10190
f 10001 10002 10191
f 10002 10003 10192
f 10003 10004 10193
f 10004 10005 10194
f 10005 10006 10195
f 10006 10007 10196
f 10007 10008 10197
f 9987 10176 10012
f 10012 10198 10013
f 10013 10199 10014
f 10014 10200 10015
f 10015 10201 10016
f 10016 10202 10017
f 10017 10203 10021
f 10021 10204 10022
f 10022 10205 10023
f 10023 10206 10024
f 10024 10207 10025
f 10025 10208 10032
f 10008 10026 10209
f 10026 10027 10210
f 10027 10028 10211
f 10029 10030 10213
f 10030 10031 10214
f 10028 10029 10212
f 10032 10215 10033
f 10033 10216 10034
f 10034 10217 10035
f 10035 10218 10036
f 10036 10219 10037
f 10037 10220 10039
f 10038 10039 10222
f 10040 10223 10041
f 10041 10224 10047
f 10038 10221 10040
f 10031 10042 10225
f 10044 10227 10042
f 10043 10045 10228
f 10044 10043 10226
f 10046 10229 10045
f 10046 10047 10230
f 9976 10186 10167
f 9975 10167 10168
f 9978 10168 10170
f 9977 10170 10169
f 9982 10169 10171
f 9983 10171 10172
f 9984 10172 10173
f 9985 10173 10174
f 9986 10174 10175
f 9987 10175 10176
f 9989 10178 10177
f 9990 10180 10179
f 9991 10181 10180
f 9988 10179 10178
f 9992 10182 10181
f 9993 10183 10182
f 9994 10184 10183
f 9995 10185 10184
f 9996 10187 10185
f 9997 10177 10186
f 9998 10188 10187
f 9999 10189 10188
f 10000 10190 10189
f 10001 10191 10190
f 10002 10192 10191
f 10003 10193 10192
f 10004 10194 10193
f 10005 10195 10194
f 10006 10196 10195
f 10007 10197 10196
f 10012 10176 10198
f 10013 10198 10199
f 10014 10199 10200
f 10015 10200 10201
f 10016 10201 10202
f 10017 10202 10203
f 10021 10203 10204
f 10022 10204 10205
f 10023 10205 10206
f 10024 10206 10207
f 10025 10207 10208
f 10008 10209 10197
f 10026 10210 10209
f 10027 10211 10210
f 10029 10213 10212
f 10030 10214 10213
f 10028 10212 10211
f 10032 10208 10215
f 10033 10215 10216
f 10034 10216 10217
f 10035 10217 10218
f 10036 10218 10219
f 10037 10219 10220
f 10039 10220 10222
f 10038 10222 10221
f 10047 10224 10230
f 10041 10223 10224
f 10040 10221 10223
f 10031 10225 10214
f 10042 10227 10225
f 10043 10228 10226
f 10044 10226 10227
f 10045 10229 10228
f 10046 10230 10229
f 9954 9863 9860
f 9953 9860 9859
f 9955 9862 9861
f 9957 9861 9863
f 9956 9864 9862
f 9958 9865 9864
f 9961 9866 9867
f 9962 9867 9868
f 9960 9859 9866
f 9963 9868 9869
f 9964 9869 9870
f 9965 9870 9871
f 9966 9871 9872
f 9967 9872 9873
f 9968 9873 9874
f 9969 9874 9875
f 9970 9875 9876
f 9971 9876 9877
f 9953 9954 9860
f 9956 9862 9955
f 9957 9863 9954
f 9957 9955 9861
f 9956 9958 9864
f 9958 9959 9865
f 9961 9960 9866
f 9961 9867 9962
f 9953 9859 9960
f 9962 9868 9963
f 9963 9869 9964
f 9964 9870 9965
f 9965 9871 9966
f 9966 9872 9967
f 9967 9873 9968
f 9968 9874 9969
f 9969 9875 9970
f 9970 9876 9971
f 9959 9888 9865
f 9972 9889 9888
f 9973 9890 9889
f 9974 9891 9890
f 9979 9892 9891
f 9980 9893 9892
f 9981 9894 9893
f 10009 9895 9894
f 10010 9896 9895
f 10011 9897 9896
f 10018 9898 9897
f 10019 9899 9898
f 10020 9912 9899
f 10048 9877 9900
f 10049 9900 9901
f 10050 9901 9902
f 10051 9902 9903
f 10052 9903 9904
f 10053 9904 9905
f 10054 9905 9906
f 10055 9906 9907
f 10056 9907 9908
f 10057 9908 9909
f 10058 9909 9910
f 10059 9910 9911
f 10079 9911 9931
f 10060 9913 9912
f 10061 9914 9913
f 10062 9915 9914
f 10063 9916 9915
f 10064 9917 9916
f 10065 9918 9917
f 10066 9919 9918
f 10068 9932 9920
f 10069 9920 9921
f 10078 9921 9930
f 10067 9922 9919
f 10070 9923 9922
f 10071 9924 9923
f 10072 9925 9924
f 10073 9926 9925
f 10074 9928 9926
f 10075 9930 9927
f 10076 9929 9928
f 10077 9927 9929
f 10080 9931 9932
f 9959 9972 9888
f 9973 9889 9972
f 9973 9974 9890
f 9974 9979 9891
f 9979 9980 9892
f 9980 9981 9893
f 9981 10009 9894
f 10009 10010 9895
f 10010 10011 9896
f 10011 10018 9897
f 10018 10019 9898
f 10019 10020 9899
f 10020 10060 9912
f 9971 9877 10048
f 10048 9900 10049
f 10049 9901 10050
f 10050 9902 10051
f 10051 9903 10052
f 10052 9904 10053
f 10053 9905 10054
f 10054 9906 10055
f 10055 9907 10056
f 10056 9908 10057
f 10057 9909 10058
f 10059 10058 9910
f 10059 9911 10079
f 10060 10061 9913
f 10061 10062 9914
f 10062 10063 9915
f 10063 10064 9916
f 10064 10065 9917
f 10065 10066 9918
f 10066 10067 9919
f 10080 9932 10068
f 10068 9920 10069
f 10069 9921 10078
f 10067 10070 9922
f 10070 10071 9923
f 10071 10072 9924
f 10072 10073 9925
f 10073 10074 9926
f 10077 10075 9927
f 10077 9929 10076
f 10076 9928 10074
f 10078 9930 10075
f 10079 9931 10080
f 9961 9964 9960
f 9953 9960 9965
f 9953 9966 9954
f 9961 9962 9963
f 9961 9963 9964
f 9960 9964 9965
f 9953 9965 9966
f 9954 9966 9967
f 9957 9968 9955
f 9957 9954 9967
f 9956 9955 9969
f 9957 9967 9968
f 9955 9968 9969
f 9956 9970 9958
f 9958 9971 9959
f 9956 9969 9970
f 9958 9970 9971
f 9973 9972 9997
f 9972 9989 9997
f 9972 9988 9989
f 9972 9990 9988
f 9972 9991 9990
f 9972 9992 9991
f 9973 9978 9974
f 9974 9977 9982
f 9974 9978 9977
f 9973 9997 9976
f 9973 9976 9975
f 9973 9975 9978
f 9979 9985 9980
f 9980 9987 9981
f 9974 9983 9979
f 9974 9982 9983
f 9979 9983 9984
f 9979 9984 9985
f 9980 9985 9986
f 9980 9986 9987
f 9981 9987 10012
f 9959 10048 9972
f 9972 10048 9992
f 9959 9971 10048
f 9992 10048 9993
f 9993 10048 9994
f 9994 10049 9995
f 9995 10049 9996
f 9996 10049 9998
f 9994 10048 10049
f 9998 10049 9999
f 9999 10050 10000
f 10049 10050 9999
f 10000 10050 10001
f 10001 10050 10002
f 10002 10051 10003
f 10003 10051 10004
f 10004 10052 10005
f 10005 10052 10006
f 10006 10053 10007
f 10007 10053 10008
f 9981 10012 10009
f 10009 10013 10010
f 10010 10015 10011
f 10011 10017 10018
f 10009 10012 10013
f 10010 10013 10014
f 10010 10014 10015
f 10011 10015 10016
f 10011 10016 10017
f 10018 10017 10021
f 10018 10021 10022
f 10018 10022 10019
f 10019 10022 10023
f 10019 10023 10024
f 10019 10025 10020
f 10020 10035 10060
f 10019 10024 10025
f 10020 10025 10032
f 10020 10032 10033
f 10020 10033 10034
f 10020 10034 10035
f 10060 10035 10036
f 10060 10036 10037
f 10008 10054 10026
f 10026 10055 10027
f 10027 10056 10028
f 10028 10056 10029
f 10029 10057 10030
f 10030 10057 10031
f 10031 10058 10042
f 10044 10042 10058
f 10044 10058 10043
f 10046 10059 10047
f 10037 10039 10079
f 10038 10079 10039
f 10038 10040 10079
f 10041 10047 10079
f 10040 10041 10079
f 10043 10059 10045
f 10046 10045 10059
f 10043 10058 10059
f 10047 10059 10079
f 10002 10050 10051
f 10004 10051 10052
f 10006 10052 10053
f 10008 10053 10054
f 10026 10054 10055
f 10027 10055 10056
f 10029 10056 10057
f 10031 10057 10058
f 10060 10080 10061
f 10060 10037 10079
f 10061 10080 10068
f 10061 10068 10062
f 10062 10069 10063
f 10063 10078 10064
f 10062 10068 10069
f 10063 10069 10078
f 10060 10079 10080
f 10064 10075 10065
f 10065 10077 10066
f 10066 10076 10067
f 10064 10078 10075
f 10065 10075 10077
f 10066 10077 10076
f 10067 10076 10074
f 10067 10074 10070
f 10070 10073 10071
f 10071 10073 10072
f 10070 10074 10073
f 8460 8473 8738
f 8461 8460 8725
f 8462 8461 8726
f 8727 8463 8462
f 8464 8465 8730
f 8466 8464 8729
f 8465 8463 8728
f 8467 8466 8731
f 8468 8467 8732
f 8469 8468 8733
f 8469 8734 9288
f 8472 8470 8735
f 8471 8474 8739
f 8470 8471 8736
f 8473 8472 8737
f 8474 8475 8740
f 8475 8476 8741
f 8476 8477 8742
f 8477 8478 8743
f 8478 8479 8744
f 8479 8480 8745
f 8480 8481 8746
f 8481 8482 8747
f 8482 8483 8748
f 8483 8484 8749
f 8484 8485 8750
f 8485 8486 8751
f 8752 8486 8487
f 8753 8487 8488
f 8754 8488 8489
f 8755 8489 8490
f 9562 8490 9301
f 8460 8738 8725
f 8461 8725 8726
f 8726 8727 8462
f 8727 8728 8463
f 8464 8730 8729
f 8465 8728 8730
f 8466 8729 8731
f 8731 8732 8467
f 8468 8732 8733
f 8469 8733 8734
f 9288 8734 9548
f 8470 8736 8735
f 8739 8736 8471
f 8473 8737 8738
f 8735 8737 8472
f 8474 8740 8739
f 8741 8740 8475
f 8476 8742 8741
f 8477 8743 8742
f 8478 8744 8743
f 8479 8745 8744
f 8746 8745 8480
f 8481 8747 8746
f 8482 8748 8747
f 8483 8749 8748
f 8484 8750 8749
f 8485 8751 8750
f 8752 8751 8486
f 8753 8752 8487
f 8754 8753 8488
f 8755 8754 8489
f 9562 8755 8490
f 9288 9548 9289
f 9290 9289 9549
f 9291 9290 9550
f 9292 9291 9551
f 9293 9292 9552
f 9294 9293 9553
f 9295 9294 9554
f 9296 9295 9555
f 9556 9297 9296
f 9298 9297 9557
f 9312 9298 9558
f 9563 9301 9302
f 9564 9302 9303
f 9565 9303 9304
f 9566 9304 9305
f 9305 9306 9567
f 9307 9310 9571
f 9306 9307 9568
f 9570 9308 9309
f 9310 9311 9572
f 9311 9308 9569
f 9313 9312 9573
f 9314 9313 9574
f 9315 9314 9575
f 9316 9315 9576
f 9317 9316 9577
f 9319 9317 9578
f 9322 9318 9579
f 9318 9319 9580
f 9321 9320 9581
f 9309 9321 9582
f 9320 9322 9583
f 9289 9548 9549
f 9290 9549 9550
f 9291 9550 9551
f 9551 9552 9292
f 9293 9552 9553
f 9294 9553 9554
f 9295 9554 9555
f 9555 9556 9296
f 9556 9557 9297
f 9298 9557 9558
f 9558 9573 9312
f 9563 9562 9301
f 9564 9563 9302
f 9565 9564 9303
f 9566 9565 9304
f 9567 9566 9305
f 9306 9568 9567
f 9571 9568 9307
f 9308 9570 9569
f 9310 9572 9571
f 9311 9569 9572
f 9313 9573 9574
f 9574 9575 9314
f 9315 9575 9576
f 9316 9576 9577
f 9317 9577 9578
f 9319 9578 9580
f 9580 9579 9318
f 9322 9579 9583
f 9583 9581 9320
f 9321 9581 9582
f 9309 9582 9570
f 8991 8989 9251
f 9002 8990 9252
f 8990 8991 9253
f 9254 8993 8992
f 8989 8993 9255
f 8992 8994 9256
f 8994 8995 9257
f 8995 8996 9258
f 8996 8997 9259
f 8997 8998 9260
f 8998 8999 9261
f 9000 9003 9265
f 9001 9000 9262
f 9264 9003 9002
f 9005 9004 9266
f 9004 9001 9263
f 9006 9005 9267
f 9007 9006 9268
f 9008 9007 9269
f 9009 9008 9270
f 9009 9271 9823
f 8999 9010 9272
f 9010 9011 9273
f 9011 9012 9274
f 9012 9013 9275
f 9013 9014 9276
f 9014 9015 9277
f 9015 9016 9278
f 9016 9017 9279
f 9017 9018 9280
f 9018 9019 9281
f 9019 9845 10103
f 9002 9252 9264
f 8990 9253 9252
f 9251 9253 8991
f 8989 9255 9251
f 9254 9255 8993
f 9256 9254 8992
f 8994 9257 9256
f 8995 9258 9257
f 8996 9259 9258
f 9260 9259 8997
f 8998 9261 9260
f 9000 9265 9262
f 9001 9262 9263
f 9003 9264 9265
f 9263 9266 9004
f 9005 9266 9267
f 9006 9267 9268
f 9007 9268 9269
f 9008 9269 9270
f 9009 9270 9271
f 9823 9271 10081
f 9272 9261 8999
f 9010 9273 9272
f 9011 9274 9273
f 9275 9274 9012
f 9013 9276 9275
f 9014 9277 9276
f 9015 9278 9277
f 9279 9278 9016
f 9017 9280 9279
f 9018 9281 9280
f 9019 10103 9281
f 9823 10081 9824
f 9825 9824 10082
f 9826 9825 10083
f 9827 9826 10084
f 9828 9827 10085
f 9829 9828 10086
f 9830 9829 10087
f 9831 9830 10088
f 9832 9831 10089
f 9833 9832 10090
f 9834 9833 10091
f 9835 9834 10092
f 9836 9835 10093
f 9837 9836 10094
f 9838 9837 10095
f 9839 9838 10096
f 9840 9839 10097
f 9841 9842 10100
f 9844 9843 10101
f 9843 9840 10098
f 9842 9844 10102
f 9845 9846 10104
f 9846 9847 10105
f 9847 9848 10106
f 9848 9849 10107
f 9850 9852 10110
f 9849 9851 10109
f 9851 9850 10108
f 9852 9853 10111
f 9853 9854 10112
f 9854 9855 10113
f 9855 9841 10099
f 9824 10081 10082
f 9825 10082 10083
f 9826 10083 10084
f 9827 10084 10085
f 9828 10085 10086
f 9829 10086 10087
f 9830 10087 10088
f 9831 10088 10089
f 9832 10089 10090
f 9833 10090 10091
f 10091 10092 9834
f 9835 10092 10093
f 9836 10093 10094
f 9837 10094 10095
f 9838 10095 10096
f 10096 10097 9839
f 9840 10097 10098
f 10102 10100 9842
f 9841 10100 10099
f 10098 10101 9843
f 9844 10101 10102
f 9845 10104 10103
f 9846 10105 10104
f 9847 10106 10105
f 10107 10106 9848
f 9849 10109 10107
f 9850 10110 10108
f 9851 10108 10109
f 9852 10111 10110
f 9853 10112 10111
f 9854 10113 10112
f 9855 10099 10113
f 8458 8459 8724
f 8458 8723 8722
f 8723 8458 8724
f 8724 8459 9561
f 8723 8724 8762
f 8724 8763 8762
f 8459 9300 9561
f 9300 9299 9559
f 9560 9300 9559
f 9560 9561 9300
f 9560 9594 9561
f 9594 9560 9593
o 04_black_visor
usemtl 04_black_visor
v -31.612720 66.723877 80.799999
v -29.656761 65.416946 80.799999
v -28.042679 64.701469 80.799999
v -27.483414 64.516716 80.799999
v -28.592201 64.913445 80.799999
v -29.130663 65.152130 80.799999
v -30.666845 66.022362 80.799999
v -30.169231 65.707260 80.799999
v -31.148390 66.361511 80.799999
v -32.058708 67.108589 80.799999
v -32.485283 67.514717 80.799999
v -32.891415 67.941292 80.799999
v -33.276127 68.387283 80.799999
v -33.977634 69.333160 80.799999
v -34.292744 69.830765 80.799999
v -33.638489 68.851608 80.799999
v -26.915764 64.359627 80.799999
v -26.341084 64.230576 80.799999
v -25.760765 64.129883 80.799999
v -25.176207 64.057785 80.799999
v -24.588812 64.014458 80.799999
v -24.000000 64.000000 80.799999
v -22.709539 69.042908 80.799999
v -23.363960 69.636040 80.799999
v -20.444151 67.685081 80.799999
v -21.242571 68.062706 80.799999
v -19.612562 67.387535 80.799999
v -18.755814 67.172935 80.799999
v -22.000132 68.516777 80.799999
v -34.583054 70.343239 80.799999
v -35.086555 71.407799 80.799999
v -34.847870 70.869339 80.799999
v -35.298531 71.957321 80.799999
v -35.483284 72.516586 80.799999
v -35.640373 73.084236 80.799999
v -35.769424 73.658913 80.799999
v -35.870117 74.239235 80.799999
v -35.942215 74.823792 80.799999
v -35.985546 75.411186 80.799999
v -23.957094 70.290459 80.799999
v -24.483227 70.999870 80.799999
v -24.937292 71.757431 80.799999
v -25.314917 72.555847 80.799999
v -25.612463 73.387436 80.799999
v -25.827068 74.244186 80.799999
v -25.956663 75.117844 80.799999
v -17.882154 67.043335 80.799999
v -17.000000 67.000000 80.799999
v -16.117846 67.043335 80.799999
v -15.244187 67.172935 80.799999
v -14.387439 67.387535 80.799999
v -13.555850 67.685081 80.799999
v -12.757429 68.062706 80.799999
v -11.999867 68.516777 80.799999
v -11.290461 69.042908 80.799999
v -10.636039 69.636040 80.799999
v -10.042906 70.290459 80.799999
v -9.516773 70.999870 80.799999
v -9.062709 71.757431 80.799999
v -8.685084 72.555847 80.799999
v -8.387537 73.387436 80.799999
v -8.172933 74.244186 80.799999
v -8.043338 75.117844 80.799999
v -31.612720 66.723877 82.000000
v -29.656761 65.416946 82.000000
v -28.042679 64.701469 82.000000
v -27.483414 64.516716 82.000000
v -28.592201 64.913445 82.000000
v -29.130663 65.152130 82.000000
v -30.666845 66.022362 82.000000
v -30.169231 65.707260 82.000000
v -31.148390 66.361511 82.000000
v -32.058708 67.108589 82.000000
v -32.485283 67.514717 82.000000
v -32.891415 67.941292 82.000000
v -33.276127 68.387283 82.000000
v -33.977634 69.333160 82.000000
v -34.292744 69.830765 82.000000
v -33.638489 68.851608 82.000000
v -26.915764 64.359627 82.000000
v -26.341084 64.230576 82.000000
v -25.760765 64.129883 82.000000
v -25.176207 64.057785 82.000000
v -24.588812 64.014458 82.000000
v -24.000000 64.000000 82.000000
v -22.709539 69.042908 82.000000
v -23.363960 69.636040 82.000000
v -20.444151 67.685081 82.000000
v -21.242571 68.062706 82.000000
v -19.612562 67.387535 82.000000
v -18.755814 67.172935 82.000000
v -22.000132 68.516777 82.000000
v -34.583054 70.343239 82.000000
v -35.086555 71.407799 82.000000
v -34.847870 70.869339 82.000000
v -35.298531 71.957321 82.000000
v -35.483284 72.516586 82.000000
v -35.640373 73.084236 82.000000
v -35.769424 73.658913 82.000000
v -35.870117 74.239235 82.000000
v -35.942215 74.823792 82.000000
v -35.985546 75.411186 82.000000
v -23.957094 70.290459 82.000000
v -24.483227 70.999870 82.000000
v -24.937292 71.757431 82.000000
v -25.314917 72.555847 82.000000
v -25.612463 73.387436 82.000000
v -25.827068 74.244186 82.000000
v -25.956663 75.117844 82.000000
v -17.882154 67.043335 82.000000
v -17.000000 67.000000 82.000000
v -16.117846 67.043335 82.000000
v -15.244187 67.172935 82.000000
v -14.387439 67.387535 82.000000
v -13.555850 67.685081 82.000000
v -12.757429 68.062706 82.000000
v -11.999867 68.516777 82.000000
v -11.290461 69.042908 82.000000
v -10.636039 69.636040 82.000000
v -10.042906 70.290459 82.000000
v -9.516773 70.999870 82.000000
v -9.062709 71.757431 82.000000
v -8.685084 72.555847 82.000000
v -8.387537 73.387436 82.000000
v -8.172933 74.244186 82.000000
v -8.043338 75.117844 82.000000
v -36.000000 76.000000 80.799999
v -35.985546 76.588814 80.799999
v -35.942215 77.176208 80.799999
v -35.870117 77.760765 80.799999
v -35.769424 78.341087 80.799999
v -35.640373 78.915764 80.799999
v -35.483284 79.483414 80.799999
v -35.298531 80.042679 80.799999
v -35.086555 80.592201 80.799999
v -34.847870 81.130661 80.799999
v -34.583054 81.656761 80.799999
v -26.000000 76.000000 80.799999
v -25.956663 76.882156 80.799999
v -25.827068 77.755814 80.799999
v -25.612463 78.612564 80.799999
v -25.314917 79.444153 80.799999
v -24.937292 80.242569 80.799999
v -24.483227 81.000130 80.799999
v -23.957094 81.709541 80.799999
v -34.292744 82.169235 80.799999
v -33.977634 82.666840 80.799999
v -33.638489 83.148392 80.799999
v -33.276127 83.612717 80.799999
v -32.891415 84.058708 80.799999
v -32.485283 84.485283 80.799999
v -32.058708 84.891411 80.799999
v -31.612720 85.276123 80.799999
v -31.148390 85.638489 80.799999
v -30.666845 85.977638 80.799999
v -30.169231 86.292740 80.799999
v -29.656761 86.583054 80.799999
v -29.130663 86.847870 80.799999
v -28.592201 87.086555 80.799999
v -28.042679 87.298531 80.799999
v -27.483414 87.483284 80.799999
v -23.363960 82.363960 80.799999
v -22.709539 82.957092 80.799999
v -22.000132 83.483223 80.799999
v -21.242571 83.937294 80.799999
v -20.444151 84.314919 80.799999
v -19.612562 84.612465 80.799999
v -18.755814 84.827065 80.799999
v -26.915764 87.640373 80.799999
v -26.341084 87.769424 80.799999
v -25.760765 87.870117 80.799999
v -25.176207 87.942215 80.799999
v -24.588812 87.985542 80.799999
v -24.000000 88.000000 80.799999
v -9.062709 80.242569 80.799999
v -9.516773 81.000130 80.799999
v -10.042906 81.709541 80.799999
v -8.000000 76.000000 80.799999
v -8.043338 76.882156 80.799999
v -8.172933 77.755814 80.799999
v -8.387537 78.612564 80.799999
v -8.685084 79.444153 80.799999
v -17.882154 84.956665 80.799999
v -16.117846 84.956665 80.799999
v -15.244187 84.827065 80.799999
v -14.387439 84.612465 80.799999
v -13.555850 84.314919 80.799999
v -11.290461 82.957092 80.799999
v -11.999867 83.483223 80.799999
v -10.636039 82.363960 80.799999
v -12.757429 83.937294 80.799999
v -17.000000 85.000000 80.799999
v -36.000000 76.000000 82.000000
v -35.985546 76.588814 82.000000
v -35.942215 77.176208 82.000000
v -35.870117 77.760765 82.000000
v -35.769424 78.341087 82.000000
v -35.640373 78.915764 82.000000
v -35.483284 79.483414 82.000000
v -35.298531 80.042679 82.000000
v -35.086555 80.592201 82.000000
v -34.847870 81.130661 82.000000
v -34.583054 81.656761 82.000000
v -26.000000 76.000000 82.000000
v -25.956663 76.882156 82.000000
v -25.827068 77.755814 82.000000
v -25.612463 78.612564 82.000000
v -25.314917 79.444153 82.000000
v -24.937292 80.242569 82.000000
v -24.483227 81.000130 82.000000
v -23.957094 81.709541 82.000000
v -34.292744 82.169235 82.000000
v -33.977634 82.666840 82.000000
v -33.638489 83.148392 82.000000
v -33.276127 83.612717 82.000000
v -32.891415 84.058708 82.000000
v -32.485283 84.485283 82.000000
v -32.058708 84.891411 82.000000
v -31.612720 85.276123 82.000000
v -31.148390 85.638489 82.000000
v -30.666845 85.977638 82.000000
v -30.169231 86.292740 82.000000
v -29.656761 86.583054 82.000000
v -29.130663 86.847870 82.000000
v -28.592201 87.086555 82.000000
v -28.042679 87.298531 82.000000
v -27.483414 87.483284 82.000000
v -23.363960 82.363960 82.000000
v -22.709539 82.957092 82.000000
v -22.000132 83.483223 82.000000
v -21.242571 83.937294 82.000000
v -20.444151 84.314919 82.000000
v -19.612562 84.612465 82.000000
v -18.755814 84.827065 82.000000
v -26.915764 87.640373 82.000000
v -26.341084 87.769424 82.000000
v -25.760765 87.870117 82.000000
v -25.176207 87.942215 82.000000
v -24.588812 87.985542 82.000000
v -24.000000 88.000000 82.000000
v -9.062709 80.242569 82.000000
v -9.516773 81.000130 82.000000
v -10.042906 81.709541 82.000000
v -8.000000 76.000000 82.000000
v -8.043338 76.882156 82.000000
v -8.172933 77.755814 82.000000
v -8.387537 78.612564 82.000000
v -8.685084 79.444153 82.000000
v -17.882154 84.956665 82.000000
v -16.117846 84.956665 82.000000
v -15.244187 84.827065 82.000000
v -14.387439 84.612465 82.000000
v -13.555850 84.314919 82.000000
v -11.290461 82.957092 82.000000
v -11.999867 83.483223 82.000000
v -10.636039 82.363960 82.000000
v -12.757429 83.937294 82.000000
v -17.000000 85.000000 82.000000
v 14.617317 69.076118 80.799999
v 14.572445 69.096008 80.799999
v 14.528604 69.118080 80.799999
v 14.485898 69.142273 80.799999
v 14.404301 69.196793 80.799999
v 14.444428 69.168533 80.799999
v 14.365606 69.226990 80.799999
v 14.663111 69.058456 80.799999
v 14.757019 69.029968 80.799999
v 14.709715 69.043060 80.799999
v 14.853269 69.010826 80.799999
v 14.901984 69.004814 80.799999
v 14.804911 69.019218 80.799999
v 14.950933 69.001205 80.799999
v 15.000000 69.000000 80.799999
v 14.328440 69.259048 80.799999
v 14.292892 69.292892 80.799999
v 14.259048 69.328438 80.799999
v 14.196792 69.404305 80.799999
v 14.226991 69.365608 80.799999
v 14.168531 69.444427 80.799999
v 14.118078 69.528603 80.799999
v 14.142270 69.485901 80.799999
v 14.096011 69.572441 80.799999
v 14.076120 69.617317 80.799999
v 14.058456 69.663109 80.799999
v 14.043059 69.709717 80.799999
v 14.029969 69.757019 80.799999
v 14.019215 69.804909 80.799999
v 14.010824 69.853271 80.799999
v 14.004814 69.901985 80.799999
v 14.001204 69.950935 80.799999
v 14.000000 70.000000 80.799999
v 24.000000 64.000000 80.799999
v 24.588812 64.014458 80.799999
v 25.176207 64.057785 80.799999
v 25.760765 64.129883 80.799999
v 26.341084 64.230576 80.799999
v 26.915764 64.359627 80.799999
v 23.000000 69.000000 80.799999
v 23.049068 69.001205 80.799999
v 23.098017 69.004814 80.799999
v 23.146730 69.010826 80.799999
v 23.195091 69.019218 80.799999
v 23.242981 69.029968 80.799999
v 23.290285 69.043060 80.799999
v 23.336889 69.058456 80.799999
v 23.382683 69.076118 80.799999
v 23.427555 69.096008 80.799999
v 23.471397 69.118080 80.799999
v 23.514103 69.142273 80.799999
v 23.555571 69.168533 80.799999
v 23.595699 69.196793 80.799999
v 23.634394 69.226990 80.799999
v 23.671558 69.259048 80.799999
v 23.707108 69.292892 80.799999
v 23.740952 69.328438 80.799999
v 23.773010 69.365608 80.799999
v 23.803207 69.404305 80.799999
v 23.831470 69.444427 80.799999
v 23.857729 69.485901 80.799999
v 23.881922 69.528603 80.799999
v 23.903990 69.572441 80.799999
v 23.923880 69.617317 80.799999
v 23.941544 69.663109 80.799999
v 23.956940 69.709717 80.799999
v 23.970032 69.757019 80.799999
v 23.980785 69.804909 80.799999
v 23.989176 69.853271 80.799999
v 23.995184 69.901985 80.799999
v 23.998795 69.950935 80.799999
v 27.483414 64.516716 80.799999
v 28.042679 64.701469 80.799999
v 28.592201 64.913445 80.799999
v 29.130663 65.152130 80.799999
v 29.656761 65.416946 80.799999
v 30.169231 65.707260 80.799999
v 30.666845 66.022362 80.799999
v 31.148390 66.361511 80.799999
v 31.612720 66.723877 80.799999
v 32.058708 67.108589 80.799999
v 32.485283 67.514717 80.799999
v 32.891415 67.941292 80.799999
v 33.276127 68.387283 80.799999
v 33.638489 68.851608 80.799999
v 33.977634 69.333160 80.799999
v 34.292744 69.830765 80.799999
v 24.000000 70.000000 80.799999
v 34.583054 70.343239 80.799999
v 34.847870 70.869339 80.799999
v 35.086555 71.407799 80.799999
v 35.298531 71.957321 80.799999
v 35.483284 72.516586 80.799999
v 35.640373 73.084236 80.799999
v 35.769424 73.658913 80.799999
v 35.870117 74.239235 80.799999
v 35.942215 74.823792 80.799999
v 35.985546 75.411186 80.799999
v 14.617317 69.076118 82.000000
v 14.572445 69.096008 82.000000
v 14.528604 69.118080 82.000000
v 14.485898 69.142273 82.000000
v 14.404301 69.196793 82.000000
v 14.444428 69.168533 82.000000
v 14.365606 69.226990 82.000000
v 14.663111 69.058456 82.000000
v 14.757019 69.029968 82.000000
v 14.709715 69.043060 82.000000
v 14.853269 69.010826 82.000000
v 14.901984 69.004814 82.000000
v 14.804911 69.019218 82.000000
v 14.950933 69.001205 82.000000
v 15.000000 69.000000 82.000000
v 14.328440 69.259048 82.000000
v 14.292892 69.292892 82.000000
v 14.259048 69.328438 82.000000
v 14.196792 69.404305 82.000000
v 14.226991 69.365608 82.000000
v 14.168531 69.444427 82.000000
v 14.118078 69.528603 82.000000
v 14.142270 69.485901 82.000000
v 14.096011 69.572441 82.000000
v 14.076120 69.617317 82.000000
v 14.058456 69.663109 82.000000
v 14.043059 69.709717 82.000000
v 14.029969 69.757019 82.000000
v 14.019215 69.804909 82.000000
v 14.010824 69.853271 82.000000
v 14.004814 69.901985 82.000000
v 14.001204 69.950935 82.000000
v 14.000000 70.000000 82.000000
v 24.000000 64.000000 82.000000
v 24.588812 64.014458 82.000000
v 25.176207 64.057785 82.000000
v 25.760765 64.129883 82.000000
v 26.341084 64.230576 82.000000
v 26.915764 64.359627 82.000000
v 23.000000 69.000000 82.000000
v 23.049068 69.001205 82.000000
v 23.098017 69.004814 82.000000
v 23.146730 69.010826 82.000000
v 23.195091 69.019218 82.000000
v 23.242981 69.029968 82.000000
v 23.290285 69.043060 82.000000
v 23.336889 69.058456 82.000000
v 23.382683 69.076118 82.000000
v 23.427555 69.096008 82.000000
v 23.471397 69.118080 82.000000
v 23.514103 69.142273 82.000000
v 23.555571 69.168533 82.000000
v 23.595699 69.196793 82.000000
v 23.634394 69.226990 82.000000
v 23.671558 69.259048 82.000000
v 23.707108 69.292892 82.000000
v 23.740952 69.328438 82.000000
v 23.773010 69.365608 82.000000
v 23.803207 69.404305 82.000000
v 23.831470 69.444427 82.000000
v 23.857729 69.485901 82.000000
v 23.881922 69.528603 82.000000
v 23.903990 69.572441 82.000000
v 23.923880 69.617317 82.000000
v 23.941544 69.663109 82.000000
v 23.956940 69.709717 82.000000
v 23.970032 69.757019 82.000000
v 23.980785 69.804909 82.000000
v 23.989176 69.853271 82.000000
v 23.995184 69.901985 82.000000
v 23.998795 69.950935 82.000000
v 27.483414 64.516716 82.000000
v 28.042679 64.701469 82.000000
v 28.592201 64.913445 82.000000
v 29.130663 65.152130 82.000000
v 29.656761 65.416946 82.000000
v 30.169231 65.707260 82.000000
v 30.666845 66.022362 82.000000
v 31.148390 66.361511 82.000000
v 31.612720 66.723877 82.000000
v 32.058708 67.108589 82.000000
v 32.485283 67.514717 82.000000
v 32.891415 67.941292 82.000000
v 33.276127 68.387283 82.000000
v 33.638489 68.851608 82.000000
v 33.977634 69.333160 82.000000
v 34.292744 69.830765 82.000000
v 24.000000 70.000000 82.000000
v 34.583054 70.343239 82.000000
v 34.847870 70.869339 82.000000
v 35.086555 71.407799 82.000000
v 35.298531 71.957321 82.000000
v 35.483284 72.516586 82.000000
v 35.640373 73.084236 82.000000
v 35.769424 73.658913 82.000000
v 35.870117 74.239235 82.000000
v 35.942215 74.823792 82.000000
v 35.985546 75.411186 82.000000
v 14.000000 82.000000 80.799999
v 14.001204 82.049065 80.799999
v 14.004814 82.098015 80.799999
v 14.010824 82.146729 80.799999
v 14.019215 82.195091 80.799999
v 14.029969 82.242981 80.799999
v 14.043059 82.290283 80.799999
v 14.058456 82.336891 80.799999
v 14.076120 82.382683 80.799999
v 14.096011 82.427559 80.799999
v 14.118078 82.471397 80.799999
v 14.142270 82.514099 80.799999
v 14.168531 82.555573 80.799999
v 14.196792 82.595695 80.799999
v 14.226991 82.634392 80.799999
v 14.259048 82.671562 80.799999
v 14.292892 82.707108 80.799999
v 14.328440 82.740952 80.799999
v 14.365606 82.773010 80.799999
v 14.404301 82.803207 80.799999
v 14.444428 82.831467 80.799999
v 14.485898 82.857727 80.799999
v 14.528604 82.881920 80.799999
v 14.572445 82.903992 80.799999
v 14.617317 82.923882 80.799999
v 14.663111 82.941544 80.799999
v 14.709715 82.956940 80.799999
v 14.757019 82.970032 80.799999
v 14.804911 82.980782 80.799999
v 14.853269 82.989174 80.799999
v 14.901984 82.995186 80.799999
v 14.950933 82.998795 80.799999
v 15.000000 83.000000 80.799999
v 36.000000 76.000000 80.799999
v 35.985546 76.588814 80.799999
v 35.942215 77.176208 80.799999
v 35.870117 77.760765 80.799999
v 35.769424 78.341087 80.799999
v 35.640373 78.915764 80.799999
v 35.483284 79.483414 80.799999
v 35.298531 80.042679 80.799999
v 34.847870 81.130661 80.799999
v 35.086555 80.592201 80.799999
v 34.583054 81.656761 80.799999
v 24.000000 82.000000 80.799999
v 23.998795 82.049065 80.799999
v 23.995184 82.098015 80.799999
v 23.989176 82.146729 80.799999
v 23.980785 82.195091 80.799999
v 23.970032 82.242981 80.799999
v 23.956940 82.290283 80.799999
v 23.941544 82.336891 80.799999
v 23.903990 82.427559 80.799999
v 23.881922 82.471397 80.799999
v 23.857729 82.514099 80.799999
v 23.831470 82.555573 80.799999
v 23.923880 82.382683 80.799999
v 23.803207 82.595695 80.799999
v 23.773010 82.634392 80.799999
v 23.740952 82.671562 80.799999
v 23.671558 82.740952 80.799999
v 23.707108 82.707108 80.799999
v 23.000000 83.000000 80.799999
v 23.049068 82.998795 80.799999
v 23.595699 82.803207 80.799999
v 23.555571 82.831467 80.799999
v 23.471397 82.881920 80.799999
v 23.382683 82.923882 80.799999
v 23.427555 82.903992 80.799999
v 23.514103 82.857727 80.799999
v 23.195091 82.980782 80.799999
v 23.098017 82.995186 80.799999
v 23.146730 82.989174 80.799999
v 23.242981 82.970032 80.799999
v 23.290285 82.956940 80.799999
v 23.336889 82.941544 80.799999
v 23.634394 82.773010 80.799999
v 24.000000 88.000000 80.799999
v 24.588812 87.985542 80.799999
v 25.176207 87.942215 80.799999
v 25.760765 87.870117 80.799999
v 26.341084 87.769424 80.799999
v 26.915764 87.640373 80.799999
v 33.638489 83.148392 80.799999
v 34.292744 82.169235 80.799999
v 33.977634 82.666840 80.799999
v 33.276127 83.612717 80.799999
v 32.891415 84.058708 80.799999
v 32.485283 84.485283 80.799999
v 32.058708 84.891411 80.799999
v 31.148390 85.638489 80.799999
v 30.169231 86.292740 80.799999
v 30.666845 85.977638 80.799999
v 29.130663 86.847870 80.799999
v 28.592201 87.086555 80.799999
v 27.483414 87.483284 80.799999
v 28.042679 87.298531 80.799999
v 29.656761 86.583054 80.799999
v 31.612720 85.276123 80.799999
v 14.000000 82.000000 82.000000
v 14.001204 82.049065 82.000000
v 14.004814 82.098015 82.000000
v 14.010824 82.146729 82.000000
v 14.019215 82.195091 82.000000
v 14.029969 82.242981 82.000000
v 14.043059 82.290283 82.000000
v 14.058456 82.336891 82.000000
v 14.076120 82.382683 82.000000
v 14.096011 82.427559 82.000000
v 14.118078 82.471397 82.000000
v 14.142270 82.514099 82.000000
v 14.168531 82.555573 82.000000
v 14.196792 82.595695 82.000000
v 14.226991 82.634392 82.000000
v 14.259048 82.671562 82.000000
v 14.292892 82.707108 82.000000
v 14.328440 82.740952 82.000000
v 14.365606 82.773010 82.000000
v 14.404301 82.803207 82.000000
v 14.444428 82.831467 82.000000
v 14.485898 82.857727 82.000000
v 14.528604 82.881920 82.000000
v 14.572445 82.903992 82.000000
v 14.617317 82.923882 82.000000
v 14.663111 82.941544 82.000000
v 14.709715 82.956940 82.000000
v 14.757019 82.970032 82.000000
v 14.804911 82.980782 82.000000
v 14.853269 82.989174 82.000000
v 14.901984 82.995186 82.000000
v 14.950933 82.998795 82.000000
v 15.000000 83.000000 82.000000
v 36.000000 76.000000 82.000000
v 35.985546 76.588814 82.000000
v 35.942215 77.176208 82.000000
v 35.870117 77.760765 82.000000
v 35.769424 78.341087 82.000000
v 35.640373 78.915764 82.000000
v 35.483284 79.483414 82.000000
v 35.298531 80.042679 82.000000
v 34.847870 81.130661 82.000000
v 35.086555 80.592201 82.000000
v 34.583054 81.656761 82.000000
v 24.000000 82.000000 82.000000
v 23.998795 82.049065 82.000000
v 23.995184 82.098015 82.000000
v 23.989176 82.146729 82.000000
v 23.980785 82.195091 82.000000
v 23.970032 82.242981 82.000000
v 23.956940 82.290283 82.000000
v 23.941544 82.336891 82.000000
v 23.903990 82.427559 82.000000
v 23.881922 82.471397 82.000000
v 23.857729 82.514099 82.000000
v 23.831470 82.555573 82.000000
v 23.923880 82.382683 82.000000
v 23.803207 82.595695 82.000000
v 23.773010 82.634392 82.000000
v 23.740952 82.671562 82.000000
v 23.671558 82.740952 82.000000
v 23.707108 82.707108 82.000000
v 23.000000 83.000000 82.000000
v 23.049068 82.998795 82.000000
v 23.595699 82.803207 82.000000
v 23.555571 82.831467 82.000000
v 23.471397 82.881920 82.000000
v 23.382683 82.923882 82.000000
v 23.427555 82.903992 82.000000
v 23.514103 82.857727 82.000000
v 23.195091 82.980782 82.000000
v 23.098017 82.995186 82.000000
v 23.146730 82.989174 82.000000
v 23.242981 82.970032 82.000000
v 23.290285 82.956940 82.000000
v 23.336889 82.941544 82.000000
v 23.634394 82.773010 82.000000
v 24.000000 88.000000 82.000000
v 24.588812 87.985542 82.000000
v 25.176207 87.942215 82.000000
v 25.760765 87.870117 82.000000
v 26.341084 87.769424 82.000000
v 26.915764 87.640373 82.000000
v 33.638489 83.148392 82.000000
v 34.292744 82.169235 82.000000
v 33.977634 82.666840 82.000000
v 33.276127 83.612717 82.000000
v 32.891415 84.058708 82.000000
v 32.485283 84.485283 82.000000
v 32.058708 84.891411 82.000000
v 31.148390 85.638489 82.000000
v 30.169231 86.292740 82.000000
v 30.666845 85.977638 82.000000
v 29.130663 86.847870 82.000000
v 28.592201 87.086555 82.000000
v 27.483414 87.483284 82.000000
v 28.042679 87.298531 82.000000
v 29.656761 86.583054 82.000000
v 31.612720 85.276123 82.000000
f 10362 10363 10379
f 10360 10361 10377
f 10351 10360 10378
f 10361 10362 10376
f 10363 10366 10379
f 10364 10373 10366
f 10364 10365 10374
f 10365 10390 10374
f 10351 10378 10397
f 10351 10397 10398
f 10362 10379 10376
f 10361 10375 10377
f 10360 10377 10378
f 10361 10376 10375
f 10366 10373 10379
f 10364 10374 10373
f 10351 10423 10360
f 10352 10356 10415
f 10353 10354 10416
f 10354 10367 10417
f 10355 10419 10356
f 10353 10418 10355
f 10357 10422 10359
f 10357 10358 10420
f 10352 10421 10358
f 10351 10359 10414
f 10360 10424 10361
f 10361 10425 10362
f 10362 10426 10363
f 10364 10366 10427
f 10364 10428 10365
f 10363 10429 10366
f 10367 10368 10430
f 10368 10369 10431
f 10369 10370 10432
f 10370 10371 10433
f 10371 10372 10434
f 10381 10383 10392
f 10383 10384 10393
f 10384 10385 10393
f 10365 10380 10390
f 10380 10382 10391
f 10381 10391 10382
f 10380 10391 10390
f 10381 10392 10391
f 10383 10393 10392
f 10385 10386 10394
f 10386 10387 10395
f 10387 10388 10395
f 10388 10389 10396
f 10389 10477 10488
f 10385 10394 10393
f 10386 10395 10394
f 10389 10488 10396
f 10388 10396 10395
f 10365 10443 10380
f 10380 10445 10382
f 10381 10382 10444
f 10381 10446 10383
f 10383 10447 10384
f 10384 10448 10385
f 10385 10449 10386
f 10386 10450 10387
f 10387 10451 10388
f 10388 10452 10389
f 10389 10543 10477
f 10355 10356 10685
f 10352 10686 10356
f 10352 10358 10687
f 10357 10688 10358
f 10357 10359 10689
f 10351 10690 10359
f 10369 10647 10370
f 10368 10680 10369
f 10354 10682 10367
f 10367 10681 10368
f 10371 10645 10372
f 10370 10646 10371
f 10353 10683 10354
f 10353 10355 10684
f 10351 10398 10691
f 10691 10398 10399
f 10405 10620 10404
f 10406 10628 10405
f 10407 10638 10406
f 10372 10642 10435
f 10641 10407 10408
f 10409 10641 10408
f 10410 10641 10409
f 10641 10410 10411
f 10412 10641 10411
f 10641 10412 10413
f 10528 10641 10413
f 10641 10528 10529
f 10530 10641 10529
f 10531 10641 10530
f 10351 10414 10423
f 10356 10419 10415
f 10354 10417 10416
f 10367 10430 10417
f 10355 10418 10419
f 10353 10416 10418
f 10357 10420 10422
f 10352 10415 10421
f 10358 10421 10420
f 10359 10422 10414
f 10360 10423 10424
f 10361 10424 10425
f 10362 10425 10426
f 10366 10429 10427
f 10364 10427 10428
f 10363 10426 10429
f 10368 10431 10430
f 10369 10432 10431
f 10370 10433 10432
f 10371 10434 10433
f 10372 10435 10434
f 10425 10436 10426
f 10423 10438 10424
f 10414 10440 10423
f 10424 10442 10425
f 10426 10436 10429
f 10427 10453 10428
f 10427 10429 10437
f 10427 10437 10453
f 10414 10460 10441
f 10414 10461 10460
f 10424 10439 10442
f 10423 10440 10438
f 10414 10441 10440
f 10424 10438 10439
f 10429 10436 10437
f 10425 10442 10436
f 10365 10428 10443
f 10380 10443 10445
f 10382 10445 10444
f 10381 10444 10446
f 10383 10446 10447
f 10384 10447 10448
f 10385 10448 10449
f 10386 10449 10450
f 10387 10450 10451
f 10388 10451 10452
f 10389 10452 10543
f 10444 10445 10455
f 10444 10456 10446
f 10446 10457 10447
f 10447 10457 10448
f 10428 10454 10443
f 10443 10455 10445
f 10428 10453 10454
f 10443 10454 10455
f 10444 10455 10456
f 10446 10456 10457
f 10448 10458 10449
f 10449 10459 10450
f 10450 10459 10451
f 10451 10554 10452
f 10452 10554 10543
f 10448 10457 10458
f 10449 10458 10459
f 10451 10459 10554
f 10418 10783 10419
f 10415 10419 10784
f 10415 10785 10421
f 10420 10421 10786
f 10420 10787 10422
f 10414 10422 10788
f 10432 10433 10745
f 10431 10432 10778
f 10417 10430 10780
f 10430 10431 10779
f 10434 10435 10743
f 10433 10434 10744
f 10416 10417 10781
f 10416 10782 10418
f 10414 10789 10461
f 10789 10462 10461
f 10466 10721 10467
f 10467 10725 10468
f 10468 10737 10469
f 10469 10904 10470
f 10470 10904 10471
f 10471 10904 10472
f 10472 10904 10473
f 10473 10904 10474
f 10477 10478 10488
f 10478 10479 10488
f 10479 10480 10489
f 10480 10481 10490
f 10481 10482 10490
f 10479 10489 10488
f 10480 10490 10489
f 10482 10491 10490
f 10482 10483 10491
f 10483 10484 10492
f 10484 10485 10493
f 10485 10486 10493
f 10483 10492 10491
f 10484 10493 10492
f 10486 10487 10494
f 10487 10496 10495
f 10486 10494 10493
f 10487 10495 10494
f 10477 10544 10478
f 10478 10545 10479
f 10479 10546 10480
f 10480 10547 10481
f 10481 10548 10482
f 10482 10549 10483
f 10483 10550 10484
f 10484 10551 10485
f 10485 10552 10486
f 10486 10553 10487
f 10487 10562 10496
f 10496 10497 10512
f 10497 10498 10512
f 10498 10499 10513
f 10496 10512 10495
f 10499 10500 10514
f 10500 10501 10515
f 10501 10502 10517
f 10498 10513 10512
f 10499 10514 10513
f 10500 10515 10514
f 10501 10516 10515
f 10501 10517 10516
f 10502 10518 10517
f 10502 10533 10518
f 10502 10542 10533
f 10522 10523 10524
f 10496 10563 10497
f 10497 10564 10498
f 10498 10565 10499
f 10499 10566 10500
f 10500 10567 10501
f 10501 10568 10502
f 10502 10569 10503
f 10503 10570 10504
f 10504 10571 10505
f 10505 10572 10506
f 10506 10573 10507
f 10507 10574 10508
f 10508 10575 10509
f 10509 10576 10510
f 10510 10577 10511
f 10511 10585 10519
f 10519 10586 10520
f 10520 10587 10521
f 10521 10588 10522
f 10522 10589 10523
f 10523 10590 10524
f 10525 10641 10532
f 10532 10641 10531
f 10526 10641 10525
f 10527 10641 10526
f 10502 10503 10897
f 10503 10504 10896
f 10504 10505 10902
f 10505 10506 10898
f 10506 10507 10899
f 10507 10508 10901
f 10508 10509 10900
f 10509 10510 10887
f 10510 10511 10886
f 10511 10519 10885
f 10519 10520 10884
f 10520 10521 10883
f 10538 10826 10540
f 10540 10812 10527
f 10502 10895 10542
f 10521 10522 10882
f 10522 10524 10882
f 10895 10534 10542
f 10895 10535 10534
f 10477 10543 10544
f 10478 10544 10545
f 10479 10545 10546
f 10480 10546 10547
f 10481 10547 10548
f 10482 10548 10549
f 10483 10549 10550
f 10484 10550 10551
f 10485 10551 10552
f 10486 10552 10553
f 10487 10553 10562
f 10543 10555 10544
f 10544 10555 10545
f 10545 10556 10546
f 10546 10557 10547
f 10547 10557 10548
f 10543 10554 10555
f 10545 10555 10556
f 10546 10556 10557
f 10548 10557 10558
f 10548 10558 10549
f 10549 10559 10550
f 10550 10560 10551
f 10549 10558 10559
f 10550 10559 10560
f 10551 10560 10552
f 10552 10561 10553
f 10552 10560 10561
f 10553 10561 10578
f 10496 10562 10563
f 10497 10563 10564
f 10498 10564 10565
f 10499 10565 10566
f 10500 10566 10567
f 10501 10567 10568
f 10502 10568 10569
f 10503 10569 10570
f 10504 10570 10571
f 10505 10571 10572
f 10506 10572 10573
f 10507 10573 10574
f 10508 10574 10575
f 10509 10575 10576
f 10510 10576 10577
f 10511 10577 10585
f 10519 10585 10586
f 10520 10586 10587
f 10521 10587 10588
f 10522 10588 10589
f 10523 10589 10590
f 10553 10578 10562
f 10562 10579 10563
f 10563 10579 10564
f 10564 10580 10565
f 10565 10581 10566
f 10566 10582 10567
f 10567 10584 10568
f 10562 10578 10579
f 10564 10579 10580
f 10565 10580 10581
f 10566 10581 10582
f 10567 10582 10583
f 10567 10583 10584
f 10568 10584 10599
f 10568 10599 10608
f 10588 10590 10589
f 10474 10904 10475
f 10475 10904 10476
f 10476 10904 10594
f 10594 10904 10595
f 10904 10596 10595
f 10596 10904 10597
f 10904 10598 10597
f 10598 10904 10591
f 10904 10592 10591
f 10592 10910 10593
f 10524 10590 10981
f 10568 10996 10569
f 10569 10995 10570
f 10570 11001 10571
f 10571 10997 10572
f 10572 10998 10573
f 10573 11000 10574
f 10574 10999 10575
f 10575 10986 10576
f 10576 10985 10577
f 10577 10984 10585
f 10585 10983 10586
f 10586 10982 10587
f 10593 10924 10606
f 10568 10608 10994
f 10587 10981 10588
f 10588 10981 10590
f 10994 10608 10600
f 10994 10600 10601
f 10372 10644 10642
f 10372 10645 10644
f 10691 10399 10400
f 10691 10400 10401
f 10691 10401 10402
f 10692 10402 10403
f 10693 10403 10404
f 10404 10620 10622
f 10404 10622 10623
f 10405 10616 10618
f 10405 10609 10616
f 10405 10617 10621
f 10405 10618 10617
f 10405 10619 10620
f 10405 10621 10619
f 10405 10615 10613
f 10405 10614 10612
f 10405 10613 10614
f 10405 10626 10625
f 10405 10628 10626
f 10405 10624 10615
f 10405 10625 10624
f 10405 10610 10609
f 10405 10611 10610
f 10405 10612 10611
f 10406 10631 10629
f 10406 10630 10631
f 10406 10632 10630
f 10406 10633 10632
f 10406 10627 10628
f 10406 10629 10627
f 10406 10634 10633
f 10406 10635 10634
f 10406 10636 10635
f 10406 10637 10636
f 10406 10638 10637
f 10404 10623 10648
f 10371 10646 10645
f 10370 10647 10646
f 10369 10680 10647
f 10368 10681 10680
f 10367 10682 10681
f 10354 10683 10682
f 10353 10684 10683
f 10355 10685 10684
f 10356 10686 10685
f 10352 10687 10686
f 10358 10688 10687
f 10357 10689 10688
f 10359 10690 10689
f 10351 10691 10690
f 10691 10402 10692
f 10693 10404 10648
f 10407 10639 10638
f 10407 10640 10639
f 10407 10641 10640
f 10642 10644 10643
f 10692 10403 10693
f 10693 10648 10649
f 10693 10649 10650
f 10693 10650 10651
f 10693 10651 10652
f 10693 10652 10653
f 10693 10653 10654
f 10693 10654 10655
f 10693 10655 10656
f 10693 10656 10657
f 10693 10657 10658
f 10694 10658 10659
f 10694 10659 10660
f 10694 10660 10661
f 10694 10661 10662
f 10694 10662 10663
f 10694 10663 10664
f 10694 10664 10665
f 10694 10665 10666
f 10694 10666 10667
f 10694 10667 10668
f 10694 10668 10669
f 10694 10669 10670
f 10694 10670 10671
f 10694 10671 10672
f 10695 10672 10673
f 10695 10673 10674
f 10695 10674 10675
f 10695 10675 10676
f 10695 10676 10677
f 10695 10677 10678
f 10695 10678 10679
f 10695 10679 10696
f 10693 10658 10694
f 10694 10672 10695
f 10642 10643 10740
f 10643 10644 10741
f 10644 10645 10742
f 10645 10646 10743
f 10646 10647 10744
f 10647 10680 10745
f 10680 10681 10778
f 10681 10682 10779
f 10682 10683 10780
f 10683 10684 10781
f 10684 10685 10782
f 10685 10686 10783
f 10686 10687 10784
f 10687 10688 10785
f 10688 10689 10786
f 10689 10690 10787
f 10690 10691 10788
f 10691 10692 10789
f 10692 10693 10790
f 10693 10694 10791
f 10694 10695 10792
f 10695 10696 10849
f 10695 10849 10697
f 10697 10849 10698
f 10698 10849 10699
f 10699 10849 10700
f 10700 10849 10701
f 10701 10849 10702
f 10695 10697 10793
f 10697 10698 10795
f 10698 10699 10796
f 10699 10700 10797
f 10700 10701 10798
f 10701 10702 10799
f 10702 10703 10800
f 10703 10704 10801
f 10704 10705 10802
f 10705 10706 10803
f 10706 10838 10804
f 10435 10642 10740
f 10435 10740 10742
f 10435 10742 10743
f 10789 10463 10462
f 10789 10464 10463
f 10790 10465 10464
f 10791 10466 10465
f 10467 10712 10711
f 10467 10711 10713
f 10467 10713 10722
f 10467 10722 10723
f 10467 10723 10724
f 10467 10726 10725
f 10467 10724 10726
f 10467 10715 10716
f 10467 10716 10714
f 10467 10717 10719
f 10467 10719 10715
f 10467 10720 10718
f 10467 10718 10717
f 10467 10721 10720
f 10467 10714 10707
f 10467 10707 10708
f 10467 10708 10709
f 10467 10709 10710
f 10467 10710 10712
f 10468 10731 10732
f 10468 10732 10733
f 10468 10733 10734
f 10468 10734 10735
f 10468 10735 10736
f 10468 10736 10737
f 10468 10725 10727
f 10468 10727 10729
f 10468 10729 10728
f 10468 10728 10730
f 10468 10730 10731
f 10469 10737 10738
f 10469 10738 10739
f 10434 10743 10744
f 10433 10744 10745
f 10432 10745 10778
f 10431 10778 10779
f 10430 10779 10780
f 10417 10780 10781
f 10416 10781 10782
f 10418 10782 10783
f 10419 10783 10784
f 10415 10784 10785
f 10421 10785 10786
f 10420 10786 10787
f 10422 10787 10788
f 10414 10788 10789
f 10791 10721 10466
f 10789 10790 10464
f 10790 10791 10465
f 10469 10739 10904
f 10643 10741 10740
f 10644 10742 10741
f 10645 10743 10742
f 10646 10744 10743
f 10647 10745 10744
f 10680 10778 10745
f 10681 10779 10778
f 10682 10780 10779
f 10683 10781 10780
f 10684 10782 10781
f 10685 10783 10782
f 10686 10784 10783
f 10687 10785 10784
f 10688 10786 10785
f 10689 10787 10786
f 10690 10788 10787
f 10691 10789 10788
f 10692 10790 10789
f 10693 10791 10790
f 10694 10792 10791
f 10695 10793 10792
f 10740 10741 10742
f 10791 10746 10721
f 10791 10747 10746
f 10791 10748 10747
f 10791 10749 10748
f 10791 10750 10749
f 10791 10751 10750
f 10791 10752 10751
f 10791 10753 10752
f 10791 10754 10753
f 10791 10755 10754
f 10792 10756 10755
f 10792 10757 10756
f 10792 10758 10757
f 10792 10759 10758
f 10792 10760 10759
f 10792 10761 10760
f 10792 10762 10761
f 10792 10763 10762
f 10792 10764 10763
f 10792 10765 10764
f 10792 10766 10765
f 10792 10767 10766
f 10792 10768 10767
f 10792 10769 10768
f 10793 10770 10769
f 10793 10771 10770
f 10793 10772 10771
f 10793 10773 10772
f 10793 10774 10773
f 10793 10775 10774
f 10793 10776 10775
f 10793 10777 10776
f 10793 10794 10777
f 10791 10792 10755
f 10792 10793 10769
f 10697 10795 10793
f 10698 10796 10795
f 10699 10797 10796
f 10700 10798 10797
f 10701 10799 10798
f 10702 10800 10799
f 10703 10801 10800
f 10704 10802 10801
f 10705 10803 10802
f 10706 10804 10803
f 10804 10838 10937
f 10793 10795 10794
f 10795 10796 10794
f 10796 10797 10794
f 10797 10798 10794
f 10798 10799 10794
f 10799 10800 10794
f 10800 10801 10794
f 10801 10802 10794
f 10802 10803 10794
f 10803 10804 10794
f 10804 10937 10794
f 10937 10938 10794
f 10938 10939 10794
f 10939 10940 10794
f 10940 10941 10794
f 10941 10942 10794
f 10527 10805 10641
f 10527 10806 10805
f 10527 10807 10806
f 10527 10808 10807
f 10891 10538 10539
f 10903 10536 10535
f 10894 10541 10537
f 10903 10537 10536
f 10893 10539 10541
f 10527 10809 10808
f 10527 10810 10809
f 10527 10811 10810
f 10527 10812 10811
f 10540 10813 10812
f 10540 10814 10813
f 10540 10815 10814
f 10540 10816 10815
f 10540 10817 10816
f 10540 10818 10817
f 10540 10819 10818
f 10540 10820 10819
f 10540 10821 10820
f 10821 10540 10822
f 10540 10823 10822
f 10540 10824 10823
f 10540 10825 10824
f 10540 10826 10825
f 10826 10538 10827
f 10538 10828 10827
f 10538 10829 10828
f 10538 10830 10829
f 10538 10831 10830
f 10538 10832 10831
f 10538 10833 10832
f 10538 10834 10833
f 10538 10835 10834
f 10538 10836 10835
f 10507 10901 10899
f 10508 10900 10901
f 10520 10883 10884
f 10521 10882 10883
f 10510 10886 10887
f 10509 10887 10900
f 10511 10885 10886
f 10519 10884 10885
f 10891 10836 10538
f 10892 10539 10893
f 10894 10537 10903
f 10893 10541 10894
f 10502 10897 10895
f 10503 10896 10897
f 10504 10902 10896
f 10505 10898 10902
f 10506 10899 10898
f 10895 10903 10535
f 10524 10981 10882
f 10702 10849 10703
f 10703 10849 10704
f 10704 10849 10705
f 10705 10849 10706
f 10706 10849 10838
f 10838 10849 10839
f 10839 10849 10840
f 10840 10849 10841
f 10845 10849 10847
f 10846 10847 10849
f 10846 10849 10848
f 10848 10849 10889
f 10841 10849 10842
f 10842 10849 10843
f 10843 10849 10844
f 10844 10849 10845
f 10838 10839 10937
f 10839 10840 10938
f 10840 10841 10939
f 10841 10842 10940
f 10842 10843 10941
f 10843 10844 10942
f 10844 10845 10943
f 10845 10847 10944
f 10846 10946 10847
f 10846 10848 10945
f 10848 10889 10947
f 10891 10837 10836
f 10891 10539 10892
f 10891 10867 10837
f 10888 10865 10881
f 10888 10881 10869
f 10888 10869 10870
f 10888 10876 10868
f 10888 10877 10876
f 10888 10875 10877
f 10888 10878 10875
f 10888 10871 10873
f 10888 10872 10880
f 10888 10879 10878
f 10888 10880 10879
f 10888 10873 10872
f 10888 10870 10874
f 10888 10874 10871
f 10891 10868 10867
f 10889 10849 10850
f 10890 10850 10851
f 10890 10851 10852
f 10890 10852 10853
f 10890 10853 10854
f 10890 10856 10861
f 10890 10861 10857
f 10890 10857 10858
f 10890 10858 10859
f 10890 10854 10855
f 10890 10855 10856
f 10890 10859 10860
f 10888 10860 10862
f 10888 10862 10863
f 10888 10863 10864
f 10888 10864 10866
f 10888 10866 10865
f 10889 10850 10890
f 10888 10868 10891
f 10888 10890 10860
f 10882 10982 10883
f 10883 10983 10884
f 10884 10984 10885
f 10885 10985 10886
f 10886 10986 10887
f 10888 10891 10987
f 10889 10890 10988
f 10888 10989 10890
f 10891 10892 10990
f 10892 10893 10991
f 10893 10894 10992
f 10895 11002 10903
f 10896 10902 10995
f 10896 10996 10897
f 10895 10897 10994
f 10899 10901 10998
f 10898 10899 10997
f 10887 10999 10900
f 10900 11000 10901
f 10898 11001 10902
f 10894 10903 10993
f 10592 10904 10905
f 10592 10905 10906
f 10592 10906 10907
f 10592 10907 10908
f 10909 10592 10908
f 10592 10909 10910
f 10990 10604 10606
f 11002 10603 10607
f 11002 10602 10603
f 10992 10605 10604
f 10993 10607 10605
f 10593 10910 10911
f 10593 10911 10912
f 10593 10912 10913
f 10593 10913 10914
f 10593 10914 10915
f 10593 10915 10916
f 10593 10916 10917
f 10593 10917 10918
f 10593 10918 10919
f 10593 10919 10920
f 10606 10924 10925
f 10926 10606 10925
f 10606 10926 10927
f 10606 10927 10928
f 10593 10920 10921
f 10593 10921 10922
f 10593 10922 10923
f 10593 10923 10924
f 10606 10928 10929
f 10606 10929 10930
f 10606 10930 10931
f 10606 10931 10932
f 10606 10932 10933
f 10606 10933 10934
f 10606 10934 10935
f 10994 10601 10602
f 10573 10998 11000
f 10574 11000 10999
f 10586 10983 10982
f 10587 10982 10981
f 10576 10986 10985
f 10575 10999 10986
f 10577 10985 10984
f 10585 10984 10983
f 10990 10606 10935
f 10992 10993 10605
f 10993 11002 10607
f 10568 10994 10996
f 10569 10996 10995
f 10570 10995 11001
f 10571 11001 10997
f 10572 10997 10998
f 10994 10602 11002
f 10839 10938 10937
f 10840 10939 10938
f 10841 10940 10939
f 10842 10941 10940
f 10843 10942 10941
f 10844 10943 10942
f 10845 10944 10943
f 10847 10946 10944
f 10846 10945 10946
f 10848 10947 10945
f 10889 10988 10947
f 10944 10946 10794
f 10945 10794 10946
f 10988 10948 10794
f 10945 10947 10794
f 10947 10988 10794
f 10942 10943 10794
f 10943 10944 10794
f 10882 10981 10982
f 10883 10982 10983
f 10884 10983 10984
f 10885 10984 10985
f 10886 10985 10986
f 10891 10990 10987
f 10890 10989 10988
f 10888 10987 10989
f 10892 10991 10990
f 10893 10992 10991
f 10894 10993 10992
f 10895 10994 11002
f 10896 10995 10996
f 10902 11001 10995
f 10897 10996 10994
f 10901 11000 10998
f 10899 10998 10997
f 10887 10986 10999
f 10900 10999 11000
f 10898 10997 11001
f 10903 11002 10993
f 10990 10935 10936
f 10990 10991 10604
f 10991 10992 10604
f 10990 10936 10966
f 10987 10980 10964
f 10987 10968 10980
f 10987 10969 10968
f 10987 10975 10976
f 10987 10976 10974
f 10987 10974 10977
f 10987 10972 10970
f 10987 10979 10971
f 10987 10977 10978
f 10987 10978 10979
f 10987 10971 10972
f 10987 10973 10969
f 10987 10970 10973
f 10990 10967 10975
f 10990 10966 10967
f 10989 10949 10948
f 10989 10950 10949
f 10989 10951 10950
f 10989 10952 10951
f 10989 10953 10952
f 10989 10960 10955
f 10989 10956 10960
f 10989 10957 10956
f 10989 10958 10957
f 10989 10954 10953
f 10989 10955 10954
f 10987 10959 10958
f 10987 10961 10959
f 10987 10962 10961
f 10987 10963 10962
f 10987 10965 10963
f 10987 10964 10965
f 10988 10989 10948
f 10987 10990 10975
f 10987 10958 10989
f 10373 10374 10437
f 10376 10379 10442
f 10375 10376 10439
f 10378 10377 10440
f 10377 10375 10438
f 10397 10378 10441
f 10379 10373 10436
f 10374 10390 10453
f 10390 10391 10454
f 10391 10392 10455
f 10392 10393 10456
f 10393 10394 10457
f 10394 10395 10458
f 10395 10396 10459
f 10396 10488 10554
f 10398 10397 10460
f 10399 10398 10461
f 10400 10399 10462
f 10401 10400 10463
f 10402 10401 10464
f 10403 10402 10465
f 10404 10403 10466
f 10405 10404 10467
f 10406 10405 10468
f 10407 10406 10469
f 10408 10407 10470
f 10409 10408 10471
f 10410 10409 10472
f 10411 10410 10473
f 10412 10411 10474
f 10413 10412 10475
f 10528 10413 10476
f 10437 10436 10373
f 10453 10437 10374
f 10442 10439 10376
f 10439 10438 10375
f 10377 10438 10440
f 10440 10441 10378
f 10397 10441 10460
f 10436 10442 10379
f 10454 10453 10390
f 10455 10454 10391
f 10456 10455 10392
f 10457 10456 10393
f 10458 10457 10394
f 10459 10458 10395
f 10554 10459 10396
f 10398 10460 10461
f 10399 10461 10462
f 10400 10462 10463
f 10463 10464 10401
f 10402 10464 10465
f 10465 10466 10403
f 10466 10467 10404
f 10467 10468 10405
f 10468 10469 10406
f 10469 10470 10407
f 10470 10471 10408
f 10471 10472 10409
f 10472 10473 10410
f 10473 10474 10411
f 10474 10475 10412
f 10475 10476 10413
f 10476 10594 10528
f 10488 10489 10555
f 10489 10490 10556
f 10490 10491 10557
f 10491 10492 10558
f 10492 10493 10559
f 10493 10494 10560
f 10494 10495 10561
f 10495 10512 10578
f 10512 10513 10579
f 10513 10514 10580
f 10514 10515 10581
f 10515 10516 10582
f 10516 10517 10583
f 10517 10518 10584
f 10518 10533 10599
f 10526 10525 10591
f 10527 10526 10592
f 10540 10527 10593
f 10529 10528 10594
f 10530 10529 10595
f 10531 10530 10596
f 10532 10531 10597
f 10525 10532 10598
f 10533 10542 10608
f 10542 10534 10600
f 10534 10535 10601
f 10535 10536 10602
f 10536 10537 10603
f 10539 10538 10604
f 10538 10540 10606
f 10537 10541 10607
f 10541 10539 10605
f 10555 10554 10488
f 10556 10555 10489
f 10557 10556 10490
f 10558 10557 10491
f 10559 10558 10492
f 10560 10559 10493
f 10561 10560 10494
f 10578 10561 10495
f 10579 10578 10512
f 10580 10579 10513
f 10581 10580 10514
f 10515 10582 10581
f 10516 10583 10582
f 10584 10583 10517
f 10518 10599 10584
f 10591 10592 10526
f 10592 10593 10527
f 10594 10595 10529
f 10595 10596 10530
f 10596 10597 10531
f 10597 10598 10532
f 10598 10591 10525
f 10533 10608 10599
f 10542 10600 10608
f 10534 10601 10600
f 10602 10601 10535
f 10603 10602 10536
f 10604 10605 10539
f 10593 10606 10540
f 10606 10604 10538
f 10605 10607 10541
f 10607 10603 10537
f 10615 10624 10722
f 10609 10610 10708
f 10610 10611 10709
f 10611 10612 10710
f 10612 10614 10712
f 10614 10613 10711
f 10613 10615 10713
f 10618 10616 10714
f 10617 10618 10716
f 10620 10619 10717
f 10621 10617 10715
f 10619 10621 10719
f 10622 10620 10718
f 10623 10622 10720
f 10616 10609 10707
f 10624 10625 10723
f 10625 10626 10724
f 10627 10629 10727
f 10626 10628 10726
f 10628 10627 10725
f 10629 10631 10729
f 10631 10630 10728
f 10630 10632 10730
f 10632 10633 10731
f 10634 10635 10733
f 10635 10636 10734
f 10636 10637 10735
f 10637 10638 10736
f 10638 10639 10737
f 10639 10640 10738
f 10640 10641 10739
f 10633 10634 10732
f 10648 10623 10721
f 10649 10648 10746
f 10650 10649 10747
f 10651 10650 10748
f 10652 10651 10749
f 10653 10652 10750
f 10654 10653 10751
f 10655 10654 10752
f 10656 10655 10753
f 10657 10656 10754
f 10658 10657 10755
f 10659 10658 10756
f 10660 10659 10757
f 10661 10660 10758
f 10662 10661 10759
f 10663 10662 10760
f 10664 10663 10761
f 10665 10664 10762
f 10666 10665 10763
f 10667 10666 10764
f 10668 10667 10765
f 10669 10668 10766
f 10670 10669 10767
f 10671 10670 10768
f 10672 10671 10769
f 10673 10672 10770
f 10674 10673 10771
f 10675 10674 10772
f 10676 10675 10773
f 10677 10676 10774
f 10678 10677 10775
f 10679 10678 10776
f 10696 10679 10777
f 10849 10696 10794
f 10612 10712 10710
f 10609 10708 10707
f 10610 10709 10708
f 10611 10710 10709
f 10614 10711 10712
f 10613 10713 10711
f 10615 10722 10713
f 10618 10714 10716
f 10617 10716 10715
f 10619 10719 10717
f 10620 10717 10718
f 10621 10715 10719
f 10622 10718 10720
f 10623 10720 10721
f 10707 10714 10616
f 10624 10723 10722
f 10626 10726 10724
f 10625 10724 10723
f 10627 10727 10725
f 10628 10725 10726
f 10629 10729 10727
f 10631 10728 10729
f 10730 10728 10630
f 10632 10731 10730
f 10634 10733 10732
f 10635 10734 10733
f 10636 10735 10734
f 10637 10736 10735
f 10638 10737 10736
f 10639 10738 10737
f 10640 10739 10738
f 10633 10732 10731
f 10904 10739 10641
f 10721 10746 10648
f 10649 10746 10747
f 10650 10747 10748
f 10651 10748 10749
f 10652 10749 10750
f 10653 10750 10751
f 10654 10751 10752
f 10655 10752 10753
f 10656 10753 10754
f 10657 10754 10755
f 10755 10756 10658
f 10659 10756 10757
f 10660 10757 10758
f 10758 10759 10661
f 10662 10759 10760
f 10663 10760 10761
f 10664 10761 10762
f 10665 10762 10763
f 10666 10763 10764
f 10667 10764 10765
f 10668 10765 10766
f 10669 10766 10767
f 10670 10767 10768
f 10671 10768 10769
f 10769 10770 10672
f 10673 10770 10771
f 10771 10772 10674
f 10675 10772 10773
f 10676 10773 10774
f 10677 10774 10775
f 10678 10775 10776
f 10679 10776 10777
f 10696 10777 10794
f 10641 10805 10904
f 10805 10806 10905
f 10806 10807 10906
f 10807 10808 10907
f 10808 10809 10908
f 10809 10810 10909
f 10810 10811 10910
f 10811 10812 10911
f 10812 10813 10912
f 10813 10814 10913
f 10814 10815 10914
f 10815 10816 10915
f 10816 10817 10916
f 10817 10818 10917
f 10818 10819 10918
f 10819 10820 10919
f 10820 10821 10920
f 10821 10822 10921
f 10822 10823 10922
f 10823 10824 10923
f 10824 10825 10924
f 10825 10826 10925
f 10826 10827 10926
f 10827 10828 10927
f 10828 10829 10928
f 10829 10830 10929
f 10830 10831 10930
f 10831 10832 10931
f 10832 10833 10932
f 10833 10834 10933
f 10834 10835 10934
f 10835 10836 10935
f 10836 10837 10936
f 10837 10867 10966
f 10850 10849 10948
f 10851 10850 10949
f 10852 10851 10950
f 10853 10852 10951
f 10854 10853 10952
f 10855 10854 10953
f 10856 10855 10954
f 10861 10856 10955
f 10858 10857 10956
f 10859 10858 10957
f 10860 10859 10958
f 10857 10861 10960
f 10864 10863 10962
f 10862 10860 10959
f 10863 10862 10961
f 10866 10864 10963
f 10865 10866 10965
f 10867 10868 10967
f 10869 10881 10980
f 10874 10870 10969
f 10870 10869 10968
f 10873 10871 10970
f 10872 10873 10972
f 10880 10872 10971
f 10871 10874 10973
f 10877 10875 10974
f 10868 10876 10975
f 10876 10877 10976
f 10875 10878 10977
f 10879 10880 10979
f 10878 10879 10978
f 10881 10865 10964
f 10805 10905 10904
f 10806 10906 10905
f 10807 10907 10906
f 10808 10908 10907
f 10909 10908 10809
f 10810 10910 10909
f 10811 10911 10910
f 10812 10912 10911
f 10813 10913 10912
f 10814 10914 10913
f 10815 10915 10914
f 10816 10916 10915
f 10817 10917 10916
f 10818 10918 10917
f 10819 10919 10918
f 10820 10920 10919
f 10921 10920 10821
f 10822 10922 10921
f 10823 10923 10922
f 10824 10924 10923
f 10825 10925 10924
f 10926 10925 10826
f 10827 10927 10926
f 10828 10928 10927
f 10829 10929 10928
f 10830 10930 10929
f 10831 10931 10930
f 10832 10932 10931
f 10833 10933 10932
f 10834 10934 10933
f 10835 10935 10934
f 10836 10936 10935
f 10837 10966 10936
f 10794 10948 10849
f 10850 10948 10949
f 10851 10949 10950
f 10852 10950 10951
f 10853 10951 10952
f 10854 10952 10953
f 10855 10953 10954
f 10856 10954 10955
f 10861 10955 10960
f 10858 10956 10957
f 10859 10957 10958
f 10860 10958 10959
f 10857 10960 10956
f 10862 10959 10961
f 10863 10961 10962
f 10864 10962 10963
f 10866 10963 10965
f 10865 10965 10964
f 10867 10967 10966
f 10869 10980 10968
f 10870 10968 10969
f 10872 10972 10971
f 10880 10971 10979
f 10873 10970 10972
f 10874 10969 10973
f 10871 10973 10970
f 10876 10976 10975
f 10868 10975 10967
f 10877 10974 10976
f 10875 10977 10974
f 10878 10978 10977
f 10879 10979 10978
f 10881 10964 10980
o 05_control_panel
usemtl 05_control_panel
v -40.791752 -72.833771 82.799999
v -41.249229 -71.801720 82.799999
v -41.655514 -70.748466 82.799999
v -39.727757 -74.824364 82.799999
v -39.123802 -75.778114 82.799999
v -38.473774 -76.701080 82.799999
v -37.779240 -77.591049 82.799999
v -40.284187 -73.842125 82.799999
v -37.041878 -78.445854 82.799999
v -36.263454 -79.263458 82.799999
v -35.445854 -80.041878 82.799999
v -34.591045 -80.779243 82.799999
v -33.701084 -81.473770 82.799999
v -32.778114 -82.123802 82.799999
v -42.009628 -69.676544 82.799999
v -42.310719 -68.588547 82.799999
v -42.558060 -67.487076 82.799999
v -42.751060 -66.374802 82.799999
v -42.889248 -65.254395 82.799999
v -42.972294 -64.128555 82.799999
v -43.000000 -63.000000 82.799999
v -31.824366 -82.727760 82.799999
v -30.842125 -83.284187 82.799999
v -29.833767 -83.791756 82.799999
v -28.801718 -84.249229 82.799999
v -27.748466 -84.655510 82.799999
v -27.170303 -78.300034 82.799999
v -29.993402 -73.589989 82.799999
v -29.799067 -74.365822 82.799999
v -30.110756 -72.798843 82.799999
v -30.150000 -72.000000 82.799999
v -30.110756 -71.201157 82.799999
v -28.776476 -76.527901 82.799999
v -28.300035 -77.170303 82.799999
v -29.187658 -75.841881 82.799999
v -29.529615 -75.118874 82.799999
v -27.762922 -77.762917 82.799999
v -26.676548 -85.009628 82.799999
v -25.588545 -85.310722 82.799999
v -24.487078 -85.558060 82.799999
v -26.527897 -78.776474 82.799999
v -25.841883 -79.187660 82.799999
v -25.118870 -79.529617 82.799999
v -24.365820 -79.799065 82.799999
v -23.374802 -85.751060 82.799999
v -22.254395 -85.889252 82.799999
v -23.589987 -79.993401 82.799999
v -22.798840 -80.110756 82.799999
v -22.000000 -80.150002 82.799999
v -29.993402 -70.410011 82.799999
v -29.799067 -69.634178 82.799999
v -29.529615 -68.881126 82.799999
v -29.187658 -68.158119 82.799999
v -28.776476 -67.472099 82.799999
v -28.300035 -66.829697 82.799999
v -27.762922 -66.237083 82.799999
v -27.170303 -65.699966 82.799999
v -26.527897 -65.223526 82.799999
v -25.841883 -64.812340 82.799999
v -25.118870 -64.470383 82.799999
v -24.365820 -64.200935 82.799999
v -23.589987 -64.006599 82.799999
v -22.798840 -63.889240 82.799999
v -22.000000 -63.849998 82.799999
v -25.212830 -47.382797 82.799999
v -25.092041 -47.537575 82.799999
v -24.963804 -47.686237 82.799999
v -24.222281 -48.325878 82.799999
v -24.828426 -47.828426 82.799999
v -24.537573 -48.092041 82.799999
v -24.686235 -47.963806 82.799999
v -24.382797 -48.212830 82.799999
v -24.056412 -48.430916 82.799999
v -23.885588 -48.527683 82.799999
v -23.710220 -48.615955 82.799999
v -23.530733 -48.695518 82.799999
v -23.347559 -48.766178 82.799999
v -23.161139 -48.827763 82.799999
v -22.971920 -48.880123 82.799999
v -22.780361 -48.923141 82.799999
v -22.586922 -48.956707 82.799999
v -22.392069 -48.980740 82.799999
v -22.196270 -48.995182 82.799999
v -22.000000 -49.000000 82.799999
v -25.766176 -46.347561 82.799999
v -25.615957 -46.710220 82.799999
v -25.695518 -46.530735 82.799999
v -25.880125 -45.971920 82.799999
v -25.956705 -45.586922 82.799999
v -25.923141 -45.780361 82.799999
v -25.980740 -45.392067 82.799999
v -25.827761 -46.161140 82.799999
v -25.995182 -45.196270 82.799999
v -26.000000 -45.000000 82.799999
v -25.430914 -47.056412 82.799999
v -25.527685 -46.885586 82.799999
v -25.325878 -47.222282 82.799999
v -21.128557 -85.972298 82.799999
v -20.000000 -86.000000 82.799999
v -21.201160 -80.110756 82.799999
v -20.410013 -79.993401 82.799999
v -19.634180 -79.799065 82.799999
v -18.881130 -79.529617 82.799999
v -18.158117 -79.187660 82.799999
v -17.472103 -78.776474 82.799999
v -16.829695 -78.300034 82.799999
v -16.237080 -77.762917 82.799999
v -15.699965 -77.170303 82.799999
v -15.223521 -76.527901 82.799999
v -14.812343 -75.841881 82.799999
v -14.470383 -75.118874 82.799999
v -14.200936 -74.365822 82.799999
v -14.006600 -73.589989 82.799999
v -13.889245 -72.798843 82.799999
v -13.850000 -72.000000 82.799999
v -13.889245 -71.201157 82.799999
v -21.201160 -63.889240 82.799999
v -20.410013 -64.006599 82.799999
v -19.634180 -64.200935 82.799999
v -18.881130 -64.470383 82.799999
v -18.158117 -64.812340 82.799999
v -17.472103 -65.223526 82.799999
v -16.829695 -65.699966 82.799999
v -16.237080 -66.237083 82.799999
v -15.699965 -66.829697 82.799999
v -14.812343 -68.158119 82.799999
v -15.223521 -67.472099 82.799999
v -14.200936 -69.634178 82.799999
v -14.470383 -68.881126 82.799999
v -14.006600 -70.410011 82.799999
v -40.791752 -72.833771 84.000000
v -41.249229 -71.801720 84.000000
v -41.655514 -70.748466 84.000000
v -39.727757 -74.824364 84.000000
v -39.123802 -75.778114 84.000000
v -38.473774 -76.701080 84.000000
v -37.779240 -77.591049 84.000000
v -40.284187 -73.842125 84.000000
v -37.041878 -78.445854 84.000000
v -36.263454 -79.263458 84.000000
v -35.445854 -80.041878 84.000000
v -34.591045 -80.779243 84.000000
v -33.701084 -81.473770 84.000000
v -32.778114 -82.123802 84.000000
v -42.009628 -69.676544 84.000000
v -42.310719 -68.588547 84.000000
v -42.558060 -67.487076 84.000000
v -42.751060 -66.374802 84.000000
v -42.889248 -65.254395 84.000000
v -42.972294 -64.128555 84.000000
v -43.000000 -63.000000 84.000000
v -31.824366 -82.727760 84.000000
v -30.842125 -83.284187 84.000000
v -29.833767 -83.791756 84.000000
v -28.801718 -84.249229 84.000000
v -27.748466 -84.655510 84.000000
v -27.170303 -78.300034 84.000000
v -29.993402 -73.589989 84.000000
v -29.799067 -74.365822 84.000000
v -30.110756 -72.798843 84.000000
v -30.150000 -72.000000 84.000000
v -30.110756 -71.201157 84.000000
v -28.776476 -76.527901 84.000000
v -28.300035 -77.170303 84.000000
v -29.187658 -75.841881 84.000000
v -29.529615 -75.118874 84.000000
v -27.762922 -77.762917 84.000000
v -26.676548 -85.009628 84.000000
v -25.588545 -85.310722 84.000000
v -24.487078 -85.558060 84.000000
v -26.527897 -78.776474 84.000000
v -25.841883 -79.187660 84.000000
v -25.118870 -79.529617 84.000000
v -24.365820 -79.799065 84.000000
v -23.374802 -85.751060 84.000000
v -22.254395 -85.889252 84.000000
v -23.589987 -79.993401 84.000000
v -22.798840 -80.110756 84.000000
v -22.000000 -80.150002 84.000000
v -29.993402 -70.410011 84.000000
v -29.799067 -69.634178 84.000000
v -29.529615 -68.881126 84.000000
v -29.187658 -68.158119 84.000000
v -28.776476 -67.472099 84.000000
v -28.300035 -66.829697 84.000000
v -27.762922 -66.237083 84.000000
v -27.170303 -65.699966 84.000000
v -26.527897 -65.223526 84.000000
v -25.841883 -64.812340 84.000000
v -25.118870 -64.470383 84.000000
v -24.365820 -64.200935 84.000000
v -23.589987 -64.006599 84.000000
v -22.798840 -63.889240 84.000000
v -22.000000 -63.849998 84.000000
v -25.212830 -47.382797 84.000000
v -25.092041 -47.537575 84.000000
v -24.963804 -47.686237 84.000000
v -24.222281 -48.325878 84.000000
v -24.828426 -47.828426 84.000000
v -24.537573 -48.092041 84.000000
v -24.686235 -47.963806 84.000000
v -24.382797 -48.212830 84.000000
v -24.056412 -48.430916 84.000000
v -23.885588 -48.527683 84.000000
v -23.710220 -48.615955 84.000000
v -23.530733 -48.695518 84.000000
v -23.347559 -48.766178 84.000000
v -23.161139 -48.827763 84.000000
v -22.971920 -48.880123 84.000000
v -22.780361 -48.923141 84.000000
v -22.586922 -48.956707 84.000000
v -22.392069 -48.980740 84.000000
v -22.196270 -48.995182 84.000000
v -22.000000 -49.000000 84.000000
v -25.766176 -46.347561 84.000000
v -25.615957 -46.710220 84.000000
v -25.695518 -46.530735 84.000000
v -25.880125 -45.971920 84.000000
v -25.956705 -45.586922 84.000000
v -25.923141 -45.780361 84.000000
v -25.980740 -45.392067 84.000000
v -25.827761 -46.161140 84.000000
v -25.995182 -45.196270 84.000000
v -26.000000 -45.000000 84.000000
v -25.430914 -47.056412 84.000000
v -25.527685 -46.885586 84.000000
v -25.325878 -47.222282 84.000000
v -21.128557 -85.972298 84.000000
v -20.000000 -86.000000 84.000000
v -21.201160 -80.110756 84.000000
v -20.410013 -79.993401 84.000000
v -19.634180 -79.799065 84.000000
v -18.881130 -79.529617 84.000000
v -18.158117 -79.187660 84.000000
v -17.472103 -78.776474 84.000000
v -16.829695 -78.300034 84.000000
v -16.237080 -77.762917 84.000000
v -15.699965 -77.170303 84.000000
v -15.223521 -76.527901 84.000000
v -14.812343 -75.841881 84.000000
v -14.470383 -75.118874 84.000000
v -14.200936 -74.365822 84.000000
v -14.006600 -73.589989 84.000000
v -13.889245 -72.798843 84.000000
v -13.850000 -72.000000 84.000000
v -13.889245 -71.201157 84.000000
v -21.201160 -63.889240 84.000000
v -20.410013 -64.006599 84.000000
v -19.634180 -64.200935 84.000000
v -18.881130 -64.470383 84.000000
v -18.158117 -64.812340 84.000000
v -17.472103 -65.223526 84.000000
v -16.829695 -65.699966 84.000000
v -16.237080 -66.237083 84.000000
v -15.699965 -66.829697 84.000000
v -14.812343 -68.158119 84.000000
v -15.223521 -67.472099 84.000000
v -14.200936 -69.634178 84.000000
v -14.470383 -68.881126 84.000000
v -14.006600 -70.410011 84.000000
v -43.000000 15.000000 82.799999
v -42.972294 16.128557 82.799999
v -42.889248 17.254395 82.799999
v -42.751060 18.374802 82.799999
v -42.558060 19.487078 82.799999
v -42.310719 20.588545 82.799999
v -42.009628 21.676548 82.799999
v -41.655514 22.748466 82.799999
v -41.249229 23.801720 82.799999
v -40.791752 24.833767 82.799999
v -40.284187 25.842125 82.799999
v -39.727757 26.824364 82.799999
v -39.123802 27.778114 82.799999
v -38.473774 28.701084 82.799999
v -37.779240 29.591047 82.799999
v -37.041878 30.445856 82.799999
v -36.263454 31.263456 82.799999
v -35.445854 32.041878 82.799999
v -34.591045 32.779240 82.799999
v -33.701084 33.473774 82.799999
v -32.778114 34.123802 82.799999
v -31.824366 34.727757 82.799999
v -30.842125 35.284187 82.799999
v -29.833767 35.791752 82.799999
v -28.801718 36.249229 82.799999
v -27.748466 36.655514 82.799999
v -26.000000 25.000000 82.799999
v -25.995182 25.196270 82.799999
v -25.980740 25.392069 82.799999
v -25.956705 25.586922 82.799999
v -25.923141 25.780361 82.799999
v -25.880125 25.971920 82.799999
v -25.827761 26.161139 82.799999
v -25.766176 26.347559 82.799999
v -25.695518 26.530733 82.799999
v -25.615957 26.710220 82.799999
v -25.527685 26.885588 82.799999
v -25.430914 27.056414 82.799999
v -25.325878 27.222282 82.799999
v -25.212830 27.382797 82.799999
v -25.092041 27.537575 82.799999
v -24.963804 27.686237 82.799999
v -24.828426 27.828426 82.799999
v -24.686235 27.963804 82.799999
v -24.537573 28.092041 82.799999
v -24.382797 28.212830 82.799999
v -24.222281 28.325878 82.799999
v -24.056412 28.430916 82.799999
v -23.885588 28.527687 82.799999
v -23.710220 28.615959 82.799999
v -23.530733 28.695520 82.799999
v -23.347559 28.766176 82.799999
v -23.161139 28.827761 82.799999
v -22.971920 28.880125 82.799999
v -22.780361 28.923141 82.799999
v -22.586922 28.956703 82.799999
v -22.392069 28.980740 82.799999
v -22.196270 28.995180 82.799999
v -22.000000 29.000000 82.799999
v -26.676548 37.009628 82.799999
v -25.588545 37.310719 82.799999
v -24.487078 37.558060 82.799999
v -23.374802 37.751060 82.799999
v -22.254395 37.889248 82.799999
v -21.128557 37.972294 82.799999
v -20.000000 38.000000 82.799999
v -10.929852 30.595732 82.799999
v -10.964038 30.708422 82.799999
v -10.948328 30.651657 82.799999
v -10.858306 30.434322 82.799999
v -10.884788 30.486935 82.799999
v -10.797764 30.333315 82.799999
v -10.763849 30.285162 82.799999
v -10.829274 30.383078 82.799999
v -10.908655 30.540777 82.799999
v -10.976942 30.765892 82.799999
v -10.987012 30.823923 82.799999
v -10.994222 30.882381 82.799999
v -10.998554 30.941116 82.799999
v -11.000000 31.000000 82.799999
v -10.998554 31.058884 82.799999
v -10.994222 31.117619 82.799999
v -10.987012 31.176077 82.799999
v -10.976942 31.234108 82.799999
v -10.964038 31.291578 82.799999
v -10.948328 31.348343 82.799999
v -10.929852 31.404268 82.799999
v -10.908655 31.459223 82.799999
v -10.884788 31.513065 82.799999
v -10.858306 31.565678 82.799999
v -10.829274 31.616922 82.799999
v -10.797764 31.666685 82.799999
v -10.763849 31.714838 82.799999
v -10.689141 30.194132 82.799999
v -10.727612 30.238726 82.799999
v -10.605871 30.110857 82.799999
v -10.648528 30.151472 82.799999
v -10.416924 29.970726 82.799999
v -10.466684 30.002237 82.799999
v -10.561272 30.072388 82.799999
v -10.514839 30.036150 82.799999
v -10.365676 29.941692 82.799999
v -10.313066 29.915213 82.799999
v -10.259220 29.891344 82.799999
v -10.204268 29.870148 82.799999
v -10.148341 29.851671 82.799999
v -10.091577 29.835962 82.799999
v -10.034108 29.823055 82.799999
v -9.976076 29.812988 82.799999
v -9.917621 29.805779 82.799999
v -9.858881 29.801447 82.799999
v -9.800000 29.799999 82.799999
v -10.727612 31.761274 82.799999
v -10.689141 31.805868 82.799999
v -10.648528 31.848528 82.799999
v -10.605871 31.889143 82.799999
v -10.561272 31.927612 82.799999
v -10.514839 31.963850 82.799999
v -10.466684 31.997763 82.799999
v -10.416924 32.029274 82.799999
v -10.365676 32.058304 82.799999
v -10.313066 32.084785 82.799999
v -10.259220 32.108654 82.799999
v -10.204268 32.129852 82.799999
v -10.148341 32.148327 82.799999
v -10.091577 32.164036 82.799999
v -10.034108 32.176941 82.799999
v -9.976076 32.187012 82.799999
v -9.917621 32.194221 82.799999
v -9.858881 32.198555 82.799999
v -9.800000 32.200001 82.799999
v -43.000000 15.000000 84.000000
v -42.972294 16.128557 84.000000
v -42.889248 17.254395 84.000000
v -42.751060 18.374802 84.000000
v -42.558060 19.487078 84.000000
v -42.310719 20.588545 84.000000
v -42.009628 21.676548 84.000000
v -41.655514 22.748466 84.000000
v -41.249229 23.801720 84.000000
v -40.791752 24.833767 84.000000
v -40.284187 25.842125 84.000000
v -39.727757 26.824364 84.000000
v -39.123802 27.778114 84.000000
v -38.473774 28.701084 84.000000
v -37.779240 29.591047 84.000000
v -37.041878 30.445856 84.000000
v -36.263454 31.263456 84.000000
v -35.445854 32.041878 84.000000
v -34.591045 32.779240 84.000000
v -33.701084 33.473774 84.000000
v -32.778114 34.123802 84.000000
v -31.824366 34.727757 84.000000
v -30.842125 35.284187 84.000000
v -29.833767 35.791752 84.000000
v -28.801718 36.249229 84.000000
v -27.748466 36.655514 84.000000
v -26.000000 25.000000 84.000000
v -25.995182 25.196270 84.000000
v -25.980740 25.392069 84.000000
v -25.956705 25.586922 84.000000
v -25.923141 25.780361 84.000000
v -25.880125 25.971920 84.000000
v -25.827761 26.161139 84.000000
v -25.766176 26.347559 84.000000
v -25.695518 26.530733 84.000000
v -25.615957 26.710220 84.000000
v -25.527685 26.885588 84.000000
v -25.430914 27.056414 84.000000
v -25.325878 27.222282 84.000000
v -25.212830 27.382797 84.000000
v -25.092041 27.537575 84.000000
v -24.963804 27.686237 84.000000
v -24.828426 27.828426 84.000000
v -24.686235 27.963804 84.000000
v -24.537573 28.092041 84.000000
v -24.382797 28.212830 84.000000
v -24.222281 28.325878 84.000000
v -24.056412 28.430916 84.000000
v -23.885588 28.527687 84.000000
v -23.710220 28.615959 84.000000
v -23.530733 28.695520 84.000000
v -23.347559 28.766176 84.000000
v -23.161139 28.827761 84.000000
v -22.971920 28.880125 84.000000
v -22.780361 28.923141 84.000000
v -22.586922 28.956703 84.000000
v -22.392069 28.980740 84.000000
v -22.196270 28.995180 84.000000
v -22.000000 29.000000 84.000000
v -26.676548 37.009628 84.000000
v -25.588545 37.310719 84.000000
v -24.487078 37.558060 84.000000
v -23.374802 37.751060 84.000000
v -22.254395 37.889248 84.000000
v -21.128557 37.972294 84.000000
v -20.000000 38.000000 84.000000
v -10.929852 30.595732 84.000000
v -10.964038 30.708422 84.000000
v -10.948328 30.651657 84.000000
v -10.858306 30.434322 84.000000
v -10.884788 30.486935 84.000000
v -10.797764 30.333315 84.000000
v -10.763849 30.285162 84.000000
v -10.829274 30.383078 84.000000
v -10.908655 30.540777 84.000000
v -10.976942 30.765892 84.000000
v -10.987012 30.823923 84.000000
v -10.994222 30.882381 84.000000
v -10.998554 30.941116 84.000000
v -11.000000 31.000000 84.000000
v -10.998554 31.058884 84.000000
v -10.994222 31.117619 84.000000
v -10.987012 31.176077 84.000000
v -10.976942 31.234108 84.000000
v -10.964038 31.291578 84.000000
v -10.948328 31.348343 84.000000
v -10.929852 31.404268 84.000000
v -10.908655 31.459223 84.000000
v -10.884788 31.513065 84.000000
v -10.858306 31.565678 84.000000
v -10.829274 31.616922 84.000000
v -10.797764 31.666685 84.000000
v -10.763849 31.714838 84.000000
v -10.689141 30.194132 84.000000
v -10.727612 30.238726 84.000000
v -10.605871 30.110857 84.000000
v -10.648528 30.151472 84.000000
v -10.416924 29.970726 84.000000
v -10.466684 30.002237 84.000000
v -10.561272 30.072388 84.000000
v -10.514839 30.036150 84.000000
v -10.365676 29.941692 84.000000
v -10.313066 29.915213 84.000000
v -10.259220 29.891344 84.000000
v -10.204268 29.870148 84.000000
v -10.148341 29.851671 84.000000
v -10.091577 29.835962 84.000000
v -10.034108 29.823055 84.000000
v -9.976076 29.812988 84.000000
v -9.917621 29.805779 84.000000
v -9.858881 29.801447 84.000000
v -9.800000 29.799999 84.000000
v -10.727612 31.761274 84.000000
v -10.689141 31.805868 84.000000
v -10.648528 31.848528 84.000000
v -10.605871 31.889143 84.000000
v -10.561272 31.927612 84.000000
v -10.514839 31.963850 84.000000
v -10.466684 31.997763 84.000000
v -10.416924 32.029274 84.000000
v -10.365676 32.058304 84.000000
v -10.313066 32.084785 84.000000
v -10.259220 32.108654 84.000000
v -10.204268 32.129852 84.000000
v -10.148341 32.148327 84.000000
v -10.091577 32.164036 84.000000
v -10.034108 32.176941 84.000000
v -9.976076 32.187012 84.000000
v -9.917621 32.194221 84.000000
v -9.858881 32.198555 84.000000
v -9.800000 32.200001 84.000000
v 20.000000 -86.000000 82.799999
v 21.128557 -85.972298 82.799999
v 21.353285 -79.267876 82.799999
v 21.417971 -79.388901 82.799999
v 21.313450 -79.136566 82.799999
v 21.299999 -79.000000 82.799999
v 21.313450 -78.863434 82.799999
v 21.353285 -78.732124 82.799999
v 21.417971 -78.611099 82.799999
v 21.417971 -75.388901 82.799999
v 21.313450 -75.136566 82.799999
v 21.299999 -75.000000 82.799999
v 21.313450 -74.863434 82.799999
v 21.353285 -75.267876 82.799999
v 21.353285 -74.732124 82.799999
v 21.417971 -74.611099 82.799999
v 21.313450 -71.136566 82.799999
v 21.299999 -71.000000 82.799999
v 21.353285 -71.267876 82.799999
v 21.417971 -71.388901 82.799999
v 21.313450 -70.863434 82.799999
v 21.353285 -70.732124 82.799999
v 21.417971 -70.611099 82.799999
v 21.313450 -67.136566 82.799999
v 21.417971 -67.388901 82.799999
v 21.353285 -67.267876 82.799999
v 21.299999 -67.000000 82.799999
v 21.313450 -66.863434 82.799999
v 21.353285 -66.732124 82.799999
v 21.417971 -66.611099 82.799999
v 22.254395 -85.889252 82.799999
v 23.374802 -85.751060 82.799999
v 21.505026 -79.494972 82.799999
v 21.611101 -79.582031 82.799999
v 21.732122 -79.646713 82.799999
v 21.863438 -79.686546 82.799999
v 22.000000 -79.699997 82.799999
v 22.136562 -79.686546 82.799999
v 21.505026 -78.505028 82.799999
v 21.611101 -78.417969 82.799999
v 21.732122 -78.353287 82.799999
v 21.863438 -78.313454 82.799999
v 22.000000 -78.300003 82.799999
v 22.136562 -78.313454 82.799999
v 22.267878 -79.646713 82.799999
v 22.388899 -79.582031 82.799999
v 22.494974 -79.494972 82.799999
v 22.582029 -79.388901 82.799999
v 22.646715 -79.267876 82.799999
v 22.267878 -78.353287 82.799999
v 22.494974 -78.505028 82.799999
v 22.388899 -78.417969 82.799999
v 22.686550 -79.136566 82.799999
v 22.700001 -79.000000 82.799999
v 22.686550 -78.863434 82.799999
v 22.582029 -78.611099 82.799999
v 22.646715 -78.732124 82.799999
v 24.487078 -85.558060 82.799999
v 25.588545 -85.310722 82.799999
v 26.676548 -85.009628 82.799999
v 25.353285 -79.267876 82.799999
v 25.505026 -79.494972 82.799999
v 25.417971 -79.388901 82.799999
v 25.313450 -79.136566 82.799999
v 25.299999 -79.000000 82.799999
v 25.313450 -78.863434 82.799999
v 25.353285 -78.732124 82.799999
v 25.417971 -78.611099 82.799999
v 25.505026 -78.505028 82.799999
v 25.611101 -79.582031 82.799999
v 25.732122 -79.646713 82.799999
v 25.863438 -79.686546 82.799999
v 26.000000 -79.699997 82.799999
v 26.136562 -79.686546 82.799999
v 25.611101 -78.417969 82.799999
v 25.732122 -78.353287 82.799999
v 25.863438 -78.313454 82.799999
v 26.000000 -78.300003 82.799999
v 26.136562 -78.313454 82.799999
v 26.267878 -79.646713 82.799999
v 26.388899 -79.582031 82.799999
v 26.494974 -79.494972 82.799999
v 26.582029 -79.388901 82.799999
v 26.646715 -79.267876 82.799999
v 26.267878 -78.353287 82.799999
v 26.494974 -78.505028 82.799999
v 26.388899 -78.417969 82.799999
v 26.686550 -79.136566 82.799999
v 26.700001 -79.000000 82.799999
v 26.686550 -78.863434 82.799999
v 26.582029 -78.611099 82.799999
v 26.646715 -78.732124 82.799999
v 21.505026 -75.494972 82.799999
v 21.611101 -75.582031 82.799999
v 21.732122 -75.646713 82.799999
v 21.863438 -75.686546 82.799999
v 22.000000 -75.699997 82.799999
v 22.136562 -75.686546 82.799999
v 21.505026 -74.505028 82.799999
v 21.611101 -74.417969 82.799999
v 22.267878 -75.646713 82.799999
v 22.388899 -75.582031 82.799999
v 22.494974 -75.494972 82.799999
v 22.582029 -75.388901 82.799999
v 22.388899 -74.417969 82.799999
v 22.494974 -74.505028 82.799999
v 22.646715 -75.267876 82.799999
v 22.686550 -75.136566 82.799999
v 22.700001 -75.000000 82.799999
v 22.686550 -74.863434 82.799999
v 22.646715 -74.732124 82.799999
v 22.582029 -74.611099 82.799999
v 21.732122 -74.353287 82.799999
v 21.863438 -74.313454 82.799999
v 22.000000 -74.300003 82.799999
v 22.136562 -74.313454 82.799999
v 22.267878 -74.353287 82.799999
v 21.505026 -71.494972 82.799999
v 21.611101 -71.582031 82.799999
v 21.732122 -71.646713 82.799999
v 21.863438 -71.686546 82.799999
v 22.000000 -71.699997 82.799999
v 22.136562 -71.686546 82.799999
v 21.505026 -70.505028 82.799999
v 22.267878 -71.646713 82.799999
v 22.388899 -71.582031 82.799999
v 22.494974 -71.494972 82.799999
v 22.494974 -70.505028 82.799999
v 22.582029 -71.388901 82.799999
v 22.646715 -71.267876 82.799999
v 22.686550 -71.136566 82.799999
v 22.700001 -71.000000 82.799999
v 22.582029 -70.611099 82.799999
v 22.646715 -70.732124 82.799999
v 22.686550 -70.863434 82.799999
v 25.417971 -75.388901 82.799999
v 25.505026 -75.494972 82.799999
v 25.353285 -75.267876 82.799999
v 25.313450 -75.136566 82.799999
v 25.299999 -75.000000 82.799999
v 25.313450 -74.863434 82.799999
v 25.353285 -74.732124 82.799999
v 25.417971 -74.611099 82.799999
v 25.505026 -74.505028 82.799999
v 25.611101 -75.582031 82.799999
v 25.732122 -75.646713 82.799999
v 25.863438 -75.686546 82.799999
v 26.000000 -75.699997 82.799999
v 26.136562 -75.686546 82.799999
v 25.611101 -74.417969 82.799999
v 26.267878 -75.646713 82.799999
v 26.388899 -75.582031 82.799999
v 26.494974 -75.494972 82.799999
v 26.582029 -75.388901 82.799999
v 26.388899 -74.417969 82.799999
v 26.494974 -74.505028 82.799999
v 26.646715 -75.267876 82.799999
v 26.686550 -75.136566 82.799999
v 26.700001 -75.000000 82.799999
v 26.686550 -74.863434 82.799999
v 26.646715 -74.732124 82.799999
v 26.582029 -74.611099 82.799999
v 25.505026 -71.494972 82.799999
v 25.353285 -71.267876 82.799999
v 25.313450 -71.136566 82.799999
v 25.299999 -71.000000 82.799999
v 25.417971 -71.388901 82.799999
v 25.313450 -70.863434 82.799999
v 25.353285 -70.732124 82.799999
v 25.417971 -70.611099 82.799999
v 25.505026 -70.505028 82.799999
v 25.732122 -74.353287 82.799999
v 25.863438 -74.313454 82.799999
v 26.000000 -74.300003 82.799999
v 26.136562 -74.313454 82.799999
v 26.267878 -74.353287 82.799999
v 25.611101 -71.582031 82.799999
v 25.732122 -71.646713 82.799999
v 25.863438 -71.686546 82.799999
v 26.000000 -71.699997 82.799999
v 26.136562 -71.686546 82.799999
v 26.267878 -71.646713 82.799999
v 26.388899 -71.582031 82.799999
v 26.494974 -71.494972 82.799999
v 26.494974 -70.505028 82.799999
v 26.582029 -71.388901 82.799999
v 26.646715 -71.267876 82.799999
v 26.686550 -71.136566 82.799999
v 26.700001 -71.000000 82.799999
v 26.686550 -70.863434 82.799999
v 26.582029 -70.611099 82.799999
v 26.646715 -70.732124 82.799999
v 27.748466 -84.655510 82.799999
v 28.801718 -84.249229 82.799999
v 29.353287 -79.267876 82.799999
v 29.505028 -79.494972 82.799999
v 29.417971 -79.388901 82.799999
v 29.299999 -79.000000 82.799999
v 29.313450 -79.136566 82.799999
v 29.313450 -78.863434 82.799999
v 29.353287 -78.732124 82.799999
v 29.417971 -78.611099 82.799999
v 29.505028 -78.505028 82.799999
v 29.833767 -83.791756 82.799999
v 30.842125 -83.284187 82.799999
v 31.824366 -82.727760 82.799999
v 29.611101 -79.582031 82.799999
v 29.732122 -79.646713 82.799999
v 29.863438 -79.686546 82.799999
v 30.000000 -79.699997 82.799999
v 30.136562 -79.686546 82.799999
v 29.611101 -78.417969 82.799999
v 29.732122 -78.353287 82.799999
v 29.863438 -78.313454 82.799999
v 30.000000 -78.300003 82.799999
v 30.136562 -78.313454 82.799999
v 30.267878 -79.646713 82.799999
v 30.388899 -79.582031 82.799999
v 30.494972 -79.494972 82.799999
v 30.582029 -79.388901 82.799999
v 30.646713 -79.267876 82.799999
v 30.267878 -78.353287 82.799999
v 30.388899 -78.417969 82.799999
v 30.494972 -78.505028 82.799999
v 30.686550 -79.136566 82.799999
v 30.700001 -79.000000 82.799999
v 30.686550 -78.863434 82.799999
v 30.646713 -78.732124 82.799999
v 30.582029 -78.611099 82.799999
v 29.417971 -75.388901 82.799999
v 29.505028 -75.494972 82.799999
v 29.353287 -75.267876 82.799999
v 29.313450 -75.136566 82.799999
v 29.299999 -75.000000 82.799999
v 29.313450 -74.863434 82.799999
v 29.353287 -74.732124 82.799999
v 29.417971 -74.611099 82.799999
v 29.505028 -74.505028 82.799999
v 29.505028 -71.494972 82.799999
v 29.353287 -71.267876 82.799999
v 29.299999 -71.000000 82.799999
v 29.313450 -71.136566 82.799999
v 29.417971 -71.388901 82.799999
v 29.313450 -70.863434 82.799999
v 29.353287 -70.732124 82.799999
v 29.417971 -70.611099 82.799999
v 29.505028 -70.505028 82.799999
v 29.611101 -75.582031 82.799999
v 29.732122 -75.646713 82.799999
v 29.863438 -75.686546 82.799999
v 30.000000 -75.699997 82.799999
v 30.136562 -75.686546 82.799999
v 29.611101 -74.417969 82.799999
v 30.267878 -75.646713 82.799999
v 30.388899 -75.582031 82.799999
v 30.494972 -75.494972 82.799999
v 30.582029 -75.388901 82.799999
v 30.388899 -74.417969 82.799999
v 30.494972 -74.505028 82.799999
v 30.646713 -75.267876 82.799999
v 30.686550 -75.136566 82.799999
v 30.700001 -75.000000 82.799999
v 30.686550 -74.863434 82.799999
v 30.646713 -74.732124 82.799999
v 30.582029 -74.611099 82.799999
v 29.732122 -74.353287 82.799999
v 29.863438 -74.313454 82.799999
v 30.000000 -74.300003 82.799999
v 30.136562 -74.313454 82.799999
v 30.267878 -74.353287 82.799999
v 29.611101 -71.582031 82.799999
v 29.732122 -71.646713 82.799999
v 29.863438 -71.686546 82.799999
v 30.000000 -71.699997 82.799999
v 30.136562 -71.686546 82.799999
v 30.267878 -71.646713 82.799999
v 30.388899 -71.582031 82.799999
v 30.494972 -71.494972 82.799999
v 30.494972 -70.505028 82.799999
v 30.582029 -71.388901 82.799999
v 30.646713 -71.267876 82.799999
v 30.686550 -71.136566 82.799999
v 30.700001 -71.000000 82.799999
v 30.686550 -70.863434 82.799999
v 30.646713 -70.732124 82.799999
v 30.582029 -70.611099 82.799999
v 21.611101 -70.417969 82.799999
v 21.732122 -70.353287 82.799999
v 21.863438 -70.313454 82.799999
v 22.000000 -70.300003 82.799999
v 22.136562 -70.313454 82.799999
v 22.267878 -70.353287 82.799999
v 22.388899 -70.417969 82.799999
v 21.732122 -67.646713 82.799999
v 21.863438 -67.686546 82.799999
v 22.000000 -67.699997 82.799999
v 22.136562 -67.686546 82.799999
v 21.505026 -67.494972 82.799999
v 21.611101 -67.582031 82.799999
v 22.267878 -67.646713 82.799999
v 22.388899 -67.582031 82.799999
v 22.494974 -67.494972 82.799999
v 22.582029 -67.388901 82.799999
v 22.646715 -67.267876 82.799999
v 22.686550 -67.136566 82.799999
v 22.646715 -66.732124 82.799999
v 22.700001 -67.000000 82.799999
v 22.686550 -66.863434 82.799999
v 21.505026 -66.505028 82.799999
v 21.611101 -66.417969 82.799999
v 21.732122 -66.353287 82.799999
v 21.863438 -66.313454 82.799999
v 22.000000 -66.300003 82.799999
v 22.136562 -66.313454 82.799999
v 22.267878 -66.353287 82.799999
v 22.388899 -66.417969 82.799999
v 22.494974 -66.505028 82.799999
v 22.582029 -66.611099 82.799999
v 25.353285 -67.267876 82.799999
v 25.313450 -67.136566 82.799999
v 25.417971 -67.388901 82.799999
v 25.505026 -67.494972 82.799999
v 25.299999 -67.000000 82.799999
v 25.313450 -66.863434 82.799999
v 25.353285 -66.732124 82.799999
v 25.611101 -70.417969 82.799999
v 25.732122 -70.353287 82.799999
v 25.863438 -70.313454 82.799999
v 26.000000 -70.300003 82.799999
v 26.136562 -70.313454 82.799999
v 26.267878 -70.353287 82.799999
v 26.388899 -70.417969 82.799999
v 25.732122 -67.646713 82.799999
v 25.863438 -67.686546 82.799999
v 26.000000 -67.699997 82.799999
v 26.136562 -67.686546 82.799999
v 25.611101 -67.582031 82.799999
v 26.267878 -67.646713 82.799999
v 26.388899 -67.582031 82.799999
v 26.494974 -67.494972 82.799999
v 26.582029 -67.388901 82.799999
v 26.646715 -67.267876 82.799999
v 26.686550 -67.136566 82.799999
v 26.700001 -67.000000 82.799999
v 26.686550 -66.863434 82.799999
v 26.646715 -66.732124 82.799999
v 25.417971 -66.611099 82.799999
v 25.505026 -66.505028 82.799999
v 25.611101 -66.417969 82.799999
v 25.732122 -66.353287 82.799999
v 25.863438 -66.313454 82.799999
v 26.000000 -66.300003 82.799999
v 26.136562 -66.313454 82.799999
v 26.267878 -66.353287 82.799999
v 26.388899 -66.417969 82.799999
v 26.494974 -66.505028 82.799999
v 26.582029 -66.611099 82.799999
v 29.353287 -67.267876 82.799999
v 29.313450 -67.136566 82.799999
v 29.417971 -67.388901 82.799999
v 29.505028 -67.494972 82.799999
v 29.299999 -67.000000 82.799999
v 29.313450 -66.863434 82.799999
v 29.353287 -66.732124 82.799999
v 29.417971 -66.611099 82.799999
v 29.505028 -66.505028 82.799999
v 29.611101 -70.417969 82.799999
v 29.732122 -70.353287 82.799999
v 29.863438 -70.313454 82.799999
v 30.000000 -70.300003 82.799999
v 30.136562 -70.313454 82.799999
v 30.267878 -70.353287 82.799999
v 30.388899 -70.417969 82.799999
v 29.732122 -67.646713 82.799999
v 29.863438 -67.686546 82.799999
v 30.000000 -67.699997 82.799999
v 30.136562 -67.686546 82.799999
v 29.611101 -67.582031 82.799999
v 30.267878 -67.646713 82.799999
v 30.388899 -67.582031 82.799999
v 30.494972 -67.494972 82.799999
v 30.582029 -67.388901 82.799999
v 30.646713 -67.267876 82.799999
v 30.686550 -67.136566 82.799999
v 30.700001 -67.000000 82.799999
v 30.646713 -66.732124 82.799999
v 30.686550 -66.863434 82.799999
v 29.611101 -66.417969 82.799999
v 29.732122 -66.353287 82.799999
v 29.863438 -66.313454 82.799999
v 30.000000 -66.300003 82.799999
v 30.136562 -66.313454 82.799999
v 30.388899 -66.417969 82.799999
v 30.267878 -66.353287 82.799999
v 30.494972 -66.505028 82.799999
v 30.582029 -66.611099 82.799999
v 32.778114 -82.123802 82.799999
v 33.701084 -81.473770 82.799999
v 34.591045 -80.779243 82.799999
v 35.445854 -80.041878 82.799999
v 36.263454 -79.263458 82.799999
v 37.041878 -78.445854 82.799999
v 37.779240 -77.591049 82.799999
v 38.473774 -76.701080 82.799999
v 39.123802 -75.778114 82.799999
v 39.727757 -74.824364 82.799999
v 40.284187 -73.842125 82.799999
v 40.791752 -72.833771 82.799999
v 41.249229 -71.801720 82.799999
v 41.655514 -70.748466 82.799999
v 42.009628 -69.676544 82.799999
v 42.310719 -68.588547 82.799999
v 42.558060 -67.487076 82.799999
v 42.751060 -66.374802 82.799999
v 42.889248 -65.254395 82.799999
v 42.972294 -64.128555 82.799999
v 43.000000 -63.000000 82.799999
v 22.000000 -49.000000 82.799999
v 22.196270 -48.995182 82.799999
v 22.392069 -48.980740 82.799999
v 22.586922 -48.956707 82.799999
v 22.780361 -48.923141 82.799999
v 22.971920 -48.880123 82.799999
v 23.161139 -48.827763 82.799999
v 23.347559 -48.766178 82.799999
v 23.530733 -48.695518 82.799999
v 23.710220 -48.615955 82.799999
v 23.885588 -48.527683 82.799999
v 24.056412 -48.430916 82.799999
v 24.222281 -48.325878 82.799999
v 24.382797 -48.212830 82.799999
v 24.537573 -48.092041 82.799999
v 24.686235 -47.963806 82.799999
v 24.828426 -47.828426 82.799999
v 24.963804 -47.686237 82.799999
v 25.092041 -47.537575 82.799999
v 25.212830 -47.382797 82.799999
v 25.325878 -47.222282 82.799999
v 25.430914 -47.056412 82.799999
v 25.527685 -46.885586 82.799999
v 25.615957 -46.710220 82.799999
v 25.695518 -46.530735 82.799999
v 25.766176 -46.347561 82.799999
v 25.827761 -46.161140 82.799999
v 25.880125 -45.971920 82.799999
v 25.923141 -45.780361 82.799999
v 25.956705 -45.586922 82.799999
v 25.980740 -45.392067 82.799999
v 25.995182 -45.196270 82.799999
v 26.000000 -45.000000 82.799999
v 20.000000 -86.000000 84.000000
v 21.128557 -85.972298 84.000000
v 21.353285 -79.267876 84.000000
v 21.417971 -79.388901 84.000000
v 21.313450 -79.136566 84.000000
v 21.299999 -79.000000 84.000000
v 21.313450 -78.863434 84.000000
v 21.353285 -78.732124 84.000000
v 21.417971 -78.611099 84.000000
v 21.417971 -75.388901 84.000000
v 21.313450 -75.136566 84.000000
v 21.299999 -75.000000 84.000000
v 21.313450 -74.863434 84.000000
v 21.353285 -75.267876 84.000000
v 21.353285 -74.732124 84.000000
v 21.417971 -74.611099 84.000000
v 21.313450 -71.136566 84.000000
v 21.299999 -71.000000 84.000000
v 21.353285 -71.267876 84.000000
v 21.417971 -71.388901 84.000000
v 21.313450 -70.863434 84.000000
v 21.353285 -70.732124 84.000000
v 21.417971 -70.611099 84.000000
v 21.313450 -67.136566 84.000000
v 21.417971 -67.388901 84.000000
v 21.353285 -67.267876 84.000000
v 21.299999 -67.000000 84.000000
v 21.313450 -66.863434 84.000000
v 21.353285 -66.732124 84.000000
v 21.417971 -66.611099 84.000000
v 22.254395 -85.889252 84.000000
v 23.374802 -85.751060 84.000000
v 21.505026 -79.494972 84.000000
v 21.611101 -79.582031 84.000000
v 21.732122 -79.646713 84.000000
v 21.863438 -79.686546 84.000000
v 22.000000 -79.699997 84.000000
v 22.136562 -79.686546 84.000000
v 21.505026 -78.505028 84.000000
v 21.611101 -78.417969 84.000000
v 21.732122 -78.353287 84.000000
v 21.863438 -78.313454 84.000000
v 22.000000 -78.300003 84.000000
v 22.136562 -78.313454 84.000000
v 22.267878 -79.646713 84.000000
v 22.388899 -79.582031 84.000000
v 22.494974 -79.494972 84.000000
v 22.582029 -79.388901 84.000000
v 22.646715 -79.267876 84.000000
v 22.267878 -78.353287 84.000000
v 22.494974 -78.505028 84.000000
v 22.388899 -78.417969 84.000000
v 22.686550 -79.136566 84.000000
v 22.700001 -79.000000 84.000000
v 22.686550 -78.863434 84.000000
v 22.582029 -78.611099 84.000000
v 22.646715 -78.732124 84.000000
v 24.487078 -85.558060 84.000000
v 25.588545 -85.310722 84.000000
v 26.676548 -85.009628 84.000000
v 25.353285 -79.267876 84.000000
v 25.505026 -79.494972 84.000000
v 25.417971 -79.388901 84.000000
v 25.313450 -79.136566 84.000000
v 25.299999 -79.000000 84.000000
v 25.313450 -78.863434 84.000000
v 25.353285 -78.732124 84.000000
v 25.417971 -78.611099 84.000000
v 25.505026 -78.505028 84.000000
v 25.611101 -79.582031 84.000000
v 25.732122 -79.646713 84.000000
v 25.863438 -79.686546 84.000000
v 26.000000 -79.699997 84.000000
v 26.136562 -79.686546 84.000000
v 25.611101 -78.417969 84.000000
v 25.732122 -78.353287 84.000000
v 25.863438 -78.313454 84.000000
v 26.000000 -78.300003 84.000000
v 26.136562 -78.313454 84.000000
v 26.267878 -79.646713 84.000000
v 26.388899 -79.582031 84.000000
v 26.494974 -79.494972 84.000000
v 26.582029 -79.388901 84.000000
v 26.646715 -79.267876 84.000000
v 26.267878 -78.353287 84.000000
v 26.494974 -78.505028 84.000000
v 26.388899 -78.417969 84.000000
v 26.686550 -79.136566 84.000000
v 26.700001 -79.000000 84.000000
v 26.686550 -78.863434 84.000000
v 26.582029 -78.611099 84.000000
v 26.646715 -78.732124 84.000000
v 21.505026 -75.494972 84.000000
v 21.611101 -75.582031 84.000000
v 21.732122 -75.646713 84.000000
v 21.863438 -75.686546 84.000000
v 22.000000 -75.699997 84.000000
v 22.136562 -75.686546 84.000000
v 21.505026 -74.505028 84.000000
v 21.611101 -74.417969 84.000000
v 22.267878 -75.646713 84.000000
v 22.388899 -75.582031 84.000000
v 22.494974 -75.494972 84.000000
v 22.582029 -75.388901 84.000000
v 22.388899 -74.417969 84.000000
v 22.494974 -74.505028 84.000000
v 22.646715 -75.267876 84.000000
v 22.686550 -75.136566 84.000000
v 22.700001 -75.000000 84.000000
v 22.686550 -74.863434 84.000000
v 22.646715 -74.732124 84.000000
v 22.582029 -74.611099 84.000000
v 21.732122 -74.353287 84.000000
v 21.863438 -74.313454 84.000000
v 22.000000 -74.300003 84.000000
v 22.136562 -74.313454 84.000000
v 22.267878 -74.353287 84.000000
v 21.505026 -71.494972 84.000000
v 21.611101 -71.582031 84.000000
v 21.732122 -71.646713 84.000000
v 21.863438 -71.686546 84.000000
v 22.000000 -71.699997 84.000000
v 22.136562 -71.686546 84.000000
v 21.505026 -70.505028 84.000000
v 22.267878 -71.646713 84.000000
v 22.388899 -71.582031 84.000000
v 22.494974 -71.494972 84.000000
v 22.494974 -70.505028 84.000000
v 22.582029 -71.388901 84.000000
v 22.646715 -71.267876 84.000000
v 22.686550 -71.136566 84.000000
v 22.700001 -71.000000 84.000000
v 22.582029 -70.611099 84.000000
v 22.646715 -70.732124 84.000000
v 22.686550 -70.863434 84.000000
v 25.417971 -75.388901 84.000000
v 25.505026 -75.494972 84.000000
v 25.353285 -75.267876 84.000000
v 25.313450 -75.136566 84.000000
v 25.299999 -75.000000 84.000000
v 25.313450 -74.863434 84.000000
v 25.353285 -74.732124 84.000000
v 25.417971 -74.611099 84.000000
v 25.505026 -74.505028 84.000000
v 25.611101 -75.582031 84.000000
v 25.732122 -75.646713 84.000000
v 25.863438 -75.686546 84.000000
v 26.000000 -75.699997 84.000000
v 26.136562 -75.686546 84.000000
v 25.611101 -74.417969 84.000000
v 26.267878 -75.646713 84.000000
v 26.388899 -75.582031 84.000000
v 26.494974 -75.494972 84.000000
v 26.582029 -75.388901 84.000000
v 26.388899 -74.417969 84.000000
v 26.494974 -74.505028 84.000000
v 26.646715 -75.267876 84.000000
v 26.686550 -75.136566 84.000000
v 26.700001 -75.000000 84.000000
v 26.686550 -74.863434 84.000000
v 26.646715 -74.732124 84.000000
v 26.582029 -74.611099 84.000000
v 25.505026 -71.494972 84.000000
v 25.353285 -71.267876 84.000000
v 25.313450 -71.136566 84.000000
v 25.299999 -71.000000 84.000000
v 25.417971 -71.388901 84.000000
v 25.313450 -70.863434 84.000000
v 25.353285 -70.732124 84.000000
v 25.417971 -70.611099 84.000000
v 25.505026 -70.505028 84.000000
v 25.732122 -74.353287 84.000000
v 25.863438 -74.313454 84.000000
v 26.000000 -74.300003 84.000000
v 26.136562 -74.313454 84.000000
v 26.267878 -74.353287 84.000000
v 25.611101 -71.582031 84.000000
v 25.732122 -71.646713 84.000000
v 25.863438 -71.686546 84.000000
v 26.000000 -71.699997 84.000000
v 26.136562 -71.686546 84.000000
v 26.267878 -71.646713 84.000000
v 26.388899 -71.582031 84.000000
v 26.494974 -71.494972 84.000000
v 26.494974 -70.505028 84.000000
v 26.582029 -71.388901 84.000000
v 26.646715 -71.267876 84.000000
v 26.686550 -71.136566 84.000000
v 26.700001 -71.000000 84.000000
v 26.686550 -70.863434 84.000000
v 26.582029 -70.611099 84.000000
v 26.646715 -70.732124 84.000000
v 27.748466 -84.655510 84.000000
v 28.801718 -84.249229 84.000000
v 29.353287 -79.267876 84.000000
v 29.505028 -79.494972 84.000000
v 29.417971 -79.388901 84.000000
v 29.299999 -79.000000 84.000000
v 29.313450 -79.136566 84.000000
v 29.313450 -78.863434 84.000000
v 29.353287 -78.732124 84.000000
v 29.417971 -78.611099 84.000000
v 29.505028 -78.505028 84.000000
v 29.833767 -83.791756 84.000000
v 30.842125 -83.284187 84.000000
v 31.824366 -82.727760 84.000000
v 29.611101 -79.582031 84.000000
v 29.732122 -79.646713 84.000000
v 29.863438 -79.686546 84.000000
v 30.000000 -79.699997 84.000000
v 30.136562 -79.686546 84.000000
v 29.611101 -78.417969 84.000000
v 29.732122 -78.353287 84.000000
v 29.863438 -78.313454 84.000000
v 30.000000 -78.300003 84.000000
v 30.136562 -78.313454 84.000000
v 30.267878 -79.646713 84.000000
v 30.388899 -79.582031 84.000000
v 30.494972 -79.494972 84.000000
v 30.582029 -79.388901 84.000000
v 30.646713 -79.267876 84.000000
v 30.267878 -78.353287 84.000000
v 30.388899 -78.417969 84.000000
v 30.494972 -78.505028 84.000000
v 30.686550 -79.136566 84.000000
v 30.700001 -79.000000 84.000000
v 30.686550 -78.863434 84.000000
v 30.646713 -78.732124 84.000000
v 30.582029 -78.611099 84.000000
v 29.417971 -75.388901 84.000000
v 29.505028 -75.494972 84.000000
v 29.353287 -75.267876 84.000000
v 29.313450 -75.136566 84.000000
v 29.299999 -75.000000 84.000000
v 29.313450 -74.863434 84.000000
v 29.353287 -74.732124 84.000000
v 29.417971 -74.611099 84.000000
v 29.505028 -74.505028 84.000000
v 29.505028 -71.494972 84.000000
v 29.353287 -71.267876 84.000000
v 29.299999 -71.000000 84.000000
v 29.313450 -71.136566 84.000000
v 29.417971 -71.388901 84.000000
v 29.313450 -70.863434 84.000000
v 29.353287 -70.732124 84.000000
v 29.417971 -70.611099 84.000000
v 29.505028 -70.505028 84.000000
v 29.611101 -75.582031 84.000000
v 29.732122 -75.646713 84.000000
v 29.863438 -75.686546 84.000000
v 30.000000 -75.699997 84.000000
v 30.136562 -75.686546 84.000000
v 29.611101 -74.417969 84.000000
v 30.267878 -75.646713 84.000000
v 30.388899 -75.582031 84.000000
v 30.494972 -75.494972 84.000000
v 30.582029 -75.388901 84.000000
v 30.388899 -74.417969 84.000000
v 30.494972 -74.505028 84.000000
v 30.646713 -75.267876 84.000000
v 30.686550 -75.136566 84.000000
v 30.700001 -75.000000 84.000000
v 30.686550 -74.863434 84.000000
v 30.646713 -74.732124 84.000000
v 30.582029 -74.611099 84.000000
v 29.732122 -74.353287 84.000000
v 29.863438 -74.313454 84.000000
v 30.000000 -74.300003 84.000000
v 30.136562 -74.313454 84.000000
v 30.267878 -74.353287 84.000000
v 29.611101 -71.582031 84.000000
v 29.732122 -71.646713 84.000000
v 29.863438 -71.686546 84.000000
v 30.000000 -71.699997 84.000000
v 30.136562 -71.686546 84.000000
v 30.267878 -71.646713 84.000000
v 30.388899 -71.582031 84.000000
v 30.494972 -71.494972 84.000000
v 30.494972 -70.505028 84.000000
v 30.582029 -71.388901 84.000000
v 30.646713 -71.267876 84.000000
v 30.686550 -71.136566 84.000000
v 30.700001 -71.000000 84.000000
v 30.686550 -70.863434 84.000000
v 30.646713 -70.732124 84.000000
v 30.582029 -70.611099 84.000000
v 21.611101 -70.417969 84.000000
v 21.732122 -70.353287 84.000000
v 21.863438 -70.313454 84.000000
v 22.000000 -70.300003 84.000000
v 22.136562 -70.313454 84.000000
v 22.267878 -70.353287 84.000000
v 22.388899 -70.417969 84.000000
v 21.732122 -67.646713 84.000000
v 21.863438 -67.686546 84.000000
v 22.000000 -67.699997 84.000000
v 22.136562 -67.686546 84.000000
v 21.505026 -67.494972 84.000000
v 21.611101 -67.582031 84.000000
v 22.267878 -67.646713 84.000000
v 22.388899 -67.582031 84.000000
v 22.494974 -67.494972 84.000000
v 22.582029 -67.388901 84.000000
v 22.646715 -67.267876 84.000000
v 22.686550 -67.136566 84.000000
v 22.646715 -66.732124 84.000000
v 22.700001 -67.000000 84.000000
v 22.686550 -66.863434 84.000000
v 21.505026 -66.505028 84.000000
v 21.611101 -66.417969 84.000000
v 21.732122 -66.353287 84.000000
v 21.863438 -66.313454 84.000000
v 22.000000 -66.300003 84.000000
v 22.136562 -66.313454 84.000000
v 22.267878 -66.353287 84.000000
v 22.388899 -66.417969 84.000000
v 22.494974 -66.505028 84.000000
v 22.582029 -66.611099 84.000000
v 25.353285 -67.267876 84.000000
v 25.313450 -67.136566 84.000000
v 25.417971 -67.388901 84.000000
v 25.505026 -67.494972 84.000000
v 25.299999 -67.000000 84.000000
v 25.313450 -66.863434 84.000000
v 25.353285 -66.732124 84.000000
v 25.611101 -70.417969 84.000000
v 25.732122 -70.353287 84.000000
v 25.863438 -70.313454 84.000000
v 26.000000 -70.300003 84.000000
v 26.136562 -70.313454 84.000000
v 26.267878 -70.353287 84.000000
v 26.388899 -70.417969 84.000000
v 25.732122 -67.646713 84.000000
v 25.863438 -67.686546 84.000000
v 26.000000 -67.699997 84.000000
v 26.136562 -67.686546 84.000000
v 25.611101 -67.582031 84.000000
v 26.267878 -67.646713 84.000000
v 26.388899 -67.582031 84.000000
v 26.494974 -67.494972 84.000000
v 26.582029 -67.388901 84.000000
v 26.646715 -67.267876 84.000000
v 26.686550 -67.136566 84.000000
v 26.700001 -67.000000 84.000000
v 26.686550 -66.863434 84.000000
v 26.646715 -66.732124 84.000000
v 25.417971 -66.611099 84.000000
v 25.505026 -66.505028 84.000000
v 25.611101 -66.417969 84.000000
v 25.732122 -66.353287 84.000000
v 25.863438 -66.313454 84.000000
v 26.000000 -66.300003 84.000000
v 26.136562 -66.313454 84.000000
v 26.267878 -66.353287 84.000000
v 26.388899 -66.417969 84.000000
v 26.494974 -66.505028 84.000000
v 26.582029 -66.611099 84.000000
v 29.353287 -67.267876 84.000000
v 29.313450 -67.136566 84.000000
v 29.417971 -67.388901 84.000000
v 29.505028 -67.494972 84.000000
v 29.299999 -67.000000 84.000000
v 29.313450 -66.863434 84.000000
v 29.353287 -66.732124 84.000000
v 29.417971 -66.611099 84.000000
v 29.505028 -66.505028 84.000000
v 29.611101 -70.417969 84.000000
v 29.732122 -70.353287 84.000000
v 29.863438 -70.313454 84.000000
v 30.000000 -70.300003 84.000000
v 30.136562 -70.313454 84.000000
v 30.267878 -70.353287 84.000000
v 30.388899 -70.417969 84.000000
v 29.732122 -67.646713 84.000000
v 29.863438 -67.686546 84.000000
v 30.000000 -67.699997 84.000000
v 30.136562 -67.686546 84.000000
v 29.611101 -67.582031 84.000000
v 30.267878 -67.646713 84.000000
v 30.388899 -67.582031 84.000000
v 30.494972 -67.494972 84.000000
v 30.582029 -67.388901 84.000000
v 30.646713 -67.267876 84.000000
v 30.686550 -67.136566 84.000000
v 30.700001 -67.000000 84.000000
v 30.646713 -66.732124 84.000000
v 30.686550 -66.863434 84.000000
v 29.611101 -66.417969 84.000000
v 29.732122 -66.353287 84.000000
v 29.863438 -66.313454 84.000000
v 30.000000 -66.300003 84.000000
v 30.136562 -66.313454 84.000000
v 30.388899 -66.417969 84.000000
v 30.267878 -66.353287 84.000000
v 30.494972 -66.505028 84.000000
v 30.582029 -66.611099 84.000000
v 32.778114 -82.123802 84.000000
v 33.701084 -81.473770 84.000000
v 34.591045 -80.779243 84.000000
v 35.445854 -80.041878 84.000000
v 36.263454 -79.263458 84.000000
v 37.041878 -78.445854 84.000000
v 37.779240 -77.591049 84.000000
v 38.473774 -76.701080 84.000000
v 39.123802 -75.778114 84.000000
v 39.727757 -74.824364 84.000000
v 40.284187 -73.842125 84.000000
v 40.791752 -72.833771 84.000000
v 41.249229 -71.801720 84.000000
v 41.655514 -70.748466 84.000000
v 42.009628 -69.676544 84.000000
v 42.310719 -68.588547 84.000000
v 42.558060 -67.487076 84.000000
v 42.751060 -66.374802 84.000000
v 42.889248 -65.254395 84.000000
v 42.972294 -64.128555 84.000000
v 43.000000 -63.000000 84.000000
v 22.000000 -49.000000 84.000000
v 22.196270 -48.995182 84.000000
v 22.392069 -48.980740 84.000000
v 22.586922 -48.956707 84.000000
v 22.780361 -48.923141 84.000000
v 22.971920 -48.880123 84.000000
v 23.161139 -48.827763 84.000000
v 23.347559 -48.766178 84.000000
v 23.530733 -48.695518 84.000000
v 23.710220 -48.615955 84.000000
v 23.885588 -48.527683 84.000000
v 24.056412 -48.430916 84.000000
v 24.222281 -48.325878 84.000000
v 24.382797 -48.212830 84.000000
v 24.537573 -48.092041 84.000000
v 24.686235 -47.963806 84.000000
v 24.828426 -47.828426 84.000000
v 24.963804 -47.686237 84.000000
v 25.092041 -47.537575 84.000000
v 25.212830 -47.382797 84.000000
v 25.325878 -47.222282 84.000000
v 25.430914 -47.056412 84.000000
v 25.527685 -46.885586 84.000000
v 25.615957 -46.710220 84.000000
v 25.695518 -46.530735 84.000000
v 25.766176 -46.347561 84.000000
v 25.827761 -46.161140 84.000000
v 25.880125 -45.971920 84.000000
v 25.923141 -45.780361 84.000000
v 25.956705 -45.586922 84.000000
v 25.980740 -45.392067 84.000000
v 25.995182 -45.196270 84.000000
v 26.000000 -45.000000 84.000000
v 9.800000 29.799999 82.799999
v 9.858881 29.801447 82.799999
v 9.917621 29.805779 82.799999
v 9.976076 29.812988 82.799999
v 10.034108 29.823055 82.799999
v 10.091577 29.835962 82.799999
v 10.148341 29.851671 82.799999
v 10.204268 29.870148 82.799999
v 10.259220 29.891344 82.799999
v 10.313066 29.915213 82.799999
v 10.365676 29.941692 82.799999
v 10.416924 29.970726 82.799999
v 10.466684 30.002237 82.799999
v 10.514839 30.036150 82.799999
v 10.561272 30.072388 82.799999
v 10.605871 30.110857 82.799999
v 10.648528 30.151472 82.799999
v 10.689141 30.194132 82.799999
v 10.727612 30.238726 82.799999
v 9.976076 32.187012 82.799999
v 10.034108 32.176941 82.799999
v 10.091577 32.164036 82.799999
v 10.148341 32.148327 82.799999
v 10.204268 32.129852 82.799999
v 10.259220 32.108654 82.799999
v 10.313066 32.084785 82.799999
v 10.365676 32.058304 82.799999
v 10.561272 31.927612 82.799999
v 10.416924 32.029274 82.799999
v 10.466684 31.997763 82.799999
v 10.514839 31.963850 82.799999
v 10.648528 31.848528 82.799999
v 10.605871 31.889143 82.799999
v 10.689141 31.805868 82.799999
v 10.727612 31.761274 82.799999
v 9.800000 32.200001 82.799999
v 9.858881 32.198555 82.799999
v 9.917621 32.194221 82.799999
v 10.763849 30.285162 82.799999
v 10.797764 30.333315 82.799999
v 10.829274 30.383078 82.799999
v 10.858306 30.434322 82.799999
v 10.884788 30.486935 82.799999
v 10.908655 30.540777 82.799999
v 10.929852 30.595732 82.799999
v 10.948328 30.651657 82.799999
v 10.964038 30.708422 82.799999
v 10.976942 30.765892 82.799999
v 10.987012 30.823923 82.799999
v 10.994222 30.882381 82.799999
v 10.998554 30.941116 82.799999
v 11.000000 31.000000 82.799999
v 10.998554 31.058884 82.799999
v 10.994222 31.117619 82.799999
v 10.987012 31.176077 82.799999
v 10.908655 31.459223 82.799999
v 10.829274 31.616922 82.799999
v 10.797764 31.666685 82.799999
v 10.884788 31.513065 82.799999
v 10.858306 31.565678 82.799999
v 10.964038 31.291578 82.799999
v 10.976942 31.234108 82.799999
v 10.948328 31.348343 82.799999
v 10.929852 31.404268 82.799999
v 10.763849 31.714838 82.799999
v 20.000000 38.000000 82.799999
v 21.128557 37.972294 82.799999
v 22.000000 29.000000 82.799999
v 22.196270 28.995180 82.799999
v 22.392069 28.980740 82.799999
v 22.586922 28.956703 82.799999
v 22.780361 28.923141 82.799999
v 22.971920 28.880125 82.799999
v 23.161139 28.827761 82.799999
v 23.347559 28.766176 82.799999
v 23.530733 28.695520 82.799999
v 23.710220 28.615959 82.799999
v 23.885588 28.527687 82.799999
v 24.056412 28.430916 82.799999
v 26.000000 25.000000 82.799999
v 25.995182 25.196270 82.799999
v 25.980740 25.392069 82.799999
v 25.766176 26.347559 82.799999
v 25.827761 26.161139 82.799999
v 25.956705 25.586922 82.799999
v 25.923141 25.780361 82.799999
v 25.880125 25.971920 82.799999
v 24.382797 28.212830 82.799999
v 24.686235 27.963804 82.799999
v 24.537573 28.092041 82.799999
v 24.828426 27.828426 82.799999
v 25.325878 27.222282 82.799999
v 25.430914 27.056414 82.799999
v 25.527685 26.885588 82.799999
v 24.963804 27.686237 82.799999
v 25.092041 27.537575 82.799999
v 25.212830 27.382797 82.799999
v 24.222281 28.325878 82.799999
v 25.695518 26.530733 82.799999
v 25.615957 26.710220 82.799999
v 22.254395 37.889248 82.799999
v 23.374802 37.751060 82.799999
v 24.487078 37.558060 82.799999
v 25.588545 37.310719 82.799999
v 26.676548 37.009628 82.799999
v 27.748466 36.655514 82.799999
v 28.801718 36.249229 82.799999
v 29.833767 35.791752 82.799999
v 30.842125 35.284187 82.799999
v 31.824366 34.727757 82.799999
v 43.000000 15.000000 82.799999
v 42.972294 16.128557 82.799999
v 42.889248 17.254395 82.799999
v 42.751060 18.374802 82.799999
v 42.558060 19.487078 82.799999
v 42.310719 20.588545 82.799999
v 42.009628 21.676548 82.799999
v 32.778114 34.123802 82.799999
v 33.701084 33.473774 82.799999
v 34.591045 32.779240 82.799999
v 35.445854 32.041878 82.799999
v 36.263454 31.263456 82.799999
v 37.041878 30.445856 82.799999
v 40.284187 25.842125 82.799999
v 37.779240 29.591047 82.799999
v 38.473774 28.701084 82.799999
v 39.123802 27.778114 82.799999
v 39.727757 26.824364 82.799999
v 41.655514 22.748466 82.799999
v 41.249229 23.801720 82.799999
v 40.791752 24.833767 82.799999
v 9.800000 29.799999 84.000000
v 9.858881 29.801447 84.000000
v 9.917621 29.805779 84.000000
v 9.976076 29.812988 84.000000
v 10.034108 29.823055 84.000000
v 10.091577 29.835962 84.000000
v 10.148341 29.851671 84.000000
v 10.204268 29.870148 84.000000
v 10.259220 29.891344 84.000000
v 10.313066 29.915213 84.000000
v 10.365676 29.941692 84.000000
v 10.416924 29.970726 84.000000
v 10.466684 30.002237 84.000000
v 10.514839 30.036150 84.000000
v 10.561272 30.072388 84.000000
v 10.605871 30.110857 84.000000
v 10.648528 30.151472 84.000000
v 10.689141 30.194132 84.000000
v 10.727612 30.238726 84.000000
v 9.976076 32.187012 84.000000
v 10.034108 32.176941 84.000000
v 10.091577 32.164036 84.000000
v 10.148341 32.148327 84.000000
v 10.204268 32.129852 84.000000
v 10.259220 32.108654 84.000000
v 10.313066 32.084785 84.000000
v 10.365676 32.058304 84.000000
v 10.561272 31.927612 84.000000
v 10.416924 32.029274 84.000000
v 10.466684 31.997763 84.000000
v 10.514839 31.963850 84.000000
v 10.648528 31.848528 84.000000
v 10.605871 31.889143 84.000000
v 10.689141 31.805868 84.000000
v 10.727612 31.761274 84.000000
v 9.800000 32.200001 84.000000
v 9.858881 32.198555 84.000000
v 9.917621 32.194221 84.000000
v 10.763849 30.285162 84.000000
v 10.797764 30.333315 84.000000
v 10.829274 30.383078 84.000000
v 10.858306 30.434322 84.000000
v 10.884788 30.486935 84.000000
v 10.908655 30.540777 84.000000
v 10.929852 30.595732 84.000000
v 10.948328 30.651657 84.000000
v 10.964038 30.708422 84.000000
v 10.976942 30.765892 84.000000
v 10.987012 30.823923 84.000000
v 10.994222 30.882381 84.000000
v 10.998554 30.941116 84.000000
v 11.000000 31.000000 84.000000
v 10.998554 31.058884 84.000000
v 10.994222 31.117619 84.000000
v 10.987012 31.176077 84.000000
v 10.908655 31.459223 84.000000
v 10.829274 31.616922 84.000000
v 10.797764 31.666685 84.000000
v 10.884788 31.513065 84.000000
v 10.858306 31.565678 84.000000
v 10.964038 31.291578 84.000000
v 10.976942 31.234108 84.000000
v 10.948328 31.348343 84.000000
v 10.929852 31.404268 84.000000
v 10.763849 31.714838 84.000000
v 20.000000 38.000000 84.000000
v 21.128557 37.972294 84.000000
v 22.000000 29.000000 84.000000
v 22.196270 28.995180 84.000000
v 22.392069 28.980740 84.000000
v 22.586922 28.956703 84.000000
v 22.780361 28.923141 84.000000
v 22.971920 28.880125 84.000000
v 23.161139 28.827761 84.000000
v 23.347559 28.766176 84.000000
v 23.530733 28.695520 84.000000
v 23.710220 28.615959 84.000000
v 23.885588 28.527687 84.000000
v 24.056412 28.430916 84.000000
v 26.000000 25.000000 84.000000
v 25.995182 25.196270 84.000000
v 25.980740 25.392069 84.000000
v 25.766176 26.347559 84.000000
v 25.827761 26.161139 84.000000
v 25.956705 25.586922 84.000000
v 25.923141 25.780361 84.000000
v 25.880125 25.971920 84.000000
v 24.382797 28.212830 84.000000
v 24.686235 27.963804 84.000000
v 24.537573 28.092041 84.000000
v 24.828426 27.828426 84.000000
v 25.325878 27.222282 84.000000
v 25.430914 27.056414 84.000000
v 25.527685 26.885588 84.000000
v 24.963804 27.686237 84.000000
v 25.092041 27.537575 84.000000
v 25.212830 27.382797 84.000000
v 24.222281 28.325878 84.000000
v 25.695518 26.530733 84.000000
v 25.615957 26.710220 84.000000
v 22.254395 37.889248 84.000000
v 23.374802 37.751060 84.000000
v 24.487078 37.558060 84.000000
v 25.588545 37.310719 84.000000
v 26.676548 37.009628 84.000000
v 27.748466 36.655514 84.000000
v 28.801718 36.249229 84.000000
v 29.833767 35.791752 84.000000
v 30.842125 35.284187 84.000000
v 31.824366 34.727757 84.000000
v 43.000000 15.000000 84.000000
v 42.972294 16.128557 84.000000
v 42.889248 17.254395 84.000000
v 42.751060 18.374802 84.000000
v 42.558060 19.487078 84.000000
v 42.310719 20.588545 84.000000
v 42.009628 21.676548 84.000000
v 32.778114 34.123802 84.000000
v 33.701084 33.473774 84.000000
v 34.591045 32.779240 84.000000
v 35.445854 32.041878 84.000000
v 36.263454 31.263456 84.000000
v 37.041878 30.445856 84.000000
v 40.284187 25.842125 84.000000
v 37.779240 29.591047 84.000000
v 38.473774 28.701084 84.000000
v 39.123802 27.778114 84.000000
v 39.727757 26.824364 84.000000
v 41.655514 22.748466 84.000000
v 41.249229 23.801720 84.000000
v 40.791752 24.833767 84.000000
f 11004 11005 11034
f 11011 11029 11012
f 11012 11044 11013
f 11008 11035 11009
f 11006 11038 11007
f 11007 11037 11008
f 11003 11032 11010
f 11006 11010 11030
f 11003 11004 11033
f 11009 11039 11011
f 11006 11031 11038
f 11007 11038 11037
f 11003 11033 11032
f 11004 11034 11033
f 11005 11052 11034
f 11010 11032 11030
f 11006 11030 11031
f 11005 11017 11053
f 11017 11018 11054
f 11018 11019 11055
f 11019 11020 11056
f 11020 11021 11058
f 11005 11053 11052
f 11017 11054 11053
f 11018 11055 11054
f 11019 11056 11055
f 11020 11057 11056
f 11020 11058 11057
f 11021 11059 11058
f 11021 11022 11074
f 11022 11023 11068
f 11013 11046 11014
f 11012 11029 11043
f 11012 11043 11044
f 11013 11044 11045
f 11013 11045 11046
f 11014 11046 11049
f 11014 11049 11050
f 11008 11037 11035
f 11009 11035 11036
f 11009 11036 11039
f 11011 11039 11029
f 11014 11050 11051
f 11014 11051 11102
f 11021 11060 11059
f 11021 11061 11060
f 11021 11074 11061
f 11074 11062 11061
f 11062 11075 11063
f 11063 11078 11064
f 11064 11082 11065
f 11065 11085 11066
f 11066 11086 11119
f 11003 11010 11133
f 11003 11134 11004
f 11004 11135 11005
f 11006 11007 11136
f 11008 11009 11138
f 11007 11008 11137
f 11006 11140 11010
f 11011 11012 11141
f 11013 11014 11143
f 11012 11013 11142
f 11016 11024 11146
f 11014 11015 11144
f 11015 11016 11145
f 11009 11011 11139
f 11005 11147 11017
f 11017 11148 11018
f 11018 11149 11019
f 11019 11150 11020
f 11020 11151 11021
f 11021 11152 11022
f 11022 11153 11023
f 11024 11025 11154
f 11025 11026 11155
f 11027 11028 11157
f 11026 11027 11156
f 11028 11040 11158
f 11040 11041 11170
f 11041 11042 11171
f 11042 11047 11172
f 11047 11048 11177
f 11048 11100 11178
f 11023 11263 11096
f 11022 11068 11069
f 11022 11069 11071
f 11023 11092 11090
f 11023 11091 11092
f 11023 11093 11091
f 11023 11095 11093
f 11023 11097 11099
f 11023 11088 11098
f 11023 11098 11097
f 11023 11067 11068
f 11023 11099 11067
f 11023 11089 11088
f 11023 11087 11089
f 11023 11094 11087
f 11023 11090 11094
f 11022 11071 11073
f 11022 11073 11072
f 11022 11072 11074
f 11023 11096 11095
f 11070 11062 11074
f 11062 11070 11075
f 11076 11063 11075
f 11063 11077 11078
f 11077 11063 11076
f 11079 11064 11078
f 11080 11064 11079
f 11064 11080 11081
f 11064 11081 11082
f 11083 11065 11082
f 11084 11065 11083
f 11065 11084 11085
f 11086 11066 11085
f 11014 11558 11015
f 11014 11102 11530
f 11024 11922 11025
f 11027 11729 11028
f 11028 11728 11040
f 11026 11730 11027
f 11025 11921 11026
f 11015 11924 11016
f 11016 11923 11024
f 11041 11717 11042
f 11040 11718 11041
f 11042 11584 11047
f 11047 11583 11048
f 11048 11582 11100
f 11100 11556 11101
f 11530 11102 11103
f 11530 11103 11104
f 11105 11530 11104
f 11531 11105 11106
f 11112 11617 11111
f 11540 11112 11113
f 11117 11544 11116
f 11118 11542 11117
f 11132 11648 11118
f 11119 11942 11120
f 11120 11942 11121
f 11121 11942 11122
f 11129 11551 11128
f 11128 11550 11131
f 11100 11101 11230
f 11101 11525 11231
f 11119 11086 11942
f 11010 11140 11133
f 11003 11133 11134
f 11004 11134 11135
f 11006 11136 11140
f 11007 11137 11136
f 11008 11138 11137
f 11009 11139 11138
f 11012 11142 11141
f 11013 11143 11142
f 11014 11144 11143
f 11015 11145 11144
f 11016 11146 11145
f 11011 11141 11139
f 11005 11135 11147
f 11017 11147 11148
f 11018 11148 11149
f 11019 11149 11150
f 11020 11150 11151
f 11021 11151 11152
f 11022 11152 11153
f 11024 11154 11146
f 11025 11155 11154
f 11026 11156 11155
f 11027 11157 11156
f 11028 11158 11157
f 11040 11170 11158
f 11041 11171 11170
f 11042 11172 11171
f 11047 11177 11172
f 11048 11178 11177
f 11100 11230 11178
f 11134 11182 11135
f 11141 11142 11169
f 11142 11143 11173
f 11138 11139 11167
f 11137 11138 11168
f 11136 11137 11161
f 11133 11140 11163
f 11136 11162 11140
f 11133 11164 11134
f 11139 11141 11166
f 11138 11167 11168
f 11137 11168 11161
f 11133 11163 11164
f 11134 11164 11182
f 11136 11160 11162
f 11136 11161 11160
f 11140 11162 11163
f 11135 11183 11147
f 11147 11184 11148
f 11148 11186 11149
f 11149 11187 11150
f 11150 11189 11151
f 11135 11182 11183
f 11147 11183 11184
f 11148 11184 11185
f 11148 11185 11186
f 11149 11186 11187
f 11150 11187 11188
f 11150 11188 11189
f 11151 11202 11152
f 11152 11197 11153
f 11143 11144 11175
f 11142 11159 11169
f 11142 11173 11159
f 11143 11174 11173
f 11143 11175 11174
f 11144 11179 11176
f 11144 11180 11179
f 11144 11176 11175
f 11139 11165 11167
f 11139 11166 11165
f 11141 11169 11166
f 11144 11181 11180
f 11144 11232 11181
f 11151 11189 11190
f 11151 11190 11191
f 11151 11191 11192
f 11151 11192 11202
f 11193 11200 11192
f 11194 11207 11193
f 11195 11210 11194
f 11196 11214 11195
f 11249 11216 11196
f 11023 11153 11394
f 11153 11226 11394
f 11152 11199 11198
f 11152 11201 11199
f 11153 11220 11222
f 11153 11222 11221
f 11153 11221 11223
f 11153 11223 11225
f 11153 11229 11227
f 11153 11228 11218
f 11153 11227 11228
f 11152 11198 11197
f 11153 11197 11229
f 11153 11218 11219
f 11153 11219 11217
f 11153 11217 11224
f 11153 11224 11220
f 11152 11203 11201
f 11152 11202 11203
f 11153 11225 11226
f 11192 11204 11202
f 11204 11192 11200
f 11193 11205 11200
f 11193 11206 11205
f 11206 11193 11207
f 11194 11208 11207
f 11194 11209 11208
f 11209 11194 11210
f 11195 11211 11210
f 11195 11212 11211
f 11212 11195 11213
f 11213 11195 11214
f 11196 11215 11214
f 11215 11196 11216
f 11101 11231 11230
f 11144 11145 12007
f 11144 11981 11232
f 11250 11216 11249
f 11251 11216 11250
f 11252 11216 11251
f 11253 11216 11252
f 11154 11155 12372
f 11157 11158 12179
f 11158 11170 12178
f 11156 11157 12180
f 11155 11156 12371
f 11145 11146 12374
f 11146 11154 12373
f 11171 11172 12167
f 11170 11171 12168
f 11172 11177 12034
f 11177 11178 12033
f 11178 11230 12032
f 11230 11231 12006
f 11981 11233 11232
f 11981 11234 11233
f 11234 11982 11235
f 11240 11984 11241
f 11241 12073 11242
f 12073 11243 11242
f 11245 11993 11246
f 11246 11991 11247
f 12261 11248 11247
f 11259 11258 12003
f 11998 11261 11260
f 11261 12002 11258
f 11253 12392 11216
f 11263 11264 11096
f 11264 11265 11096
f 11265 11266 11096
f 11266 11267 11096
f 11267 11268 11096
f 11268 11269 11096
f 11269 11270 11096
f 11270 11271 11096
f 11271 11272 11096
f 11272 11289 11096
f 11023 11394 11263
f 11272 11273 11290
f 11273 11274 11296
f 11274 11275 11301
f 11275 11276 11308
f 11272 11290 11289
f 11273 11291 11290
f 11273 11292 11291
f 11273 11293 11292
f 11273 11294 11293
f 11273 11295 11294
f 11273 11296 11295
f 11274 11297 11296
f 11274 11298 11297
f 11274 11299 11298
f 11274 11300 11299
f 11274 11301 11300
f 11275 11302 11301
f 11275 11303 11302
f 11275 11304 11303
f 11275 11305 11304
f 11275 11306 11305
f 11275 11307 11306
f 11275 11308 11307
f 11276 11309 11308
f 11276 11310 11309
f 11276 11311 11310
f 11276 11312 11311
f 11276 11313 11312
f 11276 11314 11313
f 11276 11315 11314
f 11276 11277 11370
f 11277 11278 11333
f 11276 11316 11315
f 11276 11317 11316
f 11276 11318 11317
f 11276 11319 11318
f 11276 11320 11319
f 11278 11279 11347
f 11279 11280 11383
f 11263 11395 11264
f 11264 11396 11265
f 11265 11397 11266
f 11266 11398 11267
f 11267 11399 11268
f 11268 11400 11269
f 11269 11401 11270
f 11270 11402 11271
f 11271 11403 11272
f 11272 11404 11273
f 11273 11405 11274
f 11274 11406 11275
f 11275 11407 11276
f 11276 11408 11277
f 11277 11409 11278
f 11278 11410 11279
f 11279 11411 11280
f 11280 11412 11281
f 11281 11413 11282
f 11282 11414 11283
f 11283 11415 11284
f 11284 11416 11285
f 11285 11417 11286
f 11286 11418 11287
f 11287 11419 11288
f 11288 11453 11322
f 11322 11454 11323
f 11323 11455 11324
f 11324 11456 11325
f 11325 11457 11326
f 11326 11458 11327
f 11277 11332 11336
f 11277 11333 11332
f 11276 11370 11371
f 11277 11359 11358
f 11277 11356 11359
f 11277 11335 11357
f 11277 11334 11335
f 11277 11336 11334
f 11277 11357 11356
f 11277 11363 11361
f 11277 11362 11363
f 11277 11358 11362
f 11277 11364 11365
f 11277 11360 11364
f 11277 11361 11360
f 11276 11372 11373
f 11276 11371 11372
f 11276 11373 11374
f 11277 11368 11369
f 11277 11369 11370
f 11277 11366 11367
f 11277 11365 11366
f 11277 11367 11368
f 11276 12425 11320
f 11278 11338 11330
f 11278 11339 11338
f 11278 11340 11339
f 11278 11337 11333
f 11278 11329 11337
f 11278 11331 11329
f 11278 11330 11331
f 11278 11342 11341
f 11278 11341 11340
f 11278 11343 11342
f 11278 11346 11345
f 11278 11345 11344
f 11278 11344 11343
f 11278 11347 11346
f 11279 11349 11348
f 11279 11348 11347
f 11279 11352 11351
f 11279 11351 11350
f 11279 11350 11349
f 11279 11353 11352
f 11279 11375 11355
f 11279 11355 11354
f 11279 11354 11353
f 11279 11376 11375
f 11279 11378 11377
f 11279 11377 11376
f 11279 11379 11378
f 11279 11381 11380
f 11279 11380 11379
f 11279 11383 11382
f 11279 11382 11381
f 11326 11327 11328
f 11280 11384 11383
f 11280 11385 11384
f 11280 11386 11385
f 11280 11387 11386
f 11280 11388 11387
f 11280 11389 11388
f 11280 11390 11389
f 11280 11391 11390
f 11280 11392 11391
f 11276 11374 12425
f 12425 11321 11320
f 11280 11281 12542
f 11281 11282 12534
f 11282 11283 12533
f 11283 11284 12532
f 11284 11285 12531
f 11285 11286 12530
f 11286 11287 12529
f 11287 11288 12528
f 11288 11322 12527
f 11322 11323 12526
f 11323 11324 12525
f 11324 11325 12491
f 11325 11326 12490
f 11326 11328 12490
f 11280 12543 11392
f 11327 11459 11328
f 11394 11226 11420
f 11263 11394 11395
f 11264 11395 11396
f 11265 11396 11397
f 11266 11397 11398
f 11267 11398 11399
f 11268 11399 11400
f 11269 11400 11401
f 11270 11401 11402
f 11271 11402 11403
f 11272 11403 11404
f 11273 11404 11405
f 11274 11405 11406
f 11275 11406 11407
f 11276 11407 11408
f 11277 11408 11409
f 11278 11409 11410
f 11279 11410 11411
f 11280 11411 11412
f 11281 11412 11413
f 11282 11413 11414
f 11283 11414 11415
f 11284 11415 11416
f 11285 11416 11417
f 11286 11417 11418
f 11287 11418 11419
f 11288 11419 11453
f 11322 11453 11454
f 11323 11454 11455
f 11324 11455 11456
f 11325 11456 11457
f 11326 11457 11458
f 11394 11420 11395
f 11395 11420 11396
f 11396 11420 11397
f 11397 11420 11398
f 11398 11420 11399
f 11399 11420 11400
f 11400 11420 11401
f 11401 11420 11402
f 11402 11420 11403
f 11403 11422 11404
f 11404 11428 11405
f 11405 11433 11406
f 11406 11440 11407
f 11403 11420 11421
f 11403 11421 11422
f 11404 11422 11423
f 11404 11423 11424
f 11404 11424 11425
f 11404 11425 11426
f 11404 11426 11427
f 11404 11427 11428
f 11405 11428 11429
f 11405 11429 11430
f 11405 11430 11431
f 11405 11431 11432
f 11405 11432 11433
f 11406 11433 11434
f 11406 11434 11435
f 11406 11435 11436
f 11406 11436 11437
f 11406 11437 11438
f 11406 11438 11439
f 11406 11439 11440
f 11407 11440 11441
f 11407 11441 11442
f 11407 11442 11443
f 11407 11443 11444
f 11407 11444 11445
f 11407 11445 11446
f 11407 11501 11408
f 11408 11468 11409
f 11407 11446 11447
f 11407 11447 11448
f 11407 11448 11449
f 11407 11449 11450
f 11407 11450 11451
f 11409 11479 11410
f 11410 11515 11411
f 11407 11451 11505
f 11327 11458 11459
f 11328 11459 12621
f 11408 11467 11463
f 11408 11463 11464
f 11408 11464 11468
f 11407 11502 11501
f 11408 11489 11490
f 11408 11490 11487
f 11408 11488 11466
f 11408 11466 11465
f 11408 11465 11467
f 11408 11487 11488
f 11408 11492 11494
f 11408 11494 11493
f 11408 11493 11489
f 11408 11496 11495
f 11408 11495 11491
f 11408 11491 11492
f 11407 11504 11503
f 11407 11503 11502
f 11407 11505 11504
f 11408 11500 11499
f 11408 11501 11500
f 11408 11498 11497
f 11408 11497 11496
f 11408 11499 11498
f 11505 11451 11452
f 11409 11461 11469
f 11409 11469 11470
f 11409 11470 11471
f 11409 11468 11460
f 11409 11460 11462
f 11409 11462 11461
f 11409 11473 11474
f 11409 11472 11473
f 11409 11471 11472
f 11409 11476 11477
f 11409 11475 11476
f 11409 11474 11475
f 11409 11477 11478
f 11409 11478 11479
f 11410 11479 11480
f 11410 11482 11483
f 11410 11481 11482
f 11410 11480 11481
f 11410 11483 11484
f 11410 11486 11506
f 11410 11485 11486
f 11410 11484 11485
f 11410 11507 11508
f 11410 11506 11507
f 11410 11508 11509
f 11410 11509 11510
f 11410 11511 11512
f 11410 11510 11511
f 11410 11514 11515
f 11410 11513 11514
f 11410 11512 11513
f 11457 11459 11458
f 11411 11515 11516
f 11411 11516 11517
f 11411 11517 11518
f 11411 11518 11519
f 11411 11519 11520
f 11411 11520 11521
f 11411 11521 11522
f 11411 11522 11523
f 11411 12673 11412
f 11412 12665 11413
f 11413 12664 11414
f 11414 12663 11415
f 11415 12662 11416
f 11416 12661 11417
f 11417 12660 11418
f 11418 12659 11419
f 11419 12658 11453
f 11453 12657 11454
f 11454 12656 11455
f 11455 12622 11456
f 11456 12621 11457
f 11457 12621 11459
f 12623 11505 11452
f 11411 11523 12674
f 11927 11106 11107
f 11014 11530 11529
f 11015 11558 11559
f 11015 11559 11560
f 11015 11560 11561
f 11014 11557 11558
f 11014 11527 11528
f 11014 11529 11527
f 11014 11528 11557
f 11015 11561 11595
f 11927 11107 11108
f 11928 11108 11109
f 11928 11109 11110
f 11929 11110 11111
f 11931 11113 11114
f 11932 11114 11115
f 11933 11115 11116
f 11101 11555 11525
f 11015 11595 11596
f 11015 11596 11597
f 11015 11597 11733
f 11105 11531 11530
f 11101 11556 11555
f 11100 11582 11556
f 11048 11583 11582
f 11047 11584 11583
f 11042 11717 11584
f 11041 11718 11717
f 11040 11728 11718
f 11015 11733 11734
f 11531 11106 11532
f 11106 11533 11532
f 11106 11563 11533
f 11106 11564 11563
f 11106 11565 11564
f 11106 11566 11565
f 11106 11567 11566
f 11015 11734 11924
f 11111 11617 11618
f 11111 11618 11619
f 11112 11538 11534
f 11112 11535 11538
f 11112 11534 11617
f 11112 11536 11535
f 11112 11537 11536
f 11112 11539 11537
f 11112 11540 11539
f 11111 11619 11620
f 11111 11620 11621
f 11113 11623 11540
f 11113 11624 11623
f 11113 11637 11624
f 11113 11638 11637
f 11113 11639 11638
f 11116 11544 11642
f 11117 11543 11544
f 11116 11642 11643
f 11116 11643 11644
f 11116 11644 11645
f 11116 11645 11646
f 11117 11541 11543
f 11117 11542 11541
f 11118 11545 11542
f 11118 11546 11545
f 11118 11547 11546
f 11118 11648 11547
f 11941 11123 11122
f 11941 11124 11123
f 11936 11132 11130
f 11937 11130 11131
f 11940 11125 11124
f 11940 11126 11125
f 11939 11127 11126
f 11939 11129 11127
f 11129 11552 11551
f 11128 11548 11550
f 11128 11551 11548
f 11129 11553 11552
f 11129 11554 11553
f 11129 11833 11554
f 11129 11834 11833
f 11129 11835 11834
f 11132 11811 11648
f 11132 11812 11811
f 11132 11813 11812
f 11132 11814 11813
f 11131 11550 11549
f 11131 11549 11822
f 11131 11822 11823
f 11131 11823 11818
f 11131 11818 11819
f 11131 11819 11820
f 11129 11836 11835
f 11129 11837 11836
f 11028 11729 11728
f 11027 11730 11729
f 11026 11921 11730
f 11025 11922 11921
f 11024 11923 11922
f 11016 11924 11923
f 11927 11567 11106
f 11111 11621 11672
f 11111 11672 11774
f 11111 11774 11775
f 11931 11639 11113
f 11525 11555 11526
f 11929 11111 11775
f 11933 11116 11646
f 11927 11108 11928
f 11928 11110 11929
f 11131 11820 11859
f 11131 11859 11900
f 11941 11122 11945
f 11935 11814 11132
f 11939 11837 11129
f 11937 11131 11900
f 11525 11526 11975
f 11122 11942 11943
f 11122 11943 11944
f 11122 11944 11945
f 11595 11561 11562
f 11595 11562 11569
f 11595 11569 11570
f 11571 11594 11570
f 11567 11601 11568
f 11575 11592 11580
f 11574 11599 11576
f 11568 11600 11574
f 11576 11593 11575
f 11572 11586 11571
f 11573 11587 11572
f 11577 11585 11573
f 11578 11588 11577
f 11579 11589 11578
f 11590 11579 11581
f 11591 11581 11580
f 11572 11587 11586
f 11573 11585 11587
f 11595 11570 11594
f 11571 11586 11594
f 11588 11578 11589
f 11577 11588 11585
f 11579 11590 11589
f 11590 11581 11591
f 11580 11592 11591
f 11575 11593 11592
f 11576 11599 11593
f 11574 11600 11599
f 11568 11601 11600
f 11567 11602 11601
f 11625 11671 11622
f 11622 11672 11621
f 11626 11670 11625
f 11627 11669 11626
f 11674 11629 11641
f 11630 11667 11636
f 11629 11668 11630
f 11660 11628 11631
f 11628 11661 11627
f 11632 11662 11631
f 11633 11663 11632
f 11634 11664 11633
f 11635 11665 11634
f 11636 11666 11635
f 11931 11114 11932
f 11932 11115 11933
f 11639 11697 11640
f 11640 11696 11641
f 11649 11703 11647
f 11650 11702 11649
f 11651 11701 11650
f 11652 11694 11657
f 11654 11691 11653
f 11653 11687 11651
f 11655 11688 11654
f 11656 11689 11655
f 11659 11690 11656
f 11658 11692 11659
f 11657 11693 11658
f 11628 11660 11661
f 11626 11669 11670
f 11671 11625 11670
f 11672 11622 11671
f 11669 11627 11661
f 11660 11631 11662
f 11662 11632 11663
f 11633 11664 11663
f 11634 11665 11664
f 11635 11666 11665
f 11636 11667 11666
f 11630 11668 11667
f 11629 11674 11668
f 11674 11641 11696
f 11640 11697 11696
f 11639 11698 11697
f 11650 11701 11702
f 11701 11651 11687
f 11703 11649 11702
f 11704 11647 11703
f 11653 11691 11687
f 11654 11688 11691
f 11656 11690 11689
f 11688 11655 11689
f 11659 11692 11690
f 11658 11693 11692
f 11657 11694 11693
f 11652 11695 11694
f 11598 11733 11597
f 11604 11733 11598
f 11605 11732 11604
f 11606 11731 11605
f 11607 11720 11606
f 11603 11737 11609
f 11602 11738 11603
f 11615 11725 11616
f 11610 11726 11615
f 11609 11736 11611
f 11611 11727 11610
f 11608 11721 11607
f 11612 11719 11608
f 11613 11723 11612
f 11614 11722 11613
f 11616 11724 11614
f 11606 11720 11731
f 11720 11607 11721
f 11608 11719 11721
f 11605 11731 11732
f 11733 11604 11732
f 11612 11723 11719
f 11723 11613 11722
f 11614 11724 11722
f 11616 11725 11724
f 11725 11615 11726
f 11610 11727 11726
f 11611 11736 11727
f 11609 11737 11736
f 11603 11738 11737
f 11602 11739 11738
f 11924 11734 11735
f 11924 11735 11741
f 11924 11741 11742
f 11924 11742 11743
f 11924 11743 11744
f 11673 11774 11672
f 11675 11774 11673
f 11676 11773 11675
f 11677 11772 11676
f 11678 11755 11677
f 11686 11760 11685
f 11680 11761 11686
f 11679 11762 11680
f 11681 11754 11678
f 11756 11681 11682
f 11757 11682 11683
f 11684 11758 11683
f 11685 11759 11684
f 11927 11602 11567
f 11772 11677 11755
f 11755 11678 11754
f 11676 11772 11773
f 11774 11675 11773
f 11756 11682 11757
f 11681 11756 11754
f 11757 11683 11758
f 11684 11759 11758
f 11685 11760 11759
f 11686 11761 11760
f 11680 11762 11761
f 11679 11777 11762
f 11777 11679 11790
f 11705 11798 11704
f 11706 11797 11705
f 11707 11796 11706
f 11708 11795 11707
f 11710 11763 11708
f 11715 11769 11716
f 11709 11770 11715
f 11711 11767 11710
f 11764 11711 11712
f 11713 11766 11712
f 11714 11765 11713
f 11716 11768 11714
f 11790 11679 11791
f 11791 11679 11792
f 11931 11698 11639
f 11933 11646 11647
f 11795 11708 11763
f 11707 11795 11796
f 11797 11706 11796
f 11798 11705 11797
f 11763 11710 11767
f 11711 11764 11767
f 11764 11712 11766
f 11766 11713 11765
f 11714 11768 11765
f 11716 11769 11768
f 11715 11770 11769
f 11709 11771 11770
f 11927 11739 11602
f 11931 11699 11698
f 11931 11700 11699
f 11933 11647 11704
f 11931 11679 11700
f 11931 11792 11679
f 11817 11695 11652
f 11935 11132 11936
f 11936 11130 11937
f 11824 11858 11821
f 11821 11859 11820
f 11825 11857 11824
f 11826 11861 11825
f 11827 11846 11826
f 11828 11845 11827
f 11829 11843 11828
f 11844 11829 11831
f 11832 11847 11831
f 11848 11832 11830
f 11842 11849 11830
f 11940 11124 11941
f 11837 11875 11838
f 11839 11873 11840
f 11841 11871 11842
f 11840 11872 11841
f 11838 11874 11839
f 11939 11126 11940
f 11817 11850 11695
f 11817 11851 11850
f 11817 11852 11851
f 11817 11853 11852
f 11825 11861 11857
f 11858 11824 11857
f 11859 11821 11858
f 11846 11827 11845
f 11828 11843 11845
f 11829 11844 11843
f 11844 11831 11847
f 11832 11848 11847
f 11848 11830 11849
f 11842 11871 11849
f 11861 11826 11846
f 11841 11872 11871
f 11840 11873 11872
f 11839 11874 11873
f 11838 11875 11874
f 11837 11876 11875
f 11854 11892 11855
f 11853 11893 11854
f 11855 11891 11856
f 11856 11771 11709
f 11860 11900 11859
f 11862 11899 11860
f 11863 11898 11862
f 11864 11902 11863
f 11865 11885 11864
f 11888 11870 11881
f 11866 11884 11865
f 11867 11882 11866
f 11868 11883 11867
f 11869 11887 11868
f 11870 11887 11869
f 11856 11891 11771
f 11855 11892 11891
f 11854 11893 11892
f 11853 11894 11893
f 11935 11815 11814
f 11935 11816 11815
f 11935 11817 11816
f 11863 11902 11898
f 11899 11862 11898
f 11900 11860 11899
f 11902 11864 11885
f 11885 11865 11884
f 11882 11867 11883
f 11866 11882 11884
f 11868 11886 11883
f 11886 11868 11887
f 11870 11888 11887
f 11881 11889 11888
f 11877 11913 11878
f 11876 11914 11877
f 11878 11912 11879
f 11880 11889 11881
f 11879 11890 11880
f 11880 11890 11889
f 11879 11912 11890
f 11878 11913 11912
f 11877 11914 11913
f 11876 11915 11914
f 11935 11853 11817
f 11939 11876 11837
f 11925 11744 11745
f 11925 11745 11749
f 11925 11749 11750
f 11925 11750 11751
f 11925 11752 11753
f 11925 11751 11752
f 11926 11753 11748
f 11924 11744 11925
f 11925 11753 11926
f 11927 11740 11739
f 11927 11746 11740
f 11927 11747 11746
f 11927 11748 11747
f 11929 11775 11776
f 11929 11776 11778
f 11929 11779 11780
f 11929 11778 11779
f 11929 11780 11781
f 11929 11781 11784
f 11929 11784 11785
f 11930 11785 11786
f 11930 11786 11787
f 11930 11788 11789
f 11930 11787 11788
f 11931 11793 11792
f 11931 11794 11793
f 11933 11704 11798
f 11931 11782 11794
f 11931 11783 11782
f 11931 11789 11783
f 11933 11798 11799
f 11933 11799 11800
f 11933 11800 11801
f 11933 11801 11802
f 11933 11804 11805
f 11933 11802 11804
f 11933 11805 11806
f 11934 11806 11807
f 11934 11807 11808
f 11934 11808 11809
f 11926 11748 11927
f 11929 11785 11930
f 11930 11789 11931
f 11933 11806 11934
f 11935 11894 11853
f 11935 11895 11894
f 11935 11896 11895
f 11935 11897 11896
f 11935 11809 11810
f 11935 11810 11803
f 11935 11803 11897
f 11937 11900 11901
f 11937 11901 11903
f 11937 11903 11904
f 11937 11904 11905
f 11937 11906 11907
f 11937 11905 11906
f 11937 11907 11908
f 11937 11909 11911
f 11937 11908 11909
f 11937 11911 11910
f 11939 11915 11876
f 11939 11916 11915
f 11939 11918 11916
f 11939 11917 11918
f 11939 11919 11917
f 11938 11910 11920
f 11939 11920 11919
f 11934 11809 11935
f 11937 11910 11938
f 11938 11920 11939
f 11526 11555 11976
f 11555 11556 12005
f 11556 11582 12006
f 11582 11583 12032
f 11583 11584 12033
f 11584 11717 12034
f 11717 11718 12167
f 11718 11728 12168
f 11728 11729 12178
f 11729 11730 12179
f 11730 11921 12180
f 11921 11922 12371
f 11922 11923 12372
f 11923 11924 12373
f 11924 11925 12374
f 11925 11926 12375
f 11926 11927 12376
f 11927 11928 12377
f 11928 11929 12378
f 11929 11930 12379
f 11930 11931 12380
f 11931 11932 12381
f 11932 11933 12382
f 11933 11934 12383
f 11934 11935 12384
f 11935 11936 12385
f 11936 11937 12386
f 11937 11938 12387
f 11938 11939 12388
f 11939 11940 12389
f 11940 11941 12390
f 11941 11945 11946
f 11941 11946 11947
f 11941 11947 11948
f 11941 11948 11949
f 11941 11949 11950
f 11941 11950 11951
f 11941 11951 11952
f 11941 11952 11953
f 11941 11953 11954
f 11941 11954 11955
f 11941 11955 11956
f 11941 11956 11957
f 11941 11957 11958
f 11941 11958 11959
f 11941 11959 11960
f 11941 11960 11961
f 11941 11961 11962
f 11941 11962 11963
f 11941 11963 11964
f 11941 11964 11965
f 11941 11965 11966
f 11941 11966 11967
f 11941 11967 11968
f 11941 11968 11969
f 11941 11969 11970
f 11941 11970 11971
f 11941 11971 11972
f 11941 11972 11973
f 11941 11973 11974
f 11941 11974 12535
f 11941 12535 12391
f 11231 11525 11975
f 11526 11976 11975
f 12377 11236 11235
f 12377 11237 11236
f 11144 11979 11980
f 11144 11980 11981
f 11145 12009 12008
f 11145 12010 12009
f 11145 12011 12010
f 11144 11978 11977
f 11144 11977 11979
f 11144 12007 11978
f 11145 12008 12007
f 11145 12045 12011
f 12378 11238 11237
f 12378 11239 11238
f 12379 11240 11239
f 12382 11244 11243
f 12383 11245 11244
f 11231 11975 12005
f 11145 12046 12045
f 11145 12047 12046
f 11145 12183 12047
f 11234 11981 11982
f 11235 11982 11983
f 11235 11983 12013
f 11231 12005 12006
f 11230 12006 12032
f 11178 12032 12033
f 11177 12033 12034
f 11172 12034 12167
f 11171 12167 12168
f 11170 12168 12178
f 11145 12184 12183
f 11235 12013 12014
f 11235 12014 12015
f 11235 12015 12016
f 11235 12016 12017
f 11145 12374 12184
f 11240 12068 12067
f 11240 12069 12068
f 11240 12067 11984
f 11240 12070 12069
f 11240 12071 12070
f 11241 11988 11985
f 11241 11984 11988
f 11241 11985 11986
f 11241 11987 11989
f 11241 11986 11987
f 11241 11989 11990
f 11241 11990 12073
f 11243 12073 12074
f 11243 12074 12087
f 11243 12087 12088
f 11243 12088 12089
f 11245 12093 12092
f 11245 12092 11994
f 11245 11994 11993
f 11246 11993 11991
f 11245 12094 12093
f 11245 12095 12094
f 11245 12096 12095
f 11247 11991 11992
f 11247 11992 11995
f 11247 11996 11997
f 11247 11995 11996
f 11247 11997 12098
f 11247 12098 12261
f 11248 12261 12262
f 11248 12262 12263
f 11248 12263 12264
f 12391 11253 11254
f 12386 11262 11248
f 12387 11260 11262
f 12390 11255 11256
f 12390 11256 11257
f 12389 11257 11259
f 12391 11254 11255
f 11261 11998 12001
f 11261 12001 12002
f 11258 12002 12003
f 11259 12003 12004
f 11259 12004 12283
f 11259 12283 12284
f 11259 12284 12285
f 11260 11999 12000
f 11260 12272 11999
f 11260 12273 12272
f 11260 12268 12273
f 11998 11260 12000
f 11260 12269 12268
f 11260 12270 12269
f 11259 12285 12286
f 11259 12286 12287
f 11158 12178 12179
f 11157 12179 12180
f 11156 12180 12371
f 11155 12371 12372
f 11154 12372 12373
f 11146 12373 12374
f 12377 11235 12017
f 11240 12122 12071
f 11240 12224 12122
f 11240 12225 12224
f 12381 11243 12089
f 11975 11976 12005
f 12379 12225 11240
f 12383 12096 11245
f 12377 12378 11237
f 12378 12379 11239
f 11260 12309 12270
f 11260 12350 12309
f 12391 12392 11253
f 12385 11248 12264
f 12389 11259 12287
f 12387 12350 11260
f 11555 12005 11976
f 11556 12006 12005
f 11582 12032 12006
f 11583 12033 12032
f 11584 12034 12033
f 11717 12167 12034
f 11718 12168 12167
f 11728 12178 12168
f 11729 12179 12178
f 11730 12180 12179
f 11921 12371 12180
f 11922 12372 12371
f 11923 12373 12372
f 11924 12374 12373
f 11925 12375 12374
f 11926 12376 12375
f 11927 12377 12376
f 11928 12378 12377
f 11929 12379 12378
f 11930 12380 12379
f 11931 12381 12380
f 11932 12382 12381
f 11933 12383 12382
f 11934 12384 12383
f 11935 12385 12384
f 11936 12386 12385
f 11937 12387 12386
f 11938 12388 12387
f 11939 12389 12388
f 11940 12390 12389
f 11941 12391 12390
f 12045 12012 12011
f 12045 12019 12012
f 12045 12020 12019
f 12037 12021 12020
f 12021 12037 12022
f 12024 12051 12018
f 12018 12052 12017
f 12025 12049 12026
f 12026 12050 12024
f 12022 12035 12023
f 12023 12038 12027
f 12027 12039 12028
f 12028 12041 12029
f 12029 12042 12031
f 12031 12042 12030
f 12030 12043 12025
f 12020 12036 12037
f 12020 12044 12036
f 12023 12035 12038
f 12022 12037 12035
f 12045 12044 12020
f 12027 12038 12039
f 12028 12039 12040
f 12028 12040 12041
f 12029 12041 12042
f 12043 12030 12042
f 12025 12043 12049
f 12026 12049 12050
f 12024 12050 12051
f 12052 12018 12051
f 12071 12121 12072
f 12075 12119 12076
f 12072 12120 12075
f 12076 12111 12077
f 12077 12112 12078
f 12078 12112 12081
f 12113 12082 12081
f 12082 12114 12083
f 12083 12115 12084
f 12084 12116 12085
f 12085 12117 12086
f 12086 12118 12080
f 12146 12079 12080
f 12381 12382 11243
f 12382 12383 11244
f 12091 12147 12090
f 12090 12148 12089
f 12146 12091 12079
f 12099 12151 12100
f 12097 12152 12099
f 12100 12137 12101
f 12138 12103 12101
f 12103 12138 12104
f 12139 12105 12104
f 12105 12140 12106
f 12106 12142 12109
f 12109 12143 12108
f 12108 12144 12107
f 12107 12145 12102
f 12077 12110 12112
f 12076 12119 12111
f 12077 12111 12110
f 12075 12120 12119
f 12072 12121 12120
f 12071 12122 12121
f 12113 12081 12112
f 12082 12113 12114
f 12115 12083 12114
f 12116 12084 12115
f 12085 12116 12117
f 12086 12117 12118
f 12080 12118 12124
f 12080 12124 12146
f 12091 12146 12147
f 12148 12090 12147
f 12100 12151 12137
f 12099 12152 12151
f 12097 12153 12152
f 12153 12097 12154
f 12101 12141 12138
f 12101 12137 12141
f 12139 12104 12138
f 12105 12139 12140
f 12142 12106 12140
f 12143 12109 12142
f 12108 12143 12144
f 12145 12107 12144
f 12048 12182 12054
f 12047 12183 12048
f 12054 12181 12055
f 12171 12056 12055
f 12171 12057 12056
f 12057 12169 12058
f 12053 12189 12052
f 12065 12177 12060
f 12059 12188 12053
f 12060 12186 12061
f 12061 12187 12059
f 12058 12173 12062
f 12062 12172 12063
f 12063 12174 12064
f 12064 12176 12066
f 12176 12065 12066
f 12055 12170 12171
f 12054 12182 12181
f 12055 12181 12170
f 12057 12171 12169
f 12058 12169 12173
f 12048 12183 12182
f 12062 12173 12172
f 12063 12172 12174
f 12064 12174 12175
f 12064 12175 12176
f 12177 12065 12176
f 12060 12177 12186
f 12061 12186 12187
f 12059 12187 12188
f 12189 12053 12188
f 12374 12185 12184
f 12374 12191 12185
f 12374 12192 12191
f 12374 12193 12192
f 12123 12223 12125
f 12122 12224 12123
f 12125 12222 12126
f 12126 12205 12127
f 12127 12204 12128
f 12128 12207 12131
f 12131 12208 12132
f 12136 12212 12130
f 12130 12227 12129
f 12208 12133 12132
f 12133 12209 12134
f 12134 12210 12135
f 12135 12211 12136
f 12377 12017 12052
f 12125 12223 12222
f 12128 12204 12206
f 12126 12222 12205
f 12127 12205 12204
f 12123 12224 12223
f 12128 12206 12207
f 12131 12207 12208
f 12209 12133 12208
f 12210 12134 12209
f 12135 12210 12211
f 12212 12136 12211
f 12130 12212 12227
f 12240 12129 12227
f 12155 12246 12156
f 12154 12247 12155
f 12156 12245 12157
f 12157 12213 12158
f 12158 12217 12160
f 12160 12216 12161
f 12165 12221 12159
f 12161 12216 12162
f 12215 12163 12162
f 12163 12218 12164
f 12164 12219 12166
f 12166 12220 12165
f 12241 12129 12240
f 12242 12129 12241
f 12381 12089 12148
f 12383 12097 12096
f 12156 12246 12245
f 12157 12245 12213
f 12155 12247 12246
f 12154 12248 12247
f 12160 12217 12214
f 12160 12214 12216
f 12158 12213 12217
f 12215 12162 12216
f 12218 12163 12215
f 12219 12164 12218
f 12166 12219 12220
f 12221 12165 12220
f 12377 12052 12189
f 12381 12148 12149
f 12381 12149 12150
f 12383 12154 12097
f 12381 12150 12129
f 12381 12129 12242
f 12267 12102 12300
f 12385 12386 11248
f 12386 12387 11262
f 12270 12308 12271
f 12274 12311 12275
f 12271 12307 12274
f 12275 12296 12276
f 12276 12295 12277
f 12277 12293 12278
f 12278 12297 12279
f 12297 12281 12279
f 12281 12299 12282
f 12282 12299 12280
f 12280 12321 12292
f 12291 12323 12290
f 12289 12325 12288
f 12288 12326 12287
f 12290 12324 12289
f 12389 12390 11257
f 12292 12322 12291
f 12390 12391 11255
f 12102 12145 12300
f 12267 12300 12301
f 12267 12301 12302
f 12267 12302 12303
f 12274 12307 12311
f 12271 12308 12307
f 12270 12309 12308
f 12275 12311 12296
f 12276 12296 12295
f 12278 12294 12297
f 12278 12293 12294
f 12277 12295 12293
f 12281 12297 12298
f 12281 12298 12299
f 12280 12299 12321
f 12322 12292 12321
f 12291 12322 12323
f 12290 12323 12324
f 12289 12324 12325
f 12326 12288 12325
f 12304 12344 12303
f 12305 12343 12304
f 12159 12341 12306
f 12306 12342 12305
f 12310 12348 12312
f 12309 12349 12310
f 12312 12352 12313
f 12313 12335 12314
f 12314 12334 12315
f 12315 12332 12316
f 12316 12333 12317
f 12337 12318 12317
f 12318 12337 12319
f 12319 12339 12320
f 12320 12339 12331
f 12159 12221 12341
f 12306 12341 12342
f 12305 12342 12343
f 12344 12304 12343
f 12385 12264 12265
f 12385 12265 12266
f 12385 12266 12267
f 12312 12348 12352
f 12310 12349 12348
f 12309 12350 12349
f 12313 12352 12335
f 12314 12335 12334
f 12315 12334 12332
f 12316 12332 12333
f 12317 12336 12337
f 12317 12333 12336
f 12319 12337 12338
f 12319 12338 12339
f 12327 12365 12326
f 12331 12340 12330
f 12330 12362 12329
f 12328 12364 12327
f 12329 12363 12328
f 12340 12331 12339
f 12330 12340 12362
f 12329 12362 12363
f 12328 12363 12364
f 12365 12327 12364
f 12385 12267 12303
f 12389 12287 12326
f 12375 12194 12193
f 12375 12195 12194
f 12375 12199 12195
f 12375 12200 12199
f 12375 12201 12200
f 12375 12202 12201
f 12376 12198 12203
f 12376 12203 12202
f 12374 12375 12193
f 12375 12376 12202
f 12377 12189 12190
f 12377 12190 12196
f 12377 12196 12197
f 12377 12197 12198
f 12379 12226 12225
f 12379 12228 12226
f 12379 12230 12229
f 12379 12229 12228
f 12379 12231 12230
f 12379 12234 12231
f 12380 12235 12234
f 12380 12236 12235
f 12380 12237 12236
f 12380 12238 12237
f 12381 12239 12238
f 12381 12242 12243
f 12381 12243 12244
f 12383 12248 12154
f 12381 12244 12232
f 12381 12232 12233
f 12381 12233 12239
f 12383 12249 12248
f 12383 12250 12249
f 12383 12251 12250
f 12383 12252 12251
f 12383 12255 12254
f 12383 12254 12252
f 12384 12256 12255
f 12384 12257 12256
f 12384 12258 12257
f 12384 12259 12258
f 12376 12377 12198
f 12379 12380 12234
f 12380 12381 12238
f 12383 12384 12255
f 12385 12303 12344
f 12385 12344 12345
f 12385 12345 12346
f 12385 12346 12347
f 12385 12260 12259
f 12385 12253 12260
f 12385 12347 12253
f 12387 12351 12350
f 12387 12353 12351
f 12387 12354 12353
f 12387 12355 12354
f 12387 12357 12356
f 12387 12356 12355
f 12387 12358 12357
f 12387 12361 12359
f 12387 12359 12358
f 12388 12360 12361
f 12389 12326 12365
f 12389 12365 12366
f 12389 12366 12368
f 12389 12368 12367
f 12389 12367 12369
f 12389 12370 12360
f 12389 12369 12370
f 12384 12385 12259
f 12387 12388 12361
f 12388 12389 12360
f 12391 12393 12392
f 12391 12394 12393
f 12391 12395 12394
f 12391 12396 12395
f 12391 12397 12396
f 12391 12398 12397
f 12391 12399 12398
f 12391 12400 12399
f 12391 12401 12400
f 12391 12402 12401
f 12391 12403 12402
f 12391 12404 12403
f 12391 12405 12404
f 12391 12406 12405
f 12391 12407 12406
f 12391 12408 12407
f 12391 12409 12408
f 12391 12410 12409
f 12391 12411 12410
f 12391 12412 12411
f 12391 12413 12412
f 12391 12414 12413
f 12391 12415 12414
f 12391 12416 12415
f 12391 12417 12416
f 12391 12418 12417
f 12391 12419 12418
f 12391 12420 12419
f 12391 12421 12420
f 12391 12422 12421
f 12391 12423 12422
f 12391 12424 12423
f 12391 12666 12424
f 12543 11393 11392
f 12547 11321 12425
f 11325 12490 12491
f 11324 12491 12525
f 11323 12525 12526
f 11322 12526 12527
f 11287 12528 12529
f 11288 12527 12528
f 11281 12534 12542
f 11280 12542 12543
f 11283 12532 12533
f 11284 12531 12532
f 11286 12529 12530
f 11285 12530 12531
f 11282 12533 12534
f 12549 12492 11321
f 12544 12460 11393
f 12547 12549 11321
f 12547 12427 12428
f 12547 12425 12426
f 12547 12426 12427
f 12547 12428 12429
f 12547 12429 12430
f 12547 12430 12431
f 12544 12456 12457
f 12544 12458 12456
f 12544 12482 12489
f 12544 12459 12458
f 12544 12489 12459
f 12544 12481 12482
f 12544 12484 12481
f 12544 12483 12484
f 12544 12461 12460
f 12544 12462 12461
f 12544 12444 12462
f 12544 12445 12444
f 12544 12446 12445
f 12544 12447 12446
f 12544 12448 12447
f 12544 12449 12448
f 12544 12450 12449
f 12544 12451 12450
f 12544 12453 12451
f 12544 12454 12453
f 12544 12455 12454
f 12544 12452 12455
f 12544 12457 12452
f 12546 12431 12432
f 12546 12432 12433
f 12546 12433 12434
f 12546 12434 12435
f 12546 12435 12436
f 12546 12436 12437
f 12546 12437 12438
f 12546 12438 12439
f 12546 12439 12440
f 12545 12471 12472
f 12545 12472 12473
f 12546 12440 12441
f 12546 12441 12442
f 12546 12442 12443
f 12546 12443 12463
f 12546 12463 12464
f 12546 12464 12465
f 12546 12466 12467
f 12546 12465 12466
f 12546 12467 12468
f 12546 12468 12469
f 12546 12469 12470
f 12546 12470 12471
f 12545 12473 12474
f 12545 12474 12475
f 12545 12475 12476
f 12545 12478 12479
f 12545 12477 12478
f 12545 12476 12477
f 12545 12485 12487
f 12545 12486 12485
f 12545 12479 12486
f 12545 12480 12483
f 12545 12488 12480
f 12545 12487 12488
f 12543 12544 11393
f 11328 12621 12490
f 12490 12622 12491
f 12535 11974 12504
f 12549 12493 12492
f 12549 12494 12493
f 12549 12495 12494
f 12549 12496 12495
f 12549 12497 12496
f 12549 12498 12497
f 12549 12499 12498
f 12550 12513 12514
f 12550 12515 12513
f 12550 12520 12519
f 12550 12519 12515
f 12549 12500 12499
f 12549 12501 12500
f 12549 12502 12501
f 12549 12503 12502
f 12550 12522 12503
f 12550 12512 12522
f 12550 12514 12512
f 12548 12504 12505
f 12552 12509 12510
f 12552 12511 12508
f 12552 12510 12511
f 12548 12505 12506
f 12548 12506 12509
f 12551 12518 12517
f 12551 12523 12524
f 12551 12524 12518
f 12551 12521 12520
f 12551 12516 12521
f 12551 12517 12516
f 12552 12507 12523
f 12552 12508 12507
f 12544 12545 12483
f 12546 12547 12431
f 12545 12546 12471
f 12536 12504 12537
f 12535 12504 12536
f 12537 12504 12538
f 12540 12504 12541
f 12538 12504 12539
f 12539 12504 12540
f 12549 12550 12503
f 12550 12551 12520
f 12551 12552 12523
f 12548 12509 12552
f 12548 12555 12504
f 12554 12504 12555
f 12541 12504 12553
f 12553 12504 12554
f 12491 12656 12525
f 12525 12657 12526
f 12526 12658 12527
f 12527 12659 12528
f 12528 12660 12529
f 12529 12661 12530
f 12531 12663 12532
f 12530 12662 12531
f 12532 12664 12533
f 12533 12665 12534
f 12535 12536 12666
f 12536 12537 12667
f 12537 12538 12668
f 12538 12539 12669
f 12539 12540 12670
f 12540 12541 12671
f 12541 12553 12672
f 12547 12680 12549
f 12542 12674 12543
f 12543 12675 12544
f 12534 12673 12542
f 12545 12677 12546
f 12544 12676 12545
f 12546 12678 12547
f 12548 12552 12679
f 12550 12682 12551
f 12549 12681 12550
f 12551 12683 12552
f 12553 12554 12684
f 12554 12555 12685
f 12548 12686 12555
f 12490 12621 12622
f 12674 11523 11524
f 12623 12556 11505
f 11456 12622 12621
f 11455 12656 12622
f 11454 12657 12656
f 11453 12658 12657
f 11418 12660 12659
f 11419 12659 12658
f 11412 12673 12665
f 11411 12674 12673
f 11414 12664 12663
f 11415 12663 12662
f 11417 12661 12660
f 11416 12662 12661
f 11413 12665 12664
f 12674 11524 12591
f 12678 12559 12558
f 12678 12557 12556
f 12678 12558 12557
f 12678 12560 12559
f 12678 12561 12560
f 12678 12562 12561
f 12675 12588 12587
f 12675 12587 12589
f 12675 12614 12611
f 12675 12620 12613
f 12675 12589 12590
f 12675 12590 12620
f 12675 12613 12612
f 12675 12612 12615
f 12675 12615 12614
f 12675 12591 12592
f 12675 12592 12593
f 12675 12593 12575
f 12675 12575 12576
f 12675 12576 12577
f 12675 12577 12578
f 12675 12578 12579
f 12675 12579 12580
f 12675 12580 12581
f 12675 12581 12582
f 12675 12582 12584
f 12675 12584 12585
f 12675 12585 12586
f 12675 12586 12583
f 12675 12583 12588
f 12677 12563 12562
f 12677 12564 12563
f 12677 12565 12564
f 12677 12566 12565
f 12677 12567 12566
f 12677 12568 12567
f 12677 12569 12568
f 12677 12570 12569
f 12677 12571 12570
f 12676 12602 12601
f 12676 12603 12602
f 12676 12604 12603
f 12677 12572 12571
f 12677 12573 12572
f 12677 12574 12573
f 12677 12594 12574
f 12677 12595 12594
f 12677 12596 12595
f 12677 12597 12596
f 12677 12598 12597
f 12677 12599 12598
f 12677 12600 12599
f 12677 12601 12600
f 12676 12605 12604
f 12676 12606 12605
f 12676 12607 12606
f 12676 12610 12609
f 12676 12609 12608
f 12676 12608 12607
f 12676 12618 12616
f 12676 12616 12617
f 12676 12617 12610
f 12676 12611 12619
f 12676 12619 12618
f 12391 12535 12666
f 12679 12635 12424
f 12667 12668 12424
f 12666 12667 12424
f 12668 12669 12424
f 12671 12672 12424
f 12669 12670 12424
f 12670 12671 12424
f 12679 12424 12686
f 12685 12686 12424
f 12672 12684 12424
f 12684 12685 12424
f 12491 12622 12656
f 12525 12656 12657
f 12526 12657 12658
f 12527 12658 12659
f 12528 12659 12660
f 12529 12660 12661
f 12530 12661 12662
f 12531 12662 12663
f 12532 12663 12664
f 12533 12664 12665
f 12534 12665 12673
f 12536 12667 12666
f 12537 12668 12667
f 12538 12669 12668
f 12539 12670 12669
f 12540 12671 12670
f 12541 12672 12671
f 12553 12684 12672
f 12547 12678 12680
f 12542 12673 12674
f 12543 12674 12675
f 12544 12675 12676
f 12545 12676 12677
f 12546 12677 12678
f 12549 12680 12681
f 12550 12681 12682
f 12551 12682 12683
f 12552 12683 12679
f 12554 12685 12684
f 12555 12686 12685
f 12548 12679 12686
f 12678 12556 12623
f 12674 12591 12675
f 12680 12623 12624
f 12680 12624 12625
f 12680 12625 12626
f 12680 12626 12627
f 12680 12627 12628
f 12680 12628 12629
f 12680 12629 12630
f 12681 12645 12644
f 12681 12644 12646
f 12681 12650 12651
f 12681 12646 12650
f 12680 12630 12631
f 12680 12631 12632
f 12680 12632 12633
f 12680 12634 12653
f 12680 12633 12634
f 12681 12653 12643
f 12681 12643 12645
f 12679 12636 12635
f 12683 12640 12637
f 12683 12641 12640
f 12683 12639 12642
f 12683 12642 12641
f 12679 12637 12636
f 12682 12648 12649
f 12682 12655 12654
f 12682 12654 12638
f 12682 12649 12655
f 12682 12652 12647
f 12681 12651 12652
f 12682 12647 12648
f 12683 12638 12639
f 12675 12611 12676
f 12677 12562 12678
f 12676 12601 12677
f 12678 12623 12680
f 12680 12653 12681
f 12682 12638 12683
f 12681 12652 12682
f 12679 12683 12637
f 11067 11099 11229
f 11069 11068 11198
f 11068 11067 11197
f 11071 11069 11199
f 11070 11074 11204
f 11073 11071 11201
f 11072 11073 11203
f 11074 11072 11202
f 11075 11070 11200
f 11076 11075 11205
f 11077 11076 11206
f 11078 11077 11207
f 11079 11078 11208
f 11080 11079 11209
f 11081 11080 11210
f 11082 11081 11211
f 11083 11082 11212
f 11084 11083 11213
f 11085 11084 11214
f 11086 11085 11215
f 11098 11088 11218
f 11089 11087 11217
f 11088 11089 11219
f 11090 11092 11222
f 11092 11091 11221
f 11091 11093 11223
f 11087 11094 11224
f 11094 11090 11220
f 11093 11095 11225
f 11095 11096 11226
f 11099 11097 11227
f 11097 11098 11228
f 11086 11216 11942
f 11067 11229 11197
f 11071 11199 11201
f 11197 11198 11068
f 11198 11199 11069
f 11070 11204 11200
f 11073 11201 11203
f 11072 11203 11202
f 11074 11202 11204
f 11075 11200 11205
f 11076 11205 11206
f 11077 11206 11207
f 11078 11207 11208
f 11079 11208 11209
f 11080 11209 11210
f 11081 11210 11211
f 11082 11211 11212
f 11083 11212 11213
f 11084 11213 11214
f 11085 11214 11215
f 11086 11215 11216
f 11098 11218 11228
f 11087 11224 11217
f 11089 11217 11219
f 11088 11219 11218
f 11090 11222 11220
f 11092 11221 11222
f 11091 11223 11221
f 11093 11225 11223
f 11094 11220 11224
f 11095 11226 11225
f 11097 11228 11227
f 11099 11227 11229
f 11096 11289 11420
f 11289 11290 11421
f 11290 11291 11422
f 11291 11292 11423
f 11292 11293 11424
f 11293 11294 11425
f 11294 11295 11426
f 11295 11296 11427
f 11296 11297 11428
f 11297 11298 11429
f 11298 11299 11430
f 11299 11300 11431
f 11300 11301 11432
f 11301 11302 11433
f 11302 11303 11434
f 11303 11304 11435
f 11304 11305 11436
f 11305 11306 11437
f 11306 11307 11438
f 11307 11308 11439
f 11308 11309 11440
f 11309 11310 11441
f 11310 11311 11442
f 11311 11312 11443
f 11312 11313 11444
f 11313 11314 11445
f 11314 11315 11446
f 11315 11316 11447
f 11316 11317 11448
f 11317 11318 11449
f 11318 11319 11450
f 11319 11320 11451
f 11320 11321 11452
f 11096 11420 11226
f 11289 11421 11420
f 11422 11421 11290
f 11291 11423 11422
f 11292 11424 11423
f 11293 11425 11424
f 11294 11426 11425
f 11427 11426 11295
f 11428 11427 11296
f 11297 11429 11428
f 11298 11430 11429
f 11299 11431 11430
f 11300 11432 11431
f 11301 11433 11432
f 11302 11434 11433
f 11303 11435 11434
f 11304 11436 11435
f 11305 11437 11436
f 11306 11438 11437
f 11439 11438 11307
f 11308 11440 11439
f 11309 11441 11440
f 11310 11442 11441
f 11311 11443 11442
f 11312 11444 11443
f 11313 11445 11444
f 11314 11446 11445
f 11315 11447 11446
f 11316 11448 11447
f 11317 11449 11448
f 11318 11450 11449
f 11319 11451 11450
f 11320 11452 11451
f 12623 11452 11321
f 11943 11942 12392
f 11944 11943 12393
f 11945 11944 12394
f 11946 11945 12395
f 11947 11946 12396
f 11948 11947 12397
f 11949 11948 12398
f 11950 11949 12399
f 11951 11950 12400
f 11952 11951 12401
f 11953 11952 12402
f 11954 11953 12403
f 11955 11954 12404
f 11956 11955 12405
f 11957 11956 12406
f 11958 11957 12407
f 11959 11958 12408
f 11960 11959 12409
f 11961 11960 12410
f 11962 11961 12411
f 11963 11962 12412
f 11964 11963 12413
f 11965 11964 12414
f 11966 11965 12415
f 11967 11966 12416
f 11968 11967 12417
f 11969 11968 12418
f 11970 11969 12419
f 11971 11970 12420
f 11972 11971 12421
f 11973 11972 12422
f 11974 11973 12423
f 11942 11216 12392
f 11943 12392 12393
f 11944 12393 12394
f 11945 12394 12395
f 11946 12395 12396
f 11947 12396 12397
f 11948 12397 12398
f 11949 12398 12399
f 11950 12399 12400
f 11951 12400 12401
f 11952 12401 12402
f 11953 12402 12403
f 11954 12403 12404
f 11955 12404 12405
f 11956 12405 12406
f 11957 12406 12407
f 11958 12407 12408
f 11959 12408 12409
f 11960 12409 12410
f 11961 12410 12411
f 11962 12411 12412
f 11963 12412 12413
f 11964 12413 12414
f 11965 12414 12415
f 11966 12415 12416
f 11967 12416 12417
f 11968 12417 12418
f 11969 12418 12419
f 11970 12419 12420
f 11971 12420 12421
f 11972 12421 12422
f 11973 12422 12423
f 11974 12423 12424
f 11321 12492 12623
f 12504 11974 12424
f 12492 12493 12624
f 12493 12494 12625
f 12494 12495 12626
f 12495 12496 12627
f 12496 12497 12628
f 12497 12498 12629
f 12498 12499 12630
f 12499 12500 12631
f 12500 12501 12632
f 12501 12502 12633
f 12502 12503 12634
f 12503 12522 12653
f 12505 12504 12635
f 12506 12505 12636
f 12508 12511 12642
f 12507 12508 12639
f 12509 12506 12637
f 12510 12509 12640
f 12511 12510 12641
f 12522 12512 12643
f 12512 12514 12645
f 12514 12513 12644
f 12513 12515 12646
f 12521 12516 12647
f 12517 12518 12649
f 12516 12517 12648
f 12515 12519 12650
f 12520 12521 12652
f 12519 12520 12651
f 12524 12523 12654
f 12518 12524 12655
f 12523 12507 12638
f 12424 12635 12504
f 12492 12624 12623
f 12493 12625 12624
f 12494 12626 12625
f 12495 12627 12626
f 12496 12628 12627
f 12497 12629 12628
f 12499 12631 12630
f 12498 12630 12629
f 12500 12632 12631
f 12501 12633 12632
f 12502 12634 12633
f 12503 12653 12634
f 12505 12635 12636
f 12636 12637 12506
f 12508 12642 12639
f 12639 12638 12507
f 12637 12640 12509
f 12510 12640 12641
f 12511 12641 12642
f 12522 12643 12653
f 12645 12643 12512
f 12514 12644 12645
f 12513 12646 12644
f 12521 12647 12652
f 12516 12648 12647
f 12517 12649 12648
f 12515 12650 12646
f 12519 12651 12650
f 12652 12651 12520
f 12518 12655 12649
f 12524 12654 12655
f 12638 12654 12523
f 11043 11029 11159
f 11038 11031 11161
f 11031 11030 11160
f 11030 11032 11162
f 11032 11033 11163
f 11033 11034 11164
f 11034 11052 11182
f 11036 11035 11165
f 11037 11038 11168
f 11035 11037 11167
f 11039 11036 11166
f 11029 11039 11169
f 11044 11043 11173
f 11045 11044 11174
f 11046 11045 11175
f 11049 11046 11176
f 11050 11049 11179
f 11051 11050 11180
f 11102 11051 11181
f 11052 11053 11183
f 11053 11054 11184
f 11054 11055 11185
f 11055 11056 11186
f 11056 11057 11187
f 11057 11058 11188
f 11058 11059 11189
f 11059 11060 11190
f 11060 11061 11191
f 11061 11062 11192
f 11062 11063 11193
f 11063 11064 11194
f 11064 11065 11195
f 11065 11066 11196
f 11103 11102 11232
f 11104 11103 11233
f 11105 11104 11234
f 11106 11105 11235
f 11107 11106 11236
f 11108 11107 11237
f 11109 11108 11238
f 11110 11109 11239
f 11111 11110 11240
f 11112 11111 11241
f 11113 11112 11242
f 11114 11113 11243
f 11115 11114 11244
f 11116 11115 11245
f 11117 11116 11246
f 11118 11117 11247
f 11132 11118 11248
f 11066 11119 11249
f 11119 11120 11250
f 11120 11121 11251
f 11121 11122 11252
f 11122 11123 11253
f 11123 11124 11254
f 11124 11125 11255
f 11125 11126 11256
f 11126 11127 11257
f 11129 11128 11258
f 11127 11129 11259
f 11128 11131 11261
f 11131 11130 11260
f 11130 11132 11262
f 11038 11161 11168
f 11031 11160 11161
f 11162 11160 11030
f 11163 11162 11032
f 11164 11163 11033
f 11034 11182 11164
f 11036 11165 11166
f 11168 11167 11037
f 11167 11165 11035
f 11039 11166 11169
f 11169 11159 11029
f 11043 11159 11173
f 11173 11174 11044
f 11045 11174 11175
f 11175 11176 11046
f 11049 11176 11179
f 11050 11179 11180
f 11051 11180 11181
f 11183 11182 11052
f 11184 11183 11053
f 11054 11185 11184
f 11186 11185 11055
f 11187 11186 11056
f 11057 11188 11187
f 11189 11188 11058
f 11059 11190 11189
f 11060 11191 11190
f 11192 11191 11061
f 11062 11193 11192
f 11063 11194 11193
f 11064 11195 11194
f 11065 11196 11195
f 11066 11249 11196
f 11102 11181 11232
f 11103 11232 11233
f 11104 11233 11234
f 11234 11235 11105
f 11106 11235 11236
f 11236 11237 11107
f 11237 11238 11108
f 11238 11239 11109
f 11110 11239 11240
f 11240 11241 11111
f 11241 11242 11112
f 11243 11113 11242
f 11243 11244 11114
f 11244 11245 11115
f 11245 11246 11116
f 11246 11247 11117
f 11118 11247 11248
f 11248 11262 11132
f 11119 11250 11249
f 11120 11251 11250
f 11121 11252 11251
f 11123 11254 11253
f 11253 11252 11122
f 11255 11254 11124
f 11125 11256 11255
f 11127 11259 11257
f 11259 11129 11258
f 11262 11260 11130
f 11260 11261 11131
f 11261 11258 11128
f 11257 11256 11126
f 11337 11329 11460
f 11329 11331 11462
f 11331 11330 11461
f 11336 11332 11463
f 11332 11333 11464
f 11335 11334 11465
f 11334 11336 11467
f 11357 11335 11466
f 11333 11337 11468
f 11330 11338 11469
f 11338 11339 11470
f 11339 11340 11471
f 11340 11341 11472
f 11341 11342 11473
f 11342 11343 11474
f 11343 11344 11475
f 11344 11345 11476
f 11345 11346 11477
f 11346 11347 11478
f 11347 11348 11479
f 11348 11349 11480
f 11349 11350 11481
f 11350 11351 11482
f 11351 11352 11483
f 11352 11353 11484
f 11353 11354 11485
f 11354 11355 11486
f 11359 11356 11487
f 11356 11357 11488
f 11362 11358 11489
f 11358 11359 11490
f 11360 11361 11492
f 11363 11362 11493
f 11361 11363 11494
f 11364 11360 11491
f 11365 11364 11495
f 11366 11365 11496
f 11368 11367 11498
f 11367 11366 11497
f 11369 11368 11499
f 11370 11369 11500
f 11371 11370 11501
f 11372 11371 11502
f 11373 11372 11503
f 11374 11373 11504
f 11355 11375 11506
f 11375 11376 11507
f 11376 11377 11508
f 11377 11378 11509
f 11378 11379 11510
f 11379 11380 11511
f 11380 11381 11512
f 11381 11382 11513
f 11382 11383 11514
f 11383 11384 11515
f 11384 11385 11516
f 11385 11386 11517
f 11386 11387 11518
f 11387 11388 11519
f 11388 11389 11520
f 11389 11390 11521
f 11390 11391 11522
f 11391 11392 11523
f 11392 11393 11524
f 12425 11374 11505
f 11329 11462 11460
f 11330 11469 11461
f 11331 11461 11462
f 11336 11463 11467
f 11332 11464 11463
f 11334 11467 11465
f 11335 11465 11466
f 11337 11460 11468
f 11468 11464 11333
f 11338 11470 11469
f 11339 11471 11470
f 11340 11472 11471
f 11341 11473 11472
f 11474 11473 11342
f 11343 11475 11474
f 11344 11476 11475
f 11345 11477 11476
f 11346 11478 11477
f 11479 11478 11347
f 11348 11480 11479
f 11349 11481 11480
f 11350 11482 11481
f 11351 11483 11482
f 11352 11484 11483
f 11353 11485 11484
f 11354 11486 11485
f 11355 11506 11486
f 11488 11487 11356
f 11358 11490 11489
f 11359 11487 11490
f 11360 11492 11491
f 11362 11489 11493
f 11363 11493 11494
f 11361 11494 11492
f 11364 11491 11495
f 11365 11495 11496
f 11366 11496 11497
f 11367 11497 11498
f 11368 11498 11499
f 11369 11499 11500
f 11370 11500 11501
f 11371 11501 11502
f 11372 11502 11503
f 11373 11503 11504
f 11374 11504 11505
f 11357 11466 11488
f 11375 11507 11506
f 11508 11507 11376
f 11377 11509 11508
f 11378 11510 11509
f 11379 11511 11510
f 11380 11512 11511
f 11381 11513 11512
f 11382 11514 11513
f 11383 11515 11514
f 11384 11516 11515
f 11385 11517 11516
f 11386 11518 11517
f 11387 11519 11518
f 11388 11520 11519
f 11389 11521 11520
f 11390 11522 11521
f 11391 11523 11522
f 11392 11524 11523
f 12591 11524 11393
f 11393 12460 12591
f 12426 12425 12556
f 12427 12426 12557
f 12428 12427 12558
f 12429 12428 12559
f 12430 12429 12560
f 12431 12430 12561
f 12432 12431 12562
f 12433 12432 12563
f 12434 12433 12564
f 12435 12434 12565
f 12436 12435 12566
f 12437 12436 12567
f 12438 12437 12568
f 12439 12438 12569
f 12440 12439 12570
f 12441 12440 12571
f 12442 12441 12572
f 12443 12442 12573
f 12444 12445 12576
f 12445 12446 12577
f 12463 12443 12574
f 12446 12447 12578
f 12447 12448 12579
f 12448 12449 12580
f 12449 12450 12581
f 12451 12453 12584
f 12450 12451 12582
f 12455 12452 12583
f 12453 12454 12585
f 12454 12455 12586
f 12452 12457 12588
f 12457 12456 12587
f 12458 12459 12590
f 12456 12458 12589
f 12460 12461 12592
f 12461 12462 12593
f 12462 12444 12575
f 12464 12463 12594
f 12465 12464 12595
f 12466 12465 12596
f 12467 12466 12597
f 12468 12467 12598
f 12469 12468 12599
f 12470 12469 12600
f 12471 12470 12601
f 12472 12471 12602
f 12473 12472 12603
f 12474 12473 12604
f 12475 12474 12605
f 12476 12475 12606
f 12477 12476 12607
f 12478 12477 12608
f 12479 12478 12609
f 12486 12479 12610
f 12489 12482 12613
f 12482 12481 12612
f 12483 12480 12611
f 12484 12483 12614
f 12481 12484 12615
f 12487 12485 12616
f 12485 12486 12617
f 12488 12487 12618
f 12480 12488 12619
f 12459 12489 12620
f 11505 12556 12425
f 12426 12556 12557
f 12427 12557 12558
f 12428 12558 12559
f 12559 12560 12429
f 12430 12560 12561
f 12431 12561 12562
f 12432 12562 12563
f 12433 12563 12564
f 12434 12564 12565
f 12435 12565 12566
f 12436 12566 12567
f 12437 12567 12568
f 12438 12568 12569
f 12439 12569 12570
f 12440 12570 12571
f 12441 12571 12572
f 12442 12572 12573
f 12443 12573 12574
f 12444 12576 12575
f 12445 12577 12576
f 12446 12578 12577
f 12447 12579 12578
f 12448 12580 12579
f 12449 12581 12580
f 12451 12584 12582
f 12450 12582 12581
f 12452 12588 12583
f 12453 12585 12584
f 12586 12585 12454
f 12455 12583 12586
f 12456 12589 12587
f 12457 12587 12588
f 12458 12590 12589
f 12459 12620 12590
f 12460 12592 12591
f 12461 12593 12592
f 12462 12575 12593
f 12463 12574 12594
f 12464 12594 12595
f 12465 12595 12596
f 12466 12596 12597
f 12467 12597 12598
f 12468 12598 12599
f 12469 12599 12600
f 12470 12600 12601
f 12601 12602 12471
f 12472 12602 12603
f 12473 12603 12604
f 12474 12604 12605
f 12475 12605 12606
f 12476 12606 12607
f 12477 12607 12608
f 12478 12608 12609
f 12479 12609 12610
f 12610 12617 12486
f 12480 12619 12611
f 12489 12613 12620
f 12482 12612 12613
f 12611 12614 12483
f 12484 12614 12615
f 12481 12615 12612
f 12485 12617 12616
f 12487 12616 12618
f 12488 12618 12619
f 11528 11527 11977
f 11557 11528 11978
f 11527 11529 11979
f 11529 11530 11980
f 11530 11531 11981
f 11531 11532 11982
f 11532 11533 11983
f 11533 11563 12013
f 11558 11557 12007
f 11559 11558 12008
f 11560 11559 12009
f 11561 11560 12010
f 11562 11561 12011
f 11563 11564 12014
f 11564 11565 12015
f 11565 11566 12016
f 11566 11567 12017
f 11567 11568 12018
f 11569 11562 12012
f 11570 11569 12019
f 11571 11570 12020
f 11572 11571 12021
f 11573 11572 12022
f 11577 11573 12023
f 11568 11574 12024
f 11574 11576 12026
f 11576 11575 12025
f 11581 11579 12029
f 11578 11577 12027
f 11579 11578 12028
f 11575 11580 12030
f 11580 11581 12031
f 11528 11977 11978
f 11527 11979 11977
f 11557 11978 12007
f 11529 11980 11979
f 11981 11980 11530
f 11982 11981 11531
f 11532 11983 11982
f 11533 12013 11983
f 12007 12008 11558
f 11559 12008 12009
f 11560 12009 12010
f 11561 12010 12011
f 11562 12011 12012
f 11563 12014 12013
f 11564 12015 12014
f 11565 12016 12015
f 11566 12017 12016
f 11567 12018 12017
f 11569 12012 12019
f 11570 12019 12020
f 11571 12020 12021
f 11572 12021 12022
f 11573 12022 12023
f 11568 12024 12018
f 11574 12026 12024
f 11576 12025 12026
f 11577 12023 12027
f 12029 12031 11581
f 11578 12027 12028
f 12028 12029 11579
f 11575 12030 12025
f 11580 12031 12030
f 11617 11534 11984
f 11538 11535 11985
f 11535 11536 11986
f 11536 11537 11987
f 11534 11538 11988
f 11537 11539 11989
f 11539 11540 11990
f 11540 11623 12073
f 11619 11618 12068
f 11618 11617 12067
f 11620 11619 12069
f 11621 11620 12070
f 11622 11621 12071
f 11623 11624 12074
f 11625 11622 12072
f 11626 11625 12075
f 11627 11626 12076
f 11628 11627 12077
f 11631 11628 12078
f 11641 11629 12079
f 11629 11630 12080
f 11632 11631 12081
f 11633 11632 12082
f 11634 11633 12083
f 11635 11634 12084
f 11636 11635 12085
f 11630 11636 12086
f 11624 11637 12087
f 11637 11638 12088
f 11638 11639 12089
f 11639 11640 12090
f 11640 11641 12091
f 11534 11988 11984
f 11984 12067 11617
f 11535 11986 11985
f 11536 11987 11986
f 11985 11988 11538
f 11537 11989 11987
f 11539 11990 11989
f 11540 12073 11990
f 11618 12067 12068
f 11619 12068 12069
f 11620 12069 12070
f 11621 12070 12071
f 11622 12071 12072
f 11623 12074 12073
f 11624 12087 12074
f 11625 12072 12075
f 11626 12075 12076
f 11627 12076 12077
f 12077 12078 11628
f 11629 12080 12079
f 11631 12078 12081
f 11632 12081 12082
f 11633 12082 12083
f 11634 12083 12084
f 11635 12084 12085
f 11636 12085 12086
f 11630 12086 12080
f 11637 12088 12087
f 11638 12089 12088
f 11639 12090 12089
f 11640 12091 12090
f 11641 12079 12091
f 11543 11541 11991
f 11541 11542 11992
f 11544 11543 11993
f 11642 11544 11994
f 11542 11545 11995
f 11545 11546 11996
f 11546 11547 11997
f 11547 11648 12098
f 11643 11642 12092
f 11644 11643 12093
f 11645 11644 12094
f 11646 11645 12095
f 11647 11646 12096
f 11649 11647 12097
f 11650 11649 12099
f 11651 11650 12100
f 11653 11651 12101
f 11654 11653 12103
f 11655 11654 12104
f 11656 11655 12105
f 11658 11659 12109
f 11652 11657 12107
f 11657 11658 12108
f 11659 11656 12106
f 11648 11811 12261
f 11811 11812 12262
f 11812 11813 12263
f 11813 11814 12264
f 11814 11815 12265
f 11815 11816 12266
f 11816 11817 12267
f 11817 11652 12102
f 11541 11992 11991
f 11544 11993 11994
f 11642 11994 12092
f 11991 11993 11543
f 11542 11995 11992
f 11545 11996 11995
f 11546 11997 11996
f 11547 12098 11997
f 11643 12092 12093
f 11644 12093 12094
f 11645 12094 12095
f 11646 12095 12096
f 11647 12096 12097
f 11649 12097 12099
f 11650 12099 12100
f 11651 12100 12101
f 11653 12101 12103
f 11654 12103 12104
f 11655 12104 12105
f 11656 12105 12106
f 11658 12109 12108
f 11652 12107 12102
f 11657 12108 12107
f 11659 12106 12109
f 12261 12098 11648
f 11811 12262 12261
f 11812 12263 12262
f 11813 12264 12263
f 11814 12265 12264
f 11815 12266 12265
f 11816 12267 12266
f 12267 11817 12102
f 11550 11548 11998
f 11822 11549 11999
f 11549 11550 12000
f 11548 11551 12001
f 11551 11552 12002
f 11552 11553 12003
f 11553 11554 12004
f 11554 11833 12283
f 11818 11823 12273
f 11819 11818 12268
f 11820 11819 12269
f 11821 11820 12270
f 11823 11822 12272
f 11824 11821 12271
f 11825 11824 12274
f 11826 11825 12275
f 11827 11826 12276
f 11828 11827 12277
f 11829 11828 12278
f 11830 11832 12282
f 11842 11830 12280
f 11831 11829 12279
f 11832 11831 12281
f 11833 11834 12284
f 11834 11835 12285
f 11835 11836 12286
f 11836 11837 12287
f 11837 11838 12288
f 11838 11839 12289
f 11839 11840 12290
f 11840 11841 12291
f 11841 11842 12292
f 11822 11999 12272
f 11549 12000 11999
f 11998 12000 11550
f 11548 12001 11998
f 12002 12001 11551
f 11552 12003 12002
f 11553 12004 12003
f 11554 12283 12004
f 11818 12273 12268
f 11819 12268 12269
f 11820 12269 12270
f 11821 12270 12271
f 11823 12272 12273
f 11824 12271 12274
f 11825 12274 12275
f 11826 12275 12276
f 11827 12276 12277
f 11828 12277 12278
f 12278 12279 11829
f 11830 12282 12280
f 11842 12280 12292
f 11831 12279 12281
f 12281 12282 11832
f 11833 12284 12283
f 11834 12285 12284
f 11835 12286 12285
f 11836 12287 12286
f 11837 12288 12287
f 11838 12289 12288
f 11839 12290 12289
f 11840 12291 12290
f 11841 12292 12291
f 11586 11587 12037
f 11587 11585 12035
f 11585 11588 12038
f 11588 11589 12039
f 11589 11590 12040
f 11590 11591 12041
f 11591 11592 12042
f 11592 11593 12043
f 11594 11586 12036
f 11595 11594 12044
f 11596 11595 12045
f 11597 11596 12046
f 11598 11597 12047
f 11604 11598 12048
f 11593 11599 12049
f 11599 11600 12050
f 11600 11601 12051
f 11601 11602 12052
f 11602 11603 12053
f 11605 11604 12054
f 11606 11605 12055
f 11607 11606 12056
f 11608 11607 12057
f 11612 11608 12058
f 11603 11609 12059
f 11609 11611 12061
f 11611 11610 12060
f 11613 11612 12062
f 11614 11613 12063
f 11616 11614 12064
f 11610 11615 12065
f 11615 11616 12066
f 11585 12038 12035
f 11587 12035 12037
f 12037 12036 11586
f 11588 12039 12038
f 11589 12040 12039
f 12041 12040 11590
f 12042 12041 11591
f 11592 12043 12042
f 11594 12036 12044
f 12045 11595 12044
f 11596 12045 12046
f 11597 12046 12047
f 11598 12047 12048
f 11593 12049 12043
f 11599 12050 12049
f 11600 12051 12050
f 11601 12052 12051
f 11602 12053 12052
f 11603 12059 12053
f 11604 12048 12054
f 11605 12054 12055
f 11606 12055 12056
f 11607 12056 12057
f 11608 12057 12058
f 11609 12061 12059
f 11610 12065 12060
f 11611 12060 12061
f 11612 12058 12062
f 11613 12062 12063
f 11614 12063 12064
f 12064 12066 11616
f 12066 12065 11615
f 11661 11660 12110
f 11662 11663 12113
f 11663 11664 12114
f 11664 11665 12115
f 11660 11662 12112
f 11665 11666 12116
f 11666 11667 12117
f 11667 11668 12118
f 11670 11669 12119
f 11669 11661 12111
f 11671 11670 12120
f 11672 11671 12121
f 11673 11672 12122
f 11675 11673 12123
f 11668 11674 12124
f 11676 11675 12125
f 11677 11676 12126
f 11678 11677 12127
f 11681 11678 12128
f 11700 11679 12129
f 11679 11680 12130
f 11682 11681 12131
f 11683 11682 12132
f 11684 11683 12133
f 11685 11684 12134
f 11686 11685 12135
f 11680 11686 12136
f 11674 11696 12146
f 11696 11697 12147
f 11697 11698 12148
f 11698 11699 12149
f 11699 11700 12150
f 12112 12110 11660
f 11661 12110 12111
f 11662 12113 12112
f 11663 12114 12113
f 11664 12115 12114
f 11665 12116 12115
f 11666 12117 12116
f 11667 12118 12117
f 11670 12119 12120
f 11669 12111 12119
f 11671 12120 12121
f 11672 12121 12122
f 11673 12122 12123
f 11668 12124 12118
f 11674 12146 12124
f 11675 12123 12125
f 11676 12125 12126
f 11677 12126 12127
f 11678 12127 12128
f 11679 12130 12129
f 11680 12136 12130
f 12128 12131 11681
f 12131 12132 11682
f 11683 12132 12133
f 11684 12133 12134
f 11686 12135 12136
f 11685 12134 12135
f 11696 12147 12146
f 11697 12148 12147
f 11698 12149 12148
f 11699 12150 12149
f 11700 12129 12150
f 11688 11689 12139
f 11689 11690 12140
f 11687 11691 12141
f 11691 11688 12138
f 11690 11692 12142
f 11692 11693 12143
f 11693 11694 12144
f 11694 11695 12145
f 11701 11687 12137
f 11702 11701 12151
f 11703 11702 12152
f 11704 11703 12153
f 11705 11704 12154
f 11706 11705 12155
f 11707 11706 12156
f 11708 11707 12157
f 11710 11708 12158
f 11711 11710 12160
f 11712 11711 12161
f 11713 11712 12162
f 11714 11713 12163
f 11716 11714 12164
f 11709 11715 12165
f 11715 11716 12166
f 11695 11850 12300
f 11850 11851 12301
f 11851 11852 12302
f 11852 11853 12303
f 11853 11854 12304
f 11854 11855 12305
f 11855 11856 12306
f 11856 11709 12159
f 11688 12139 12138
f 11689 12140 12139
f 12138 12141 11691
f 11687 12141 12137
f 11690 12142 12140
f 11692 12143 12142
f 11693 12144 12143
f 11694 12145 12144
f 11701 12137 12151
f 11702 12151 12152
f 11703 12152 12153
f 11704 12153 12154
f 11705 12154 12155
f 11706 12155 12156
f 11707 12156 12157
f 11708 12157 12158
f 11709 12165 12159
f 11710 12158 12160
f 12160 12161 11711
f 11712 12161 12162
f 11713 12162 12163
f 11714 12163 12164
f 11716 12164 12166
f 11715 12166 12165
f 11695 12300 12145
f 11850 12301 12300
f 11851 12302 12301
f 11852 12303 12302
f 11853 12304 12303
f 11854 12305 12304
f 11855 12306 12305
f 11856 12159 12306
f 11843 11844 12294
f 11846 11845 12295
f 11845 11843 12293
f 11844 11847 12297
f 11847 11848 12298
f 11848 11849 12299
f 11849 11871 12321
f 11857 11861 12311
f 11858 11857 12307
f 11859 11858 12308
f 11860 11859 12309
f 11862 11860 12310
f 11861 11846 12296
f 11863 11862 12312
f 11864 11863 12313
f 11865 11864 12314
f 11866 11865 12315
f 11867 11866 12316
f 11868 11867 12317
f 11869 11868 12318
f 11870 11869 12319
f 11881 11870 12320
f 11871 11872 12322
f 11872 11873 12323
f 11873 11874 12324
f 11874 11875 12325
f 11875 11876 12326
f 11876 11877 12327
f 11878 11879 12329
f 11877 11878 12328
f 11879 11880 12330
f 11880 11881 12331
f 11843 12294 12293
f 11846 12295 12296
f 11845 12293 12295
f 12297 12294 11844
f 11847 12298 12297
f 12299 12298 11848
f 11849 12321 12299
f 11857 12311 12307
f 11858 12307 12308
f 11859 12308 12309
f 11860 12309 12310
f 11861 12296 12311
f 11862 12310 12312
f 11863 12312 12313
f 11864 12313 12314
f 11865 12314 12315
f 11866 12315 12316
f 11867 12316 12317
f 12317 12318 11868
f 11869 12318 12319
f 11881 12320 12331
f 12319 12320 11870
f 11871 12322 12321
f 11872 12323 12322
f 11873 12324 12323
f 11874 12325 12324
f 11875 12326 12325
f 11876 12327 12326
f 11877 12328 12327
f 11878 12329 12328
f 11879 12330 12329
f 11880 12331 12330
f 11721 11719 12169
f 11731 11720 12170
f 11720 11721 12171
f 11723 11722 12172
f 11719 11723 12173
f 11722 11724 12174
f 11724 11725 12175
f 11725 11726 12176
f 11726 11727 12177
f 11732 11731 12181
f 11733 11732 12182
f 11734 11733 12183
f 11735 11734 12184
f 11741 11735 12185
f 11727 11736 12186
f 11736 11737 12187
f 11737 11738 12188
f 11738 11739 12189
f 11739 11740 12190
f 11740 11746 12196
f 11742 11741 12191
f 11743 11742 12192
f 11744 11743 12193
f 11745 11744 12194
f 11749 11745 12195
f 11746 11747 12197
f 11748 11753 12203
f 11747 11748 12198
f 11750 11749 12199
f 11751 11750 12200
f 11752 11751 12201
f 11753 11752 12202
f 11719 12173 12169
f 11721 12169 12171
f 12171 12170 11720
f 11723 12172 12173
f 11722 12174 12172
f 11724 12175 12174
f 12176 12175 11725
f 11726 12177 12176
f 11727 12186 12177
f 11731 12170 12181
f 11732 12181 12182
f 11733 12182 12183
f 11734 12183 12184
f 11735 12184 12185
f 11741 12185 12191
f 11736 12187 12186
f 11737 12188 12187
f 11738 12189 12188
f 11739 12190 12189
f 11740 12196 12190
f 11742 12191 12192
f 11743 12192 12193
f 12193 12194 11744
f 11745 12194 12195
f 11746 12197 12196
f 11748 12203 12198
f 11747 12198 12197
f 11749 12195 12199
f 11750 12199 12200
f 11751 12200 12201
f 11752 12201 12202
f 12202 12203 11753
f 11755 11754 12204
f 11772 11755 12205
f 11754 11756 12206
f 11756 11757 12207
f 11757 11758 12208
f 11758 11759 12209
f 11759 11760 12210
f 11760 11761 12211
f 11761 11762 12212
f 11773 11772 12222
f 11774 11773 12223
f 11775 11774 12224
f 11776 11775 12225
f 11778 11776 12226
f 11762 11777 12227
f 11779 11778 12228
f 11780 11779 12229
f 11781 11780 12230
f 11784 11781 12231
f 11794 11782 12232
f 11782 11783 12233
f 11783 11789 12239
f 11785 11784 12234
f 11786 11785 12235
f 11787 11786 12236
f 11789 11788 12238
f 11788 11787 12237
f 11777 11790 12240
f 11790 11791 12241
f 11791 11792 12242
f 11792 11793 12243
f 11793 11794 12244
f 11754 12206 12204
f 11755 12204 12205
f 12207 12206 11756
f 12208 12207 11757
f 11758 12209 12208
f 11759 12210 12209
f 11760 12211 12210
f 11761 12212 12211
f 11762 12227 12212
f 11773 12222 12223
f 11772 12205 12222
f 11774 12223 12224
f 11775 12224 12225
f 11776 12225 12226
f 11778 12226 12228
f 11777 12240 12227
f 11779 12228 12229
f 11780 12229 12230
f 11781 12230 12231
f 11782 12233 12232
f 11783 12239 12233
f 11784 12231 12234
f 12234 12235 11785
f 12235 12236 11786
f 11787 12236 12237
f 11789 12238 12239
f 11788 12237 12238
f 11790 12241 12240
f 11791 12242 12241
f 11792 12243 12242
f 11793 12244 12243
f 11794 12232 12244
f 11795 11763 12213
f 11767 11764 12214
f 11766 11765 12215
f 11764 11766 12216
f 11763 11767 12217
f 11765 11768 12218
f 11768 11769 12219
f 11769 11770 12220
f 11770 11771 12221
f 11796 11795 12245
f 11797 11796 12246
f 11798 11797 12247
f 11799 11798 12248
f 11800 11799 12249
f 11801 11800 12250
f 11802 11801 12251
f 11804 11802 12252
f 11803 11810 12260
f 11805 11804 12254
f 11806 11805 12255
f 11807 11806 12256
f 11808 11807 12257
f 11809 11808 12258
f 11810 11809 12259
f 11771 11891 12341
f 11891 11892 12342
f 11892 11893 12343
f 11893 11894 12344
f 11894 11895 12345
f 11895 11896 12346
f 11896 11897 12347
f 11897 11803 12253
f 12215 12216 11766
f 12216 12214 11764
f 11763 12217 12213
f 11767 12214 12217
f 11765 12218 12215
f 11768 12219 12218
f 11769 12220 12219
f 11770 12221 12220
f 11795 12213 12245
f 11796 12245 12246
f 11797 12246 12247
f 11798 12247 12248
f 11799 12248 12249
f 11800 12249 12250
f 11801 12250 12251
f 11802 12251 12252
f 11804 12252 12254
f 11803 12260 12253
f 11805 12254 12255
f 12255 12256 11806
f 12256 12257 11807
f 11808 12257 12258
f 11809 12258 12259
f 11810 12259 12260
f 11771 12341 12221
f 11891 12342 12341
f 11892 12343 12342
f 11893 12344 12343
f 11894 12345 12344
f 11895 12346 12345
f 11896 12347 12346
f 11897 12253 12347
f 11884 11882 12332
f 11882 11883 12333
f 11885 11884 12334
f 11902 11885 12335
f 11883 11886 12336
f 11886 11887 12337
f 11887 11888 12338
f 11888 11889 12339
f 11889 11890 12340
f 11898 11902 12352
f 11899 11898 12348
f 11900 11899 12349
f 11901 11900 12350
f 11903 11901 12351
f 11904 11903 12353
f 11905 11904 12354
f 11906 11905 12355
f 11907 11906 12356
f 11908 11907 12357
f 11909 11908 12358
f 11911 11909 12359
f 11920 11910 12360
f 11910 11911 12361
f 11890 11912 12362
f 11912 11913 12363
f 11913 11914 12364
f 11914 11915 12365
f 11915 11916 12366
f 11916 11918 12368
f 11918 11917 12367
f 11917 11919 12369
f 11919 11920 12370
f 11882 12333 12332
f 11885 12334 12335
f 11884 12332 12334
f 11883 12336 12333
f 11886 12337 12336
f 11887 12338 12337
f 12339 12338 11888
f 11889 12340 12339
f 11890 12362 12340
f 11898 12352 12348
f 11899 12348 12349
f 11900 12349 12350
f 11901 12350 12351
f 11903 12351 12353
f 11902 12335 12352
f 11904 12353 12354
f 11905 12354 12355
f 11906 12355 12356
f 11907 12356 12357
f 11908 12357 12358
f 11909 12358 12359
f 11911 12359 12361
f 12360 12370 11920
f 11910 12361 12360
f 11912 12363 12362
f 11913 12364 12363
f 11914 12365 12364
f 11915 12366 12365
f 11916 12368 12366
f 11918 12367 12368
f 11917 12369 12367
f 11919 12370 12369
